ISO-10303-21;
HEADER;
FILE_DESCRIPTION (( 'STEP AP214' ),
    '1' );
FILE_NAME ('baseline_gripper.STEP',
    '2026-09-19T12:59:24',
    ( '' ),
    ( '' ),
    'SwSTEP 2.0',
    'SolidWorks 2025',
    '' );
FILE_SCHEMA (( 'AUTOMOTIVE_DESIGN' ));
ENDSEC;

DATA;
#1 = CARTESIAN_POINT ( 'NONE',  ( 15.50000000000000000, 70.90000000000000568, 2.418211663346639937E-16 ) ) ;
#2 = DIRECTION ( 'NONE',  ( 0.7071067811865465735, -0.7071067811865485719, 0.000000000000000000 ) ) ;
#3 = DIRECTION ( 'NONE',  ( 0.000000000000000000, 0.000000000000000000, 1.000000000000000000 ) ) ;
#4 = AXIS2_PLACEMENT_3D ( 'NONE', #8704, #7054, #8808 ) ;
#5 = DIRECTION ( 'NONE',  ( 1.264933817329265970E-17, 0.000000000000000000, -1.000000000000000000 ) ) ;
#6 = ORIENTED_EDGE ( 'NONE', *, *, #3787, .T. ) ;
#7 = CARTESIAN_POINT ( 'NONE',  ( 0.000000000000000000, 50.00000000000000000, 0.000000000000000000 ) ) ;
#8 = ORIENTED_EDGE ( 'NONE', *, *, #881, .T. ) ;
#9 = EDGE_CURVE ( 'NONE', #8121, #8913, #6370, .T. ) ;
#10 = CIRCLE ( 'NONE', #3700, 9.999999999999994671 ) ;
#11 = CARTESIAN_POINT ( 'NONE',  ( -142.2579957929710019, 10.00000000000000000, -76.93469513467040599 ) ) ;
#12 = DIRECTION ( 'NONE',  ( -1.000000000000000000, 0.000000000000000000, 0.000000000000000000 ) ) ;
#13 = PRODUCT_CONTEXT ( 'NONE', #5768, 'mechanical' ) ;
#14 = FACE_OUTER_BOUND ( 'NONE', #10260, .T. ) ;
#15 = DIRECTION ( 'NONE',  ( 0.000000000000000000, -1.000000000000000000, 0.000000000000000000 ) ) ;
#16 = ADVANCED_FACE ( 'NONE', ( #2548 ), #5714, .F. ) ;
#17 = VERTEX_POINT ( 'NONE', #3487 ) ;
#18 = ORIENTED_EDGE ( 'NONE', *, *, #6777, .T. ) ;
#19 = CARTESIAN_POINT ( 'NONE',  ( -2.500000000000000000, 1.500000000000000000, -2.551063935260009998E-17 ) ) ;
#20 = ORIENTED_EDGE ( 'NONE', *, *, #73, .F. ) ;
#21 = CYLINDRICAL_SURFACE ( 'NONE', #2670, 2.250000000000001776 ) ;
#22 = VECTOR ( 'NONE', #3368, 1000.000000000000000 ) ;
#23 = CARTESIAN_POINT ( 'NONE',  ( 15.50000000000000000, 3.851859888774469653E-33, -2.500000000000000000 ) ) ;
#24 =( NAMED_UNIT ( * ) PLANE_ANGLE_UNIT ( ) SI_UNIT ( $, .RADIAN. ) );
#25 = VECTOR ( 'NONE', #6726, 1000.000000000000000 ) ;
#26 = FACE_OUTER_BOUND ( 'NONE', #8979, .T. ) ;
#27 = CARTESIAN_POINT ( 'NONE',  ( 10.00000000000000000, 12.50000000000000000, 4.770489558936220298E-15 ) ) ;
#28 = ADVANCED_FACE ( 'NONE', ( #9056 ), #285, .F. ) ;
#29 = ORIENTED_EDGE ( 'NONE', *, *, #2357, .T. ) ;
#30 = VECTOR ( 'NONE', #6249, 1000.000000000000000 ) ;
#31 = DIRECTION ( 'NONE',  ( 0.000000000000000000, 1.000000000000000000, 0.000000000000000000 ) ) ;
#32 = ORIENTED_EDGE ( 'NONE', *, *, #5703, .T. ) ;
#33 = CYLINDRICAL_SURFACE ( 'NONE', #2378, 2.250000000000000000 ) ;
#34 = ORIENTED_EDGE ( 'NONE', *, *, #2984, .F. ) ;
#35 = AXIS2_PLACEMENT_3D ( 'NONE', #4121, #1704, #5083 ) ;
#36 = LINE ( 'NONE', #1861, #274 ) ;
#38 = ADVANCED_FACE ( 'NONE', ( #7444 ), #6652, .F. ) ;
#37 = VERTEX_POINT ( 'NONE', #5869 ) ;
#39 = FACE_OUTER_BOUND ( 'NONE', #8275, .T. ) ;
#40 = VECTOR ( 'NONE', #9851, 999.9999999999998863 ) ;
#41 = CARTESIAN_POINT ( 'NONE',  ( 3.000000000000000000, 18.00000000000000000, -85.14486490616360470 ) ) ;
#42 = AXIS2_PLACEMENT_3D ( 'NONE', #8701, #3871, #7052 ) ;
#43 = DIRECTION ( 'NONE',  ( 0.000000000000000000, 0.000000000000000000, 1.000000000000000000 ) ) ;
#44 = DIRECTION ( 'NONE',  ( -1.000000000000000000, -1.734723475976804876E-16, 0.000000000000000000 ) ) ;
#45 = VERTEX_POINT ( 'NONE', #2399 ) ;
#46 = EDGE_LOOP ( 'NONE', ( #5728, #4705, #6121, #6920 ) ) ;
#47 = EDGE_LOOP ( 'NONE', ( #6079, #1662, #5656, #1939 ) ) ;
#49 = ORIENTED_EDGE ( 'NONE', *, *, #2061, .T. ) ;
#48 = EDGE_CURVE ( 'NONE', #3192, #4976, #3221, .T. ) ;
#50 = VECTOR ( 'NONE', #7862, 1000.000000000000000 ) ;
#51 = AXIS2_PLACEMENT_3D ( 'NONE', #8675, #3743, #4626 ) ;
#52 = DIRECTION ( 'NONE',  ( 1.000000000000000000, 0.000000000000000000, 1.700709290173339793E-17 ) ) ;
#53 = FACE_OUTER_BOUND ( 'NONE', #8976, .T. ) ;
#54 = CARTESIAN_POINT ( 'NONE',  ( 38.65252493663744815, 95.00000000000000000, 12.26998839547777997 ) ) ;
#55 = PRODUCT_DEFINITION_FORMATION_WITH_SPECIFIED_SOURCE ( 'ANY', '', #9119, .NOT_KNOWN. ) ;
#56 = CARTESIAN_POINT ( 'NONE',  ( 10.00000000000000000, -45.00000000000000000, -11.00000000000000000 ) ) ;
#57 = CARTESIAN_POINT ( 'NONE',  ( -25.00000000000000000, -5.500000000000000000, 10.00000000000000000 ) ) ;
#58 = VERTEX_POINT ( 'NONE', #6351 ) ;
#59 = DIRECTION ( 'NONE',  ( 0.000000000000000000, 0.000000000000000000, 1.000000000000000000 ) ) ;
#60 = ORIENTED_EDGE ( 'NONE', *, *, #5185, .T. ) ;
#61 = VECTOR ( 'NONE', #9869, 1000.000000000000000 ) ;
#62 = CARTESIAN_POINT ( 'NONE',  ( 25.00000000000000000, 9.000000000000000000, -10.00000000000000000 ) ) ;
#63 = LINE ( 'NONE', #8893, #530 ) ;
#64 = APPLICATION_PROTOCOL_DEFINITION ( 'draft international standard', 'automotive_design', 1998, #90 ) ;
#65 = EDGE_CURVE ( 'NONE', #7007, #5507, #9864, .T. ) ;
#66 = CARTESIAN_POINT ( 'NONE',  ( 58.67999999999999972, 5.000000000000000000, 0.000000000000000000 ) ) ;
#67 = VECTOR ( 'NONE', #8369, 1000.000000000000000 ) ;
#68 = DIRECTION ( 'NONE',  ( -8.895006672729879551E-17, -0.000000000000000000, 1.000000000000000000 ) ) ;
#69 = ORIENTED_EDGE ( 'NONE', *, *, #4926, .F. ) ;
#70 = ORIENTED_EDGE ( 'NONE', *, *, #4910, .F. ) ;
#71 = LINE ( 'NONE', #19, #2636 ) ;
#72 = ORIENTED_EDGE ( 'NONE', *, *, #9970, .T. ) ;
#73 = EDGE_CURVE ( 'NONE', #4549, #291, #5510, .T. ) ;
#74 = AXIS2_PLACEMENT_3D ( 'NONE', #10306, #7908, #649 ) ;
#75 = PLANE ( 'NONE',  #7992 ) ;
#76 = DIRECTION ( 'NONE',  ( -1.850371707708594809E-16, 0.000000000000000000, -1.000000000000000000 ) ) ;
#77 = ADVANCED_FACE ( 'NONE', ( #3816, #5460 ), #1549, .F. ) ;
#78 = LINE ( 'NONE', #5876, #8388 ) ;
#79 = DIRECTION ( 'NONE',  ( 0.000000000000000000, 0.000000000000000000, 1.000000000000000000 ) ) ;
#80 = FACE_OUTER_BOUND ( 'NONE', #4239, .T. ) ;
#81 = AXIS2_PLACEMENT_3D ( 'NONE', #468, #4347, #3521 ) ;
#82 = CIRCLE ( 'NONE', #1421, 3.000000000000000000 ) ;
#83 = ORIENTED_EDGE ( 'NONE', *, *, #48, .F. ) ;
#84 = CARTESIAN_POINT ( 'NONE',  ( 58.67999999999999972, 5.000000000000000000, -2.250000000000000000 ) ) ;
#85 = EDGE_LOOP ( 'NONE', ( #3230, #2439, #1312, #142 ) ) ;
#86 = FACE_OUTER_BOUND ( 'NONE', #5045, .T. ) ;
#87 = ORIENTED_EDGE ( 'NONE', *, *, #6033, .T. ) ;
#88 = DIRECTION ( 'NONE',  ( 0.000000000000000000, 0.000000000000000000, -1.000000000000000000 ) ) ;
#89 = ORIENTED_EDGE ( 'NONE', *, *, #925, .F. ) ;
#90 = APPLICATION_CONTEXT ( 'automotive_design' ) ;
#91 = MECHANICAL_DESIGN_GEOMETRIC_PRESENTATION_REPRESENTATION (  '', ( #2620 ), #1099 ) ;
#92 = CARTESIAN_POINT ( 'NONE',  ( 69.07332122148429221, 10.00000000000000000, -119.1878866990734025 ) ) ;
#93 = CARTESIAN_POINT ( 'NONE',  ( -23.68655752103995127, 74.67986544671991567, -42.59593772390965682 ) ) ;
#94 = AXIS2_PLACEMENT_3D ( 'NONE', #7325, #2532, #1734 ) ;
#95 = ADVANCED_FACE ( 'NONE', ( #3919, #9488 ), #7098, .T. ) ;
#96 = DIRECTION ( 'NONE',  ( 0.000000000000000000, -1.000000000000000000, 0.000000000000000000 ) ) ;
#97 = ADVANCED_FACE ( 'NONE', ( #7719, #2340, #9389 ), #3028, .F. ) ;
#98 = LINE ( 'NONE', #3308, #6903 ) ;
#99 = ORIENTED_EDGE ( 'NONE', *, *, #3831, .T. ) ;
#100 = FACE_OUTER_BOUND ( 'NONE', #7672, .T. ) ;
#101 = ORIENTED_EDGE ( 'NONE', *, *, #422, .T. ) ;
#102 = CIRCLE ( 'NONE', #5939, 10.00000000000000178 ) ;
#103 = CIRCLE ( 'NONE', #2273, 7.500000000000000000 ) ;
#104 = ORIENTED_EDGE ( 'NONE', *, *, #3393, .F. ) ;
#105 = PLANE ( 'NONE',  #6943 ) ;
#106 = EDGE_LOOP ( 'NONE', ( #9886, #8981, #3044, #7114, #2270, #4739 ) ) ;
#107 = EDGE_LOOP ( 'NONE', ( #5881, #5794, #3041, #830 ) ) ;
#108 = VECTOR ( 'NONE', #6963, 1000.000000000000000 ) ;
#109 = LINE ( 'NONE', #9560, #3365 ) ;
#110 = EDGE_CURVE ( 'NONE', #5983, #6753, #4595, .T. ) ;
#111 = CARTESIAN_POINT ( 'NONE',  ( 15.00000000000000000, -12.50000000000000000, 20.00000000000000000 ) ) ;
#112 = EDGE_CURVE ( 'NONE', #1961, #4496, #2241, .T. ) ;
#113 = CARTESIAN_POINT ( 'NONE',  ( 15.50000000000000000, 74.89999999999999147, 6.000000000000000000 ) ) ;
#114 = LINE ( 'NONE', #3011, #5702 ) ;
#115 = FACE_BOUND ( 'NONE', #6949, .T. ) ;
#116 = ORIENTED_EDGE ( 'NONE', *, *, #4235, .T. ) ;
#117 = EDGE_CURVE ( 'NONE', #7043, #3505, #9542, .T. ) ;
#118 = CARTESIAN_POINT ( 'NONE',  ( -85.36863799491800364, 85.00000000000000000, -94.52829855763729938 ) ) ;
#119 = VERTEX_POINT ( 'NONE', #2978 ) ;
#120 = EDGE_CURVE ( 'NONE', #9219, #45, #8694, .T. ) ;
#121 = CARTESIAN_POINT ( 'NONE',  ( -2.500000000000000000, 63.39999999999999858, 23.99999999999999645 ) ) ;
#122 = PLANE ( 'NONE',  #8212 ) ;
#123 = SHAPE_DEFINITION_REPRESENTATION ( #2246, #4555 ) ;
#124 = CARTESIAN_POINT ( 'NONE',  ( -15.00000000000000000, -9.500000000000000000, 20.00000000000000000 ) ) ;
#125 = DIRECTION ( 'NONE',  ( 0.000000000000000000, -1.000000000000000000, 0.000000000000000000 ) ) ;
#126 = EDGE_CURVE ( 'NONE', #9964, #5688, #564, .T. ) ;
#127 = EDGE_LOOP ( 'NONE', ( #2988, #7705, #9726, #4634 ) ) ;
#128 = VERTEX_POINT ( 'NONE', #2182 ) ;
#129 = VERTEX_POINT ( 'NONE', #3143 ) ;
#130 = CARTESIAN_POINT ( 'NONE',  ( 0.000000000000000000, -15.00000000000000000, 0.000000000000000000 ) ) ;
#131 = LINE ( 'NONE', #6451, #8354 ) ;
#132 = LINE ( 'NONE', #7341, #9063 ) ;
#133 = CARTESIAN_POINT ( 'NONE',  ( -65.00000000000000000, 0.000000000000000000, -120.2793298308828014 ) ) ;
#134 = DIRECTION ( 'NONE',  ( 0.000000000000000000, 1.000000000000000000, 0.000000000000000000 ) ) ;
#135 = ORIENTED_EDGE ( 'NONE', *, *, #3628, .F. ) ;
#136 = PLANE ( 'NONE',  #2461 ) ;
#137 = ORIENTED_EDGE ( 'NONE', *, *, #9045, .T. ) ;
#138 = CARTESIAN_POINT ( 'NONE',  ( -75.00000000000000000, 150.0000000000000000, -75.00000000000000000 ) ) ;
#139 = VERTEX_POINT ( 'NONE', #5354 ) ;
#140 = LINE ( 'NONE', #819, #8769 ) ;
#141 = EDGE_CURVE ( 'NONE', #1790, #4596, #3050, .T. ) ;
#142 = ORIENTED_EDGE ( 'NONE', *, *, #2593, .T. ) ;
#143 = AXIS2_PLACEMENT_3D ( 'NONE', #1539, #5452, #5500 ) ;
#144 = FACE_OUTER_BOUND ( 'NONE', #2869, .T. ) ;
#145 = FACE_OUTER_BOUND ( 'NONE', #5995, .T. ) ;
#146 = DIRECTION ( 'NONE',  ( 1.000000000000000000, 5.204170427930419311E-16, 0.000000000000000000 ) ) ;
#147 = DIRECTION ( 'NONE',  ( 0.000000000000000000, 1.000000000000000000, 0.000000000000000000 ) ) ;
#148 = DIRECTION ( 'NONE',  ( -8.895006672729879551E-17, -0.000000000000000000, 1.000000000000000000 ) ) ;
#149 = CARTESIAN_POINT ( 'NONE',  ( 25.00000000000000000, -9.500000000000000000, 10.00000000000000000 ) ) ;
#150 = VERTEX_POINT ( 'NONE', #1399 ) ;
#151 = ORIENTED_EDGE ( 'NONE', *, *, #9106, .F. ) ;
#152 = DIRECTION ( 'NONE',  ( 1.000000000000000000, 0.000000000000000000, 0.000000000000000000 ) ) ;
#153 = ORIENTED_EDGE ( 'NONE', *, *, #6426, .T. ) ;
#154 = EDGE_CURVE ( 'NONE', #664, #7148, #7775, .T. ) ;
#155 = VERTEX_POINT ( 'NONE', #1450 ) ;
#156 = PRODUCT_RELATED_PRODUCT_CATEGORY ( 'part', '', ( #6694 ) ) ;
#157 = DIRECTION ( 'NONE',  ( 0.000000000000000000, -1.000000000000000000, 0.000000000000000000 ) ) ;
#158 = PRODUCT ( 'baseline_gripper', 'baseline_gripper', '', ( #9471 ) ) ;
#159 = LINE ( 'NONE', #6320, #3051 ) ;
#160 = DIRECTION ( 'NONE',  ( 0.000000000000000000, 0.000000000000000000, 1.000000000000000000 ) ) ;
#161 = DIRECTION ( 'NONE',  ( 0.000000000000000000, 0.000000000000000000, 1.000000000000000000 ) ) ;
#162 = DIRECTION ( 'NONE',  ( 0.000000000000000000, 1.000000000000000000, 0.000000000000000000 ) ) ;
#163 = ORIENTED_EDGE ( 'NONE', *, *, #6934, .F. ) ;
#164 = AXIS2_PLACEMENT_3D ( 'NONE', #7750, #6231, #2217 ) ;
#165 = DIRECTION ( 'NONE',  ( 0.000000000000000000, 0.000000000000000000, 1.000000000000000000 ) ) ;
#166 = ORIENTED_EDGE ( 'NONE', *, *, #10201, .F. ) ;
#167 = EDGE_CURVE ( 'NONE', #565, #4947, #10221, .T. ) ;
#168 = EDGE_CURVE ( 'NONE', #9132, #7328, #9438, .T. ) ;
#169 =( REPRESENTATION_RELATIONSHIP ('NONE','NONE', #8752, #4555 ) REPRESENTATION_RELATIONSHIP_WITH_TRANSFORMATION ( #9982 )SHAPE_REPRESENTATION_RELATIONSHIP( ) );
#170 = DIRECTION ( 'NONE',  ( 0.000000000000000000, 0.000000000000000000, 1.000000000000000000 ) ) ;
#171 = VECTOR ( 'NONE', #9404, 1000.000000000000000 ) ;
#172 = CARTESIAN_POINT ( 'NONE',  ( 22.75000000000000355, -5.500000000000000000, 10.00000000000000000 ) ) ;
#173 = APPLICATION_PROTOCOL_DEFINITION ( 'draft international standard', 'automotive_design', 1998, #9701 ) ;
#174 = DIRECTION ( 'NONE',  ( 0.000000000000000000, 0.000000000000000000, 1.000000000000000000 ) ) ;
#175 = CARTESIAN_POINT ( 'NONE',  ( -85.36863799491800364, 85.00000000000000000, -99.02829855763729938 ) ) ;
#176 = VERTEX_POINT ( 'NONE', #3398 ) ;
#177 = ORIENTED_EDGE ( 'NONE', *, *, #4136, .T. ) ;
#178 = AXIS2_PLACEMENT_3D ( 'NONE', #778, #5574, #882 ) ;
#179 = ORIENTED_EDGE ( 'NONE', *, *, #2257, .F. ) ;
#180 = ADVANCED_FACE ( 'NONE', ( #8912 ), #4226, .T. ) ;
#181 = DIRECTION ( 'NONE',  ( -1.000000000000000000, 0.000000000000000000, 1.700709290173340409E-17 ) ) ;
#182 = CARTESIAN_POINT ( 'NONE',  ( -25.00000000000000000, 5.500000000000000000, 10.00000000000000000 ) ) ;
#183 = DIRECTION ( 'NONE',  ( 0.8337546385222528444, 0.000000000000000000, -0.5521351308716259121 ) ) ;
#184 = VECTOR ( 'NONE', #4925, 1000.000000000000000 ) ;
#185 = LINE ( 'NONE', #4983, #533 ) ;
#186 = LINE ( 'NONE', #1074, #9086 ) ;
#187 = EDGE_LOOP ( 'NONE', ( #7297, #7363, #7419, #9041 ) ) ;
#188 = FACE_OUTER_BOUND ( 'NONE', #7869, .T. ) ;
#189 = FACE_BOUND ( 'NONE', #377, .T. ) ;
#190 = ORIENTED_EDGE ( 'NONE', *, *, #7632, .T. ) ;
#191 = VECTOR ( 'NONE', #9482, 1000.000000000000000 ) ;
#192 = CARTESIAN_POINT ( 'NONE',  ( 35.00000000000000000, 5.500000000000000000, 20.00000000000000000 ) ) ;
#193 = ORIENTED_EDGE ( 'NONE', *, *, #3370, .T. ) ;
#194 = VECTOR ( 'NONE', #1233, 1000.000000000000000 ) ;
#195 = ADVANCED_FACE ( 'NONE', ( #7194 ), #33, .F. ) ;
#196 = FACE_OUTER_BOUND ( 'NONE', #9129, .T. ) ;
#197 = CARTESIAN_POINT ( 'NONE',  ( -94.00000000000000000, 10.00000000000000000, -104.7964619962939992 ) ) ;
#198 = CARTESIAN_POINT ( 'NONE',  ( -65.00000000000000000, 95.00000000000000000, -112.1326873879138049 ) ) ;
#199 = VECTOR ( 'NONE', #10158, 1000.000000000000000 ) ;
#200 = EDGE_CURVE ( 'NONE', #8288, #8081, #5531, .T. ) ;
#201 = AXIS2_PLACEMENT_3D ( 'NONE', #6500, #6449, #8901 ) ;
#202 = DIRECTION ( 'NONE',  ( 0.000000000000000000, 0.000000000000000000, 1.000000000000000000 ) ) ;
#203 = AXIS2_PLACEMENT_3D ( 'NONE', #4221, #289, #6615 ) ;
#204 = ORIENTED_EDGE ( 'NONE', *, *, #7713, .F. ) ;
#205 = DIRECTION ( 'NONE',  ( 0.000000000000000000, -1.000000000000000000, 0.000000000000000000 ) ) ;
#206 = ORIENTED_EDGE ( 'NONE', *, *, #7255, .T. ) ;
#207 = EDGE_LOOP ( 'NONE', ( #2292, #7966, #6754, #1451 ) ) ;
#208 = DIRECTION ( 'NONE',  ( 0.000000000000000000, 1.000000000000000000, 0.000000000000000000 ) ) ;
#209 = ORIENTED_EDGE ( 'NONE', *, *, #8528, .T. ) ;
#210 = ORIENTED_EDGE ( 'NONE', *, *, #9046, .T. ) ;
#211 = CIRCLE ( 'NONE', #8875, 10.00000000000000000 ) ;
#212 = FACE_OUTER_BOUND ( 'NONE', #6106, .T. ) ;
#213 = ADVANCED_FACE ( 'NONE', ( #189, #4788 ), #4944, .F. ) ;
#214 = CARTESIAN_POINT ( 'NONE',  ( 15.50000000000000000, 67.90000000000000568, 25.50000000000000000 ) ) ;
#215 = VECTOR ( 'NONE', #6626, 1000.000000000000114 ) ;
#216 = LINE ( 'NONE', #5853, #1758 ) ;
#217 = ORIENTED_EDGE ( 'NONE', *, *, #4849, .F. ) ;
#218 = AXIS2_PLACEMENT_3D ( 'NONE', #385, #6655, #4268 ) ;
#219 = CARTESIAN_POINT ( 'NONE',  ( 1.071565949253934124E-15, 50.00000000000000000, -8.750000000000000000 ) ) ;
#220 = ORIENTED_EDGE ( 'NONE', *, *, #4554, .F. ) ;
#221 = CARTESIAN_POINT ( 'NONE',  ( -10.00000000000000000, -45.00000000000000000, 0.000000000000000000 ) ) ;
#222 = CARTESIAN_POINT ( 'NONE',  ( 26.31344247896005228, 54.67986544671990146, -120.2803298308827920 ) ) ;
#223 = SHAPE_DEFINITION_REPRESENTATION ( #358, #4490 ) ;
#224 = EDGE_CURVE ( 'NONE', #828, #10209, #7405, .T. ) ;
#225 = CARTESIAN_POINT ( 'NONE',  ( -4.478847317826296859, 69.76422791295736658, -1.869399277538289716 ) ) ;
#226 = ADVANCED_FACE ( 'NONE', ( #2614 ), #817, .T. ) ;
#227 = DIRECTION ( 'NONE',  ( -1.000000000000000000, 0.000000000000000000, 0.000000000000000000 ) ) ;
#228 = AXIS2_PLACEMENT_3D ( 'NONE', #3967, #7816, #7866 ) ;
#229 = ORIENTED_EDGE ( 'NONE', *, *, #7421, .F. ) ;
#230 =( REPRESENTATION_RELATIONSHIP ('NONE','NONE', #8752, #7424 ) REPRESENTATION_RELATIONSHIP_WITH_TRANSFORMATION ( #1843 )SHAPE_REPRESENTATION_RELATIONSHIP( ) );
#231 = ORIENTED_EDGE ( 'NONE', *, *, #1610, .T. ) ;
#232 = ORIENTED_EDGE ( 'NONE', *, *, #6347, .T. ) ;
#233 = CARTESIAN_POINT ( 'NONE',  ( -23.34636207545349862, -86.63063332291528695, -25.00000000000000000 ) ) ;
#234 = DIRECTION ( 'NONE',  ( -1.000000000000000000, 0.000000000000000000, 1.734723475976804629E-17 ) ) ;
#235 =( NAMED_UNIT ( * ) SI_UNIT ( $, .STERADIAN. ) SOLID_ANGLE_UNIT ( ) );
#236 = AXIS2_PLACEMENT_3D ( 'NONE', #515, #6892, #9183 ) ;
#237 = FACE_OUTER_BOUND ( 'NONE', #5509, .T. ) ;
#238 = EDGE_CURVE ( 'NONE', #2675, #1961, #3241, .T. ) ;
#239 = LINE ( 'NONE', #1906, #3884 ) ;
#240 = CARTESIAN_POINT ( 'NONE',  ( -4.000000000000000000, 0.000000000000000000, 0.5000000000000000000 ) ) ;
#241 = VERTEX_POINT ( 'NONE', #244 ) ;
#242 = CARTESIAN_POINT ( 'NONE',  ( 10.00000000000000000, 47.50000000000000000, -28.54374205374395146 ) ) ;
#243 = EDGE_CURVE ( 'NONE', #8397, #2602, #6407, .T. ) ;
#244 = CARTESIAN_POINT ( 'NONE',  ( 22.31344247896005228, 74.67986544671991567, -28.54374205374395146 ) ) ;
#245 = AXIS2_PLACEMENT_3D ( 'NONE', #6469, #825, #7881 ) ;
#246 = DIRECTION ( 'NONE',  ( 0.000000000000000000, -1.000000000000000000, 0.000000000000000000 ) ) ;
#247 = VERTEX_POINT ( 'NONE', #6619 ) ;
#248 = LINE ( 'NONE', #2014, #5467 ) ;
#249 = DIRECTION ( 'NONE',  ( 1.000000000000000000, 1.734723475976806848E-16, 0.000000000000000000 ) ) ;
#250 = EDGE_CURVE ( 'NONE', #8953, #6187, #7359, .T. ) ;
#251 = DIRECTION ( 'NONE',  ( 0.000000000000000000, 0.000000000000000000, -1.000000000000000000 ) ) ;
#252 = VECTOR ( 'NONE', #3585, 1000.000000000000000 ) ;
#253 = DIRECTION ( 'NONE',  ( -0.000000000000000000, 1.000000000000000000, -0.000000000000000000 ) ) ;
#254 = VERTEX_POINT ( 'NONE', #7300 ) ;
#255 = CARTESIAN_POINT ( 'NONE',  ( -39.56980515339469662, -90.96194077712559078, -33.00000000000000000 ) ) ;
#256 = ORIENTED_EDGE ( 'NONE', *, *, #9552, .F. ) ;
#257 = ADVANCED_FACE ( 'NONE', ( #2455 ), #9695, .F. ) ;
#258 = ORIENTED_EDGE ( 'NONE', *, *, #3664, .T. ) ;
#259 = DIRECTION ( 'NONE',  ( 0.000000000000000000, 0.000000000000000000, -1.000000000000000000 ) ) ;
#260 = ORIENTED_EDGE ( 'NONE', *, *, #7445, .F. ) ;
#261 = COLOUR_RGB ( '',0.7921568627450980005, 0.8196078431372548767, 0.9333333333333333481 ) ;
#262 = AXIS2_PLACEMENT_3D ( 'NONE', #2252, #9450, #9237 ) ;
#263 = EDGE_CURVE ( 'NONE', #3335, #7987, #7187, .T. ) ;
#264 = CARTESIAN_POINT ( 'NONE',  ( -10.00000000000000000, -73.28427124746190202, 1.000000000000000000 ) ) ;
#265 = DIRECTION ( 'NONE',  ( 0.000000000000000000, -1.000000000000000000, 0.000000000000000000 ) ) ;
#266 = VECTOR ( 'NONE', #7062, 1000.000000000000000 ) ;
#267 = FACE_OUTER_BOUND ( 'NONE', #4644, .T. ) ;
#268 = VECTOR ( 'NONE', #6827, 1000.000000000000000 ) ;
#269 = DIRECTION ( 'NONE',  ( 0.000000000000000000, 1.000000000000000000, 0.000000000000000000 ) ) ;
#270 = ORIENTED_EDGE ( 'NONE', *, *, #8256, .T. ) ;
#271 = DIRECTION ( 'NONE',  ( 1.000000000000000000, 0.000000000000000000, 0.000000000000000000 ) ) ;
#272 = ORIENTED_EDGE ( 'NONE', *, *, #6955, .T. ) ;
#273 = EDGE_CURVE ( 'NONE', #1599, #4716, #2662, .T. ) ;
#274 = VECTOR ( 'NONE', #983, 1000.000000000000000 ) ;
#275 = CIRCLE ( 'NONE', #4936, 2.250000000000001776 ) ;
#276 = PLANE ( 'NONE',  #322 ) ;
#277 = DIRECTION ( 'NONE',  ( 1.000000000000000000, 0.000000000000000000, 0.000000000000000000 ) ) ;
#278 = CONTEXT_DEPENDENT_SHAPE_REPRESENTATION ( #3924, #1365 ) ;
#279 = FACE_OUTER_BOUND ( 'NONE', #1332, .T. ) ;
#280 = CARTESIAN_POINT ( 'NONE',  ( 53.68655752104000811, 95.00000000000000000, -28.54374205374395146 ) ) ;
#281 = VECTOR ( 'NONE', #1331, 1000.000000000000000 ) ;
#282 = ORIENTED_EDGE ( 'NONE', *, *, #9003, .T. ) ;
#283 = ORIENTED_EDGE ( 'NONE', *, *, #238, .T. ) ;
#284 = EDGE_CURVE ( 'NONE', #9451, #6868, #8678, .T. ) ;
#285 = CYLINDRICAL_SURFACE ( 'NONE', #6697, 2.000000000000001776 ) ;
#286 = PLANE ( 'NONE',  #3348 ) ;
#287 = CARTESIAN_POINT ( 'NONE',  ( 25.00000000000000000, -9.500000000000000000, 20.00000000000000000 ) ) ;
#288 = DIRECTION ( 'NONE',  ( 0.8660254037844383745, 0.000000000000000000, 0.5000000000000003331 ) ) ;
#289 = DIRECTION ( 'NONE',  ( 0.000000000000000000, -1.000000000000000000, 0.000000000000000000 ) ) ;
#290 = CARTESIAN_POINT ( 'NONE',  ( -59.14441049068479828, 95.00000000000000000, -90.27932983088280139 ) ) ;
#291 = VERTEX_POINT ( 'NONE', #8854 ) ;
#292 = FACE_BOUND ( 'NONE', #8595, .T. ) ;
#293 = ORIENTED_EDGE ( 'NONE', *, *, #382, .T. ) ;
#294 = DIRECTION ( 'NONE',  ( 0.000000000000000000, 0.000000000000000000, 1.000000000000000000 ) ) ;
#295 = ADVANCED_FACE ( 'NONE', ( #86 ), #3298, .F. ) ;
#296 = ORIENTED_EDGE ( 'NONE', *, *, #7718, .T. ) ;
#297 = ADVANCED_FACE ( 'NONE', ( #929 ), #4126, .F. ) ;
#298 = CARTESIAN_POINT ( 'NONE',  ( -10.00000000000000000, -10.00000000000000000, 0.000000000000000000 ) ) ;
#299 = DIRECTION ( 'NONE',  ( 0.5521351308716259121, 0.000000000000000000, 0.8337546385222528444 ) ) ;
#300 = DIRECTION ( 'NONE',  ( -1.000000000000000000, -1.734723475976804876E-16, 0.000000000000000000 ) ) ;
#301 = DIRECTION ( 'NONE',  ( 0.000000000000000000, -1.000000000000000000, 0.000000000000000000 ) ) ;
#302 = ORIENTED_EDGE ( 'NONE', *, *, #10242, .F. ) ;
#303 = AXIS2_PLACEMENT_3D ( 'NONE', #4079, #5625, #3304 ) ;
#304 = DIRECTION ( 'NONE',  ( 1.000000000000000000, -1.368455531567203867E-48, 1.700709290173339793E-17 ) ) ;
#305 = ORIENTED_EDGE ( 'NONE', *, *, #4394, .T. ) ;
#306 = ORIENTED_EDGE ( 'NONE', *, *, #7257, .F. ) ;
#307 = DIRECTION ( 'NONE',  ( 0.000000000000000000, 0.000000000000000000, 1.000000000000000000 ) ) ;
#308 = ORIENTED_EDGE ( 'NONE', *, *, #5658, .F. ) ;
#309 = EDGE_CURVE ( 'NONE', #6172, #6701, #5512, .T. ) ;
#310 = LINE ( 'NONE', #9865, #1837 ) ;
#311 = PRESENTATION_STYLE_ASSIGNMENT (( #1882 ) ) ;
#312 = DIRECTION ( 'NONE',  ( 0.000000000000000000, 0.000000000000000000, 1.000000000000000000 ) ) ;
#313 = LINE ( 'NONE', #9774, #8590 ) ;
#314 = VERTEX_POINT ( 'NONE', #988 ) ;
#315 = CARTESIAN_POINT ( 'NONE',  ( 0.000000000000000000, 9.000000000000000000, 0.000000000000000000 ) ) ;
#316 = ORIENTED_EDGE ( 'NONE', *, *, #10097, .F. ) ;
#317 = EDGE_CURVE ( 'NONE', #2454, #3920, #7462, .T. ) ;
#318 = DIRECTION ( 'NONE',  ( 1.224646799147353947E-16, -1.000000000000000000, 0.000000000000000000 ) ) ;
#319 = CARTESIAN_POINT ( 'NONE',  ( 5.000000000000000000, -4.000000000000000000, 22.00000000000000000 ) ) ;
#320 = CONTEXT_DEPENDENT_SHAPE_REPRESENTATION ( #169, #1280 ) ;
#321 = CARTESIAN_POINT ( 'NONE',  ( -3.225833238034884420, 68.17658824922200722, -2.490415370562953257 ) ) ;
#322 = AXIS2_PLACEMENT_3D ( 'NONE', #3478, #4303, #3579 ) ;
#323 = EDGE_CURVE ( 'NONE', #8031, #3089, #1770, .T. ) ;
#324 = CARTESIAN_POINT ( 'NONE',  ( 15.50000000000000000, 70.90000000000000568, 22.50000000000000000 ) ) ;
#325 = ORIENTED_EDGE ( 'NONE', *, *, #3125, .T. ) ;
#326 = VERTEX_POINT ( 'NONE', #197 ) ;
#327 = ORIENTED_EDGE ( 'NONE', *, *, #3316, .T. ) ;
#328 = AXIS2_PLACEMENT_3D ( 'NONE', #5110, #7321, #6584 ) ;
#329 = DIRECTION ( 'NONE',  ( -1.000000000000000000, 0.000000000000000000, 1.700709290173339793E-17 ) ) ;
#330 = CARTESIAN_POINT ( 'NONE',  ( 1.071213963490120102, 18.00000000000000000, -85.67381143027029111 ) ) ;
#331 = DIRECTION ( 'NONE',  ( 0.5503713389499629294, 3.335482132341018841E-22, 0.8349199897369957712 ) ) ;
#332 = CYLINDRICAL_SURFACE ( 'NONE', #5164, 4.000000000000000000 ) ;
#333 = EDGE_CURVE ( 'NONE', #4309, #3750, #1708, .T. ) ;
#334 = DIRECTION ( 'NONE',  ( 0.000000000000000000, -1.000000000000000000, 0.000000000000000000 ) ) ;
#335 = CARTESIAN_POINT ( 'NONE',  ( 65.00000000000000000, 85.00000000000000000, -112.1326873879138049 ) ) ;
#336 = CIRCLE ( 'NONE', #1671, 10.00000000000000000 ) ;
#337 = ORIENTED_EDGE ( 'NONE', *, *, #4836, .T. ) ;
#338 = EDGE_LOOP ( 'NONE', ( #8057, #391 ) ) ;
#339 = LINE ( 'NONE', #2765, #4119 ) ;
#340 = ORIENTED_EDGE ( 'NONE', *, *, #7902, .F. ) ;
#341 = AXIS2_PLACEMENT_3D ( 'NONE', #93, #9805, #1084 ) ;
#342 = CARTESIAN_POINT ( 'NONE',  ( 0.000000000000000000, 39.00000000000000000, 0.000000000000000000 ) ) ;
#343 = AXIS2_PLACEMENT_3D ( 'NONE', #597, #7906, #1529 ) ;
#344 = CARTESIAN_POINT ( 'NONE',  ( -15.51771948742470109, 18.00000000000000000, 21.78844835938494739 ) ) ;
#345 = DIRECTION ( 'NONE',  ( 1.000000000000000000, 0.000000000000000000, 0.000000000000000000 ) ) ;
#346 = LINE ( 'NONE', #1035, #5370 ) ;
#347 = EDGE_CURVE ( 'NONE', #2242, #665, #4132, .T. ) ;
#348 = PLANE ( 'NONE',  #4857 ) ;
#349 = AXIS2_PLACEMENT_3D ( 'NONE', #3701, #2920, #5190 ) ;
#350 = ADVANCED_FACE ( 'NONE', ( #3502 ), #7252, .F. ) ;
#351 = ORIENTED_EDGE ( 'NONE', *, *, #4895, .T. ) ;
#352 = DIRECTION ( 'NONE',  ( -1.000000000000000000, 0.000000000000000000, 1.700709290173339793E-17 ) ) ;
#353 = ORIENTED_EDGE ( 'NONE', *, *, #8480, .T. ) ;
#354 = ORIENTED_EDGE ( 'NONE', *, *, #5847, .T. ) ;
#355 = AXIS2_PLACEMENT_3D ( 'NONE', #5295, #2075, #401 ) ;
#356 = DIRECTION ( 'NONE',  ( 0.000000000000000000, 0.000000000000000000, 1.000000000000000000 ) ) ;
#357 = ORIENTED_EDGE ( 'NONE', *, *, #4879, .F. ) ;
#358 = PRODUCT_DEFINITION_SHAPE ( 'NONE', 'NONE',  #3872 ) ;
#359 = CYLINDRICAL_SURFACE ( 'NONE', #7505, 2.250000000000001776 ) ;
#360 = CIRCLE ( 'NONE', #3381, 10.00000000000000178 ) ;
#361 = CARTESIAN_POINT ( 'NONE',  ( 25.00000000000000000, 0.000000000000000000, 10.00000000000000000 ) ) ;
#362 = DIRECTION ( 'NONE',  ( -1.000000000000000000, 0.000000000000000000, 0.000000000000000000 ) ) ;
#363 = ADVANCED_FACE ( 'NONE', ( #9074 ), #3305, .T. ) ;
#364 = DIRECTION ( 'NONE',  ( 1.700709290173339793E-17, 0.000000000000000000, 1.000000000000000000 ) ) ;
#365 = ORIENTED_EDGE ( 'NONE', *, *, #4541, .F. ) ;
#366 = AXIS2_PLACEMENT_3D ( 'NONE', #3742, #436, #9836 ) ;
#367 = CARTESIAN_POINT ( 'NONE',  ( -15.51771948742470109, 18.00000000000000000, 21.78844835938494739 ) ) ;
#368 = ORIENTED_EDGE ( 'NONE', *, *, #9061, .T. ) ;
#369 = AXIS2_PLACEMENT_3D ( 'NONE', #399, #2130, #7710 ) ;
#370 = DIRECTION ( 'NONE',  ( 0.000000000000000000, -1.000000000000000000, 0.000000000000000000 ) ) ;
#371 = DIRECTION ( 'NONE',  ( -1.000000000000000000, 0.000000000000000000, 1.700709290173339793E-17 ) ) ;
#372 = ITEM_DEFINED_TRANSFORMATION ( 'NONE', 'NONE', #9385,  #5194 ) ;
#373 = VECTOR ( 'NONE', #251, 1000.000000000000000 ) ;
#374 = LINE ( 'NONE', #6749, #1193 ) ;
#375 = AXIS2_PLACEMENT_3D ( 'NONE', #2805, #6707, #6018 ) ;
#376 = DIRECTION ( 'NONE',  ( 1.000000000000000000, 7.703719777548939991E-34, 1.264933817329265970E-17 ) ) ;
#377 = EDGE_LOOP ( 'NONE', ( #4799, #970, #5000, #4125 ) ) ;
#378 = VERTEX_POINT ( 'NONE', #935 ) ;
#379 = VERTEX_POINT ( 'NONE', #4950 ) ;
#380 = ADVANCED_FACE ( 'NONE', ( #145 ), #8232, .F. ) ;
#381 = VECTOR ( 'NONE', #157, 1000.000000000000000 ) ;
#382 = EDGE_CURVE ( 'NONE', #6566, #4737, #9348, .T. ) ;
#383 = FACE_OUTER_BOUND ( 'NONE', #8131, .T. ) ;
#384 = CARTESIAN_POINT ( 'NONE',  ( 10.00000000000000000, -15.00000000000000000, -11.00000000000000000 ) ) ;
#385 = CARTESIAN_POINT ( 'NONE',  ( 37.30554349572640405, 42.00000000000000000, -75.97613966697309706 ) ) ;
#386 = FACE_OUTER_BOUND ( 'NONE', #5696, .T. ) ;
#387 = CARTESIAN_POINT ( 'NONE',  ( 15.00000000000000000, 12.50000000000000000, -10.00000000000000000 ) ) ;
#388 = CARTESIAN_POINT ( 'NONE',  ( 15.50000000000000000, -9.500000000000000000, 22.50000000000000000 ) ) ;
#389 = LINE ( 'NONE', #5981, #2757 ) ;
#390 = ORIENTED_EDGE ( 'NONE', *, *, #7162, .F. ) ;
#391 = ORIENTED_EDGE ( 'NONE', *, *, #6089, .F. ) ;
#392 = EDGE_CURVE ( 'NONE', #9055, #905, #6180, .T. ) ;
#393 = CARTESIAN_POINT ( 'NONE',  ( -25.00000000000000000, -10.50000000000000000, 10.00000000000000000 ) ) ;
#394 = EDGE_LOOP ( 'NONE', ( #4090, #1781, #1560, #232 ) ) ;
#395 = VECTOR ( 'NONE', #5155, 1000.000000000000000 ) ;
#396 = EDGE_CURVE ( 'NONE', #6784, #3830, #6466, .T. ) ;
#397 = CARTESIAN_POINT ( 'NONE',  ( 35.00000000000000000, 5.500000000000000000, 5.204748896376249713E-16 ) ) ;
#398 = CARTESIAN_POINT ( 'NONE',  ( 2.755455298081544285E-16, 18.00000000000000000, 2.250000000000000000 ) ) ;
#399 = CARTESIAN_POINT ( 'NONE',  ( 0.000000000000000000, 18.00000000000000000, 0.000000000000000000 ) ) ;
#400 = PRESENTATION_STYLE_ASSIGNMENT (( #7555 ) ) ;
#401 = DIRECTION ( 'NONE',  ( -1.000000000000000000, 0.000000000000000000, 0.000000000000000000 ) ) ;
#402 = AXIS2_PLACEMENT_3D ( 'NONE', #10151, #3012, #3074 ) ;
#403 = VERTEX_POINT ( 'NONE', #4080 ) ;
#404 = DIRECTION ( 'NONE',  ( -1.577021341797100025E-16, 0.000000000000000000, 1.000000000000000000 ) ) ;
#405 = ORIENTED_EDGE ( 'NONE', *, *, #3482, .F. ) ;
#406 = ORIENTED_EDGE ( 'NONE', *, *, #7304, .F. ) ;
#407 = DIRECTION ( 'NONE',  ( 0.000000000000000000, 0.000000000000000000, 1.000000000000000000 ) ) ;
#408 = EDGE_LOOP ( 'NONE', ( #8583, #5447, #4153, #10039 ) ) ;
#409 = EDGE_CURVE ( 'NONE', #1985, #8042, #2512, .T. ) ;
#410 = AXIS2_PLACEMENT_3D ( 'NONE', #2544, #8785, #5765 ) ;
#411 = EDGE_CURVE ( 'NONE', #8514, #8227, #2715, .T. ) ;
#412 = LINE ( 'NONE', #624, #4681 ) ;
#413 = DIRECTION ( 'NONE',  ( -1.000000000000000000, 0.000000000000000000, -2.602085213965209656E-16 ) ) ;
#414 = CARTESIAN_POINT ( 'NONE',  ( 0.000000000000000000, 0.000000000000000000, 0.5000000000000000000 ) ) ;
#415 = DIRECTION ( 'NONE',  ( 0.000000000000000000, 0.000000000000000000, -1.000000000000000000 ) ) ;
#416 = ORIENTED_EDGE ( 'NONE', *, *, #5109, .T. ) ;
#417 = AXIS2_PLACEMENT_3D ( 'NONE', #6382, #8940, #165 ) ;
#418 = VECTOR ( 'NONE', #8055, 1000.000000000000000 ) ;
#419 = CARTESIAN_POINT ( 'NONE',  ( -24.14213562373095101, -59.14213562373090127, 0.000000000000000000 ) ) ;
#420 = ORIENTED_EDGE ( 'NONE', *, *, #3267, .T. ) ;
#421 = DIRECTION ( 'NONE',  ( 1.850371707708594809E-16, 0.000000000000000000, 1.000000000000000000 ) ) ;
#422 = EDGE_CURVE ( 'NONE', #9964, #5654, #9652, .T. ) ;
#423 = APPLICATION_CONTEXT ( 'automotive_design' ) ;
#424 = AXIS2_PLACEMENT_3D ( 'NONE', #2632, #5952, #259 ) ;
#425 = CARTESIAN_POINT ( 'NONE',  ( -58.74171087241099798, 95.00000000000000000, -90.51182856389569054 ) ) ;
#426 = CARTESIAN_POINT ( 'NONE',  ( 59.14441049068479828, 85.00000000000000000, -100.2793298308827872 ) ) ;
#427 = ITEM_DEFINED_TRANSFORMATION ( 'NONE', 'NONE', #7394,  #5194 ) ;
#428 = AXIS2_PLACEMENT_3D ( 'NONE', #2079, #4435, #9387 ) ;
#429 = DIRECTION ( 'NONE',  ( 0.000000000000000000, 0.000000000000000000, -1.000000000000000000 ) ) ;
#430 = CARTESIAN_POINT ( 'NONE',  ( -46.58206385166879926, 95.00200000000000955, -54.03857957040010263 ) ) ;
#431 = ORIENTED_EDGE ( 'NONE', *, *, #6559, .T. ) ;
#432 = ORIENTED_EDGE ( 'NONE', *, *, #1466, .T. ) ;
#433 = AXIS2_PLACEMENT_3D ( 'NONE', #2108, #7456, #5275 ) ;
#434 = EDGE_CURVE ( 'NONE', #7990, #4279, #9521, .T. ) ;
#435 = CARTESIAN_POINT ( 'NONE',  ( -58.74171087241099798, 85.00000000000000000, -90.51182856389569054 ) ) ;
#436 = DIRECTION ( 'NONE',  ( 0.000000000000000000, -1.000000000000000000, 0.000000000000000000 ) ) ;
#437 = DIRECTION ( 'NONE',  ( 0.9999999997608040037, 1.748328456327540140E-20, -2.187217990050970115E-05 ) ) ;
#438 = DIRECTION ( 'NONE',  ( 1.264933817329265970E-17, 0.000000000000000000, -1.000000000000000000 ) ) ;
#439 = DIRECTION ( 'NONE',  ( 0.000000000000000000, 0.000000000000000000, -1.000000000000000000 ) ) ;
#440 = AXIS2_PLACEMENT_3D ( 'NONE', #1535, #7181, #1482 ) ;
#441 = CARTESIAN_POINT ( 'NONE',  ( -24.14213562373095101, -59.14213562373090127, 1.000000000000000000 ) ) ;
#442 = PLANE ( 'NONE',  #1404 ) ;
#443 = ORIENTED_EDGE ( 'NONE', *, *, #9522, .F. ) ;
#444 = PRODUCT_DEFINITION_SHAPE ( 'NONE', 'NONE',  #10316 ) ;
#445 = VERTEX_POINT ( 'NONE', #8089 ) ;
#446 = CARTESIAN_POINT ( 'NONE',  ( 58.67999999999999972, 0.000000000000000000, -10.00000000000000000 ) ) ;
#447 = ORIENTED_EDGE ( 'NONE', *, *, #3109, .T. ) ;
#448 = LINE ( 'NONE', #298, #4159 ) ;
#449 = CARTESIAN_POINT ( 'NONE',  ( -34.74873734152924953, -98.03300858899099524, -25.00000000000000000 ) ) ;
#450 = DIRECTION ( 'NONE',  ( 0.000000000000000000, 0.000000000000000000, 1.000000000000000000 ) ) ;
#451 = SURFACE_SIDE_STYLE ('',( #7655 ) ) ;
#452 = ADVANCED_BREP_SHAPE_REPRESENTATION ( '', ( #1769, #5194 ), #7889 ) ;
#453 = FACE_OUTER_BOUND ( 'NONE', #8188, .T. ) ;
#454 = EDGE_CURVE ( 'NONE', #7523, #4461, #6518, .T. ) ;
#455 = ORIENTED_EDGE ( 'NONE', *, *, #154, .T. ) ;
#456 = CARTESIAN_POINT ( 'NONE',  ( 30.31344247896005228, 54.67986544671990146, -42.59593772390965682 ) ) ;
#457 = ORIENTED_EDGE ( 'NONE', *, *, #2408, .T. ) ;
#458 = ORIENTED_EDGE ( 'NONE', *, *, #2510, .T. ) ;
#459 = DIRECTION ( 'NONE',  ( 0.000000000000000000, 1.000000000000000000, 0.000000000000000000 ) ) ;
#460 = ORIENTED_EDGE ( 'NONE', *, *, #3358, .F. ) ;
#461 = CARTESIAN_POINT ( 'NONE',  ( 9.063930161978821013E-16, 63.39999999999999858, 23.99999999999999645 ) ) ;
#462 = AXIS2_PLACEMENT_3D ( 'NONE', #4678, #5344, #8685 ) ;
#463 = CARTESIAN_POINT ( 'NONE',  ( 5.386090358293499136, 18.00000000000000000, 8.425558180458891044 ) ) ;
#464 = LINE ( 'NONE', #6947, #1071 ) ;
#465 = EDGE_CURVE ( 'NONE', #3987, #8319, #8512, .T. ) ;
#466 = CARTESIAN_POINT ( 'NONE',  ( -34.74873734152924953, -98.03300858899099524, 15.00000000000000000 ) ) ;
#467 = EDGE_LOOP ( 'NONE', ( #518, #3255, #3603, #3497 ) ) ;
#468 = CARTESIAN_POINT ( 'NONE',  ( 15.50000000000000000, -4.000000000000000000, 6.000000000000000000 ) ) ;
#469 = ORIENTED_EDGE ( 'NONE', *, *, #5736, .F. ) ;
#470 = PRODUCT_DEFINITION ( 'UNKNOWN', '', #1213, #10014 ) ;
#471 = AXIS2_PLACEMENT_3D ( 'NONE', #2388, #4164, #3965 ) ;
#472 = CARTESIAN_POINT ( 'NONE',  ( 75.00000000000000000, 150.0000000000000000, -75.00000000000000000 ) ) ;
#473 = DIRECTION ( 'NONE',  ( 0.8425558180458873059, 0.000000000000000000, -0.5386090358293532665 ) ) ;
#474 = DIRECTION ( 'NONE',  ( 0.000000000000000000, 1.000000000000000000, 0.000000000000000000 ) ) ;
#475 = CONTEXT_DEPENDENT_SHAPE_REPRESENTATION ( #6297, #3889 ) ;
#476 = DIRECTION ( 'NONE',  ( 1.734723475976804876E-16, -1.000000000000000000, 0.000000000000000000 ) ) ;
#477 = DIRECTION ( 'NONE',  ( 0.000000000000000000, 0.000000000000000000, -1.000000000000000000 ) ) ;
#478 = ADVANCED_FACE ( 'NONE', ( #5047 ), #555, .T. ) ;
#479 = DIRECTION ( 'NONE',  ( -1.000000000000000000, -7.703719777548939991E-34, -1.264933817329265970E-17 ) ) ;
#480 = ORIENTED_EDGE ( 'NONE', *, *, #971, .F. ) ;
#481 = CIRCLE ( 'NONE', #2834, 2.249999999999998668 ) ;
#482 = FACE_OUTER_BOUND ( 'NONE', #2064, .T. ) ;
#483 = ORIENTED_EDGE ( 'NONE', *, *, #4203, .T. ) ;
#484 = EDGE_CURVE ( 'NONE', #1909, #2860, #1967, .T. ) ;
#485 = VERTEX_POINT ( 'NONE', #4327 ) ;
#486 = FACE_OUTER_BOUND ( 'NONE', #4522, .T. ) ;
#487 = CIRCLE ( 'NONE', #2678, 5.000000000000004441 ) ;
#488 = LINE ( 'NONE', #8467, #7532 ) ;
#489 = DIRECTION ( 'NONE',  ( -1.000000000000000000, 0.000000000000000000, 0.000000000000000000 ) ) ;
#490 = CARTESIAN_POINT ( 'NONE',  ( 0.000000000000000000, 0.000000000000000000, 0.000000000000000000 ) ) ;
#491 = DIRECTION ( 'NONE',  ( -1.000000000000000000, 0.000000000000000000, 1.700709290173339793E-17 ) ) ;
#492 = VERTEX_POINT ( 'NONE', #449 ) ;
#493 = EDGE_CURVE ( 'NONE', #9227, #9501, #1853, .T. ) ;
#494 = EDGE_LOOP ( 'NONE', ( #8553, #2915 ) ) ;
#495 = CIRCLE ( 'NONE', #6669, 5.000000000000000888 ) ;
#496 = CARTESIAN_POINT ( 'NONE',  ( 2.500000000000000000, 3.000000000000000000, 0.5000000000000000000 ) ) ;
#497 = ORIENTED_EDGE ( 'NONE', *, *, #9718, .T. ) ;
#498 = DIRECTION ( 'NONE',  ( 0.000000000000000000, -1.000000000000000000, 0.000000000000000000 ) ) ;
#499 = CARTESIAN_POINT ( 'NONE',  ( 0.000000000000000000, 0.000000000000000000, 0.5000000000000000000 ) ) ;
#500 = FACE_OUTER_BOUND ( 'NONE', #2509, .T. ) ;
#501 = CARTESIAN_POINT ( 'NONE',  ( 5.000000000000000000, -12.50000000000000000, 22.50000000000000000 ) ) ;
#502 = VECTOR ( 'NONE', #147, 1000.000000000000000 ) ;
#503 = DIRECTION ( 'NONE',  ( 0.000000000000000000, -1.000000000000000000, 0.000000000000000000 ) ) ;
#504 = ORIENTED_EDGE ( 'NONE', *, *, #1783, .F. ) ;
#505 = LINE ( 'NONE', #5247, #4441 ) ;
#506 = EDGE_LOOP ( 'NONE', ( #2979, #5528, #6238, #5496 ) ) ;
#507 = VERTEX_POINT ( 'NONE', #344 ) ;
#508 = LINE ( 'NONE', #6940, #7945 ) ;
#509 = ORIENTED_EDGE ( 'NONE', *, *, #7077, .T. ) ;
#510 = VECTOR ( 'NONE', #848, 1000.000000000000000 ) ;
#511 = EDGE_CURVE ( 'NONE', #8177, #8646, #1336, .T. ) ;
#512 = PLANE ( 'NONE',  #7180 ) ;
#513 = VECTOR ( 'NONE', #2071, 1000.000000000000000 ) ;
#514 = DIRECTION ( 'NONE',  ( -1.000000000000000000, 0.000000000000000000, 3.469446951953613696E-16 ) ) ;
#515 = CARTESIAN_POINT ( 'NONE',  ( 0.000000000000000000, 0.000000000000000000, 0.000000000000000000 ) ) ;
#516 = ORIENTED_EDGE ( 'NONE', *, *, #1149, .F. ) ;
#517 = DIRECTION ( 'NONE',  ( 0.000000000000000000, 0.000000000000000000, 1.000000000000000000 ) ) ;
#518 = ORIENTED_EDGE ( 'NONE', *, *, #8721, .F. ) ;
#519 = CARTESIAN_POINT ( 'NONE',  ( 1.071213963490120102, 18.00000000000000000, -85.67381143027029111 ) ) ;
#520 = ORIENTED_EDGE ( 'NONE', *, *, #6253, .T. ) ;
#521 = CIRCLE ( 'NONE', #9198, 10.00000000000000000 ) ;
#522 = VECTOR ( 'NONE', #1618, 1000.000000000000000 ) ;
#523 = CIRCLE ( 'NONE', #6362, 5.000000000000000888 ) ;
#524 = EDGE_CURVE ( 'NONE', #9541, #6837, #9324, .T. ) ;
#525 = CARTESIAN_POINT ( 'NONE',  ( -39.56980515339469662, -90.96194077712559078, -33.00000000000000000 ) ) ;
#526 = DIRECTION ( 'NONE',  ( 0.000000000000000000, 0.000000000000000000, -1.000000000000000000 ) ) ;
#527 = PRODUCT_DEFINITION_SHAPE ( 'NONE', 'NONE',  #10320 ) ;
#528 = CARTESIAN_POINT ( 'NONE',  ( -25.00000000000000000, -10.50000000000000000, 10.00000000000000000 ) ) ;
#529 = DIRECTION ( 'NONE',  ( 0.000000000000000000, -1.000000000000000000, 0.000000000000000000 ) ) ;
#530 = VECTOR ( 'NONE', #2595, 1000.000000000000000 ) ;
#531 = CARTESIAN_POINT ( 'NONE',  ( -75.00000000000000000, 150.0000000000000000, -75.00000000000000000 ) ) ;
#532 = ORIENTED_EDGE ( 'NONE', *, *, #7805, .T. ) ;
#533 = VECTOR ( 'NONE', #8959, 1000.000000000000000 ) ;
#534 = CARTESIAN_POINT ( 'NONE',  ( 5.000000000000000000, 1.540743955509790084E-30, 22.00000000000000000 ) ) ;
#535 = ORIENTED_EDGE ( 'NONE', *, *, #6195, .T. ) ;
#536 = ORIENTED_EDGE ( 'NONE', *, *, #3752, .T. ) ;
#537 = AXIS2_PLACEMENT_3D ( 'NONE', #4329, #4233, #4995 ) ;
#538 = EDGE_CURVE ( 'NONE', #4198, #2641, #2542, .T. ) ;
#539 = DIRECTION ( 'NONE',  ( 1.000000000000000000, -0.000000000000000000, 1.700709290173339793E-17 ) ) ;
#540 = CARTESIAN_POINT ( 'NONE',  ( -85.36863799491800364, 95.00000000000000000, -96.77829855763729938 ) ) ;
#541 = CARTESIAN_POINT ( 'NONE',  ( -134.3628268793862048, 28.50000000000000000, -100.5292355042235926 ) ) ;
#542 =( GEOMETRIC_REPRESENTATION_CONTEXT ( 3 ) GLOBAL_UNCERTAINTY_ASSIGNED_CONTEXT ( ( #3467 ) ) GLOBAL_UNIT_ASSIGNED_CONTEXT ( ( #4430, #3553, #9957 ) ) REPRESENTATION_CONTEXT ( 'NONE', 'WORKASPACE' ) );
#543 = EDGE_CURVE ( 'NONE', #3314, #9775, #849, .T. ) ;
#544 = CARTESIAN_POINT ( 'NONE',  ( 64.46620431643840732, 95.00000000000000000, -110.1405347760014024 ) ) ;
#545 = DIRECTION ( 'NONE',  ( 0.000000000000000000, -1.000000000000000000, 0.000000000000000000 ) ) ;
#546 = DIRECTION ( 'NONE',  ( 0.5521351308716259121, 0.000000000000000000, -0.8337546385222528444 ) ) ;
#547 = CARTESIAN_POINT ( 'NONE',  ( 0.000000000000000000, 57.00000000000000000, 0.000000000000000000 ) ) ;
#548 = VECTOR ( 'NONE', #5891, 1000.000000000000000 ) ;
#549 = EDGE_LOOP ( 'NONE', ( #1014, #8344, #72, #7365 ) ) ;
#550 = ORIENTED_EDGE ( 'NONE', *, *, #9433, .T. ) ;
#551 = DIRECTION ( 'NONE',  ( 0.000000000000000000, 0.000000000000000000, 1.000000000000000000 ) ) ;
#552 = ORIENTED_EDGE ( 'NONE', *, *, #4590, .F. ) ;
#553 = EDGE_CURVE ( 'NONE', #2936, #827, #6772, .T. ) ;
#554 = DIRECTION ( 'NONE',  ( 0.000000000000000000, 0.000000000000000000, 1.000000000000000000 ) ) ;
#555 = PLANE ( 'NONE',  #8187 ) ;
#556 = DIRECTION ( 'NONE',  ( 0.000000000000000000, -1.000000000000000000, 0.000000000000000000 ) ) ;
#557 = EDGE_CURVE ( 'NONE', #8487, #9824, #6927, .T. ) ;
#558 = CARTESIAN_POINT ( 'NONE',  ( 26.31344247896045019, 34.67986544671985172, -42.59593772390965682 ) ) ;
#559 = LINE ( 'NONE', #2974, #2371 ) ;
#560 = ADVANCED_FACE ( 'NONE', ( #1130 ), #9274, .T. ) ;
#561 = ORIENTED_EDGE ( 'NONE', *, *, #5005, .T. ) ;
#562 = CARTESIAN_POINT ( 'NONE',  ( 8.283304597789258806E-16, 15.00000000000000000, 19.50000000000000000 ) ) ;
#563 = VERTEX_POINT ( 'NONE', #4429 ) ;
#564 = LINE ( 'NONE', #9330, #3388 ) ;
#565 = VERTEX_POINT ( 'NONE', #2129 ) ;
#566 = MECHANICAL_DESIGN_GEOMETRIC_PRESENTATION_REPRESENTATION (  '', ( #4565 ), #3245 ) ;
#567 =( LENGTH_UNIT ( ) NAMED_UNIT ( * ) SI_UNIT ( .MILLI., .METRE. ) );
#568 = ORIENTED_EDGE ( 'NONE', *, *, #4588, .F. ) ;
#569 = PRODUCT ( 'cube', 'cube', '', ( #9519 ) ) ;
#570 = ADVANCED_FACE ( 'NONE', ( #5239 ), #9169, .F. ) ;
#571 = DIRECTION ( 'NONE',  ( 1.000000000000000000, 0.000000000000000000, 0.000000000000000000 ) ) ;
#572 = VECTOR ( 'NONE', #4749, 1000.000000000000000 ) ;
#573 = DIRECTION ( 'NONE',  ( 0.000000000000000000, 1.000000000000000000, 0.000000000000000000 ) ) ;
#574 = CARTESIAN_POINT ( 'NONE',  ( -25.00000000000000000, 9.500000000000000000, 10.00000000000000000 ) ) ;
#575 = ORIENTED_EDGE ( 'NONE', *, *, #7526, .T. ) ;
#576 = DIRECTION ( 'NONE',  ( -1.000000000000000000, 6.842277657836019335E-49, -1.700709290173339793E-17 ) ) ;
#577 = EDGE_LOOP ( 'NONE', ( #732, #6980, #6881, #7207 ) ) ;
#578 = EDGE_LOOP ( 'NONE', ( #9268, #3828, #5219, #6364 ) ) ;
#579 = CYLINDRICAL_SURFACE ( 'NONE', #7769, 2.249999999999998668 ) ;
#580 = VERTEX_POINT ( 'NONE', #8432 ) ;
#581 = VECTOR ( 'NONE', #134, 1000.000000000000000 ) ;
#582 = DIRECTION ( 'NONE',  ( 0.000000000000000000, -1.000000000000000000, 0.000000000000000000 ) ) ;
#583 = DIRECTION ( 'NONE',  ( 0.7071067811865485719, 0.7071067811865465735, 0.000000000000000000 ) ) ;
#584 = DIRECTION ( 'NONE',  ( -0.000000000000000000, -1.000000000000000000, -0.000000000000000000 ) ) ;
#585 = VECTOR ( 'NONE', #5159, 1000.000000000000000 ) ;
#586 = DIRECTION ( 'NONE',  ( 0.000000000000000000, -1.000000000000000000, 0.000000000000000000 ) ) ;
#587 = CARTESIAN_POINT ( 'NONE',  ( -37.48849769918444963, -72.48849769918439279, 23.00000000000000000 ) ) ;
#588 = ORIENTED_EDGE ( 'NONE', *, *, #2942, .T. ) ;
#589 = CARTESIAN_POINT ( 'NONE',  ( -10.00000000000000000, -45.00000000000000000, 0.000000000000000000 ) ) ;
#590 = ORIENTED_EDGE ( 'NONE', *, *, #8641, .T. ) ;
#591 = ADVANCED_FACE ( 'NONE', ( #9905 ), #5293, .F. ) ;
#592 = ORIENTED_EDGE ( 'NONE', *, *, #250, .T. ) ;
#593 = MECHANICAL_DESIGN_GEOMETRIC_PRESENTATION_REPRESENTATION (  '', ( #8935 ), #4768 ) ;
#594 = FACE_OUTER_BOUND ( 'NONE', #5116, .T. ) ;
#595 = FACE_OUTER_BOUND ( 'NONE', #9811, .T. ) ;
#596 = APPLICATION_PROTOCOL_DEFINITION ( 'draft international standard', 'automotive_design', 1998, #5085 ) ;
#597 = CARTESIAN_POINT ( 'NONE',  ( -4.000000000000000000, 1.500000000000000000, 0.000000000000000000 ) ) ;
#598 = CARTESIAN_POINT ( 'NONE',  ( 69.07332122148429221, 95.00000000000000000, -119.1878866990734025 ) ) ;
#599 = CARTESIAN_POINT ( 'NONE',  ( 39.00443338159790585, 95.00000000000000000, -42.59593772390965682 ) ) ;
#600 = DIRECTION ( 'NONE',  ( -1.000000000000000000, 0.000000000000000000, 0.000000000000000000 ) ) ;
#601 = VECTOR ( 'NONE', #5137, 1000.000000000000000 ) ;
#602 = AXIS2_PLACEMENT_3D ( 'NONE', #7362, #1775, #8237 ) ;
#603 = EDGE_CURVE ( 'NONE', #2107, #3374, #5519, .T. ) ;
#604 = ORIENTED_EDGE ( 'NONE', *, *, #6354, .T. ) ;
#605 = ORIENTED_EDGE ( 'NONE', *, *, #1197, .F. ) ;
#606 = DIRECTION ( 'NONE',  ( 1.000000000000000000, 0.000000000000000000, 0.000000000000000000 ) ) ;
#608 = EDGE_LOOP ( 'NONE', ( #6965, #4250, #7926, #6225 ) ) ;
#607 = PRODUCT_DEFINITION ( 'UNKNOWN', '', #5725, #7943 ) ;
#609 = AXIS2_PLACEMENT_3D ( 'NONE', #3891, #3112, #5320 ) ;
#610 = DIRECTION ( 'NONE',  ( 1.000000000000000000, -0.000000000000000000, -0.000000000000000000 ) ) ;
#611 = DIRECTION ( 'NONE',  ( -1.878072721644629807E-16, -1.878072721644624877E-16, 1.000000000000000000 ) ) ;
#612 =( NAMED_UNIT ( * ) PLANE_ANGLE_UNIT ( ) SI_UNIT ( $, .RADIAN. ) );
#613 = CARTESIAN_POINT ( 'NONE',  ( -3.000000000000000000, 67.90000000000000568, -2.500000000000000000 ) ) ;
#614 = EDGE_CURVE ( 'NONE', #9341, #3094, #5140, .T. ) ;
#615 = ORIENTED_EDGE ( 'NONE', *, *, #4410, .F. ) ;
#616 = DIRECTION ( 'NONE',  ( 0.000000000000000000, -1.000000000000000000, 0.000000000000000000 ) ) ;
#617 = ORIENTED_EDGE ( 'NONE', *, *, #9289, .T. ) ;
#618 = DIRECTION ( 'NONE',  ( 1.000000000000000000, 0.000000000000000000, 0.000000000000000000 ) ) ;
#619 = ORIENTED_EDGE ( 'NONE', *, *, #3273, .F. ) ;
#620 = DIRECTION ( 'NONE',  ( 0.000000000000000000, 1.000000000000000000, 0.000000000000000000 ) ) ;
#622 = EDGE_CURVE ( 'NONE', #8081, #1089, #7553, .T. ) ;
#621 = ORIENTED_EDGE ( 'NONE', *, *, #2245, .F. ) ;
#623 = PRODUCT ( 'Actuator_Push_Rod-1', 'Actuator_Push_Rod-1', '', ( #964 ) ) ;
#624 = CARTESIAN_POINT ( 'NONE',  ( 25.00000000000000000, 9.000000000000000000, -10.00000000000000000 ) ) ;
#625 = DIRECTION ( 'NONE',  ( 0.000000000000000000, 0.000000000000000000, 1.000000000000000000 ) ) ;
#626 = CARTESIAN_POINT ( 'NONE',  ( 5.000000000000000000, 0.000000000000000000, -100.0000000000000000 ) ) ;
#627 = ORIENTED_EDGE ( 'NONE', *, *, #2729, .T. ) ;
#628 = CARTESIAN_POINT ( 'NONE',  ( -25.00000000000000000, -3.469446951953614978E-15, 10.00000000000000000 ) ) ;
#629 = ORIENTED_EDGE ( 'NONE', *, *, #1157, .T. ) ;
#630 = VERTEX_POINT ( 'NONE', #2816 ) ;
#631 = CARTESIAN_POINT ( 'NONE',  ( 64.46620431643840732, 10.00000000000000000, -110.1405347760014024 ) ) ;
#632 = VERTEX_POINT ( 'NONE', #10003 ) ;
#633 = EDGE_CURVE ( 'NONE', #2181, #6184, #2863, .T. ) ;
#634 = FACE_OUTER_BOUND ( 'NONE', #6045, .T. ) ;
#635 = CARTESIAN_POINT ( 'NONE',  ( -5.204170427930419706E-15, 10.00000000000000000, 0.000000000000000000 ) ) ;
#636 = FACE_OUTER_BOUND ( 'NONE', #2812, .T. ) ;
#637 = CYLINDRICAL_SURFACE ( 'NONE', #7460, 5.000000000000000888 ) ;
#638 = FACE_OUTER_BOUND ( 'NONE', #6118, .T. ) ;
#639 = ORIENTED_EDGE ( 'NONE', *, *, #2543, .F. ) ;
#640 = DIRECTION ( 'NONE',  ( 0.000000000000000000, 0.000000000000000000, 1.000000000000000000 ) ) ;
#641 = ORIENTED_EDGE ( 'NONE', *, *, #3234, .T. ) ;
#642 = ORIENTED_EDGE ( 'NONE', *, *, #5449, .F. ) ;
#643 = CARTESIAN_POINT ( 'NONE',  ( 22.31344247896005228, 74.67986544671991567, -42.59593772390965682 ) ) ;
#644 = DIRECTION ( 'NONE',  ( 0.000000000000000000, 0.000000000000000000, 1.000000000000000000 ) ) ;
#645 = DIRECTION ( 'NONE',  ( -0.9999999997608040037, 1.700685292556039930E-17, -2.187217985055044770E-05 ) ) ;
#646 = EDGE_CURVE ( 'NONE', #492, #8279, #7709, .T. ) ;
#647 = DIRECTION ( 'NONE',  ( 1.000000000000000000, 0.000000000000000000, 0.000000000000000000 ) ) ;
#648 = DIRECTION ( 'NONE',  ( 0.000000000000000000, 1.000000000000000000, 0.000000000000000000 ) ) ;
#649 = DIRECTION ( 'NONE',  ( 0.000000000000000000, 0.000000000000000000, 1.000000000000000000 ) ) ;
#650 = ORIENTED_EDGE ( 'NONE', *, *, #2139, .T. ) ;
#651 = ORIENTED_EDGE ( 'NONE', *, *, #2431, .T. ) ;
#652 = DIRECTION ( 'NONE',  ( 1.000000000000000000, 0.000000000000000000, 0.000000000000000000 ) ) ;
#653 = ORIENTED_EDGE ( 'NONE', *, *, #9452, .F. ) ;
#654 = CIRCLE ( 'NONE', #5991, 2.249999999999998668 ) ;
#655 = CARTESIAN_POINT ( 'NONE',  ( -27.25000000000000000, 9.500000000000000000, 10.00000000000000000 ) ) ;
#656 = CARTESIAN_POINT ( 'NONE',  ( 5.000000000000000000, 62.39999999999999858, 1.000000000000000000 ) ) ;
#657 = EDGE_CURVE ( 'NONE', #2936, #8544, #5015, .T. ) ;
#658 = CARTESIAN_POINT ( 'NONE',  ( 22.31344247896005228, 74.67986544671991567, -120.2803298308827920 ) ) ;
#659 = AXIS2_PLACEMENT_3D ( 'NONE', #4402, #1941, #3376 ) ;
#660 = ORIENTED_EDGE ( 'NONE', *, *, #5979, .T. ) ;
#661 = DIRECTION ( 'NONE',  ( 1.264933817329265970E-17, 0.000000000000000000, -1.000000000000000000 ) ) ;
#662 = ORIENTED_EDGE ( 'NONE', *, *, #810, .T. ) ;
#663 = DIRECTION ( 'NONE',  ( -1.000000000000000000, -1.734723475976804876E-16, 0.000000000000000000 ) ) ;
#664 = VERTEX_POINT ( 'NONE', #2232 ) ;
#665 = VERTEX_POINT ( 'NONE', #1540 ) ;
#666 = EDGE_CURVE ( 'NONE', #9475, #1985, #8535, .T. ) ;
#667 = DIRECTION ( 'NONE',  ( 0.000000000000000000, 0.000000000000000000, -1.000000000000000000 ) ) ;
#668 = AXIS2_PLACEMENT_3D ( 'NONE', #9458, #7266, #2311 ) ;
#669 = ADVANCED_FACE ( 'NONE', ( #3858 ), #9531, .F. ) ;
#670 = CARTESIAN_POINT ( 'NONE',  ( 5.000000000000000000, 8.500000000000000000, 1.000000000000000000 ) ) ;
#671 = EDGE_CURVE ( 'NONE', #7441, #1520, #8856, .T. ) ;
#672 = LINE ( 'NONE', #4491, #8578 ) ;
#673 = VERTEX_POINT ( 'NONE', #7863 ) ;
#674 = LINE ( 'NONE', #3877, #3777 ) ;
#675 = ORIENTED_EDGE ( 'NONE', *, *, #7512, .T. ) ;
#676 = AXIS2_PLACEMENT_3D ( 'NONE', #4601, #6998, #1192 ) ;
#677 = VERTEX_POINT ( 'NONE', #3182 ) ;
#678 = CARTESIAN_POINT ( 'NONE',  ( -69.07332122148429221, 85.00000000000000000, -119.1878866990734025 ) ) ;
#679 = ORIENTED_EDGE ( 'NONE', *, *, #1305, .F. ) ;
#680 = DIRECTION ( 'NONE',  ( -1.000000000000000000, 0.000000000000000000, 0.000000000000000000 ) ) ;
#681 = AXIS2_PLACEMENT_3D ( 'NONE', #6332, #752, #1630 ) ;
#682 = FILL_AREA_STYLE_COLOUR ( '', #3898 ) ;
#683 = ADVANCED_FACE ( 'NONE', ( #763, #2333 ), #1391, .F. ) ;
#684 = DIRECTION ( 'NONE',  ( -1.000000000000000000, 0.000000000000000000, 0.000000000000000000 ) ) ;
#685 = DIRECTION ( 'NONE',  ( -0.000000000000000000, 1.000000000000000000, -0.000000000000000000 ) ) ;
#686 = CARTESIAN_POINT ( 'NONE',  ( -64.46620431643840732, 95.00000000000000000, -110.1405347760014024 ) ) ;
#687 = ORIENTED_EDGE ( 'NONE', *, *, #7375, .F. ) ;
#688 = AXIS2_PLACEMENT_3D ( 'NONE', #2666, #5835, #1717 ) ;
#689 = CARTESIAN_POINT ( 'NONE',  ( 5.000000000000000000, 3.851859888774469653E-33, 25.50000000000000000 ) ) ;
#690 = EDGE_LOOP ( 'NONE', ( #7999, #1997 ) ) ;
#691 = CIRCLE ( 'NONE', #9192, 10.00000000000000000 ) ;
#692 = DIRECTION ( 'NONE',  ( -1.734723475976804876E-16, 1.000000000000000000, 0.000000000000000000 ) ) ;
#693 = LINE ( 'NONE', #9518, #5707 ) ;
#694 = DIRECTION ( 'NONE',  ( 1.000000000000000000, 0.000000000000000000, 0.000000000000000000 ) ) ;
#695 = AXIS2_PLACEMENT_3D ( 'NONE', #1445, #5402, #6243 ) ;
#696 = CARTESIAN_POINT ( 'NONE',  ( 90.00000000000000000, 95.00000000000000000, -97.86825876601859875 ) ) ;
#697 = AXIS2_PLACEMENT_3D ( 'NONE', #1669, #4858, #3319 ) ;
#698 = AXIS2_PLACEMENT_3D ( 'NONE', #8907, #2658, #3541 ) ;
#699 = FACE_OUTER_BOUND ( 'NONE', #6727, .T. ) ;
#700 = VERTEX_POINT ( 'NONE', #5453 ) ;
#701 = PRODUCT_DEFINITION_SHAPE ( 'NONE', 'NONE',  #10322 ) ;
#702 = ORIENTED_EDGE ( 'NONE', *, *, #9374, .F. ) ;
#703 = VECTOR ( 'NONE', #8211, 1000.000000000000000 ) ;
#704 = DIRECTION ( 'NONE',  ( 0.000000000000000000, 1.000000000000000000, 0.000000000000000000 ) ) ;
#705 = EDGE_CURVE ( 'NONE', #4961, #3100, #7860, .T. ) ;
#706 = VERTEX_POINT ( 'NONE', #7091 ) ;
#707 =( GEOMETRIC_REPRESENTATION_CONTEXT ( 3 ) GLOBAL_UNCERTAINTY_ASSIGNED_CONTEXT ( ( #1667 ) ) GLOBAL_UNIT_ASSIGNED_CONTEXT ( ( #9532, #8688, #2390 ) ) REPRESENTATION_CONTEXT ( 'NONE', 'WORKASPACE' ) );
#708 = CARTESIAN_POINT ( 'NONE',  ( -22.75000000000000355, -9.500000000000000000, 10.00000000000000000 ) ) ;
#709 = CARTESIAN_POINT ( 'NONE',  ( -34.74873734152924953, -98.03300858899110892, -33.00000000000000000 ) ) ;
#710 =( LENGTH_UNIT ( ) NAMED_UNIT ( * ) SI_UNIT ( .MILLI., .METRE. ) );
#711 = LINE ( 'NONE', #7092, #3746 ) ;
#712 = AXIS2_PLACEMENT_3D ( 'NONE', #2945, #3783, #3833 ) ;
#713 = DIRECTION ( 'NONE',  ( 1.734723475976804876E-16, -1.000000000000000000, 0.000000000000000000 ) ) ;
#714 = ORIENTED_EDGE ( 'NONE', *, *, #2113, .T. ) ;
#715 = DIRECTION ( 'NONE',  ( 1.846235724462869915E-15, 1.623211227490739935E-15, -1.000000000000000000 ) ) ;
#716 = ORIENTED_EDGE ( 'NONE', *, *, #8066, .F. ) ;
#717 = CARTESIAN_POINT ( 'NONE',  ( 0.000000000000000000, 0.000000000000000000, 20.00000000000000000 ) ) ;
#718 = ORIENTED_EDGE ( 'NONE', *, *, #1108, .T. ) ;
#719 = FACE_OUTER_BOUND ( 'NONE', #8745, .T. ) ;
#720 = EDGE_CURVE ( 'NONE', #3839, #2197, #7186, .T. ) ;
#721 = ORIENTED_EDGE ( 'NONE', *, *, #3438, .F. ) ;
#722 = CARTESIAN_POINT ( 'NONE',  ( -2.500000000000000000, 69.40000000000000568, 25.50000000000000000 ) ) ;
#723 = EDGE_LOOP ( 'NONE', ( #4958, #1327, #4592, #1202 ) ) ;
#724 = DIRECTION ( 'NONE',  ( 0.000000000000000000, -1.000000000000000000, 0.000000000000000000 ) ) ;
#725 = DIRECTION ( 'NONE',  ( 8.673617379884039170E-17, -1.000000000000000000, 0.000000000000000000 ) ) ;
#726 =( GEOMETRIC_REPRESENTATION_CONTEXT ( 3 ) GLOBAL_UNCERTAINTY_ASSIGNED_CONTEXT ( ( #8879 ) ) GLOBAL_UNIT_ASSIGNED_CONTEXT ( ( #10045, #1324, #1274 ) ) REPRESENTATION_CONTEXT ( 'NONE', 'WORKASPACE' ) );
#727 = ORIENTED_EDGE ( 'NONE', *, *, #876, .T. ) ;
#728 = CARTESIAN_POINT ( 'NONE',  ( -85.36863799491800364, 0.000000000000000000, -96.77829855763729938 ) ) ;
#729 = ORIENTED_EDGE ( 'NONE', *, *, #6582, .F. ) ;
#730 = ORIENTED_EDGE ( 'NONE', *, *, #6425, .F. ) ;
#731 = DIRECTION ( 'NONE',  ( -1.700709290173339793E-17, 0.000000000000000000, -1.000000000000000000 ) ) ;
#732 = ORIENTED_EDGE ( 'NONE', *, *, #5020, .T. ) ;
#733 = EDGE_CURVE ( 'NONE', #2251, #6065, #8586, .T. ) ;
#734 = PRODUCT_RELATED_PRODUCT_CATEGORY ( 'part', '', ( #623 ) ) ;
#735 = VECTOR ( 'NONE', #6346, 1000.000000000000000 ) ;
#736 = CARTESIAN_POINT ( 'NONE',  ( 63.25715662211379708, 10.00000000000000000, -42.99587695296754930 ) ) ;
#737 = SURFACE_SIDE_STYLE ('',( #6164 ) ) ;
#738 = CARTESIAN_POINT ( 'NONE',  ( 2.249999999999994671, 10.00000000000000000, 0.000000000000000000 ) ) ;
#739 = CARTESIAN_POINT ( 'NONE',  ( 22.31344247896045019, 34.67986544671985172, -120.2803298308827920 ) ) ;
#740 = DIRECTION ( 'NONE',  ( 0.000000000000000000, -1.000000000000000000, 0.000000000000000000 ) ) ;
#741 = VERTEX_POINT ( 'NONE', #9586 ) ;
#742 = AXIS2_PLACEMENT_3D ( 'NONE', #1277, #1326, #3645 ) ;
#743 = DIRECTION ( 'NONE',  ( 0.000000000000000000, 0.000000000000000000, 1.000000000000000000 ) ) ;
#744 = ORIENTED_EDGE ( 'NONE', *, *, #3517, .F. ) ;
#745 = ADVANCED_FACE ( 'NONE', ( #10263 ), #6295, .F. ) ;
#746 = EDGE_CURVE ( 'NONE', #6921, #1735, #10198, .T. ) ;
#747 = VECTOR ( 'NONE', #3971, 1000.000000000000000 ) ;
#748 = FACE_OUTER_BOUND ( 'NONE', #770, .T. ) ;
#749 = DIRECTION ( 'NONE',  ( 0.000000000000000000, 1.000000000000000000, 0.000000000000000000 ) ) ;
#750 = APPLICATION_PROTOCOL_DEFINITION ( 'draft international standard', 'automotive_design', 1998, #7699 ) ;
#751 = AXIS2_PLACEMENT_3D ( 'NONE', #3279, #6496, #803 ) ;
#752 = DIRECTION ( 'NONE',  ( 0.000000000000000000, 1.000000000000000000, 0.000000000000000000 ) ) ;
#753 = CARTESIAN_POINT ( 'NONE',  ( 15.50000000000000000, 80.40000000000000568, 0.5000000000000000000 ) ) ;
#754 = VERTEX_POINT ( 'NONE', #6398 ) ;
#755 = ORIENTED_EDGE ( 'NONE', *, *, #1759, .T. ) ;
#756 = AXIS2_PLACEMENT_3D ( 'NONE', #7, #6538, #794 ) ;
#757 = VECTOR ( 'NONE', #10128, 1000.000000000000000 ) ;
#758 = CARTESIAN_POINT ( 'NONE',  ( 0.000000000000000000, 0.000000000000000000, 0.000000000000000000 ) ) ;
#759 = ORIENTED_EDGE ( 'NONE', *, *, #8207, .F. ) ;
#760 = EDGE_CURVE ( 'NONE', #2929, #10064, #3021, .T. ) ;
#761 = EDGE_CURVE ( 'NONE', #9215, #6554, #3387, .T. ) ;
#762 = LINE ( 'NONE', #8738, #5652 ) ;
#763 = FACE_BOUND ( 'NONE', #6411, .T. ) ;
#764 = CARTESIAN_POINT ( 'NONE',  ( 2.755455298081544285E-16, 18.00000000000000000, 2.250000000000000000 ) ) ;
#765 = AXIS2_PLACEMENT_3D ( 'NONE', #2825, #7511, #4337 ) ;
#766 = VECTOR ( 'NONE', #3931, 1000.000000000000000 ) ;
#767 = DIRECTION ( 'NONE',  ( 1.000000000000000000, 0.000000000000000000, 0.000000000000000000 ) ) ;
#768 = ORIENTED_EDGE ( 'NONE', *, *, #5648, .T. ) ;
#769 = CARTESIAN_POINT ( 'NONE',  ( -10.00000000000000000, -12.50000000000000000, -2.919778432960205056E-15 ) ) ;
#770 = EDGE_LOOP ( 'NONE', ( #8435, #6461, #2573, #2413 ) ) ;
#771 = DIRECTION ( 'NONE',  ( 0.000000000000000000, 0.000000000000000000, 1.000000000000000000 ) ) ;
#772 = VERTEX_POINT ( 'NONE', #8687 ) ;
#773 = LINE ( 'NONE', #7149, #5777 ) ;
#774 = ORIENTED_EDGE ( 'NONE', *, *, #3287, .T. ) ;
#775 = CIRCLE ( 'NONE', #2629, 2.250000000000001776 ) ;
#776 = VECTOR ( 'NONE', #6618, 1000.000000000000000 ) ;
#777 = CARTESIAN_POINT ( 'NONE',  ( 0.000000000000000000, 0.000000000000000000, 0.000000000000000000 ) ) ;
#778 = CARTESIAN_POINT ( 'NONE',  ( 0.000000000000000000, 0.000000000000000000, -16.00000000000000000 ) ) ;
#779 = EDGE_CURVE ( 'NONE', #4252, #1975, #1590, .T. ) ;
#780 = DIRECTION ( 'NONE',  ( -1.000000000000000000, 6.842277657836019335E-49, -1.700709290173339793E-17 ) ) ;
#781 = CIRCLE ( 'NONE', #7284, 2.249999999999998668 ) ;
#782 = ORIENTED_EDGE ( 'NONE', *, *, #7651, .F. ) ;
#783 = LINE ( 'NONE', #9605, #936 ) ;
#784 = ORIENTED_EDGE ( 'NONE', *, *, #5913, .T. ) ;
#785 = ORIENTED_EDGE ( 'NONE', *, *, #2593, .F. ) ;
#786 = DIRECTION ( 'NONE',  ( 0.000000000000000000, 0.000000000000000000, 1.000000000000000000 ) ) ;
#787 = VERTEX_POINT ( 'NONE', #6190 ) ;
#788 = DIRECTION ( 'NONE',  ( 0.000000000000000000, 0.000000000000000000, 1.000000000000000000 ) ) ;
#789 = EDGE_CURVE ( 'NONE', #1735, #7441, #7815, .T. ) ;
#790 = CARTESIAN_POINT ( 'NONE',  ( 15.00000000000000000, 5.500000000000000000, 0.000000000000000000 ) ) ;
#791 = DIRECTION ( 'NONE',  ( 0.000000000000000000, 0.000000000000000000, 1.000000000000000000 ) ) ;
#792 = CARTESIAN_POINT ( 'NONE',  ( -19.68655752103954981, 14.67986544671986060, -28.54374205374395146 ) ) ;
#793 = ORIENTED_EDGE ( 'NONE', *, *, #8725, .F. ) ;
#794 = DIRECTION ( 'NONE',  ( 0.000000000000000000, 0.000000000000000000, 1.000000000000000000 ) ) ;
#795 = ORIENTED_EDGE ( 'NONE', *, *, #2149, .T. ) ;
#796 = CARTESIAN_POINT ( 'NONE',  ( 25.00000000000000000, -9.500000000000000000, 10.00000000000000000 ) ) ;
#797 = DIRECTION ( 'NONE',  ( 0.000000000000000000, 0.000000000000000000, 1.000000000000000000 ) ) ;
#798 = PRODUCT_CONTEXT ( 'NONE', #423, 'mechanical' ) ;
#799 = EDGE_CURVE ( 'NONE', #2211, #4550, #2288, .T. ) ;
#800 = FACE_BOUND ( 'NONE', #7197, .T. ) ;
#801 = ADVANCED_FACE ( 'NONE', ( #8017, #5032 ), #862, .F. ) ;
#802 = AXIS2_PLACEMENT_3D ( 'NONE', #7681, #3733, #7305 ) ;
#803 = DIRECTION ( 'NONE',  ( 0.000000000000000000, 0.000000000000000000, 1.000000000000000000 ) ) ;
#804 = ORIENTED_EDGE ( 'NONE', *, *, #9743, .F. ) ;
#805 = ORIENTED_EDGE ( 'NONE', *, *, #8152, .F. ) ;
#806 = DIRECTION ( 'NONE',  ( 0.000000000000000000, 0.000000000000000000, -1.000000000000000000 ) ) ;
#807 = ORIENTED_EDGE ( 'NONE', *, *, #3157, .T. ) ;
#808 = DIRECTION ( 'NONE',  ( -1.700709290173339793E-17, 0.000000000000000000, -1.000000000000000000 ) ) ;
#809 = CARTESIAN_POINT ( 'NONE',  ( 0.000000000000000000, 0.000000000000000000, 0.000000000000000000 ) ) ;
#810 = EDGE_CURVE ( 'NONE', #6853, #2888, #3705, .T. ) ;
#811 = DIRECTION ( 'NONE',  ( 0.000000000000000000, 1.000000000000000000, 0.000000000000000000 ) ) ;
#812 = FACE_OUTER_BOUND ( 'NONE', #5123, .T. ) ;
#813 = ORIENTED_EDGE ( 'NONE', *, *, #7433, .F. ) ;
#814 = DIRECTION ( 'NONE',  ( 0.000000000000000000, 0.000000000000000000, 1.000000000000000000 ) ) ;
#815 = ORIENTED_EDGE ( 'NONE', *, *, #4410, .T. ) ;
#816 = EDGE_CURVE ( 'NONE', #3610, #2902, #3048, .T. ) ;
#817 = PLANE ( 'NONE',  #8047 ) ;
#818 = ORIENTED_EDGE ( 'NONE', *, *, #5626, .T. ) ;
#819 = CARTESIAN_POINT ( 'NONE',  ( 5.000000000000000000, 83.40000000000000568, 0.5000000000000000000 ) ) ;
#820 = ORIENTED_EDGE ( 'NONE', *, *, #8099, .F. ) ;
#821 = PRODUCT ( 'Actuation_Link_Spacer_Sleeve', 'Actuation_Link_Spacer_Sleeve', '', ( #3378 ) ) ;
#822 = CARTESIAN_POINT ( 'NONE',  ( 85.36863799491800364, 0.000000000000000000, -96.77829855763729938 ) ) ;
#823 = CARTESIAN_POINT ( 'NONE',  ( 5.000000000000000000, 80.40000000000000568, 0.5000000000000000000 ) ) ;
#824 = VECTOR ( 'NONE', #1057, 1000.000000000000000 ) ;
#825 = DIRECTION ( 'NONE',  ( 0.000000000000000000, 1.000000000000000000, 0.000000000000000000 ) ) ;
#826 = DIRECTION ( 'NONE',  ( 0.000000000000000000, 0.000000000000000000, -1.000000000000000000 ) ) ;
#827 = VERTEX_POINT ( 'NONE', #6654 ) ;
#828 = VERTEX_POINT ( 'NONE', #7396 ) ;
#829 = DIRECTION ( 'NONE',  ( 0.5000000000000003331, 0.000000000000000000, 0.8660254037844384856 ) ) ;
#830 = ORIENTED_EDGE ( 'NONE', *, *, #6702, .F. ) ;
#831 = ORIENTED_EDGE ( 'NONE', *, *, #4541, .T. ) ;
#832 = VECTOR ( 'NONE', #8612, 1000.000000000000000 ) ;
#833 = ADVANCED_FACE ( 'NONE', ( #4062, #9792, #7237 ), #1642, .T. ) ;
#834 = PRODUCT_DEFINITION_CONTEXT ( 'detailed design', #2234, 'design' ) ;
#835 = DIRECTION ( 'NONE',  ( -2.775557561562890365E-16, 0.000000000000000000, 1.000000000000000000 ) ) ;
#836 = DIRECTION ( 'NONE',  ( 1.734723475976804876E-16, -1.000000000000000000, 1.543037689415484880E-32 ) ) ;
#837 = FACE_BOUND ( 'NONE', #5311, .T. ) ;
#838 = AXIS2_PLACEMENT_3D ( 'NONE', #8102, #4543, #6889 ) ;
#839 = DIRECTION ( 'NONE',  ( 1.000000000000000000, 0.000000000000000000, 0.000000000000000000 ) ) ;
#840 = CARTESIAN_POINT ( 'NONE',  ( -5.000000000000000000, 63.39999999999999858, 19.50000000000000000 ) ) ;
#841 = EDGE_LOOP ( 'NONE', ( #10142, #2382, #1965, #1654, #8147, #4594, #3637, #9225, #3842 ) ) ;
#842 = CARTESIAN_POINT ( 'NONE',  ( 85.36863799491800364, 0.000000000000000000, -96.77829855763729938 ) ) ;
#843 = ORIENTED_EDGE ( 'NONE', *, *, #7211, .F. ) ;
#844 = EDGE_CURVE ( 'NONE', #6025, #9292, #9637, .T. ) ;
#845 = CARTESIAN_POINT ( 'NONE',  ( -5.000000000000000000, 0.1715728752538100144, -0.5000000000000000000 ) ) ;
#846 = LINE ( 'NONE', #4049, #703 ) ;
#847 = ITEM_DEFINED_TRANSFORMATION ( 'NONE', 'NONE', #3566,  #5194 ) ;
#848 = DIRECTION ( 'NONE',  ( 1.000000000000000000, 0.000000000000000000, -2.775557561562890365E-16 ) ) ;
#849 = CIRCLE ( 'NONE', #8029, 2.000000000000001776 ) ;
#850 = CARTESIAN_POINT ( 'NONE',  ( 15.50000000000000000, 79.90000000000000568, 2.418211663346639937E-16 ) ) ;
#851 = VECTOR ( 'NONE', #4208, 1000.000000000000000 ) ;
#852 = VECTOR ( 'NONE', #725, 1000.000000000000000 ) ;
#853 = ORIENTED_EDGE ( 'NONE', *, *, #2357, .F. ) ;
#854 = VERTEX_POINT ( 'NONE', #4267 ) ;
#855 = CARTESIAN_POINT ( 'NONE',  ( 15.50000000000000000, -4.000000000000000000, 17.00000000000000000 ) ) ;
#856 = ADVANCED_FACE ( 'NONE', ( #9005 ), #2653, .F. ) ;
#857 = VERTEX_POINT ( 'NONE', #4827 ) ;
#858 = CIRCLE ( 'NONE', #2376, 9.999999999999994671 ) ;
#859 = EDGE_CURVE ( 'NONE', #3064, #10075, #6556, .T. ) ;
#860 = CLOSED_SHELL ( 'NONE', ( #8929, #6312, #3327, #570, #3066, #6005, #5585 ) ) ;
#861 = DIRECTION ( 'NONE',  ( 0.000000000000000000, -1.000000000000000000, 0.000000000000000000 ) ) ;
#862 = PLANE ( 'NONE',  #6537 ) ;
#863 = AXIS2_PLACEMENT_3D ( 'NONE', #7756, #1958, #2166 ) ;
#864 = DIRECTION ( 'NONE',  ( 1.000000000000000000, 0.000000000000000000, 0.000000000000000000 ) ) ;
#865 = CARTESIAN_POINT ( 'NONE',  ( -41.81980515339470372, -90.96194077712559078, 15.00000000000000000 ) ) ;
#866 = FACE_OUTER_BOUND ( 'NONE', #9582, .T. ) ;
#867 = ORIENTED_EDGE ( 'NONE', *, *, #4427, .T. ) ;
#868 = AXIS2_PLACEMENT_3D ( 'NONE', #1811, #9013, #5621 ) ;
#869 = DIRECTION ( 'NONE',  ( -0.5521351308716259121, 0.000000000000000000, -0.8337546385222528444 ) ) ;
#870 = ORIENTED_EDGE ( 'NONE', *, *, #1877, .T. ) ;
#871 = CARTESIAN_POINT ( 'NONE',  ( 15.00000000000000000, 0.000000000000000000, 0.000000000000000000 ) ) ;
#872 = EDGE_LOOP ( 'NONE', ( #7584, #3386, #7631, #4227, #8874 ) ) ;
#873 = AXIS2_PLACEMENT_3D ( 'NONE', #777, #4401, #7826 ) ;
#874 = LINE ( 'NONE', #6353, #5605 ) ;
#875 = EDGE_LOOP ( 'NONE', ( #10166, #2483 ) ) ;
#876 = EDGE_CURVE ( 'NONE', #9358, #5685, #521, .T. ) ;
#877 = ADVANCED_FACE ( 'NONE', ( #1852 ), #4933, .F. ) ;
#878 = DIRECTION ( 'NONE',  ( 0.000000000000000000, 1.000000000000000000, 0.000000000000000000 ) ) ;
#879 = CARTESIAN_POINT ( 'NONE',  ( 10.00000000000000000, 10.00000000000000000, 5.000000000000000000 ) ) ;
#880 = VECTOR ( 'NONE', #8664, 1000.000000000000000 ) ;
#881 = EDGE_CURVE ( 'NONE', #1189, #2471, #131, .T. ) ;
#882 = DIRECTION ( 'NONE',  ( -1.000000000000000000, 0.000000000000000000, 0.000000000000000000 ) ) ;
#883 = AXIS2_PLACEMENT_3D ( 'NONE', #4808, #7997, #10203 ) ;
#884 = CARTESIAN_POINT ( 'NONE',  ( -10.00000000000000000, 10.00000000000000000, 5.000000000000000000 ) ) ;
#885 = VERTEX_POINT ( 'NONE', #1069 ) ;
#886 = CARTESIAN_POINT ( 'NONE',  ( -25.00000000000000000, -9.500000000000000000, 10.00000000000000000 ) ) ;
#887 = ORIENTED_EDGE ( 'NONE', *, *, #1890, .T. ) ;
#888 = ORIENTED_EDGE ( 'NONE', *, *, #538, .T. ) ;
#889 = COLOUR_RGB ( '',0.7921568627450980005, 0.8196078431372548767, 0.9333333333333333481 ) ;
#890 = CYLINDRICAL_SURFACE ( 'NONE', #3119, 5.000000000000000000 ) ;
#891 = ORIENTED_EDGE ( 'NONE', *, *, #2209, .F. ) ;
#892 = EDGE_CURVE ( 'NONE', #1171, #1599, #973, .T. ) ;
#893 = ORIENTED_EDGE ( 'NONE', *, *, #5758, .F. ) ;
#894 = AXIS2_PLACEMENT_3D ( 'NONE', #5081, #8267, #9837 ) ;
#895 = EDGE_CURVE ( 'NONE', #5983, #4606, #7447, .T. ) ;
#896 = CARTESIAN_POINT ( 'NONE',  ( -2.500000000000000000, 3.000000000000000000, -2.500000000000000000 ) ) ;
#897 = VECTOR ( 'NONE', #183, 1000.000000000000000 ) ;
#898 = LINE ( 'NONE', #4095, #6361 ) ;
#899 = PLANE ( 'NONE',  #3921 ) ;
#900 = FACE_OUTER_BOUND ( 'NONE', #4277, .T. ) ;
#901 = CARTESIAN_POINT ( 'NONE',  ( -2.500000000000000000, 15.00000000000000000, 19.50000000000000000 ) ) ;
#902 = FACE_OUTER_BOUND ( 'NONE', #3105, .T. ) ;
#903 = ORIENTED_EDGE ( 'NONE', *, *, #538, .F. ) ;
#904 = SURFACE_SIDE_STYLE ('',( #5595 ) ) ;
#905 = VERTEX_POINT ( 'NONE', #287 ) ;
#906 = CARTESIAN_POINT ( 'NONE',  ( -3.112096007971020040, 2.862710920491675637, -2.500000000000000000 ) ) ;
#907 = CARTESIAN_POINT ( 'NONE',  ( 38.65252493663744815, 0.000000000000000000, 12.26998839547777997 ) ) ;
#908 = APPLICATION_PROTOCOL_DEFINITION ( 'draft international standard', 'automotive_design', 1998, #2912 ) ;
#909 = DIRECTION ( 'NONE',  ( -1.734723475976804876E-16, 1.000000000000000000, 0.000000000000000000 ) ) ;
#910 = AXIS2_PLACEMENT_3D ( 'NONE', #7082, #6130, #3955 ) ;
#911 = EDGE_CURVE ( 'NONE', #9747, #673, #5530, .T. ) ;
#912 = CARTESIAN_POINT ( 'NONE',  ( 2.500000000000000000, 0.04196010845019170626, 0.000000000000000000 ) ) ;
#913 = VERTEX_POINT ( 'NONE', #4883 ) ;
#914 = EDGE_LOOP ( 'NONE', ( #7285, #4336 ) ) ;
#915 = ORIENTED_EDGE ( 'NONE', *, *, #2257, .T. ) ;
#916 = DIRECTION ( 'NONE',  ( 0.000000000000000000, 0.000000000000000000, 1.000000000000000000 ) ) ;
#917 = DIRECTION ( 'NONE',  ( 1.000000000000000000, 0.000000000000000000, 0.000000000000000000 ) ) ;
#918 =( LENGTH_UNIT ( ) NAMED_UNIT ( * ) SI_UNIT ( .MILLI., .METRE. ) );
#919 = CARTESIAN_POINT ( 'NONE',  ( 5.000000000000000000, 0.000000000000000000, -105.0000000000000142 ) ) ;
#920 = ADVANCED_FACE ( 'NONE', ( #2552 ), #8072, .F. ) ;
#921 = DIRECTION ( 'NONE',  ( 1.734723475976804876E-16, -1.000000000000000000, 0.000000000000000000 ) ) ;
#922 = CARTESIAN_POINT ( 'NONE',  ( 2.249999999999994671, 10.00000000000000000, 5.000000000000000000 ) ) ;
#923 = CIRCLE ( 'NONE', #4431, 1.500000000000000000 ) ;
#924 = VECTOR ( 'NONE', #9723, 1000.000000000000000 ) ;
#925 = EDGE_CURVE ( 'NONE', #7043, #9633, #9862, .T. ) ;
#926 = ORIENTED_EDGE ( 'NONE', *, *, #3554, .F. ) ;
#927 = CARTESIAN_POINT ( 'NONE',  ( 0.000000000000000000, 9.000000000000000000, -10.00000000000000000 ) ) ;
#928 = EDGE_LOOP ( 'NONE', ( #4919, #6866 ) ) ;
#929 = FACE_OUTER_BOUND ( 'NONE', #4775, .T. ) ;
#930 = ORIENTED_EDGE ( 'NONE', *, *, #1564, .T. ) ;
#931 = CARTESIAN_POINT ( 'NONE',  ( 15.50000000000000000, -3.996221620051279691E-15, 22.00000000000000000 ) ) ;
#932 = VERTEX_POINT ( 'NONE', #3640 ) ;
#933 = CIRCLE ( 'NONE', #6430, 20.00000000000000000 ) ;
#934 = DIRECTION ( 'NONE',  ( 0.000000000000000000, 1.000000000000000000, 1.816464372750584614E-16 ) ) ;
#935 = CARTESIAN_POINT ( 'NONE',  ( -2.500000000000000000, 1.500000000000000000, 0.000000000000000000 ) ) ;
#936 = VECTOR ( 'NONE', #9657, 1000.000000000000000 ) ;
#937 = CARTESIAN_POINT ( 'NONE',  ( 5.000000000000000000, 70.90000000000000568, 4.251773225433349791E-17 ) ) ;
#938 = DIRECTION ( 'NONE',  ( 0.000000000000000000, -1.000000000000000000, 0.000000000000000000 ) ) ;
#939 = EDGE_CURVE ( 'NONE', #5198, #8593, #3590, .T. ) ;
#940 = CARTESIAN_POINT ( 'NONE',  ( -10.00000000000000000, -15.00000000000000000, 5.000000000000000000 ) ) ;
#941 = EDGE_CURVE ( 'NONE', #5338, #155, #1902, .T. ) ;
#942 = EDGE_LOOP ( 'NONE', ( #4654, #9441 ) ) ;
#943 = CARTESIAN_POINT ( 'NONE',  ( 15.50000000000000000, 3.000000000000000000, 22.50000000000000000 ) ) ;
#944 = ORIENTED_EDGE ( 'NONE', *, *, #6670, .T. ) ;
#945 = CIRCLE ( 'NONE', #3964, 10.00000000000000178 ) ;
#946 = VECTOR ( 'NONE', #31, 1000.000000000000000 ) ;
#947 = ORIENTED_EDGE ( 'NONE', *, *, #2495, .T. ) ;
#948 = CARTESIAN_POINT ( 'NONE',  ( 2.500000000000000000, 0.000000000000000000, 0.000000000000000000 ) ) ;
#949 = ORIENTED_EDGE ( 'NONE', *, *, #8891, .F. ) ;
#950 = VERTEX_POINT ( 'NONE', #5080 ) ;
#951 = UNCERTAINTY_MEASURE_WITH_UNIT (LENGTH_MEASURE( 1.000000000000000082E-05 ), #5375, 'distance_accuracy_value', 'NONE');
#952 = AXIS2_PLACEMENT_3D ( 'NONE', #6166, #6904, #2153 ) ;
#953 = LINE ( 'NONE', #4295, #8329 ) ;
#954 = CARTESIAN_POINT ( 'NONE',  ( -10.00000000000000000, -15.00000000000000000, 0.000000000000000000 ) ) ;
#955 = FACE_BOUND ( 'NONE', #6778, .T. ) ;
#956 = DIRECTION ( 'NONE',  ( 0.000000000000000000, -1.000000000000000000, 0.000000000000000000 ) ) ;
#957 = EDGE_CURVE ( 'NONE', #3587, #445, #9890, .T. ) ;
#958 = CYLINDRICAL_SURFACE ( 'NONE', #8101, 2.250000000000001776 ) ;
#959 = ORIENTED_EDGE ( 'NONE', *, *, #3417, .T. ) ;
#960 = FILL_AREA_STYLE_COLOUR ( '', #261 ) ;
#961 = ORIENTED_EDGE ( 'NONE', *, *, #6501, .F. ) ;
#962 = CARTESIAN_POINT ( 'NONE',  ( 15.50000000000000000, 67.40000000000000568, 2.418211663346639937E-16 ) ) ;
#963 = FACE_OUTER_BOUND ( 'NONE', #1172, .T. ) ;
#964 = PRODUCT_CONTEXT ( 'NONE', #3646, 'mechanical' ) ;
#965 = CARTESIAN_POINT ( 'NONE',  ( 0.000000000000000000, 0.000000000000000000, 10.00000000000000000 ) ) ;
#966 = FACE_OUTER_BOUND ( 'NONE', #1561, .T. ) ;
#967 = ORIENTED_EDGE ( 'NONE', *, *, #4855, .T. ) ;
#968 = VECTOR ( 'NONE', #5416, 1000.000000000000000 ) ;
#969 = ORIENTED_EDGE ( 'NONE', *, *, #6578, .T. ) ;
#970 = ORIENTED_EDGE ( 'NONE', *, *, #1121, .T. ) ;
#971 = EDGE_CURVE ( 'NONE', #5551, #6279, #858, .T. ) ;
#972 = DIRECTION ( 'NONE',  ( -0.000000000000000000, -1.000000000000000000, -0.000000000000000000 ) ) ;
#973 = LINE ( 'NONE', #6611, #3546 ) ;
#974 =( LENGTH_UNIT ( ) NAMED_UNIT ( * ) SI_UNIT ( .MILLI., .METRE. ) );
#975 = CARTESIAN_POINT ( 'NONE',  ( -4.000000000000000000, 70.90000000000000568, 0.5000000000000000000 ) ) ;
#976 = DIRECTION ( 'NONE',  ( 0.000000000000000000, 0.000000000000000000, -1.000000000000000000 ) ) ;
#977 = CARTESIAN_POINT ( 'NONE',  ( 15.50000000000000000, -4.000000000000000000, 22.00000000000000000 ) ) ;
#978 = ORIENTED_EDGE ( 'NONE', *, *, #925, .T. ) ;
#979 = CARTESIAN_POINT ( 'NONE',  ( 5.000000000000000000, 18.00000000000000000, -14.24237984354699904 ) ) ;
#980 = ORIENTED_EDGE ( 'NONE', *, *, #1298, .T. ) ;
#981 = CARTESIAN_POINT ( 'NONE',  ( -4.000000000000000000, 70.90000000000000568, 6.802837160693360405E-17 ) ) ;
#982 = ORIENTED_EDGE ( 'NONE', *, *, #8569, .T. ) ;
#983 = DIRECTION ( 'NONE',  ( 3.068079190820899944E-33, -1.000000000000000000, -1.816464372750584614E-16 ) ) ;
#984 = VERTEX_POINT ( 'NONE', #6072 ) ;
#985 = AXIS2_PLACEMENT_3D ( 'NONE', #5046, #1083, #3453 ) ;#986 = EDGE_CURVE ( 'NONE', #5092, #10008, #8313, .T. ) ;
#987 = CARTESIAN_POINT ( 'NONE',  ( -27.68655752103954981, 34.67986544671985172, -28.54374205374395146 ) ) ;
#988 = CARTESIAN_POINT ( 'NONE',  ( -48.89087296526020054, -98.03300858899099524, -25.00000000000000000 ) ) ;
#989 = CARTESIAN_POINT ( 'NONE',  ( -96.67003710817799345, 95.00000000000000000, -93.45117771904560300 ) ) ;
#990 = DIRECTION ( 'NONE',  ( 0.000000000000000000, 1.000000000000000000, 0.000000000000000000 ) ) ;
#991 = DIRECTION ( 'NONE',  ( 0.000000000000000000, -1.000000000000000000, 0.000000000000000000 ) ) ;
#992 = CIRCLE ( 'NONE', #7828, 5.000000000000000000 ) ;
#993 = DIRECTION ( 'NONE',  ( -1.000000000000000000, 0.000000000000000000, 0.000000000000000000 ) ) ;
#994 = EDGE_LOOP ( 'NONE', ( #915, #3476, #4510, #3958, #5743 ) ) ;
#995 = EDGE_LOOP ( 'NONE', ( #1175, #1078 ) ) ;
#996 = VERTEX_POINT ( 'NONE', #7640 ) ;
#997 = ORIENTED_EDGE ( 'NONE', *, *, #7967, .T. ) ;
#998 = EDGE_CURVE ( 'NONE', #7980, #1284, #6358, .T. ) ;
#999 = EDGE_CURVE ( 'NONE', #7811, #5409, #4216, .T. ) ;
#1000 = DIRECTION ( 'NONE',  ( 0.000000000000000000, 0.000000000000000000, -1.000000000000000000 ) ) ;
#1001 =( LENGTH_UNIT ( ) NAMED_UNIT ( * ) SI_UNIT ( .MILLI., .METRE. ) );
#1002 = DIRECTION ( 'NONE',  ( 0.000000000000000000, 0.000000000000000000, 1.000000000000000000 ) ) ;
#1003 = CARTESIAN_POINT ( 'NONE',  ( -1.141807012330692039, -48.66918367361090247, 0.000000000000000000 ) ) ;
#1004 = ORIENTED_EDGE ( 'NONE', *, *, #543, .T. ) ;
#1005 = VECTOR ( 'NONE', #582, 1000.000000000000000 ) ;
#1006 = EDGE_LOOP ( 'NONE', ( #8713, #10222, #10162, #3166 ) ) ;
#1007 = ADVANCED_FACE ( 'NONE', ( #5928 ), #5873, .T. ) ;
#1008 = CARTESIAN_POINT ( 'NONE',  ( -25.00000000000000000, -5.500000000000000000, 10.00000000000000000 ) ) ;
#1009 = DIRECTION ( 'NONE',  ( -1.700709290173339793E-17, 0.000000000000000000, 1.000000000000000000 ) ) ;
#1010 = APPLICATION_PROTOCOL_DEFINITION ( 'draft international standard', 'automotive_design', 1998, #3118 ) ;
#1011 = CARTESIAN_POINT ( 'NONE',  ( -37.48849769918444963, -72.48849769918439279, 15.00000000000000000 ) ) ;
#1012 = DIRECTION ( 'NONE',  ( 1.000000000000000000, 0.000000000000000000, 0.000000000000000000 ) ) ;
#1013 = ORIENTED_EDGE ( 'NONE', *, *, #7119, .F. ) ;
#1014 = ORIENTED_EDGE ( 'NONE', *, *, #2527, .F. ) ;
#1015 = AXIS2_PLACEMENT_3D ( 'NONE', #7642, #6520, #5738 ) ;
#1016 = ORIENTED_EDGE ( 'NONE', *, *, #8243, .F. ) ;
#1017 = DIRECTION ( 'NONE',  ( 0.000000000000000000, 0.000000000000000000, -1.000000000000000000 ) ) ;
#1018 = CARTESIAN_POINT ( 'NONE',  ( -5.000000000000000000, 70.90000000000000568, 25.50000000000000000 ) ) ;
#1019 = ADVANCED_FACE ( 'NONE', ( #4466 ), #7539, .F. ) ;
#1020 = DIRECTION ( 'NONE',  ( 0.000000000000000000, 0.000000000000000000, 1.000000000000000000 ) ) ;
#1021 = CIRCLE ( 'NONE', #3201, 10.00000000000000178 ) ;
#1022 = CYLINDRICAL_SURFACE ( 'NONE', #203, 5.000000000000000888 ) ;
#1023 = CARTESIAN_POINT ( 'NONE',  ( 35.00000000000000000, -9.500000000000000000, 4.592425496802579889E-16 ) ) ;
#1024 = EDGE_CURVE ( 'NONE', #9341, #6551, #3535, .T. ) ;
#1025 = ORIENTED_EDGE ( 'NONE', *, *, #3703, .F. ) ;
#1026 = DIRECTION ( 'NONE',  ( 0.000000000000000000, -1.000000000000000000, 0.000000000000000000 ) ) ;
#1027 = DIRECTION ( 'NONE',  ( 0.000000000000000000, 1.000000000000000000, 0.000000000000000000 ) ) ;
#1028 = ORIENTED_EDGE ( 'NONE', *, *, #3109, .F. ) ;
#1029 = FACE_OUTER_BOUND ( 'NONE', #4127, .T. ) ;
#1030 = ORIENTED_EDGE ( 'NONE', *, *, #1166, .F. ) ;
#1031 = AXIS2_PLACEMENT_3D ( 'NONE', #8882, #8820, #8050 ) ;
#1032 = AXIS2_PLACEMENT_3D ( 'NONE', #9434, #7818, #2394 ) ;
#1033 = DIRECTION ( 'NONE',  ( 1.734723475976804876E-16, -1.000000000000000000, 0.000000000000000000 ) ) ;
#1034 = DIRECTION ( 'NONE',  ( -2.602085213965209656E-16, 1.000000000000000000, 0.000000000000000000 ) ) ;
#1035 = CARTESIAN_POINT ( 'NONE',  ( 0.000000000000000000, 0.000000000000000000, -10.00000000000000000 ) ) ;
#1036 = LINE ( 'NONE', #9128, #6022 ) ;
#1037 = AXIS2_PLACEMENT_3D ( 'NONE', #441, #6023, #9212 ) ;
#1038 = EDGE_CURVE ( 'NONE', #5409, #7811, #3213, .T. ) ;
#1039 = EDGE_LOOP ( 'NONE', ( #1455, #978 ) ) ;
#1040 = DIRECTION ( 'NONE',  ( 0.000000000000000000, -1.000000000000000000, 0.000000000000000000 ) ) ;
#1041 = ORIENTED_EDGE ( 'NONE', *, *, #789, .T. ) ;
#1042 = VERTEX_POINT ( 'NONE', #9111 ) ;
#1043 = FILL_AREA_STYLE ('',( #9965 ) ) ;
#1044 = ORIENTED_EDGE ( 'NONE', *, *, #4311, .T. ) ;
#1045 = AXIS2_PLACEMENT_3D ( 'NONE', #2838, #9149, #4255 ) ;
#1046 = AXIS2_PLACEMENT_3D ( 'NONE', #7624, #2098, #5266 ) ;
#1047 = CYLINDRICAL_SURFACE ( 'NONE', #6173, 2.250000000000000000 ) ;
#1048 = DIRECTION ( 'NONE',  ( 0.000000000000000000, 1.000000000000000000, 0.000000000000000000 ) ) ;
#1049 = CARTESIAN_POINT ( 'NONE',  ( -53.68655752104000811, 95.00000000000000000, -28.54374205374395146 ) ) ;
#1050 = EDGE_CURVE ( 'NONE', #379, #1354, #5279, .T. ) ;
#1051 = DIRECTION ( 'NONE',  ( 0.000000000000000000, 0.000000000000000000, -1.000000000000000000 ) ) ;
#1052 = ORIENTED_EDGE ( 'NONE', *, *, #4937, .T. ) ;
#1053 = AXIS2_PLACEMENT_3D ( 'NONE', #9891, #8363, #6807 ) ;
#1054 = DIRECTION ( 'NONE',  ( 1.700709290173339793E-17, 0.000000000000000000, -1.000000000000000000 ) ) ;
#1055 = VERTEX_POINT ( 'NONE', #7589 ) ;
#1056 = AXIS2_PLACEMENT_3D ( 'NONE', #6401, #864, #8740 ) ;
#1057 = DIRECTION ( 'NONE',  ( -0.7071067811865480168, -0.7071067811865470176, 0.000000000000000000 ) ) ;
#1058 = DIRECTION ( 'NONE',  ( 1.000000000000000000, 0.000000000000000000, 0.000000000000000000 ) ) ;
#1059 = VERTEX_POINT ( 'NONE', #6928 ) ;
#1060 = CARTESIAN_POINT ( 'NONE',  ( -3.884651667782115236, 68.99154895029673185, -2.308466096083436891 ) ) ;
#1061 = EDGE_CURVE ( 'NONE', #7471, #4703, #488, .T. ) ;
#1062 = LINE ( 'NONE', #6801, #7760 ) ;
#1063 = VECTOR ( 'NONE', #8956, 1000.000000000000000 ) ;
#1064 = ORIENTED_EDGE ( 'NONE', *, *, #2619, .F. ) ;
#1065 = EDGE_CURVE ( 'NONE', #2197, #3696, #5975, .T. ) ;
#1066 = ORIENTED_EDGE ( 'NONE', *, *, #876, .F. ) ;
#1067 = DIRECTION ( 'NONE',  ( 1.734723475976805246E-17, 0.000000000000000000, 1.000000000000000000 ) ) ;
#1068 = FACE_OUTER_BOUND ( 'NONE', #3545, .T. ) ;
#1069 = CARTESIAN_POINT ( 'NONE',  ( -5.000000000000000000, 0.1715728752538100144, -0.5000000000000000000 ) ) ;
#1070 =( LENGTH_UNIT ( ) NAMED_UNIT ( * ) SI_UNIT ( .MILLI., .METRE. ) );
#1071 = VECTOR ( 'NONE', #2935, 1000.000000000000000 ) ;
#1072 = DIRECTION ( 'NONE',  ( 1.000000000000000000, 0.000000000000000000, 0.000000000000000000 ) ) ;
#1073 = CARTESIAN_POINT ( 'NONE',  ( 5.000000000000000000, -12.50000000000000000, 22.50000000000000000 ) ) ;
#1074 = CARTESIAN_POINT ( 'NONE',  ( -2.500000000000000000, 70.90000000000000568, 25.50000000000000000 ) ) ;
#1075 = ORIENTED_EDGE ( 'NONE', *, *, #8573, .F. ) ;
#1076 = EDGE_CURVE ( 'NONE', #8041, #6551, #1162, .T. ) ;
#1077 = DIRECTION ( 'NONE',  ( 0.000000000000000000, 0.000000000000000000, -1.000000000000000000 ) ) ;
#1078 = ORIENTED_EDGE ( 'NONE', *, *, #998, .F. ) ;
#1079 = CIRCLE ( 'NONE', #1234, 9.999999999999998224 ) ;
#1080 = LINE ( 'NONE', #192, #601 ) ;
#1081 = ORIENTED_EDGE ( 'NONE', *, *, #10301, .F. ) ;
#1082 = ADVANCED_FACE ( 'NONE', ( #5127 ), #1215, .F. ) ;
#1083 = DIRECTION ( 'NONE',  ( -1.000000000000000000, -1.734723475976804876E-16, 0.000000000000000000 ) ) ;
#1084 = DIRECTION ( 'NONE',  ( -1.000000000000000000, 0.000000000000000000, 0.000000000000000000 ) ) ;
#1085 = FACE_OUTER_BOUND ( 'NONE', #1092, .T. ) ;
#1086 = VECTOR ( 'NONE', #2293, 1000.000000000000000 ) ;
#1087 = AXIS2_PLACEMENT_3D ( 'NONE', #1846, #8407, #4261 ) ;
#1088 = DIRECTION ( 'NONE',  ( -2.602085213965209656E-16, 0.000000000000000000, 1.000000000000000000 ) ) ;
#1089 = VERTEX_POINT ( 'NONE', #4362 ) ;
#1090 = DIRECTION ( 'NONE',  ( 0.000000000000000000, 0.000000000000000000, 1.000000000000000000 ) ) ;
#1091 = ORIENTED_EDGE ( 'NONE', *, *, #10133, .T. ) ;
#1092 = EDGE_LOOP ( 'NONE', ( #8542, #1052, #2900, #7476 ) ) ;
#1093 = CYLINDRICAL_SURFACE ( 'NONE', #1428, 2.250000000000001776 ) ;
#1094 = VERTEX_POINT ( 'NONE', #2849 ) ;
#1095 = VECTOR ( 'NONE', #9357, 1000.000000000000000 ) ;
#1096 = VECTOR ( 'NONE', #8824, 1000.000000000000000 ) ;
#1097 = ADVANCED_FACE ( 'NONE', ( #6017 ), #6971, .T. ) ;
#1098 = DIRECTION ( 'NONE',  ( -1.000000000000000000, 0.000000000000000000, 0.000000000000000000 ) ) ;
#1099 =( GEOMETRIC_REPRESENTATION_CONTEXT ( 3 ) GLOBAL_UNCERTAINTY_ASSIGNED_CONTEXT ( ( #3886 ) ) GLOBAL_UNIT_ASSIGNED_CONTEXT ( ( #8240, #9230, #6251 ) ) REPRESENTATION_CONTEXT ( 'NONE', 'WORKASPACE' ) );
#1100 = DIRECTION ( 'NONE',  ( 2.081668171172169746E-16, -1.000000000000000000, 0.000000000000000000 ) ) ;
#1101 = VECTOR ( 'NONE', #6674, 1000.000000000000000 ) ;
#1102 = LINE ( 'NONE', #8343, #3284 ) ;
#1103 = ORIENTED_EDGE ( 'NONE', *, *, #243, .T. ) ;
#1104 = DIRECTION ( 'NONE',  ( 0.000000000000000000, 0.000000000000000000, 1.000000000000000000 ) ) ;
#1105 = VERTEX_POINT ( 'NONE', #9310 ) ;
#1106 = VECTOR ( 'NONE', #4790, 1000.000000000000000 ) ;
#1107 = VECTOR ( 'NONE', #2950, 1000.000000000000000 ) ;
#1108 = EDGE_CURVE ( 'NONE', #3723, #2692, #3796, .T. ) ;
#1109 = FACE_OUTER_BOUND ( 'NONE', #6277, .T. ) ;
#1110 = PLANE ( 'NONE',  #1045 ) ;
#1111 = CONTEXT_DEPENDENT_SHAPE_REPRESENTATION ( #230, #527 ) ;
#1112 = CYLINDRICAL_SURFACE ( 'NONE', #6716, 9.999999999999994671 ) ;
#1113 = CARTESIAN_POINT ( 'NONE',  ( 0.000000000000000000, 200.0000000000000000, 0.000000000000000000 ) ) ;
#1114 = CIRCLE ( 'NONE', #440, 2.999999999999999112 ) ;
#1115 = ORIENTED_EDGE ( 'NONE', *, *, #4044, .F. ) ;
#1116 = VERTEX_POINT ( 'NONE', #10146 ) ;
#1117 = ADVANCED_FACE ( 'NONE', ( #2162, #6283 ), #5332, .T. ) ;
#1118 = DIRECTION ( 'NONE',  ( -0.5521351308716259121, 0.000000000000000000, 0.8337546385222528444 ) ) ;
#1119 = DIRECTION ( 'NONE',  ( 0.000000000000000000, 1.000000000000000000, 0.000000000000000000 ) ) ;
#1120 = DIRECTION ( 'NONE',  ( 0.9950961625247609632, 4.623041554044760021E-19, 0.09891222031930350933 ) ) ;
#1121 = EDGE_CURVE ( 'NONE', #3081, #8111, #3007, .T. ) ;
#1122 = DIRECTION ( 'NONE',  ( 0.000000000000000000, -1.000000000000000000, 0.000000000000000000 ) ) ;
#1123 = CARTESIAN_POINT ( 'NONE',  ( 58.74171087241099798, 95.00000000000000000, -90.51182856389580422 ) ) ;
#1124 = CARTESIAN_POINT ( 'NONE',  ( 35.00000000000000000, 9.500000000000000000, 0.000000000000000000 ) ) ;
#1125 = ORIENTED_EDGE ( 'NONE', *, *, #5598, .F. ) ;
#1126 = EDGE_LOOP ( 'NONE', ( #4386, #4488, #8206, #8425 ) ) ;
#1127 = CARTESIAN_POINT ( 'NONE',  ( -90.00000000000000000, 95.00000000000000000, -97.86825876601859875 ) ) ;
#1128 = EDGE_LOOP ( 'NONE', ( #1438, #1972 ) ) ;
#1129 = PLANE ( 'NONE',  #985 ) ;
#1130 = FACE_OUTER_BOUND ( 'NONE', #3650, .T. ) ;
#1131 = CYLINDRICAL_SURFACE ( 'NONE', #1713, 2.750000000000000000 ) ;
#1132 = ADVANCED_FACE ( 'NONE', ( #4771, #3169, #7079 ), #7850, .T. ) ;
#1133 = CARTESIAN_POINT ( 'NONE',  ( 15.00000000000000000, 9.500000000000000000, 20.00000000000000000 ) ) ;
#1134 = CARTESIAN_POINT ( 'NONE',  ( -15.00000000000000000, -5.500000000000000000, 0.000000000000000000 ) ) ;
#1135 = ORIENTED_EDGE ( 'NONE', *, *, #5170, .T. ) ;
#1136 = VECTOR ( 'NONE', #2621, 1000.000000000000000 ) ;
#1137 = LINE ( 'NONE', #5948, #3455 ) ;
#1138 = ORIENTED_EDGE ( 'NONE', *, *, #1931, .T. ) ;
#1139 = ORIENTED_EDGE ( 'NONE', *, *, #8629, .T. ) ;
#1140 = DIRECTION ( 'NONE',  ( 0.000000000000000000, 0.000000000000000000, 1.000000000000000000 ) ) ;
#1141 = VERTEX_POINT ( 'NONE', #10303 ) ;
#1142 = DIRECTION ( 'NONE',  ( 0.4141393648650374959, 0.4141393648650364967, 0.8105412839198059549 ) ) ;
#1143 = EDGE_CURVE ( 'NONE', #5949, #6497, #2886, .T. ) ;
#1144 = CARTESIAN_POINT ( 'NONE',  ( 0.000000000000000000, 0.000000000000000000, 22.50000000000000000 ) ) ;
#1145 = LINE ( 'NONE', #1408, #3113 ) ;
#1146 = ORIENTED_EDGE ( 'NONE', *, *, #6436, .F. ) ;
#1147 = CYLINDRICAL_SURFACE ( 'NONE', #81, 5.000000000000000000 ) ;
#1148 = ORIENTED_EDGE ( 'NONE', *, *, #8779, .T. ) ;
#1149 = EDGE_CURVE ( 'NONE', #7747, #4033, #6330, .T. ) ;
#1150 = AXIS2_PLACEMENT_3D ( 'NONE', #9110, #5974, #6016 ) ;
#1151 = FACE_OUTER_BOUND ( 'NONE', #6829, .T. ) ;
#1152 = LINE ( 'NONE', #1892, #5544 ) ;
#1153 = ITEM_DEFINED_TRANSFORMATION ( 'NONE', 'NONE', #2228,  #5194 ) ;
#1154 = FACE_BOUND ( 'NONE', #9987, .T. ) ;
#1155 = CYLINDRICAL_SURFACE ( 'NONE', #9093, 3.000000000000000000 ) ;
#1156 = ORIENTED_EDGE ( 'NONE', *, *, #9189, .T. ) ;
#1157 = EDGE_CURVE ( 'NONE', #2977, #8485, #693, .T. ) ;
#1158 = VERTEX_POINT ( 'NONE', #9470 ) ;
#1159 = ORIENTED_EDGE ( 'NONE', *, *, #8975, .T. ) ;
#1160 = CIRCLE ( 'NONE', #2524, 9.999999999999994671 ) ;
#1161 = DIRECTION ( 'NONE',  ( 0.000000000000000000, 1.000000000000000000, 0.000000000000000000 ) ) ;
#1162 = LINE ( 'NONE', #1321, #9872 ) ;
#1163 = DIRECTION ( 'NONE',  ( -0.9982254054838944901, 0.05954863429596512353, 1.354127125251690644E-21 ) ) ;
#1164 = CARTESIAN_POINT ( 'NONE',  ( -25.00000000000000000, -9.500000000000000000, 20.00000000000000000 ) ) ;
#1165 = DIRECTION ( 'NONE',  ( -0.000000000000000000, -1.000000000000000000, -0.000000000000000000 ) ) ;
#1166 = EDGE_CURVE ( 'NONE', #8622, #2009, #8626, .T. ) ;
#1167 = DIRECTION ( 'NONE',  ( -1.000000000000000000, 0.000000000000000000, -1.700709290173339793E-17 ) ) ;
#1168 = CARTESIAN_POINT ( 'NONE',  ( 22.31344247896045019, 14.67986544671986060, -42.59593772390965682 ) ) ;
#1169 = AXIS2_PLACEMENT_3D ( 'NONE', #9992, #4952, #489 ) ;
#1170 = EDGE_CURVE ( 'NONE', #7063, #9898, #7878, .T. ) ;
#1171 = VERTEX_POINT ( 'NONE', #8519 ) ;
#1172 = EDGE_LOOP ( 'NONE', ( #9884, #3301, #5947, #1302 ) ) ;
#1173 = DIRECTION ( 'NONE',  ( 1.878072721644629807E-16, 1.878072721644624877E-16, 1.000000000000000000 ) ) ;
#1175 = ORIENTED_EDGE ( 'NONE', *, *, #8454, .F. ) ;
#1174 = EDGE_CURVE ( 'NONE', #10274, #6650, #8360, .T. ) ;
#1176 = DIRECTION ( 'NONE',  ( -1.000000000000000000, 0.000000000000000000, 1.734723475976804629E-17 ) ) ;
#1177 = VECTOR ( 'NONE', #3124, 1000.000000000000000 ) ;
#1178 = DIRECTION ( 'NONE',  ( 0.000000000000000000, 0.000000000000000000, 1.000000000000000000 ) ) ;
#1179 = DIRECTION ( 'NONE',  ( -1.000000000000000000, 0.000000000000000000, 0.000000000000000000 ) ) ;
#1180 = CARTESIAN_POINT ( 'NONE',  ( -15.00000000000000000, 12.50000000000000000, 20.00000000000000000 ) ) ;
#1181 = AXIS2_PLACEMENT_3D ( 'NONE', #9382, #4732, #7915 ) ;
#1182 = ORIENTED_EDGE ( 'NONE', *, *, #9673, .T. ) ;
#1183 = PLANE ( 'NONE',  #3120 ) ;
#1184 = ORIENTED_EDGE ( 'NONE', *, *, #6648, .T. ) ;
#1185 = ORIENTED_EDGE ( 'NONE', *, *, #2069, .T. ) ;
#1186 = AXIS2_PLACEMENT_3D ( 'NONE', #9384, #2177, #9172 ) ;
#1187 = CARTESIAN_POINT ( 'NONE',  ( 67.07925725763350044, 85.00000000000000000, -84.99047725517949914 ) ) ;
#1189 = VERTEX_POINT ( 'NONE', #10196 ) ;
#1188 = EDGE_CURVE ( 'NONE', #905, #6733, #1377, .T. ) ;
#1190 = ADVANCED_FACE ( 'NONE', ( #595 ), #8571, .T. ) ;
#1191 = VECTOR ( 'NONE', #1487, 1000.000000000000000 ) ;
#1192 = DIRECTION ( 'NONE',  ( -1.000000000000000000, 0.000000000000000000, 0.000000000000000000 ) ) ;
#1193 = VECTOR ( 'NONE', #1993, 1000.000000000000000 ) ;
#1194 = CIRCLE ( 'NONE', #4544, 10.00000000000000178 ) ;
#1195 = FACE_OUTER_BOUND ( 'NONE', #10116, .T. ) ;
#1196 = DIRECTION ( 'NONE',  ( 0.000000000000000000, 0.000000000000000000, 1.000000000000000000 ) ) ;
#1197 = EDGE_CURVE ( 'NONE', #119, #9658, #7751, .T. ) ;
#1198 = DIRECTION ( 'NONE',  ( 0.000000000000000000, 1.000000000000000000, 0.000000000000000000 ) ) ;
#1199 = ORIENTED_EDGE ( 'NONE', *, *, #6192, .F. ) ;
#1200 = AXIS2_PLACEMENT_3D ( 'NONE', #7958, #5546, #4568 ) ;
#1201 = CARTESIAN_POINT ( 'NONE',  ( 65.00000000000000000, 95.00000000000000000, -120.2793298308828014 ) ) ;
#1202 = ORIENTED_EDGE ( 'NONE', *, *, #6354, .F. ) ;
#1203 = EDGE_CURVE ( 'NONE', #1409, #6240, #9548, .T. ) ;
#1204 = CARTESIAN_POINT ( 'NONE',  ( 10.00000000000000000, 10.00000000000000000, -16.00000000000000000 ) ) ;
#1205 = CYLINDRICAL_SURFACE ( 'NONE', #6502, 10.00000000000000000 ) ;
#1206 = CARTESIAN_POINT ( 'NONE',  ( -3.000000000000000000, 0.000000000000000000, -2.500000000000000000 ) ) ;
#1207 = VECTOR ( 'NONE', #10005, 1000.000000000000000 ) ;
#1208 = CARTESIAN_POINT ( 'NONE',  ( -23.34636207545349862, -86.63063332291528695, 15.00000000000000000 ) ) ;
#1209 = AXIS2_PLACEMENT_3D ( 'NONE', #9112, #1954, #1272 ) ;
#1210 = DIRECTION ( 'NONE',  ( 1.000000000000000000, 0.000000000000000000, 0.000000000000000000 ) ) ;
#1211 = ORIENTED_EDGE ( 'NONE', *, *, #10255, .F. ) ;
#1212 = ORIENTED_EDGE ( 'NONE', *, *, #493, .T. ) ;
#1213 = PRODUCT_DEFINITION_FORMATION_WITH_SPECIFIED_SOURCE ( 'ANY', '', #6785, .NOT_KNOWN. ) ;
#1214 = CARTESIAN_POINT ( 'NONE',  ( 15.50000000000000000, 74.89999999999999147, 6.000000000000000000 ) ) ;
#1215 = CYLINDRICAL_SURFACE ( 'NONE', #366, 2.250000000000000000 ) ;
#1216 = CARTESIAN_POINT ( 'NONE',  ( -113.4593093142116089, 1.000000000000019984, -113.8925828918350049 ) ) ;
#1217 = EDGE_CURVE ( 'NONE', #1857, #9321, #6369, .T. ) ;
#1218 = DIRECTION ( 'NONE',  ( -0.7071067811865482389, -0.7071067811865467956, 1.734723475976808080E-15 ) ) ;
#1219 = DIRECTION ( 'NONE',  ( -0.7071067811865482389, -0.7071067811865467956, -1.734723475976808080E-15 ) ) ;
#1220 = VECTOR ( 'NONE', #3369, 1000.000000000000000 ) ;
#1221 = CARTESIAN_POINT ( 'NONE',  ( 5.000000000000000000, 3.500000000000000000, 6.000000000000000000 ) ) ;
#1222 = DIRECTION ( 'NONE',  ( -1.387778780781445922E-16, 1.000000000000000000, 0.000000000000000000 ) ) ;
#1223 = ORIENTED_EDGE ( 'NONE', *, *, #9901, .F. ) ;
#1224 = ORIENTED_EDGE ( 'NONE', *, *, #7040, .T. ) ;
#1225 = DIRECTION ( 'NONE',  ( 0.000000000000000000, 0.000000000000000000, -1.000000000000000000 ) ) ;
#1226 = ORIENTED_EDGE ( 'NONE', *, *, #9347, .F. ) ;
#1227 = AXIS2_PLACEMENT_3D ( 'NONE', #2036, #4013, #1595 ) ;
#1228 = CARTESIAN_POINT ( 'NONE',  ( 15.50000000000000000, 67.90000000000000568, 22.50000000000000000 ) ) ;
#1229 = CARTESIAN_POINT ( 'NONE',  ( 22.31344247896045019, 14.67986544671986060, -120.2803298308827920 ) ) ;
#1230 = CARTESIAN_POINT ( 'NONE',  ( -3.000000000000000000, 70.90000000000000568, -2.500000000000000000 ) ) ;
#1231 = EDGE_CURVE ( 'NONE', #8371, #8873, #1683, .T. ) ;
#1232 = PRODUCT_DEFINITION ( 'UNKNOWN', '', #3416, #834 ) ;
#1233 = DIRECTION ( 'NONE',  ( -1.734723475976804876E-16, 1.000000000000000000, 0.000000000000000000 ) ) ;
#1234 = AXIS2_PLACEMENT_3D ( 'NONE', #6865, #5134, #6764 ) ;
#1235 = VERTEX_POINT ( 'NONE', #5761 ) ;
#1236 = FACE_OUTER_BOUND ( 'NONE', #2823, .T. ) ;
#1237 = ORIENTED_EDGE ( 'NONE', *, *, #8819, .F. ) ;
#1238 = VERTEX_POINT ( 'NONE', #3220 ) ;
#1239 = CARTESIAN_POINT ( 'NONE',  ( -10.00000000000000000, -73.28427124746190202, 1.000000000000000000 ) ) ;
#1240 = VERTEX_POINT ( 'NONE', #3329 ) ;
#1241 = VECTOR ( 'NONE', #7122, 1000.000000000000000 ) ;
#1242 = EDGE_CURVE ( 'NONE', #10064, #3164, #846, .T. ) ;
#1243 = DIRECTION ( 'NONE',  ( 0.000000000000000000, 1.000000000000000000, 0.000000000000000000 ) ) ;
#1244 = EDGE_CURVE ( 'NONE', #2157, #1158, #63, .T. ) ;
#1245 = CARTESIAN_POINT ( 'NONE',  ( -3.647693777163325102, 70.85803989154979377, 0.000000000000000000 ) ) ;
#1246 = CYLINDRICAL_SURFACE ( 'NONE', #5067, 2.000000000000000000 ) ;
#1247 = CARTESIAN_POINT ( 'NONE',  ( 15.50000000000000000, -12.50000000000000000, 22.50000000000000000 ) ) ;
#1248 = ORIENTED_EDGE ( 'NONE', *, *, #10069, .T. ) ;
#1249 = VECTOR ( 'NONE', #5424, 1000.000000000000000 ) ;
#1250 = AXIS2_PLACEMENT_3D ( 'NONE', #628, #1301, #5418 ) ;
#1251 = PLANE ( 'NONE',  #7434 ) ;
#1252 = ORIENTED_EDGE ( 'NONE', *, *, #6098, .F. ) ;
#1253 = DIRECTION ( 'NONE',  ( 0.000000000000000000, -1.000000000000000000, 0.000000000000000000 ) ) ;
#1254 = AXIS2_PLACEMENT_3D ( 'NONE', #4445, #6209, #7616 ) ;
#1255 = AXIS2_PLACEMENT_3D ( 'NONE', #3563, #407, #8193 ) ;
#1256 = LINE ( 'NONE', #4502, #5158 ) ;
#1257 = CARTESIAN_POINT ( 'NONE',  ( 0.000000000000000000, 9.000000000000000000, 0.000000000000000000 ) ) ;
#1258 = ITEM_DEFINED_TRANSFORMATION ( 'NONE', 'NONE', #375,  #5194 ) ;
#1259 = AXIS2_PLACEMENT_3D ( 'NONE', #886, #5682, #9710 ) ;
#1260 = EDGE_CURVE ( 'NONE', #9737, #8567, #1741, .T. ) ;
#1261 = CYLINDRICAL_SURFACE ( 'NONE', #9708, 2.249999999999998668 ) ;
#1262 = LINE ( 'NONE', #6847, #5950 ) ;
#1263 = LINE ( 'NONE', #430, #3936 ) ;
#1264 = ORIENTED_EDGE ( 'NONE', *, *, #1960, .T. ) ;
#1265 = FACE_BOUND ( 'NONE', #2519, .T. ) ;
#1266 = ORIENTED_EDGE ( 'NONE', *, *, #3843, .T. ) ;
#1267 = EDGE_LOOP ( 'NONE', ( #4725, #8241, #9976, #9847 ) ) ;
#1268 = CIRCLE ( 'NONE', #8271, 8.000000000000007105 ) ;
#1269 = CIRCLE ( 'NONE', #7452, 2.250000000000000000 ) ;
#1270 = DIRECTION ( 'NONE',  ( -1.700709290173339793E-17, 0.000000000000000000, 1.000000000000000000 ) ) ;
#1271 = DIRECTION ( 'NONE',  ( 0.000000000000000000, 0.000000000000000000, 1.000000000000000000 ) ) ;
#1272 = DIRECTION ( 'NONE',  ( -0.8349199897369964374, -2.738723065012688282E-21, -0.5503713389499617081 ) ) ;
#1273 = CARTESIAN_POINT ( 'NONE',  ( 8.673617379884039416E-16, 15.00000000000000000, 21.75000000000000000 ) ) ;
#1274 =( NAMED_UNIT ( * ) SI_UNIT ( $, .STERADIAN. ) SOLID_ANGLE_UNIT ( ) );
#1275 = CIRCLE ( 'NONE', #9786, 3.000000000000000000 ) ;
#1276 = LINE ( 'NONE', #4368, #8208 ) ;
#1277 = CARTESIAN_POINT ( 'NONE',  ( 1.734723475976804925E-15, 18.00000000000000000, -6.938893903907229955E-15 ) ) ;
#1278 = EDGE_CURVE ( 'NONE', #2396, #7135, #6703, .T. ) ;
#1279 = EDGE_LOOP ( 'NONE', ( #7715, #8659 ) ) ;
#1280 = PRODUCT_DEFINITION_SHAPE ( 'NONE', 'NONE',  #10333 ) ;
#1281 = ORIENTED_EDGE ( 'NONE', *, *, #9794, .F. ) ;
#1282 = PLANE ( 'NONE',  #10118 ) ;
#1283 = ADVANCED_FACE ( 'NONE', ( #963 ), #4814, .F. ) ;
#1284 = VERTEX_POINT ( 'NONE', #172 ) ;
#1285 = CARTESIAN_POINT ( 'NONE',  ( 90.00000000000000000, 10.00000000000000000, -97.86825876601859875 ) ) ;
#1286 = CARTESIAN_POINT ( 'NONE',  ( -15.00000000000000000, 0.000000000000000000, 0.000000000000000000 ) ) ;
#1287 = DIRECTION ( 'NONE',  ( 1.000000000000000000, 0.000000000000000000, 0.000000000000000000 ) ) ;
#1288 = ORIENTED_EDGE ( 'NONE', *, *, #5900, .F. ) ;
#1289 = FACE_OUTER_BOUND ( 'NONE', #9308, .T. ) ;
#1290 = ORIENTED_EDGE ( 'NONE', *, *, #4819, .T. ) ;
#1291 = ORIENTED_EDGE ( 'NONE', *, *, #8019, .F. ) ;
#1292 = DIRECTION ( 'NONE',  ( -1.000000000000000000, 0.000000000000000000, 0.000000000000000000 ) ) ;
#1293 = ADVANCED_FACE ( 'NONE', ( #6598, #4156, #3276, #7331, #4000, #4870 ), #8061, .F. ) ;
#1294 = VERTEX_POINT ( 'NONE', #4105 ) ;
#1295 = FACE_BOUND ( 'NONE', #2705, .T. ) ;
#1296 = CIRCLE ( 'NONE', #2985, 7.500000000000000000 ) ;
#1297 = FACE_OUTER_BOUND ( 'NONE', #608, .T. ) ;
#1298 = EDGE_CURVE ( 'NONE', #10247, #6699, #10041, .T. ) ;
#1299 = DIRECTION ( 'NONE',  ( 0.000000000000000000, 0.000000000000000000, 1.000000000000000000 ) ) ;
#1300 = ORIENTED_EDGE ( 'NONE', *, *, #1553, .F. ) ;
#1301 = DIRECTION ( 'NONE',  ( 0.000000000000000000, 1.000000000000000000, 0.000000000000000000 ) ) ;
#1302 = ORIENTED_EDGE ( 'NONE', *, *, #7542, .F. ) ;
#1303 = CARTESIAN_POINT ( 'NONE',  ( 15.50000000000000000, -9.500000000000000000, 22.50000000000000000 ) ) ;
#1304 = VERTEX_POINT ( 'NONE', #6442 ) ;
#1305 = EDGE_CURVE ( 'NONE', #4408, #5434, #1842, .T. ) ;
#1306 = ADVANCED_FACE ( 'NONE', ( #4972, #2645 ), #122, .F. ) ;
#1307 = FACE_OUTER_BOUND ( 'NONE', #5027, .T. ) ;
#1308 = DIRECTION ( 'NONE',  ( -0.7071067811865480168, -0.7071067811865470176, 0.000000000000000000 ) ) ;
#1309 = CARTESIAN_POINT ( 'NONE',  ( 0.000000000000000000, 0.000000000000000000, 20.00000000000000000 ) ) ;
#1310 = CARTESIAN_POINT ( 'NONE',  ( -63.94170910735129354, 85.00000000000000000, -99.05349224005489361 ) ) ;
#1311 = DIRECTION ( 'NONE',  ( 0.000000000000000000, 0.000000000000000000, 1.000000000000000000 ) ) ;
#1312 = ORIENTED_EDGE ( 'NONE', *, *, #6941, .F. ) ;
#1313 = CARTESIAN_POINT ( 'NONE',  ( -27.68655752103995127, 54.67986544671990146, -120.2803298308827920 ) ) ;
#1314 = ORIENTED_EDGE ( 'NONE', *, *, #3812, .T. ) ;
#1315 = ORIENTED_EDGE ( 'NONE', *, *, #7963, .T. ) ;
#1316 = ADVANCED_FACE ( 'NONE', ( #8114, #2487 ), #6492, .F. ) ;
#1317 = AXIS2_PLACEMENT_3D ( 'NONE', #9550, #9603, #43 ) ;
#1318 = EDGE_CURVE ( 'NONE', #4496, #984, #5870, .T. ) ;
#1319 = CARTESIAN_POINT ( 'NONE',  ( 2.500000000000000000, 0.000000000000000000, 0.000000000000000000 ) ) ;
#1320 = VECTOR ( 'NONE', #5545, 1000.000000000000000 ) ;
#1321 = CARTESIAN_POINT ( 'NONE',  ( -15.00000000000000000, 12.50000000000000000, 20.00000000000000000 ) ) ;
#1322 = APPLICATION_PROTOCOL_DEFINITION ( 'draft international standard', 'automotive_design', 1998, #5420 ) ;
#1323 = DIRECTION ( 'NONE',  ( -0.000000000000000000, -0.000000000000000000, 1.000000000000000000 ) ) ;
#1324 =( NAMED_UNIT ( * ) PLANE_ANGLE_UNIT ( ) SI_UNIT ( $, .RADIAN. ) );
#1325 = DIRECTION ( 'NONE',  ( -1.000000000000000000, 0.000000000000000000, 0.000000000000000000 ) ) ;
#1326 = DIRECTION ( 'NONE',  ( 0.000000000000000000, 1.000000000000000000, 0.000000000000000000 ) ) ;
#1327 = ORIENTED_EDGE ( 'NONE', *, *, #3038, .F. ) ;
#1328 = EDGE_CURVE ( 'NONE', #700, #2710, #8046, .T. ) ;
#1329 = VERTEX_POINT ( 'NONE', #7383 ) ;
#1330 = AXIS2_PLACEMENT_3D ( 'NONE', #9349, #6059, #9244 ) ;
#1331 = DIRECTION ( 'NONE',  ( -1.000000000000000000, 0.000000000000000000, 0.000000000000000000 ) ) ;
#1332 = EDGE_LOOP ( 'NONE', ( #7562, #7496, #5323, #7075 ) ) ;
#1333 = B_SPLINE_CURVE_WITH_KNOTS ( 'NONE', 3,
 ( #5649, #906, #8060, #9627, #8113, #4155, #2373, #1740, #4869, #3328, #3219, #7330, #4813, #845 ),
 .UNSPECIFIED., .F., .F.,
 ( 4, 2, 2, 2, 2, 2, 4 ),
 ( -1.095445772280260655E-05, 0.0005207634354566631745, 0.001052481328636128803, 0.002115917114995060494, 0.003179352901353992185, 0.003711070794533457597, 0.004242788687712922141 ),
 .UNSPECIFIED. ) ;
#1334 = ADVANCED_FACE ( 'NONE', ( #6386 ), #5705, .F. ) ;
#1335 = FACE_OUTER_BOUND ( 'NONE', #8803, .T. ) ;
#1336 = LINE ( 'NONE', #6821, #2020 ) ;
#1337 = CARTESIAN_POINT ( 'NONE',  ( 0.000000000000000000, 47.50000000000000000, -120.2803298308827920 ) ) ;
#1338 = PLANE ( 'NONE',  #5880 ) ;
#1339 = AXIS2_PLACEMENT_3D ( 'NONE', #6833, #1243, #4444 ) ;
#1340 = ADVANCED_FACE ( 'NONE', ( #5268 ), #4351, .F. ) ;
#1341 = CARTESIAN_POINT ( 'NONE',  ( -27.68655752103954981, 34.67986544671985172, -120.2803298308827920 ) ) ;
#1342 = VERTEX_POINT ( 'NONE', #1942 ) ;
#1343 = DIRECTION ( 'NONE',  ( 0.000000000000000000, -1.000000000000000000, 0.000000000000000000 ) ) ;
#1344 = VERTEX_POINT ( 'NONE', #9194 ) ;
#1345 = VERTEX_POINT ( 'NONE', #3674 ) ;
#1346 = DIRECTION ( 'NONE',  ( -1.700709290173339793E-17, -3.122048140665064724E-17, 1.000000000000000000 ) ) ;
#1347 = ORIENTED_EDGE ( 'NONE', *, *, #5035, .F. ) ;
#1348 = CIRCLE ( 'NONE', #1849, 9.999999999999998224 ) ;
#1349 = FACE_OUTER_BOUND ( 'NONE', #7774, .T. ) ;
#1350 = VECTOR ( 'NONE', #4528, 1000.000000000000000 ) ;
#1351 = ADVANCED_FACE ( 'NONE', ( #8351 ), #1110, .F. ) ;
#1352 = DIRECTION ( 'NONE',  ( 0.000000000000000000, 0.000000000000000000, 1.000000000000000000 ) ) ;
#1353 = CARTESIAN_POINT ( 'NONE',  ( -30.38298617678109892, -65.38298617678108826, 1.093303556997923920 ) ) ;
#1354 = VERTEX_POINT ( 'NONE', #7627 ) ;
#1355 = LINE ( 'NONE', #5310, #2441 ) ;
#1356 = ORIENTED_EDGE ( 'NONE', *, *, #1621, .F. ) ;
#1357 = ORIENTED_EDGE ( 'NONE', *, *, #8034, .F. ) ;
#1358 = CARTESIAN_POINT ( 'NONE',  ( -2.500000000000000000, 63.39999999999999858, 19.50000000000000000 ) ) ;
#1359 = ORIENTED_EDGE ( 'NONE', *, *, #7632, .F. ) ;
#1360 = AXIS2_PLACEMENT_3D ( 'NONE', #1309, #3836, #9407 ) ;
#1361 = VECTOR ( 'NONE', #3504, 1000.000000000000000 ) ;
#1362 = CARTESIAN_POINT ( 'NONE',  ( 10.00000000000000000, 12.50000000000000000, -5.000000000000000000 ) ) ;
#1363 = CARTESIAN_POINT ( 'NONE',  ( 69.07332122148429221, 0.000000000000000000, -119.1878866990734025 ) ) ;
#1364 = EDGE_CURVE ( 'NONE', #5732, #2860, #1869, .T. ) ;
#1365 = PRODUCT_DEFINITION_SHAPE ( 'NONE', 'NONE',  #10329 ) ;
#1366 = DIRECTION ( 'NONE',  ( -1.734723475976804876E-16, 1.000000000000000000, 0.000000000000000000 ) ) ;
#1367 = DIRECTION ( 'NONE',  ( 1.000000000000000000, -4.657047620516670220E-50, 1.700709290173339793E-17 ) ) ;
#1368 = CIRCLE ( 'NONE', #2718, 10.00000000000000000 ) ;
#1369 = AXIS2_PLACEMENT_3D ( 'NONE', #717, #7147, #618 ) ;
#1370 = DIRECTION ( 'NONE',  ( 0.5521351308716259121, 0.000000000000000000, 0.8337546385222528444 ) ) ;
#1371 = EDGE_LOOP ( 'NONE', ( #5359, #8174, #1359, #10089 ) ) ;
#1372 = DIRECTION ( 'NONE',  ( 0.000000000000000000, -1.000000000000000000, 0.000000000000000000 ) ) ;
#1373 = EDGE_LOOP ( 'NONE', ( #3372, #1927, #6396, #2724 ) ) ;
#1374 = ORIENTED_EDGE ( 'NONE', *, *, #6162, .F. ) ;
#1375 = COLOUR_RGB ( '',0.7921568627450980005, 0.8196078431372548767, 0.9333333333333333481 ) ;
#1376 = CARTESIAN_POINT ( 'NONE',  ( -2.500000000000000000, 55.89999999999999858, 19.50000000000000000 ) ) ;
#1377 = LINE ( 'NONE', #2374, #3892 ) ;
#1378 = APPLICATION_PROTOCOL_DEFINITION ( 'draft international standard', 'automotive_design', 1998, #8422 ) ;
#1379 = VECTOR ( 'NONE', #556, 1000.000000000000000 ) ;
#1380 = DIRECTION ( 'NONE',  ( -1.000000000000000000, 0.000000000000000000, 0.000000000000000000 ) ) ;
#1381 = LINE ( 'NONE', #598, #10228 ) ;
#1382 = EDGE_CURVE ( 'NONE', #9356, #9066, #6877, .T. ) ;
#1383 = CYLINDRICAL_SURFACE ( 'NONE', #4047, 8.146642442969046272 ) ;
#1384 = CARTESIAN_POINT ( 'NONE',  ( 0.000000000000000000, 39.00000000000000000, 0.000000000000000000 ) ) ;
#1385 = ORIENTED_EDGE ( 'NONE', *, *, #7656, .F. ) ;
#1386 = ORIENTED_EDGE ( 'NONE', *, *, #7240, .F. ) ;
#1387 = AXIS2_PLACEMENT_3D ( 'NONE', #4363, #5333, #9311 ) ;
#1388 = FACE_OUTER_BOUND ( 'NONE', #4656, .T. ) ;
#1389 = VERTEX_POINT ( 'NONE', #426 ) ;
#1390 = DIRECTION ( 'NONE',  ( 0.000000000000000000, 1.000000000000000000, 0.000000000000000000 ) ) ;
#1391 = PLANE ( 'NONE',  #7035 ) ;
#1392 = VECTOR ( 'NONE', #4518, 1000.000000000000000 ) ;
#1393 = CARTESIAN_POINT ( 'NONE',  ( 5.000000000000000000, -3.996221620051279691E-15, 22.00000000000000000 ) ) ;
#1394 = EDGE_CURVE ( 'NONE', #7809, #885, #2744, .T. ) ;
#1395 = PLANE ( 'NONE',  #10028 ) ;
#1396 = VERTEX_POINT ( 'NONE', #1206 ) ;
#1397 = LINE ( 'NONE', #10115, #7919 ) ;
#1398 = VERTEX_POINT ( 'NONE', #6646 ) ;
#1399 = CARTESIAN_POINT ( 'NONE',  ( 0.000000000000000000, 0.000000000000000000, -2.750000000000000000 ) ) ;
#1400 = ORIENTED_EDGE ( 'NONE', *, *, #7971, .F. ) ;
#1401 = VECTOR ( 'NONE', #6639, 1000.000000000000000 ) ;
#1402 = EDGE_LOOP ( 'NONE', ( #2589, #4308, #2564, #3519, #1836, #4887, #3014, #2052, #8511 ) ) ;
#1403 = CARTESIAN_POINT ( 'NONE',  ( -24.14213562373095101, -59.14213562373090127, 1.000000000000000000 ) ) ;
#1404 = AXIS2_PLACEMENT_3D ( 'NONE', #8730, #4520, #3172 ) ;
#1405 = CARTESIAN_POINT ( 'NONE',  ( -5.000000000000000000, 63.39999999999999858, 21.75000000000000000 ) ) ;
#1406 = CYLINDRICAL_SURFACE ( 'NONE', #1227, 2.250000000000001776 ) ;
#1407 = VERTEX_POINT ( 'NONE', #319 ) ;
#1408 = CARTESIAN_POINT ( 'NONE',  ( -75.00000000000000000, 150.0000000000000000, -75.00000000000000000 ) ) ;
#1409 = VERTEX_POINT ( 'NONE', #1992 ) ;
#1410 = EDGE_CURVE ( 'NONE', #741, #5654, #5966, .T. ) ;
#1411 = ORIENTED_EDGE ( 'NONE', *, *, #5161, .T. ) ;
#1412 = DIRECTION ( 'NONE',  ( 0.000000000000000000, 1.000000000000000000, 0.000000000000000000 ) ) ;
#1413 = VERTEX_POINT ( 'NONE', #3632 ) ;
#1414 = AXIS2_PLACEMENT_3D ( 'NONE', #3483, #6649, #7533 ) ;
#1415 = EDGE_CURVE ( 'NONE', #3830, #8733, #1368, .T. ) ;
#1416 = LINE ( 'NONE', #1362, #1501 ) ;
#1417 = CARTESIAN_POINT ( 'NONE',  ( 5.000000000000000000, 67.40000000000000568, 6.000000000000000000 ) ) ;
#1418 = CARTESIAN_POINT ( 'NONE',  ( -65.00000000000000000, 85.00000000000000000, -112.1326873879138049 ) ) ;
#1419 = CIRCLE ( 'NONE', #3274, 2.250000000000000000 ) ;
#1420 = DIRECTION ( 'NONE',  ( 0.000000000000000000, -1.000000000000000000, 0.000000000000000000 ) ) ;
#1421 = AXIS2_PLACEMENT_3D ( 'NONE', #7439, #4406, #8356 ) ;
#1422 = CARTESIAN_POINT ( 'NONE',  ( -41.81980515339470372, -105.1040764008563997, -25.00000000000000000 ) ) ;
#1423 = ORIENTED_EDGE ( 'NONE', *, *, #2408, .F. ) ;
#1424 = CARTESIAN_POINT ( 'NONE',  ( -27.68655752103995127, 74.67986544671991567, -42.59593772390965682 ) ) ;
#1425 = ORIENTED_EDGE ( 'NONE', *, *, #760, .T. ) ;
#1426 = EDGE_LOOP ( 'NONE', ( #3548, #5201, #6148, #9155 ) ) ;
#1427 = EDGE_CURVE ( 'NONE', #6262, #1345, #1706, .T. ) ;
#1428 = AXIS2_PLACEMENT_3D ( 'NONE', #9084, #459, #307 ) ;
#1429 = VECTOR ( 'NONE', #1198, 1000.000000000000000 ) ;
#1430 = FACE_OUTER_BOUND ( 'NONE', #7099, .T. ) ;
#1431 = CARTESIAN_POINT ( 'NONE',  ( 5.000000000000000000, 83.40000000000000568, 6.324669086646330619E-17 ) ) ;
#1432 = CARTESIAN_POINT ( 'NONE',  ( -105.9611620727810077, 19.00000000000000000, -198.6011201459824917 ) ) ;
#1433 = DIRECTION ( 'NONE',  ( 1.000000000000000000, 1.734723475976806848E-16, 0.000000000000000000 ) ) ;
#1434 = DIRECTION ( 'NONE',  ( 0.000000000000000000, 0.000000000000000000, -1.000000000000000000 ) ) ;
#1435 = CARTESIAN_POINT ( 'NONE',  ( -15.00000000000000000, -9.500000000000000000, 0.000000000000000000 ) ) ;
#1436 = CIRCLE ( 'NONE', #4935, 2.250000000000001776 ) ;
#1437 = ORIENTED_EDGE ( 'NONE', *, *, #2516, .T. ) ;
#1438 = ORIENTED_EDGE ( 'NONE', *, *, #3728, .T. ) ;
#1439 = DIRECTION ( 'NONE',  ( 0.000000000000000000, -1.000000000000000000, 0.000000000000000000 ) ) ;
#1440 = EDGE_CURVE ( 'NONE', #8736, #9747, #8254, .T. ) ;
#1441 = ORIENTED_EDGE ( 'NONE', *, *, #8689, .T. ) ;
#1442 = EDGE_CURVE ( 'NONE', #8828, #7441, #5119, .T. ) ;
#1443 = AXIS2_PLACEMENT_3D ( 'NONE', #7629, #5480, #8458 ) ;
#1444 = CARTESIAN_POINT ( 'NONE',  ( 59.14441049068479828, 95.00000000000000000, -100.2793298308827872 ) ) ;
#1445 = CARTESIAN_POINT ( 'NONE',  ( -20.00000000000000000, -40.85786437626904188, -9.237977138729240144E-16 ) ) ;
#1446 = DIRECTION ( 'NONE',  ( 0.000000000000000000, 0.000000000000000000, 1.000000000000000000 ) ) ;
#1447 = ORIENTED_EDGE ( 'NONE', *, *, #6270, .T. ) ;
#1448 = DIRECTION ( 'NONE',  ( 1.000000000000000000, 7.703719777548939991E-34, 1.264933817329265970E-17 ) ) ;
#1449 = ORIENTED_EDGE ( 'NONE', *, *, #5860, .T. ) ;
#1450 = CARTESIAN_POINT ( 'NONE',  ( 2.500000000000000000, 0.000000000000000000, 25.50000000000000000 ) ) ;
#1451 = ORIENTED_EDGE ( 'NONE', *, *, #10194, .T. ) ;
#1452 = EDGE_LOOP ( 'NONE', ( #650, #1138, #3200, #815 ) ) ;
#1453 = EDGE_CURVE ( 'NONE', #4537, #4299, #211, .T. ) ;
#1454 = CARTESIAN_POINT ( 'NONE',  ( -94.00000000000000000, 95.00000000000000000, -104.7964619962939992 ) ) ;
#1455 = ORIENTED_EDGE ( 'NONE', *, *, #6934, .T. ) ;
#1456 = CARTESIAN_POINT ( 'NONE',  ( 59.14441049068479828, 10.00000000000000000, -90.27932983088280139 ) ) ;
#1457 = ORIENTED_EDGE ( 'NONE', *, *, #7287, .T. ) ;
#1458 = ORIENTED_EDGE ( 'NONE', *, *, #1382, .T. ) ;
#1459 = CARTESIAN_POINT ( 'NONE',  ( -4.000000000000000000, 69.40000000000000568, 25.50000000000000000 ) ) ;
#1460 = ORIENTED_EDGE ( 'NONE', *, *, #7667, .F. ) ;
#1461 = UNCERTAINTY_MEASURE_WITH_UNIT (LENGTH_MEASURE( 1.000000000000000082E-05 ), #10264, 'distance_accuracy_value', 'NONE');
#1462 = FACE_OUTER_BOUND ( 'NONE', #578, .T. ) ;
#1463 = CARTESIAN_POINT ( 'NONE',  ( 2.755455298081544285E-16, 0.000000000000000000, 2.250000000000000000 ) ) ;
#1464 = DIRECTION ( 'NONE',  ( 1.000000000000000000, 0.000000000000000000, 0.000000000000000000 ) ) ;
#1465 = CARTESIAN_POINT ( 'NONE',  ( 0.1780349087250469864, 18.00000000000000000, -101.3223663102657923 ) ) ;
#1466 = EDGE_CURVE ( 'NONE', #5286, #7193, #4379, .T. ) ;
#1467 = LINE ( 'NONE', #587, #1241 ) ;
#1468 = ORIENTED_EDGE ( 'NONE', *, *, #6670, .F. ) ;
#1469 = DIRECTION ( 'NONE',  ( 0.000000000000000000, 0.000000000000000000, -1.000000000000000000 ) ) ;
#1470 = ORIENTED_EDGE ( 'NONE', *, *, #9928, .F. ) ;
#1471 = VECTOR ( 'NONE', #1966, 1000.000000000000000 ) ;
#1472 = ORIENTED_EDGE ( 'NONE', *, *, #3597, .T. ) ;
#1473 = EDGE_CURVE ( 'NONE', #3974, #7440, #6692, .T. ) ;
#1474 = CARTESIAN_POINT ( 'NONE',  ( 25.00000000000000000, -10.50000000000000000, 10.00000000000000000 ) ) ;
#1475 = DIRECTION ( 'NONE',  ( 3.469446951953615175E-16, 0.000000000000000000, -1.000000000000000000 ) ) ;
#1476 = CARTESIAN_POINT ( 'NONE',  ( -2.844874113654179748, -42.13188663127084510, -186.7355877771389885 ) ) ;
#1477 = DIRECTION ( 'NONE',  ( -1.000000000000000000, 0.000000000000000000, 0.000000000000000000 ) ) ;
#1478 = EDGE_CURVE ( 'NONE', #6447, #6486, #1152, .T. ) ;
#1479 = DIRECTION ( 'NONE',  ( 1.224646799147353947E-16, -1.000000000000000000, 0.000000000000000000 ) ) ;
#1480 = ORIENTED_EDGE ( 'NONE', *, *, #9419, .T. ) ;
#1481 = ORIENTED_EDGE ( 'NONE', *, *, #603, .T. ) ;
#1482 = DIRECTION ( 'NONE',  ( 0.000000000000000000, 0.000000000000000000, -1.000000000000000000 ) ) ;
#1483 = ORIENTED_EDGE ( 'NONE', *, *, #167, .F. ) ;
#1484 = AXIS2_PLACEMENT_3D ( 'NONE', #9636, #3181, #7968 ) ;
#1485 = ADVANCED_FACE ( 'NONE', ( #7529 ), #3580, .T. ) ;
#1486 = CARTESIAN_POINT ( 'NONE',  ( 5.000000000000000000, 67.40000000000000568, 17.00000000000000000 ) ) ;
#1487 = DIRECTION ( 'NONE',  ( 1.000000000000000000, -0.000000000000000000, -0.000000000000000000 ) ) ;
#1488 = APPLICATION_CONTEXT ( 'automotive_design' ) ;
#1489 = EDGE_CURVE ( 'NONE', #1639, #5962, #3405, .T. ) ;
#1490 = CARTESIAN_POINT ( 'NONE',  ( -2.500000000000000000, 7.500000000000000000, 23.99999999999999645 ) ) ;
#1491 = AXIS2_PLACEMENT_3D ( 'NONE', #8625, #6970, #3795 ) ;
#1492 = EDGE_CURVE ( 'NONE', #5399, #8633, #4057, .T. ) ;
#1493 = ORIENTED_EDGE ( 'NONE', *, *, #2647, .T. ) ;
#1494 = LINE ( 'NONE', #4124, #946 ) ;
#1495 = VERTEX_POINT ( 'NONE', #4613 ) ;
#1496 = CARTESIAN_POINT ( 'NONE',  ( 35.00000000000000000, 9.500000000000000000, 0.000000000000000000 ) ) ;
#1497 = ORIENTED_EDGE ( 'NONE', *, *, #9300, .F. ) ;
#1498 = DIRECTION ( 'NONE',  ( 0.000000000000000000, -1.000000000000000000, 0.000000000000000000 ) ) ;
#1499 = VERTEX_POINT ( 'NONE', #10185 ) ;
#1500 = DIRECTION ( 'NONE',  ( 0.000000000000000000, 0.000000000000000000, 1.000000000000000000 ) ) ;
#1501 = VECTOR ( 'NONE', #2260, 1000.000000000000000 ) ;
#1502 = CARTESIAN_POINT ( 'NONE',  ( 25.00000000000000000, 5.500000000000000000, 5.204748896376249713E-16 ) ) ;
#1503 = CARTESIAN_POINT ( 'NONE',  ( 0.000000000000000000, 0.000000000000000000, 0.000000000000000000 ) ) ;
#1504 = ADVANCED_FACE ( 'NONE', ( #5429 ), #10239, .F. ) ;
#1505 = EDGE_LOOP ( 'NONE', ( #2148, #2523 ) ) ;
#1506 = CARTESIAN_POINT ( 'NONE',  ( 0.000000000000000000, 18.00000000000000000, -2.250000000000000000 ) ) ;
#1507 = ORIENTED_EDGE ( 'NONE', *, *, #10053, .F. ) ;
#1508 = EDGE_LOOP ( 'NONE', ( #4604, #9281, #9178, #7636, #4985 ) ) ;
#1509 = CARTESIAN_POINT ( 'NONE',  ( 30.31344247896045019, 34.67986544671985172, -42.59593772390965682 ) ) ;
#1510 = ORIENTED_EDGE ( 'NONE', *, *, #9061, .F. ) ;
#1511 = DIRECTION ( 'NONE',  ( -1.000000000000000000, 0.000000000000000000, 1.734723475976804629E-17 ) ) ;
#1512 = DIRECTION ( 'NONE',  ( 0.000000000000000000, 0.000000000000000000, 1.000000000000000000 ) ) ;
#1513 = ADVANCED_FACE ( 'NONE', ( #10135 ), #2995, .F. ) ;
#1514 = PLANE ( 'NONE',  #9530 ) ;
#1515 = CARTESIAN_POINT ( 'NONE',  ( 15.50000000000000000, 3.000000000000000000, -2.500000000000000000 ) ) ;
#1516 = MANIFOLD_SOLID_BREP ( 'Imported1', #4707 ) ;
#1517 = DIRECTION ( 'NONE',  ( 0.000000000000000000, -1.000000000000000000, 0.000000000000000000 ) ) ;
#1518 = ORIENTED_EDGE ( 'NONE', *, *, #5811, .T. ) ;
#1519 = DIRECTION ( 'NONE',  ( -0.000000000000000000, -1.000000000000000000, -0.000000000000000000 ) ) ;
#1520 = VERTEX_POINT ( 'NONE', #1417 ) ;
#1521 = ADVANCED_FACE ( 'NONE', ( #2151 ), #7068, .F. ) ;
#1522 = VECTOR ( 'NONE', #5167, 1000.000000000000000 ) ;
#1523 = VECTOR ( 'NONE', #1722, 1000.000000000000114 ) ;
#1524 = FACE_OUTER_BOUND ( 'NONE', #1426, .T. ) ;
#1525 = DIRECTION ( 'NONE',  ( 0.000000000000000000, 0.000000000000000000, 1.000000000000000000 ) ) ;
#1526 = DIRECTION ( 'NONE',  ( 1.000000000000000000, 0.000000000000000000, 0.000000000000000000 ) ) ;
#1527 = AXIS2_PLACEMENT_3D ( 'NONE', #1752, #234, #3338 ) ;
#1528 = AXIS2_PLACEMENT_3D ( 'NONE', #1496, #10271, #663 ) ;
#1529 = DIRECTION ( 'NONE',  ( -1.000000000000000000, 0.000000000000000000, 0.000000000000000000 ) ) ;
#1530 = VECTOR ( 'NONE', #9795, 1000.000000000000000 ) ;
#1531 = CARTESIAN_POINT ( 'NONE',  ( 0.000000000000000000, 0.000000000000000000, -11.00000000000000000 ) ) ;
#1532 = ORIENTED_EDGE ( 'NONE', *, *, #6736, .F. ) ;
#1533 = ORIENTED_EDGE ( 'NONE', *, *, #1794, .T. ) ;
#1534 = VECTOR ( 'NONE', #8727, 1000.000000000000000 ) ;
#1535 = CARTESIAN_POINT ( 'NONE',  ( 5.000000000000000000, -9.500000000000000000, 22.50000000000000000 ) ) ;
#1536 = ORIENTED_EDGE ( 'NONE', *, *, #1318, .F. ) ;
#1537 = VECTOR ( 'NONE', #3849, 1000.000000000000000 ) ;
#1538 = EDGE_CURVE ( 'NONE', #7328, #37, #5039, .T. ) ;
#1539 = CARTESIAN_POINT ( 'NONE',  ( 26.31344247896045019, 14.67986544671986060, -28.54374205374395146 ) ) ;
#1540 = CARTESIAN_POINT ( 'NONE',  ( -39.00443338159790585, 0.000000000000000000, -42.59593772390965682 ) ) ;
#1541 = FILL_AREA_STYLE ('',( #8795 ) ) ;
#1542 = VECTOR ( 'NONE', #3354, 1000.000000000000000 ) ;
#1543 = CARTESIAN_POINT ( 'NONE',  ( 58.67999999999999972, 0.000000000000000000, 0.000000000000000000 ) ) ;
#1544 = AXIS2_PLACEMENT_3D ( 'NONE', #2646, #6647, #8213 ) ;
#1545 = AXIS2_PLACEMENT_3D ( 'NONE', #3847, #5491, #1526 ) ;
#1546 = VERTEX_POINT ( 'NONE', #1463 ) ;
#1547 = DIRECTION ( 'NONE',  ( 1.000000000000000000, 0.000000000000000000, 0.000000000000000000 ) ) ;
#1548 = ORIENTED_EDGE ( 'NONE', *, *, #2074, .T. ) ;
#1549 = PLANE ( 'NONE',  #1697 ) ;
#1550 = VERTEX_POINT ( 'NONE', #1363 ) ;
#1551 = DIRECTION ( 'NONE',  ( 0.000000000000000000, 0.000000000000000000, 1.000000000000000000 ) ) ;
#1552 = VERTEX_POINT ( 'NONE', #7740 ) ;
#1553 = EDGE_CURVE ( 'NONE', #7600, #17, #3730, .T. ) ;
#1554 = CARTESIAN_POINT ( 'NONE',  ( -48.89087296526020054, -98.03300858899099524, 23.00000000000000000 ) ) ;
#1555 = CARTESIAN_POINT ( 'NONE',  ( 15.50000000000000000, -9.500000000000000000, -2.500000000000000000 ) ) ;
#1556 = CARTESIAN_POINT ( 'NONE',  ( 9.184850993605147944E-16, 39.00000000000000000, 7.500000000000000000 ) ) ;
#1557 = AXIS2_PLACEMENT_3D ( 'NONE', #1703, #6612, #8128 ) ;
#1558 = ORIENTED_EDGE ( 'NONE', *, *, #2896, .F. ) ;
#1559 = DIRECTION ( 'NONE',  ( -1.000000000000000000, 0.000000000000000000, 0.000000000000000000 ) ) ;
#1560 = ORIENTED_EDGE ( 'NONE', *, *, #7211, .T. ) ;
#1561 = EDGE_LOOP ( 'NONE', ( #1979, #1665, #6937, #3156, #1075, #1536, #8644, #4102, #3027 ) ) ;
#1562 = CARTESIAN_POINT ( 'NONE',  ( 0.000000000000000000, 0.000000000000000000, 20.00000000000000000 ) ) ;
#1563 = ORIENTED_EDGE ( 'NONE', *, *, #5029, .T. ) ;
#1564 = EDGE_CURVE ( 'NONE', #6515, #176, #3888, .T. ) ;
#1565 = CIRCLE ( 'NONE', #9742, 2.999999999999999112 ) ;
#1566 = ADVANCED_FACE ( 'NONE', ( #10292 ), #6219, .T. ) ;
#1567 = PRODUCT_DEFINITION_CONTEXT ( 'detailed design', #5085, 'design' ) ;
#1568 = DIRECTION ( 'NONE',  ( -1.000000000000000000, 0.000000000000000000, 0.000000000000000000 ) ) ;
#1569 = CYLINDRICAL_SURFACE ( 'NONE', #10026, 10.00000000000000000 ) ;
#1570 = CARTESIAN_POINT ( 'NONE',  ( 96.67003710817799345, 85.00000000000000000, -93.45117771904560300 ) ) ;
#1571 = DIRECTION ( 'NONE',  ( 2.602085213965209656E-16, -1.000000000000000000, 0.000000000000000000 ) ) ;
#1572 = ORIENTED_EDGE ( 'NONE', *, *, #1203, .F. ) ;
#1573 = VECTOR ( 'NONE', #4319, 1000.000000000000114 ) ;
#1574 = CARTESIAN_POINT ( 'NONE',  ( 0.000000000000000000, 18.00000000000000000, -2.250000000000000000 ) ) ;
#1575 = ORIENTED_EDGE ( 'NONE', *, *, #6987, .T. ) ;
#1576 = EDGE_CURVE ( 'NONE', #7440, #1105, #9405, .T. ) ;
#1577 = VECTOR ( 'NONE', #7124, 1000.000000000000000 ) ;
#1578 = CARTESIAN_POINT ( 'NONE',  ( 2.755455298081544285E-16, 0.000000000000000000, 2.250000000000000000 ) ) ;
#1579 = CARTESIAN_POINT ( 'NONE',  ( -21.97224293596364930, -85.25651418342550869, -5.236488491950770374 ) ) ;
#1580 = PRODUCT_CONTEXT ( 'NONE', #3118, 'mechanical' ) ;
#1581 = CARTESIAN_POINT ( 'NONE',  ( 0.000000000000000000, 9.000000000000000000, 10.00000000000000000 ) ) ;
#1582 = PLANE ( 'NONE',  #410 ) ;
#1583 = ORIENTED_EDGE ( 'NONE', *, *, #1231, .T. ) ;
#1584 = ORIENTED_EDGE ( 'NONE', *, *, #8325, .F. ) ;
#1585 = AXIS2_PLACEMENT_3D ( 'NONE', #4199, #7379, #4101 ) ;
#1586 = CIRCLE ( 'NONE', #3446, 9.999999999999994671 ) ;
#1587 = CARTESIAN_POINT ( 'NONE',  ( -10.00000000000000000, -73.28427124746190202, 0.000000000000000000 ) ) ;
#1588 = ORIENTED_EDGE ( 'NONE', *, *, #8099, .T. ) ;
#1589 = FACE_OUTER_BOUND ( 'NONE', #5922, .T. ) ;
#1590 = LINE ( 'NONE', #6985, #199 ) ;
#1591 =( NAMED_UNIT ( * ) SI_UNIT ( $, .STERADIAN. ) SOLID_ANGLE_UNIT ( ) );
#1592 =( NAMED_UNIT ( * ) PLANE_ANGLE_UNIT ( ) SI_UNIT ( $, .RADIAN. ) );
#1593 = VECTOR ( 'NONE', #1923, 1000.000000000000000 ) ;
#1594 = CARTESIAN_POINT ( 'NONE',  ( 5.000000000000000000, 3.500000000000000000, 2.800871253635644518E-16 ) ) ;
#1595 = DIRECTION ( 'NONE',  ( 0.000000000000000000, 0.000000000000000000, 1.000000000000000000 ) ) ;
#1596 = EDGE_CURVE ( 'NONE', #5994, #7980, #3108, .T. ) ;
#1597 = VERTEX_POINT ( 'NONE', #5737 ) ;
#1598 = CARTESIAN_POINT ( 'NONE',  ( 22.75000000000000355, -9.500000000000000000, 10.00000000000000000 ) ) ;
#1599 = VERTEX_POINT ( 'NONE', #5097 ) ;
#1600 = DIRECTION ( 'NONE',  ( -1.000000000000000000, 0.000000000000000000, 1.700709290173339793E-17 ) ) ;
#1601 = ORIENTED_EDGE ( 'NONE', *, *, #6955, .F. ) ;
#1602 = PLANE ( 'NONE',  #7451 ) ;
#1603 = ORIENTED_EDGE ( 'NONE', *, *, #4966, .F. ) ;
#1604 = AXIS2_PLACEMENT_3D ( 'NONE', #5358, #7196, #4075 ) ;
#1605 = CIRCLE ( 'NONE', #5260, 2.250000000000001776 ) ;
#1606 = LINE ( 'NONE', #8755, #1471 ) ;
#1607 = DIRECTION ( 'NONE',  ( 0.000000000000000000, 1.000000000000000000, 0.000000000000000000 ) ) ;
#1608 = CARTESIAN_POINT ( 'NONE',  ( 5.000000000000000000, 3.851859888774469653E-33, -2.500000000000000000 ) ) ;
#1609 = AXIS2_PLACEMENT_3D ( 'NONE', #7742, #586, #4616 ) ;
#1610 = EDGE_CURVE ( 'NONE', #7898, #6678, #3731, .T. ) ;
#1611 = VERTEX_POINT ( 'NONE', #7356 ) ;
#1612 = FACE_OUTER_BOUND ( 'NONE', #6676, .T. ) ;
#1613 = VERTEX_POINT ( 'NONE', #5678 ) ;
#1614 = ORIENTED_EDGE ( 'NONE', *, *, #844, .T. ) ;
#1615 = ORIENTED_EDGE ( 'NONE', *, *, #5180, .T. ) ;
#1616 = SHAPE_REPRESENTATION ( 'Actuator_Push_Rod-1', ( #5194 ), #1886 ) ;
#1617 = CARTESIAN_POINT ( 'NONE',  ( -96.67003710817799345, 10.00000000000000000, -93.45117771904560300 ) ) ;
#1618 = DIRECTION ( 'NONE',  ( -1.000000000000000000, 0.000000000000000000, -2.775557561562890365E-16 ) ) ;
#1619 = DIRECTION ( 'NONE',  ( 0.000000000000000000, 0.000000000000000000, -1.000000000000000000 ) ) ;
#1620 = LINE ( 'NONE', #2223, #1537 ) ;
#1621 = EDGE_CURVE ( 'NONE', #6990, #3599, #8862, .T. ) ;
#1622 = LINE ( 'NONE', #4861, #7104 ) ;
#1623 = ORIENTED_EDGE ( 'NONE', *, *, #7780, .T. ) ;
#1624 = CARTESIAN_POINT ( 'NONE',  ( 25.00000000000000000, 5.500000000000000000, 20.00000000000000000 ) ) ;
#1625 = ORIENTED_EDGE ( 'NONE', *, *, #1492, .F. ) ;
#1626 = EDGE_CURVE ( 'NONE', #5962, #7759, #346, .T. ) ;
#1627 = FACE_BOUND ( 'NONE', #3713, .T. ) ;
#1628 = DIRECTION ( 'NONE',  ( 0.000000000000000000, 0.000000000000000000, -1.000000000000000000 ) ) ;
#1629 = APPLICATION_PROTOCOL_DEFINITION ( 'draft international standard', 'automotive_design', 1998, #2234 ) ;
#1630 = DIRECTION ( 'NONE',  ( 0.000000000000000000, 0.000000000000000000, 1.000000000000000000 ) ) ;
#1631 = ADVANCED_FACE ( 'NONE', ( #4179 ), #8972, .F. ) ;
#1632 = CIRCLE ( 'NONE', #6136, 2.250000000000000444 ) ;
#1633 = CYLINDRICAL_SURFACE ( 'NONE', #751, 3.000000000000000000 ) ;
#1634 = EDGE_CURVE ( 'NONE', #9570, #4798, #8711, .T. ) ;
#1635 = ORIENTED_EDGE ( 'NONE', *, *, #3882, .F. ) ;
#1636 = EDGE_CURVE ( 'NONE', #10105, #6323, #7411, .T. ) ;
#1637 = EDGE_LOOP ( 'NONE', ( #6437, #10049, #7274, #8812 ) ) ;
#1638 = DIRECTION ( 'NONE',  ( 0.000000000000000000, 1.000000000000000000, 0.000000000000000000 ) ) ;
#1639 = VERTEX_POINT ( 'NONE', #9907 ) ;
#1640 = EDGE_CURVE ( 'NONE', #2502, #3987, #8920, .T. ) ;
#1641 = DIRECTION ( 'NONE',  ( 1.734723475976804876E-16, -1.000000000000000000, 0.000000000000000000 ) ) ;
#1642 = PLANE ( 'NONE',  #5697 ) ;
#1643 = LINE ( 'NONE', #7896, #8059 ) ;
#1644 = EDGE_CURVE ( 'NONE', #1055, #247, #5048, .T. ) ;
#1645 = CARTESIAN_POINT ( 'NONE',  ( 5.000000000000000000, 0.000000000000000000, -14.24237984354699904 ) ) ;
#1646 = CARTESIAN_POINT ( 'NONE',  ( 75.00000000000000000, 150.0000000000000000, -75.00000000000000000 ) ) ;
#1647 = ORIENTED_EDGE ( 'NONE', *, *, #941, .F. ) ;
#1648 = DIRECTION ( 'NONE',  ( -0.8425558180458876389, 0.000000000000000000, 0.5386090358293528224 ) ) ;
#1649 = ORIENTED_EDGE ( 'NONE', *, *, #9374, .T. ) ;
#1650 = DIRECTION ( 'NONE',  ( 0.000000000000000000, 0.000000000000000000, -1.000000000000000000 ) ) ;
#1651 = AXIS2_PLACEMENT_3D ( 'NONE', #4731, #808, #181 ) ;
#1652 = ORIENTED_EDGE ( 'NONE', *, *, #10133, .F. ) ;
#1653 = CARTESIAN_POINT ( 'NONE',  ( 5.000000000000000000, 79.90000000000000568, 17.00000000000000000 ) ) ;
#1654 = ORIENTED_EDGE ( 'NONE', *, *, #8272, .T. ) ;
#1655 = DIRECTION ( 'NONE',  ( 0.000000000000000000, 0.000000000000000000, 1.000000000000000000 ) ) ;
#1656 = CARTESIAN_POINT ( 'NONE',  ( -15.00000000000000000, -12.50000000000000000, -10.00000000000000000 ) ) ;
#1657 = ADVANCED_FACE ( 'NONE', ( #8090 ), #3555, .T. ) ;
#1658 = VECTOR ( 'NONE', #7849, 1000.000000000000000 ) ;
#1659 = LINE ( 'NONE', #8653, #9068 ) ;
#1660 = DIRECTION ( 'NONE',  ( 0.000000000000000000, 0.000000000000000000, 1.000000000000000000 ) ) ;
#1661 = ORIENTED_EDGE ( 'NONE', *, *, #1410, .T. ) ;
#1662 = ORIENTED_EDGE ( 'NONE', *, *, #484, .T. ) ;
#1663 = CARTESIAN_POINT ( 'NONE',  ( -4.000000000000000000, 0.000000000000000000, 25.50000000000000000 ) ) ;
#1664 = ORIENTED_EDGE ( 'NONE', *, *, #10182, .T. ) ;
#1665 = ORIENTED_EDGE ( 'NONE', *, *, #6253, .F. ) ;
#1666 = EDGE_CURVE ( 'NONE', #9661, #2938, #5837, .T. ) ;
#1667 = UNCERTAINTY_MEASURE_WITH_UNIT (LENGTH_MEASURE( 1.000000000000000082E-05 ), #9532, 'distance_accuracy_value', 'NONE');
#1668 = CARTESIAN_POINT ( 'NONE',  ( 15.00000000000000000, 12.50000000000000000, 20.00000000000000000 ) ) ;
#1669 = CARTESIAN_POINT ( 'NONE',  ( 64.46620431643840732, 0.000000000000000000, -110.1405347760014024 ) ) ;
#1670 = LINE ( 'NONE', #739, #3419 ) ;
#1671 = AXIS2_PLACEMENT_3D ( 'NONE', #9445, #5466, #8651 ) ;
#1672 = CARTESIAN_POINT ( 'NONE',  ( 90.00000000000000000, 95.00000000000000000, -97.86825876601859875 ) ) ;
#1673 = DIRECTION ( 'NONE',  ( 0.000000000000000000, 0.000000000000000000, 1.000000000000000000 ) ) ;
#1674 = ORIENTED_EDGE ( 'NONE', *, *, #4816, .T. ) ;
#1675 =( NAMED_UNIT ( * ) SI_UNIT ( $, .STERADIAN. ) SOLID_ANGLE_UNIT ( ) );
#1676 = EDGE_LOOP ( 'NONE', ( #6001, #5298, #4190, #1041, #5630 ) ) ;
#1677 = AXIS2_PLACEMENT_3D ( 'NONE', #6460, #9646, #8082 ) ;
#1678 = SHAPE_REPRESENTATION ( 'Actuation_Link_Spacer_Sleeve', ( #5194 ), #3072 ) ;
#1679 = AXIS2_PLACEMENT_3D ( 'NONE', #7652, #10262, #554 ) ;
#1680 = AXIS2_PLACEMENT_3D ( 'NONE', #66, #8729, #174 ) ;
#1681 = EDGE_CURVE ( 'NONE', #5972, #8334, #3406, .T. ) ;
#1682 = FACE_BOUND ( 'NONE', #1128, .T. ) ;
#1683 = LINE ( 'NONE', #5018, #4223 ) ;
#1684 = CONTEXT_DEPENDENT_SHAPE_REPRESENTATION ( #8293, #6867 ) ;
#1685 = PRODUCT_RELATED_PRODUCT_CATEGORY ( 'part', '', ( #6961 ) ) ;
#1686 = CYLINDRICAL_SURFACE ( 'NONE', #2360, 2.250000000000000000 ) ;
#1687 = VECTOR ( 'NONE', #5558, 1000.000000000000000 ) ;
#1688 = CARTESIAN_POINT ( 'NONE',  ( 4.142135623730940353, -59.14213562373100075, 0.000000000000000000 ) ) ;
#1689 = AXIS2_PLACEMENT_3D ( 'NONE', #8143, #991, #4182 ) ;
#1690 = EDGE_LOOP ( 'NONE', ( #1441, #7031, #6935, #7885 ) ) ;
#1691 =( REPRESENTATION_RELATIONSHIP ('NONE','NONE', #8752, #8881 ) REPRESENTATION_RELATIONSHIP_WITH_TRANSFORMATION ( #7959 )SHAPE_REPRESENTATION_RELATIONSHIP( ) );
#1692 = ORIENTED_EDGE ( 'NONE', *, *, #810, .F. ) ;
#1693 = ORIENTED_EDGE ( 'NONE', *, *, #2030, .T. ) ;
#1694 = ADVANCED_BREP_SHAPE_REPRESENTATION ( '', ( #1898, #5194 ), #9888 ) ;
#1695 = VECTOR ( 'NONE', #2804, 1000.000000000000000 ) ;
#1696 = EDGE_CURVE ( 'NONE', #7097, #2242, #7392, .T. ) ;
#1697 = AXIS2_PLACEMENT_3D ( 'NONE', #6993, #10165, #7823 ) ;
#1698 = DIRECTION ( 'NONE',  ( -7.703719777548939991E-34, 1.000000000000000000, -1.310178779456959930E-50 ) ) ;
#1699 = VECTOR ( 'NONE', #836, 1000.000000000000000 ) ;
#1700 = DIRECTION ( 'NONE',  ( -1.734723475976804876E-16, 1.000000000000000000, 0.000000000000000000 ) ) ;
#1701 = CIRCLE ( 'NONE', #9043, 5.000000000000000000 ) ;
#1702 = EDGE_CURVE ( 'NONE', #7178, #7303, #10048, .T. ) ;
#1703 = CARTESIAN_POINT ( 'NONE',  ( 15.50000000000000000, -9.000000000000000000, -5.016317519411109895E-16 ) ) ;
#1704 = DIRECTION ( 'NONE',  ( 1.000000000000000000, 8.673617379884039170E-17, 0.000000000000000000 ) ) ;
#1705 = CARTESIAN_POINT ( 'NONE',  ( -5.000000000000000000, 15.00000000000000000, 21.75000000000000000 ) ) ;
#1706 = CIRCLE ( 'NONE', #7053, 10.00000000000000000 ) ;
#1707 = ORIENTED_EDGE ( 'NONE', *, *, #5811, .F. ) ;
#1708 = CIRCLE ( 'NONE', #9875, 3.000000000000000000 ) ;
#1709 = CARTESIAN_POINT ( 'NONE',  ( -13.63988578096988036, 95.00000000000000000, -4.294065530670985176 ) ) ;
#1710 = ORIENTED_EDGE ( 'NONE', *, *, #1466, .F. ) ;
#1711 = DIRECTION ( 'NONE',  ( 0.000000000000000000, 0.000000000000000000, -1.000000000000000000 ) ) ;
#1712 = ORIENTED_EDGE ( 'NONE', *, *, #6589, .F. ) ;
#1713 = AXIS2_PLACEMENT_3D ( 'NONE', #2817, #2769, #8379 ) ;
#1714 = LINE ( 'NONE', #6410, #4290 ) ;
#1715 = ORIENTED_EDGE ( 'NONE', *, *, #333, .T. ) ;
#1716 = PLANE ( 'NONE',  #5976 ) ;
#1717 = DIRECTION ( 'NONE',  ( 0.000000000000000000, 0.000000000000000000, 1.000000000000000000 ) ) ;
#1718 = AXIS2_PLACEMENT_3D ( 'NONE', #7677, #2513, #8456 ) ;
#1719 = EDGE_CURVE ( 'NONE', #854, #9812, #6572, .T. ) ;
#1720 = DIRECTION ( 'NONE',  ( -5.204170427930419311E-16, 1.000000000000000000, 0.000000000000000000 ) ) ;
#1721 = CYLINDRICAL_SURFACE ( 'NONE', #3195, 2.250000000000000000 ) ;
#1722 = DIRECTION ( 'NONE',  ( -0.8660254037844383745, 0.000000000000000000, 0.5000000000000003331 ) ) ;
#1723 = DIRECTION ( 'NONE',  ( 1.000000000000000000, 0.000000000000000000, 0.000000000000000000 ) ) ;
#1724 = EDGE_LOOP ( 'NONE', ( #1963, #6030, #5124, #1925, #258, #4320 ) ) ;
#1725 = ORIENTED_EDGE ( 'NONE', *, *, #8876, .T. ) ;
#1726 = CARTESIAN_POINT ( 'NONE',  ( 22.31344247896005228, 74.67986544671991567, -120.2803298308827920 ) ) ;
#1727 = ORIENTED_EDGE ( 'NONE', *, *, #9494, .F. ) ;
#1728 = VERTEX_POINT ( 'NONE', #989 ) ;
#1729 = DIRECTION ( 'NONE',  ( -5.204170427930419311E-16, 1.000000000000000000, -4.629113068246459841E-32 ) ) ;
#1730 = VECTOR ( 'NONE', #4572, 1000.000000000000341 ) ;
#1731 = LINE ( 'NONE', #8665, #1699 ) ;
#1732 = CYLINDRICAL_SURFACE ( 'NONE', #8905, 2.250000000000001776 ) ;
#1733 = LINE ( 'NONE', #4628, #9876 ) ;
#1734 = DIRECTION ( 'NONE',  ( 2.081668171172169697E-15, 0.000000000000000000, -1.000000000000000000 ) ) ;
#1735 = VERTEX_POINT ( 'NONE', #9704 ) ;
#1736 = CYLINDRICAL_SURFACE ( 'NONE', #3940, 2.250000000000001776 ) ;
#1737 = ORIENTED_EDGE ( 'NONE', *, *, #8557, .F. ) ;
#1738 = ADVANCED_FACE ( 'NONE', ( #1085 ), #4284, .F. ) ;
#1739 = AXIS2_PLACEMENT_3D ( 'NONE', #5804, #9088, #362 ) ;
#1740 = CARTESIAN_POINT ( 'NONE',  ( -4.478839407588473875, 1.135782991834322297, -1.869408138862012736 ) ) ;
#1741 = LINE ( 'NONE', #7227, #5360 ) ;
#1742 = APPLICATION_PROTOCOL_DEFINITION ( 'draft international standard', 'automotive_design', 1998, #423 ) ;
#1743 = DIRECTION ( 'NONE',  ( -0.000000000000000000, 1.000000000000000000, -0.000000000000000000 ) ) ;
#1744 = CIRCLE ( 'NONE', #9909, 3.000000000000000000 ) ;
#1745 = DIRECTION ( 'NONE',  ( -1.000000000000000000, 0.000000000000000000, 1.734723475976804629E-17 ) ) ;
#1746 = EDGE_CURVE ( 'NONE', #7845, #4716, #2624, .T. ) ;
#1747 = EDGE_LOOP ( 'NONE', ( #6406, #6539, #6093, #5565, #5683, #3363, #9546, #8801 ) ) ;
#1748 = ORIENTED_EDGE ( 'NONE', *, *, #2713, .T. ) ;
#1749 = EDGE_LOOP ( 'NONE', ( #7799, #9173, #7729, #7871 ) ) ;
#1750 = AXIS2_PLACEMENT_3D ( 'NONE', #1995, #376, #5168 ) ;
#1751 = CARTESIAN_POINT ( 'NONE',  ( 8.572527594031465301E-16, 10.00000000000000000, -103.2793298308826024 ) ) ;
#1752 = CARTESIAN_POINT ( 'NONE',  ( -5.000000000000000000, 63.39999999999999858, 21.75000000000000000 ) ) ;
#1753 = SHAPE_REPRESENTATION_RELATIONSHIP ( 'NONE' , 'NONE' ,  #6342, #452 ) ;
#1754 = CARTESIAN_POINT ( 'NONE',  ( -63.25715662211379708, 10.00000000000000000, -42.99587695296754930 ) ) ;
#1755 = CARTESIAN_POINT ( 'NONE',  ( -75.00000000000000000, 0.000000000000000000, -75.00000000000000000 ) ) ;
#1756 = DIRECTION ( 'NONE',  ( -1.850371707708594809E-16, 0.000000000000000000, -1.000000000000000000 ) ) ;
#1757 = VECTOR ( 'NONE', #9975, 1000.000000000000000 ) ;
#1758 = VECTOR ( 'NONE', #5062, 1000.000000000000000 ) ;
#1759 = EDGE_CURVE ( 'NONE', #3987, #8622, #3503, .T. ) ;
#1760 = EDGE_LOOP ( 'NONE', ( #3019, #8649, #4473, #6472 ) ) ;
#1761 = CYLINDRICAL_SURFACE ( 'NONE', #6273, 4.000000000000000000 ) ;
#1762 = ORIENTED_EDGE ( 'NONE', *, *, #7764, .T. ) ;
#1763 = DIRECTION ( 'NONE',  ( 0.000000000000000000, -1.000000000000000000, 0.000000000000000000 ) ) ;
#1764 = ORIENTED_EDGE ( 'NONE', *, *, #7512, .F. ) ;
#1765 = CARTESIAN_POINT ( 'NONE',  ( 85.36863799491800364, 0.000000000000000000, -94.52829855763729938 ) ) ;
#1767 = VERTEX_POINT ( 'NONE', #6823 ) ;
#1766 = ADVANCED_FACE ( 'NONE', ( #5944 ), #1338, .T. ) ;
#1768 = CARTESIAN_POINT ( 'NONE',  ( 0.000000000000000000, 0.000000000000000000, 10.00000000000000000 ) ) ;
#1769 = MANIFOLD_SOLID_BREP ( 'Imported1', #5863 ) ;
#1770 = LINE ( 'NONE', #5095, #9686 ) ;
#1771 = AXIS2_PLACEMENT_3D ( 'NONE', #6197, #9174, #9328 ) ;
#1772 = CARTESIAN_POINT ( 'NONE',  ( 30.31344247896005228, 74.67986544671991567, -28.54374205374395146 ) ) ;
#1773 = CARTESIAN_POINT ( 'NONE',  ( -36.11437855969460742, -71.11437855969450084, -5.236488491950770374 ) ) ;
#1774 = CARTESIAN_POINT ( 'NONE',  ( 0.000000000000000000, 0.000000000000000000, 0.000000000000000000 ) ) ;
#1775 = DIRECTION ( 'NONE',  ( 0.000000000000000000, 0.000000000000000000, 1.000000000000000000 ) ) ;
#1776 = VERTEX_POINT ( 'NONE', #501 ) ;
#1777 = VECTOR ( 'NONE', #3975, 1000.000000000000114 ) ;
#1778 = AXIS2_PLACEMENT_3D ( 'NONE', #7017, #9305, #10141 ) ;
#1779 = ORIENTED_EDGE ( 'NONE', *, *, #5603, .F. ) ;
#1780 =( NAMED_UNIT ( * ) SI_UNIT ( $, .STERADIAN. ) SOLID_ANGLE_UNIT ( ) );
#1781 = ORIENTED_EDGE ( 'NONE', *, *, #9231, .F. ) ;
#1783 = EDGE_CURVE ( 'NONE', #996, #45, #5143, .T. ) ;
#1782 = ORIENTED_EDGE ( 'NONE', *, *, #8790, .F. ) ;
#1784 = PRODUCT_DEFINITION_CONTEXT ( 'detailed design', #2912, 'design' ) ;
#1785 = AXIS2_PLACEMENT_3D ( 'NONE', #4633, #10000, #6869 ) ;
#1786 = CYLINDRICAL_SURFACE ( 'NONE', #5666, 2.250000000000000000 ) ;
#1787 = SURFACE_STYLE_FILL_AREA ( #9818 ) ;
#1788 = CARTESIAN_POINT ( 'NONE',  ( -41.81980515339470372, -90.96194077712559078, -33.00000000000000000 ) ) ;
#1789 = DIRECTION ( 'NONE',  ( 0.000000000000000000, 1.000000000000000000, 0.000000000000000000 ) ) ;
#1790 = VERTEX_POINT ( 'NONE', #6037 ) ;
#1791 = ORIENTED_EDGE ( 'NONE', *, *, #3067, .F. ) ;
#1792 = CARTESIAN_POINT ( 'NONE',  ( -10.00000000000000000, -15.00000000000000000, 0.000000000000000000 ) ) ;
#1793 = DIRECTION ( 'NONE',  ( 0.000000000000000000, 0.000000000000000000, 1.000000000000000000 ) ) ;
#1794 = EDGE_CURVE ( 'NONE', #7845, #1171, #7604, .T. ) ;
#1795 = DIRECTION ( 'NONE',  ( 0.000000000000000000, 0.000000000000000000, -1.000000000000000000 ) ) ;
#1796 = CARTESIAN_POINT ( 'NONE',  ( -23.68655752103995127, 54.67986544671990146, -42.59593772390965682 ) ) ;
#1797 = ORIENTED_EDGE ( 'NONE', *, *, #1634, .T. ) ;
#1798 = ORIENTED_EDGE ( 'NONE', *, *, #5703, .F. ) ;
#1799 = VECTOR ( 'NONE', #10107, 1000.000000000000000 ) ;
#1800 = ORIENTED_EDGE ( 'NONE', *, *, #9480, .T. ) ;
#1801 = EDGE_CURVE ( 'NONE', #5251, #2053, #2569, .T. ) ;
#1802 = DIRECTION ( 'NONE',  ( 0.000000000000000000, 0.000000000000000000, 1.000000000000000000 ) ) ;
#1803 = DIRECTION ( 'NONE',  ( 0.000000000000000000, 1.000000000000000000, 0.000000000000000000 ) ) ;
#1804 = EDGE_CURVE ( 'NONE', #4789, #632, #7069, .T. ) ;
#1805 = AXIS2_PLACEMENT_3D ( 'NONE', #3134, #8477, #5401 ) ;
#1806 = DIRECTION ( 'NONE',  ( 0.000000000000000000, 0.000000000000000000, 1.000000000000000000 ) ) ;
#1807 = LINE ( 'NONE', #1755, #6541 ) ;
#1808 = DIRECTION ( 'NONE',  ( -1.734723475976804876E-16, 1.000000000000000000, 0.000000000000000000 ) ) ;
#1809 = EDGE_LOOP ( 'NONE', ( #8577, #730, #3879, #6979, #4848, #6185, #4727, #6383 ) ) ;
#1810 = CYLINDRICAL_SURFACE ( 'NONE', #7429, 2.999999999999999112 ) ;
#1811 = CARTESIAN_POINT ( 'NONE',  ( 5.000000000000000000, 8.500000000000000000, 6.000000000000000000 ) ) ;
#1812 = ORIENTED_EDGE ( 'NONE', *, *, #5256, .T. ) ;
#1813 = CARTESIAN_POINT ( 'NONE',  ( -41.81980515339470372, -90.96194077712559078, 15.00000000000000000 ) ) ;
#1814 = ORIENTED_EDGE ( 'NONE', *, *, #5520, .F. ) ;
#1815 = LINE ( 'NONE', #5573, #6480 ) ;
#1816 = DIRECTION ( 'NONE',  ( 0.000000000000000000, -1.000000000000000000, 0.000000000000000000 ) ) ;
#1817 = EDGE_CURVE ( 'NONE', #9775, #9714, #9222, .T. ) ;
#1818 = CARTESIAN_POINT ( 'NONE',  ( 35.00000000000000000, -5.500000000000000000, -1.925929944387234977E-31 ) ) ;
#1819 = PRODUCT_RELATED_PRODUCT_CATEGORY ( 'part', '', ( #569 ) ) ;
#1820 = DIRECTION ( 'NONE',  ( 3.231206387738609677E-17, 0.000000000000000000, 1.000000000000000000 ) ) ;
#1821 = CIRCLE ( 'NONE', #3171, 5.500000000000000000 ) ;
#1822 = ORIENTED_EDGE ( 'NONE', *, *, #8338, .F. ) ;
#1823 = FACE_OUTER_BOUND ( 'NONE', #3334, .T. ) ;
#1824 = ORIENTED_EDGE ( 'NONE', *, *, #2731, .F. ) ;
#1825 = ORIENTED_EDGE ( 'NONE', *, *, #2418, .T. ) ;
#1826 = CARTESIAN_POINT ( 'NONE',  ( 2.500000000000000000, 70.90000000000000568, 22.50000000000000000 ) ) ;
#1827 = ORIENTED_EDGE ( 'NONE', *, *, #939, .T. ) ;
#1828 = ADVANCED_BREP_SHAPE_REPRESENTATION ( '', ( #5516, #5194 ), #1886 ) ;
#1829 = AXIS2_PLACEMENT_3D ( 'NONE', #7021, #2955, #9259 ) ;
#1830 = CARTESIAN_POINT ( 'NONE',  ( 5.000000000000000000, 0.000000000000000000, 4.251773225433349791E-17 ) ) ;
#1831 = EDGE_CURVE ( 'NONE', #5412, #4846, #6929, .T. ) ;
#1832 =( REPRESENTATION_RELATIONSHIP ('NONE','NONE', #8752, #7424 ) REPRESENTATION_RELATIONSHIP_WITH_TRANSFORMATION ( #427 )SHAPE_REPRESENTATION_RELATIONSHIP( ) );
#1833 = FACE_OUTER_BOUND ( 'NONE', #10299, .T. ) ;
#1834 = MANIFOLD_SOLID_BREP ( 'Imported1', #2711 ) ;
#1835 = CARTESIAN_POINT ( 'NONE',  ( -41.81980515339470372, -90.96194077712559078, -25.00000000000000000 ) ) ;
#1836 = ORIENTED_EDGE ( 'NONE', *, *, #5945, .F. ) ;
#1837 = VECTOR ( 'NONE', #2679, 1000.000000000000000 ) ;
#1838 = DIRECTION ( 'NONE',  ( 0.5521351308716259121, 0.000000000000000000, -0.8337546385222528444 ) ) ;
#1839 = EDGE_LOOP ( 'NONE', ( #4787, #9400 ) ) ;
#1840 = CARTESIAN_POINT ( 'NONE',  ( 10.00000000000000000, -15.00000000000000000, 0.000000000000000000 ) ) ;
#1841 = AXIS2_PLACEMENT_3D ( 'NONE', #9892, #7357, #438 ) ;
#1842 = LINE ( 'NONE', #8160, #6545 ) ;
#1843 = ITEM_DEFINED_TRANSFORMATION ( 'NONE', 'NONE', #4391,  #5194 ) ;
#1844 = ADVANCED_FACE ( 'NONE', ( #9277 ), #2973, .T. ) ;
#1845 = CARTESIAN_POINT ( 'NONE',  ( -4.848466816396267198, 70.32273477155132468, -1.277015347384376165 ) ) ;
#1846 = CARTESIAN_POINT ( 'NONE',  ( 0.000000000000000000, 39.00000000000000000, 0.000000000000000000 ) ) ;
#1847 = ORIENTED_EDGE ( 'NONE', *, *, #9362, .T. ) ;
#1848 = VERTEX_POINT ( 'NONE', #2447 ) ;
#1849 = AXIS2_PLACEMENT_3D ( 'NONE', #10095, #1323, #1380 ) ;
#1850 = EDGE_LOOP ( 'NONE', ( #5160, #8095, #6473, #9085 ) ) ;
#1851 = CYLINDRICAL_SURFACE ( 'NONE', #1150, 19.99999999999999645 ) ;
#1852 = FACE_OUTER_BOUND ( 'NONE', #8260, .T. ) ;
#1853 = CIRCLE ( 'NONE', #6529, 10.00000000000000000 ) ;
#1854 = CARTESIAN_POINT ( 'NONE',  ( 0.000000000000000000, 70.90000000000000568, 0.000000000000000000 ) ) ;
#1855 = CARTESIAN_POINT ( 'NONE',  ( -41.81980515339470372, -90.96194077712559078, -25.00000000000000000 ) ) ;
#1856 = DIRECTION ( 'NONE',  ( 0.000000000000000000, -1.000000000000000000, 0.000000000000000000 ) ) ;
#1857 = VERTEX_POINT ( 'NONE', #7140 ) ;
#1858 = LINE ( 'NONE', #8226, #8112 ) ;
#1859 = ORIENTED_EDGE ( 'NONE', *, *, #6371, .T. ) ;
#1860 = VECTOR ( 'NONE', #10213, 1000.000000000000000 ) ;
#1861 = CARTESIAN_POINT ( 'NONE',  ( 15.50000000000000000, -3.996221620051285213E-15, 22.00000000000000000 ) ) ;
#1862 = EDGE_CURVE ( 'NONE', #2938, #8324, #1643, .T. ) ;
#1863 = ORIENTED_EDGE ( 'NONE', *, *, #5690, .T. ) ;
#1864 = AXIS2_PLACEMENT_3D ( 'NONE', #9619, #7164, #2476 ) ;
#1865 = CIRCLE ( 'NONE', #7865, 10.00000000000000000 ) ;
#1866 = CARTESIAN_POINT ( 'NONE',  ( -5.204170427930419706E-15, 10.00000000000000000, 0.000000000000000000 ) ) ;
#1867 = CARTESIAN_POINT ( 'NONE',  ( -15.00000000000000000, 0.000000000000000000, 0.000000000000000000 ) ) ;
#1868 = DIRECTION ( 'NONE',  ( -0.000000000000000000, -1.000000000000000000, -0.000000000000000000 ) ) ;
#1869 = CIRCLE ( 'NONE', #6205, 2.250000000000000000 ) ;
#1870 = AXIS2_PLACEMENT_3D ( 'NONE', #3973, #1600, #8697 ) ;
#1871 = FACE_BOUND ( 'NONE', #6094, .T. ) ;
#1872 = VECTOR ( 'NONE', #1167, 1000.000000000000000 ) ;
#1873 = EDGE_LOOP ( 'NONE', ( #4909, #509, #4370, #8620 ) ) ;
#1874 = DIRECTION ( 'NONE',  ( 0.000000000000000000, 0.000000000000000000, 1.000000000000000000 ) ) ;
#1875 = EDGE_LOOP ( 'NONE', ( #4524, #3778, #3997, #9997 ) ) ;
#1876 = ORIENTED_EDGE ( 'NONE', *, *, #3252, .T. ) ;
#1877 = EDGE_CURVE ( 'NONE', #5685, #8097, #4064, .T. ) ;
#1878 = ORIENTED_EDGE ( 'NONE', *, *, #9552, .T. ) ;
#1879 = MECHANICAL_DESIGN_GEOMETRIC_PRESENTATION_REPRESENTATION (  '', ( #5713 ), #6553 ) ;
#1880 =( GEOMETRIC_REPRESENTATION_CONTEXT ( 3 ) GLOBAL_UNCERTAINTY_ASSIGNED_CONTEXT ( ( #2310 ) ) GLOBAL_UNIT_ASSIGNED_CONTEXT ( ( #5346, #6986, #7916 ) ) REPRESENTATION_CONTEXT ( 'NONE', 'WORKASPACE' ) );
#1881 = DIRECTION ( 'NONE',  ( 0.000000000000000000, 0.000000000000000000, 1.000000000000000000 ) ) ;
#1882 = SURFACE_STYLE_USAGE ( .BOTH. , #8153 ) ;
#1883 = LINE ( 'NONE', #8295, #395 ) ;
#1884 = DIRECTION ( 'NONE',  ( 0.000000000000000000, 0.000000000000000000, 1.000000000000000000 ) ) ;
#1885 = ORIENTED_EDGE ( 'NONE', *, *, #8034, .T. ) ;
#1886 =( GEOMETRIC_REPRESENTATION_CONTEXT ( 3 ) GLOBAL_UNCERTAINTY_ASSIGNED_CONTEXT ( ( #8662 ) ) GLOBAL_UNIT_ASSIGNED_CONTEXT ( ( #710, #24, #2654 ) ) REPRESENTATION_CONTEXT ( 'NONE', 'WORKASPACE' ) );
#1887 = PLANE ( 'NONE',  #2610 ) ;
#1888 = ORIENTED_EDGE ( 'NONE', *, *, #4566, .F. ) ;
#1889 = ADVANCED_FACE ( 'NONE', ( #6343 ), #6244, .F. ) ;
#1890 = EDGE_CURVE ( 'NONE', #7797, #7534, #10159, .T. ) ;
#1891 = CARTESIAN_POINT ( 'NONE',  ( 67.07925725763350044, 95.00000000000000000, -84.99047725517949914 ) ) ;
#1892 = CARTESIAN_POINT ( 'NONE',  ( -29.04331074782909994, -64.04331074782909639, -1.528669465471104827 ) ) ;
#1893 = CARTESIAN_POINT ( 'NONE',  ( 59.14441049068479828, 85.00000000000000000, -90.27932983088280139 ) ) ;
#1894 = DIRECTION ( 'NONE',  ( 0.000000000000000000, 1.000000000000000000, 0.000000000000000000 ) ) ;
#1895 = AXIS2_PLACEMENT_3D ( 'NONE', #3690, #1165, #3643 ) ;
#1896 = ORIENTED_EDGE ( 'NONE', *, *, #3929, .T. ) ;
#1897 = ORIENTED_EDGE ( 'NONE', *, *, #6076, .T. ) ;
#1898 = MANIFOLD_SOLID_BREP ( 'Imported1', #6540 ) ;
#1899 = DIRECTION ( 'NONE',  ( 0.000000000000000000, 1.000000000000000000, 0.000000000000000000 ) ) ;
#1900 = EDGE_CURVE ( 'NONE', #9215, #9424, #8639, .T. ) ;
#1901 = DIRECTION ( 'NONE',  ( 1.000000000000000000, 0.000000000000000000, 0.000000000000000000 ) ) ;
#1902 = LINE ( 'NONE', #6857, #5350 ) ;
#1903 = CARTESIAN_POINT ( 'NONE',  ( 1.973247943577669748E-14, 47.50000000000000000, -62.92007128538419636 ) ) ;
#1904 = AXIS2_PLACEMENT_3D ( 'NONE', #1705, #4831, #2501 ) ;
#1905 = FACE_OUTER_BOUND ( 'NONE', #2080, .T. ) ;
#1906 = CARTESIAN_POINT ( 'NONE',  ( 5.000000000000000000, 18.00000000000000000, -85.14486490616360470 ) ) ;
#1907 = CARTESIAN_POINT ( 'NONE',  ( 0.000000000000000000, 47.50000000000000000, -42.59593772390965682 ) ) ;
#1908 = ORIENTED_EDGE ( 'NONE', *, *, #5109, .F. ) ;
#1909 = VERTEX_POINT ( 'NONE', #764 ) ;
#1910 = AXIS2_PLACEMENT_3D ( 'NONE', #1124, #9996, #5232 ) ;
#1911 = DIRECTION ( 'NONE',  ( 0.000000000000000000, 0.000000000000000000, -1.000000000000000000 ) ) ;
#1912 = ORIENTED_EDGE ( 'NONE', *, *, #2510, .F. ) ;
#1913 = DIRECTION ( 'NONE',  ( 1.734723475976804876E-16, -1.000000000000000000, 0.000000000000000000 ) ) ;
#1914 = MANIFOLD_SOLID_BREP ( 'Imported1', #6031 ) ;
#1915 = DIRECTION ( 'NONE',  ( -1.000000000000000000, -1.734723475976804876E-16, 0.000000000000000000 ) ) ;
#1916 = CARTESIAN_POINT ( 'NONE',  ( 15.50000000000000000, -12.50000000000000000, 0.5000000000000000000 ) ) ;
#1917 = CARTESIAN_POINT ( 'NONE',  ( 5.000000000000000000, 70.90000000000000568, 25.50000000000000000 ) ) ;
#1918 = VECTOR ( 'NONE', #2269, 1000.000000000000000 ) ;
#1919 = AXIS2_PLACEMENT_3D ( 'NONE', #850, #125, #4875 ) ;
#1920 = EDGE_CURVE ( 'NONE', #5198, #5622, #5733, .T. ) ;
#1921 = CARTESIAN_POINT ( 'NONE',  ( 35.00000000000000000, 9.500000000000000000, 10.00000000000000000 ) ) ;
#1922 = ORIENTED_EDGE ( 'NONE', *, *, #892, .F. ) ;
#1923 = DIRECTION ( 'NONE',  ( 0.000000000000000000, 0.000000000000000000, 1.000000000000000000 ) ) ;
#1924 = ORIENTED_EDGE ( 'NONE', *, *, #9079, .F. ) ;
#1925 = ORIENTED_EDGE ( 'NONE', *, *, #2671, .F. ) ;
#1926 = CARTESIAN_POINT ( 'NONE',  ( -1.141807012330692039, -48.66918367361090247, 0.000000000000000000 ) ) ;
#1927 = ORIENTED_EDGE ( 'NONE', *, *, #622, .F. ) ;
#1928 = CIRCLE ( 'NONE', #10100, 2.250000000000000000 ) ;
#1929 = AXIS2_PLACEMENT_3D ( 'NONE', #1984, #7571, #1884 ) ;
#1930 = CARTESIAN_POINT ( 'NONE',  ( -85.36863799491800364, 0.000000000000000000, -94.52829855763729938 ) ) ;
#1931 = EDGE_CURVE ( 'NONE', #9321, #4835, #711, .T. ) ;
#1932 =( NAMED_UNIT ( * ) PLANE_ANGLE_UNIT ( ) SI_UNIT ( $, .RADIAN. ) );
#1933 = AXIS2_PLACEMENT_3D ( 'NONE', #9900, #7499, #3401 ) ;
#1934 = CARTESIAN_POINT ( 'NONE',  ( -35.00000000000000000, -9.500000000000000000, 10.00000000000000000 ) ) ;
#1935 = CIRCLE ( 'NONE', #8601, 2.250000000000001776 ) ;
#1936 = DIRECTION ( 'NONE',  ( 0.000000000000000000, 0.000000000000000000, 1.000000000000000000 ) ) ;
#1937 = ORIENTED_EDGE ( 'NONE', *, *, #1298, .F. ) ;
#1938 = FACE_OUTER_BOUND ( 'NONE', #9435, .T. ) ;
#1939 = ORIENTED_EDGE ( 'NONE', *, *, #3843, .F. ) ;
#1940 = CIRCLE ( 'NONE', #7609, 5.000000000000000888 ) ;
#1941 = DIRECTION ( 'NONE',  ( -1.000000000000000000, -1.734723475976804876E-16, 0.000000000000000000 ) ) ;
#1942 = CARTESIAN_POINT ( 'NONE',  ( -2.500000000000000000, 1.500000000000000000, 25.50000000000000000 ) ) ;
#1943 = CONTEXT_DEPENDENT_SHAPE_REPRESENTATION ( #3256, #9460 ) ;
#1944 = EDGE_CURVE ( 'NONE', #3174, #8164, #78, .T. ) ;
#1945 = PRODUCT_DEFINITION_SHAPE ( 'NONE', 'NONE',  #10337 ) ;
#1946 = CARTESIAN_POINT ( 'NONE',  ( -27.68655752103954981, 14.67986544671986060, -28.54374205374395146 ) ) ;
#1947 = ADVANCED_FACE ( 'NONE', ( #6557 ), #3290, .T. ) ;
#1948 = CARTESIAN_POINT ( 'NONE',  ( 69.07332122148429221, 95.00000000000000000, -119.1878866990734025 ) ) ;
#1949 = ORIENTED_EDGE ( 'NONE', *, *, #2427, .F. ) ;
#1950 = ORIENTED_EDGE ( 'NONE', *, *, #7077, .F. ) ;
#1951 = EDGE_LOOP ( 'NONE', ( #5380, #4741, #4905, #4877 ) ) ;
#1952 = DIRECTION ( 'NONE',  ( 1.577021341797100025E-16, 0.000000000000000000, -1.000000000000000000 ) ) ;
#1953 = DIRECTION ( 'NONE',  ( -1.000000000000000000, 0.000000000000000000, 0.000000000000000000 ) ) ;
#1954 = DIRECTION ( 'NONE',  ( 0.5503713389499617081, -3.000028270422858639E-21, -0.8349199897369964374 ) ) ;
#1955 = LINE ( 'NONE', #5131, #5503 ) ;
#1956 = LINE ( 'NONE', #2960, #2909 ) ;
#1957 = EDGE_CURVE ( 'NONE', #2396, #677, #132, .T. ) ;
#1958 = DIRECTION ( 'NONE',  ( 0.000000000000000000, -1.000000000000000000, 0.000000000000000000 ) ) ;
#1959 = DIRECTION ( 'NONE',  ( 0.000000000000000000, 0.000000000000000000, -1.000000000000000000 ) ) ;
#1960 = EDGE_CURVE ( 'NONE', #1396, #857, #9639, .T. ) ;
#1961 = VERTEX_POINT ( 'NONE', #7294 ) ;
#1962 = ADVANCED_FACE ( 'NONE', ( #237 ), #3340, .F. ) ;
#1963 = ORIENTED_EDGE ( 'NONE', *, *, #6777, .F. ) ;
#1964 = DIRECTION ( 'NONE',  ( -1.000000000000000000, 0.000000000000000000, 1.700709290173339793E-17 ) ) ;
#1965 = ORIENTED_EDGE ( 'NONE', *, *, #1890, .F. ) ;
#1966 = DIRECTION ( 'NONE',  ( 0.000000000000000000, -1.000000000000000000, 0.000000000000000000 ) ) ;
#1967 = LINE ( 'NONE', #398, #6019 ) ;
#1968 = DIRECTION ( 'NONE',  ( 1.000000000000000000, 0.000000000000000000, 0.000000000000000000 ) ) ;
#1969 = ADVANCED_FACE ( 'NONE', ( #6453 ), #8270, .F. ) ;
#1970 =( NAMED_UNIT ( * ) SI_UNIT ( $, .STERADIAN. ) SOLID_ANGLE_UNIT ( ) );
#1971 = DIRECTION ( 'NONE',  ( 1.000000000000000000, 0.000000000000000000, 1.700709290173339793E-17 ) ) ;
#1972 = ORIENTED_EDGE ( 'NONE', *, *, #7360, .T. ) ;
#1973 = VECTOR ( 'NONE', #2665, 1000.000000000000000 ) ;
#1974 = CARTESIAN_POINT ( 'NONE',  ( 0.000000000000000000, 9.000000000000000000, 10.00000000000000000 ) ) ;
#1975 = VERTEX_POINT ( 'NONE', #9839 ) ;
#1976 = ADVANCED_FACE ( 'NONE', ( #9062 ), #2656, .F. ) ;
#1977 = EDGE_LOOP ( 'NONE', ( #5290, #9373, #9236 ) ) ;
#1978 = FACE_OUTER_BOUND ( 'NONE', #4494, .T. ) ;
#1979 = ORIENTED_EDGE ( 'NONE', *, *, #3218, .F. ) ;
#1980 = FACE_BOUND ( 'NONE', #10180, .T. ) ;#1981 = ADVANCED_FACE ( 'NONE', ( #8906 ), #3491, .T. ) ;
#1982 = DIRECTION ( 'NONE',  ( 0.000000000000000000, 0.000000000000000000, -1.000000000000000000 ) ) ;
#1983 = DIRECTION ( 'NONE',  ( 0.8425558180458873059, 0.000000000000000000, -0.5386090358293532665 ) ) ;
#1984 = CARTESIAN_POINT ( 'NONE',  ( -64.46620431643840732, 85.00000000000000000, -110.1405347760014024 ) ) ;
#1985 = VERTEX_POINT ( 'NONE', #4884 ) ;
#1986 = DIRECTION ( 'NONE',  ( 0.000000000000000000, 0.000000000000000000, -1.000000000000000000 ) ) ;
#1987 = ORIENTED_EDGE ( 'NONE', *, *, #1999, .T. ) ;
#1988 = AXIS2_PLACEMENT_3D ( 'NONE', #435, #9989, #1017 ) ;
#1989 = ADVANCED_FACE ( 'NONE', ( #1905 ), #8170, .F. ) ;
#1990 = CARTESIAN_POINT ( 'NONE',  ( 64.46620431643840732, 0.000000000000000000, -112.3905347760014024 ) ) ;
#1991 = DIRECTION ( 'NONE',  ( 1.000000000000000000, 0.000000000000000000, 0.000000000000000000 ) ) ;
#1992 = CARTESIAN_POINT ( 'NONE',  ( 2.755455298081544285E-16, 9.000000000000000000, 2.250000000000000000 ) ) ;
#1993 = DIRECTION ( 'NONE',  ( -1.000000000000000000, -1.734723475976804876E-16, 0.000000000000000000 ) ) ;
#1994 = CIRCLE ( 'NONE', #3356, 2.000000000000001776 ) ;
#1995 = CARTESIAN_POINT ( 'NONE',  ( 15.50000000000000000, 80.40000000000000568, 22.50000000000000000 ) ) ;
#1996 = VERTEX_POINT ( 'NONE', #919 ) ;
#1997 = ORIENTED_EDGE ( 'NONE', *, *, #1382, .F. ) ;
#1998 = ORIENTED_EDGE ( 'NONE', *, *, #941, .T. ) ;
#1999 = EDGE_CURVE ( 'NONE', #9038, #1961, #6604, .T. ) ;
#2000 = CIRCLE ( 'NONE', #328, 8.750000000000000000 ) ;
#2001 = CARTESIAN_POINT ( 'NONE',  ( -35.00000000000000000, -5.500000000000000000, 10.00000000000000000 ) ) ;
#2002 = DIRECTION ( 'NONE',  ( 0.000000000000000000, 0.000000000000000000, -1.000000000000000000 ) ) ;
#2003 = CARTESIAN_POINT ( 'NONE',  ( -59.14441049068479828, 95.00000000000000000, -90.27932983088280139 ) ) ;
#2004 = CARTESIAN_POINT ( 'NONE',  ( -5.000000000000000000, 0.000000000000000000, 25.50000000000000000 ) ) ;
#2005 = DIRECTION ( 'NONE',  ( 1.000000000000000000, 0.000000000000000000, 0.000000000000000000 ) ) ;
#2006 = FACE_OUTER_BOUND ( 'NONE', #1452, .T. ) ;
#2007 = VECTOR ( 'NONE', #3926, 1000.000000000000000 ) ;
#2008 = ORIENTED_EDGE ( 'NONE', *, *, #6162, .T. ) ;
#2009 = VERTEX_POINT ( 'NONE', #2554 ) ;
#2010 = CARTESIAN_POINT ( 'NONE',  ( -27.68655752103954981, 34.67986544671985172, -28.54374205374395146 ) ) ;
#2011 = EDGE_CURVE ( 'NONE', #4086, #6714, #4118, .T. ) ;
#2012 = VERTEX_POINT ( 'NONE', #3392 ) ;
#2013 = ADVANCED_FACE ( 'NONE', ( #9744 ), #2607, .F. ) ;
#2014 = CARTESIAN_POINT ( 'NONE',  ( 0.000000000000000000, 9.000000000000000000, -10.00000000000000000 ) ) ;
#2015 = AXIS2_PLACEMENT_3D ( 'NONE', #5281, #6915, #6127 ) ;
#2016 = MANIFOLD_SOLID_BREP ( 'Imported1', #10199 ) ;
#2017 = DIRECTION ( 'NONE',  ( 0.000000000000000000, 0.000000000000000000, 1.000000000000000000 ) ) ;
#2018 =( LENGTH_UNIT ( ) NAMED_UNIT ( * ) SI_UNIT ( .MILLI., .METRE. ) );
#2019 = CARTESIAN_POINT ( 'NONE',  ( -5.000000000000000000, 0.000000000000000000, 25.50000000000000000 ) ) ;
#2020 = VECTOR ( 'NONE', #7503, 1000.000000000000000 ) ;
#2021 = ORIENTED_EDGE ( 'NONE', *, *, #110, .F. ) ;
#2022 = DIRECTION ( 'NONE',  ( 1.734723475976805246E-17, 0.000000000000000000, 1.000000000000000000 ) ) ;
#2023 = ORIENTED_EDGE ( 'NONE', *, *, #2543, .T. ) ;
#2024 = CIRCLE ( 'NONE', #3549, 9.999999999999994671 ) ;
#2025 = ORIENTED_EDGE ( 'NONE', *, *, #8975, .F. ) ;
#2026 = VECTOR ( 'NONE', #5468, 1000.000000000000000 ) ;
#2027 = PRESENTATION_STYLE_ASSIGNMENT (( #9027 ) ) ;
#2028 = ORIENTED_EDGE ( 'NONE', *, *, #7805, .F. ) ;
#2029 =( REPRESENTATION_RELATIONSHIP ('NONE','NONE', #8752, #9551 ) REPRESENTATION_RELATIONSHIP_WITH_TRANSFORMATION ( #2434 )SHAPE_REPRESENTATION_RELATIONSHIP( ) );
#2030 = EDGE_CURVE ( 'NONE', #4274, #5198, #2701, .T. ) ;
#2031 = PRODUCT_DEFINITION_SHAPE ( 'NONE', 'NONE',  #470 ) ;
#2032 = AXIS2_PLACEMENT_3D ( 'NONE', #5670, #6565, #1711 ) ;
#2033 = EDGE_CURVE ( 'NONE', #1985, #247, #6916, .T. ) ;
#2034 = DIRECTION ( 'NONE',  ( 0.000000000000000000, 0.000000000000000000, 1.000000000000000000 ) ) ;
#2035 = CARTESIAN_POINT ( 'NONE',  ( -2.500000000000000000, 15.00000000000000000, 21.75000000000000000 ) ) ;
#2036 = CARTESIAN_POINT ( 'NONE',  ( -64.46620431643840732, 0.000000000000000000, -110.1405347760014024 ) ) ;
#2037 = CARTESIAN_POINT ( 'NONE',  ( -48.89087296526020054, -98.03300858899099524, -33.00000000000000000 ) ) ;
#2038 = ORIENTED_EDGE ( 'NONE', *, *, #8349, .F. ) ;
#2039 = VECTOR ( 'NONE', #4668, 1000.000000000000000 ) ;
#2040 = FACE_OUTER_BOUND ( 'NONE', #10189, .T. ) ;
#2041 = ORIENTED_EDGE ( 'NONE', *, *, #657, .T. ) ;
#2042 = CARTESIAN_POINT ( 'NONE',  ( 0.000000000000000000, 57.00000000000000000, 0.000000000000000000 ) ) ;
#2043 = EDGE_CURVE ( 'NONE', #6575, #6025, #2060, .T. ) ;
#2044 = CARTESIAN_POINT ( 'NONE',  ( -67.07925725763350044, 95.00000000000000000, -84.99047725517949914 ) ) ;
#2045 = CARTESIAN_POINT ( 'NONE',  ( 27.25000000000000000, -10.50000000000000000, 10.00000000000000000 ) ) ;
#2046 = AXIS2_PLACEMENT_3D ( 'NONE', #3306, #5478, #1512 ) ;
#2047 = CARTESIAN_POINT ( 'NONE',  ( 5.000000000000000000, -9.500000000000000000, -2.500000000000000000 ) ) ;
#2048 = EDGE_CURVE ( 'NONE', #9359, #7123, #2410, .T. ) ;
#2049 = CARTESIAN_POINT ( 'NONE',  ( 5.000000000000000000, 3.851859888774469653E-33, 1.000000000000000000 ) ) ;
#2050 = ORIENTED_EDGE ( 'NONE', *, *, #4879, .T. ) ;
#2051 = CARTESIAN_POINT ( 'NONE',  ( 15.50000000000000000, 62.39999999999999858, 17.00000000000000000 ) ) ;
#2052 = ORIENTED_EDGE ( 'NONE', *, *, #633, .F. ) ;
#2053 = VERTEX_POINT ( 'NONE', #3539 ) ;
#2054 = ORIENTED_EDGE ( 'NONE', *, *, #6103, .T. ) ;
#2055 = DIRECTION ( 'NONE',  ( 0.000000000000000000, -1.000000000000000000, 0.000000000000000000 ) ) ;
#2056 = DIRECTION ( 'NONE',  ( 0.000000000000000000, 0.000000000000000000, 1.000000000000000000 ) ) ;
#2057 = CARTESIAN_POINT ( 'NONE',  ( 113.4593093142044040, 94.00000000000000000, -113.8925828918423946 ) ) ;
#2058 = CARTESIAN_POINT ( 'NONE',  ( 0.000000000000000000, 39.00000000000000000, -2.750000000000000000 ) ) ;
#2059 = CARTESIAN_POINT ( 'NONE',  ( 15.50000000000000000, 0.000000000000000000, 22.50000000000000000 ) ) ;
#2060 = CIRCLE ( 'NONE', #1895, 9.999999999999994671 ) ;
#2061 = EDGE_CURVE ( 'NONE', #7744, #6108, #10096, .T. ) ;
#2062 = CARTESIAN_POINT ( 'NONE',  ( 64.46620431643840732, 10.00000000000000000, -112.3905347760014024 ) ) ;
#2063 = FACE_BOUND ( 'NONE', #9091, .T. ) ;
#2064 = EDGE_LOOP ( 'NONE', ( #9001, #592, #272, #8083, #7157, #6568, #6634 ) ) ;
#2065 = ORIENTED_EDGE ( 'NONE', *, *, #2827, .T. ) ;
#2066 = FACE_BOUND ( 'NONE', #7407, .T. ) ;
#2067 = ORIENTED_EDGE ( 'NONE', *, *, #2836, .T. ) ;
#2068 = VECTOR ( 'NONE', #2478, 1000.000000000000000 ) ;
#2069 = EDGE_CURVE ( 'NONE', #632, #3164, #5931, .T. ) ;
#2070 = CARTESIAN_POINT ( 'NONE',  ( 2.500000000000000000, 70.90000000000000568, 25.50000000000000000 ) ) ;
#2071 = DIRECTION ( 'NONE',  ( 0.000000000000000000, -1.000000000000000000, 0.000000000000000000 ) ) ;
#2072 =( NAMED_UNIT ( * ) PLANE_ANGLE_UNIT ( ) SI_UNIT ( $, .RADIAN. ) );
#2073 = CARTESIAN_POINT ( 'NONE',  ( 5.000000000000000000, 0.000000000000000000, -85.14486490616360470 ) ) ;
#2074 = EDGE_CURVE ( 'NONE', #6486, #2502, #7728, .T. ) ;
#2075 = DIRECTION ( 'NONE',  ( -8.895006672729879551E-17, -0.000000000000000000, 1.000000000000000000 ) ) ;
#2076 = CIRCLE ( 'NONE', #4415, 2.750000000000000000 ) ;
#2077 = EDGE_CURVE ( 'NONE', #8121, #6157, #7591, .T. ) ;
#2078 = VERTEX_POINT ( 'NONE', #8470 ) ;
#2079 = CARTESIAN_POINT ( 'NONE',  ( -65.00000000000000000, 95.00000000000000000, -120.2793298308828014 ) ) ;
#2080 = EDGE_LOOP ( 'NONE', ( #3881, #2023, #5883, #4563 ) ) ;
#2081 = EDGE_LOOP ( 'NONE', ( #7572, #3346, #8460, #7317 ) ) ;
#2082 = DIRECTION ( 'NONE',  ( 0.000000000000000000, 1.000000000000000000, 0.000000000000000000 ) ) ;
#2083 = ORIENTED_EDGE ( 'NONE', *, *, #3180, .T. ) ;
#2084 = VECTOR ( 'NONE', #3946, 1000.000000000000000 ) ;
#2085 = CIRCLE ( 'NONE', #2932, 10.00000000000000000 ) ;
#2086 = DIRECTION ( 'NONE',  ( 0.5521351308716259121, 0.000000000000000000, 0.8337546385222528444 ) ) ;
#2087 = CARTESIAN_POINT ( 'NONE',  ( 0.000000000000000000, 0.000000000000000000, -5.500000000000000000 ) ) ;
#2088 = CARTESIAN_POINT ( 'NONE',  ( 26.31344247896005228, 74.67986544671991567, -120.2803298308827920 ) ) ;
#2089 = ADVANCED_FACE ( 'NONE', ( #9946 ), #2807, .F. ) ;
#2090 = ORIENTED_EDGE ( 'NONE', *, *, #5117, .F. ) ;
#2091 = DIRECTION ( 'NONE',  ( 1.734723475976810053E-15, 1.734723475976805122E-15, -1.000000000000000000 ) ) ;
#2092 = EDGE_LOOP ( 'NONE', ( #8709, #7501, #1356, #7834 ) ) ;
#2093 = AXIS2_PLACEMENT_3D ( 'NONE', #5756, #4152, #8827 ) ;
#2094 = CIRCLE ( 'NONE', #94, 9.999999999999994671 ) ;
#2095 = LINE ( 'NONE', #8658, #266 ) ;
#2096 = ORIENTED_EDGE ( 'NONE', *, *, #8484, .T. ) ;
#2097 = EDGE_CURVE ( 'NONE', #8496, #3868, #1956, .T. ) ;
#2098 = DIRECTION ( 'NONE',  ( 0.000000000000000000, -1.000000000000000000, 0.000000000000000000 ) ) ;
#2099 = VECTOR ( 'NONE', #4800, 1000.000000000000000 ) ;
#2100 = DIRECTION ( 'NONE',  ( 0.000000000000000000, 0.000000000000000000, 1.000000000000000000 ) ) ;
#2101 = CARTESIAN_POINT ( 'NONE',  ( 0.000000000000000000, 0.000000000000000000, 0.000000000000000000 ) ) ;
#2102 = CIRCLE ( 'NONE', #602, 3.250000000000000000 ) ;
#2103 = EDGE_CURVE ( 'NONE', #507, #3792, #6810, .T. ) ;
#2104 = CARTESIAN_POINT ( 'NONE',  ( 5.000000000000000000, -3.996221620051279691E-15, 22.00000000000000000 ) ) ;
#2105 = LINE ( 'NONE', #10138, #3799 ) ;
#2106 = CARTESIAN_POINT ( 'NONE',  ( 0.000000000000000000, 0.000000000000000000, -6.500000000000000000 ) ) ;
#2107 = VERTEX_POINT ( 'NONE', #3745 ) ;
#2108 = CARTESIAN_POINT ( 'NONE',  ( 25.00000000000000000, -10.50000000000000000, 10.00000000000000000 ) ) ;
#2109 = ORIENTED_EDGE ( 'NONE', *, *, #3234, .F. ) ;
#2110 = ORIENTED_EDGE ( 'NONE', *, *, #5886, .T. ) ;
#2111 = EDGE_CURVE ( 'NONE', #3868, #1413, #8316, .T. ) ;
#2112 = VECTOR ( 'NONE', #9226, 1000.000000000000000 ) ;
#2113 = EDGE_CURVE ( 'NONE', #3587, #485, #9396, .T. ) ;
#2114 = FACE_OUTER_BOUND ( 'NONE', #8961, .T. ) ;
#2115 = CARTESIAN_POINT ( 'NONE',  ( -85.36863799491800364, 95.00000000000000000, -96.77829855763729938 ) ) ;
#2116 = DIRECTION ( 'NONE',  ( -2.187217985081374959E-05, 3.295734897466840417E-21, 0.9999999997608040037 ) ) ;
#2117 = CARTESIAN_POINT ( 'NONE',  ( -14.90117512409818090, -78.18544637155999055, -4.763511508049220744 ) ) ;
#2118 = CARTESIAN_POINT ( 'NONE',  ( -3.647693777163360185, 0.04196010845019170626, 0.000000000000000000 ) ) ;
#2119 = CIRCLE ( 'NONE', #2793, 2.250000000000001776 ) ;
#2120 = DIRECTION ( 'NONE',  ( 0.000000000000000000, -1.000000000000000000, 0.000000000000000000 ) ) ;
#2121 = DIRECTION ( 'NONE',  ( -1.000000000000000000, 0.000000000000000000, 0.000000000000000000 ) ) ;
#2122 = ORIENTED_EDGE ( 'NONE', *, *, #2336, .T. ) ;
#2123 = PRODUCT_DEFINITION_SHAPE ( 'NONE', 'NONE',  #10332 ) ;
#2124 = ORIENTED_EDGE ( 'NONE', *, *, #4829, .F. ) ;
#2125 = CARTESIAN_POINT ( 'NONE',  ( -10.00000000000000000, -15.00000000000000000, 5.000000000000000000 ) ) ;
#2126 = ORIENTED_EDGE ( 'NONE', *, *, #4443, .F. ) ;
#2127 = EDGE_CURVE ( 'NONE', #4396, #1141, #2853, .T. ) ;
#2128 = LINE ( 'NONE', #5292, #4045 ) ;
#2129 = CARTESIAN_POINT ( 'NONE',  ( 64.46620431643840732, 85.00000000000000000, -112.3905347760014024 ) ) ;
#2130 = DIRECTION ( 'NONE',  ( 0.000000000000000000, 1.000000000000000000, 0.000000000000000000 ) ) ;
#2131 = SURFACE_STYLE_USAGE ( .BOTH. , #451 ) ;
#2132 = CARTESIAN_POINT ( 'NONE',  ( -10.00000000000000000, -10.00000000000000000, 0.000000000000000000 ) ) ;
#2133 = VERTEX_POINT ( 'NONE', #6021 ) ;
#2134 = FACE_OUTER_BOUND ( 'NONE', #3364, .T. ) ;
#2135 = EDGE_LOOP ( 'NONE', ( #10073, #9963 ) ) ;
#2136 = VERTEX_POINT ( 'NONE', #2059 ) ;
#2137 = CARTESIAN_POINT ( 'NONE',  ( 15.50000000000000000, -3.122048140665065340E-17, 1.000000000000000000 ) ) ;
#2138 = VERTEX_POINT ( 'NONE', #5230 ) ;
#2139 = EDGE_CURVE ( 'NONE', #6925, #9321, #8419, .T. ) ;
#2140 = CARTESIAN_POINT ( 'NONE',  ( 35.00000000000000000, -5.500000000000000000, -1.925929944387234977E-31 ) ) ;
#2141 = AXIS2_PLACEMENT_3D ( 'NONE', #5734, #8807, #5790 ) ;
#2142 = CARTESIAN_POINT ( 'NONE',  ( 3.000000000000000000, 0.000000000000000000, -5.000000000000000000 ) ) ;
#2143 = CARTESIAN_POINT ( 'NONE',  ( 0.000000000000000000, 0.000000000000000000, 0.000000000000000000 ) ) ;
#2144 = EDGE_LOOP ( 'NONE', ( #8299, #4293 ) ) ;
#2145 = LINE ( 'NONE', #466, #4432 ) ;
#2146 = ORIENTED_EDGE ( 'NONE', *, *, #1794, .F. ) ;
#2147 = CARTESIAN_POINT ( 'NONE',  ( 0.000000000000000000, 10.00000000000000000, -110.2793298308826024 ) ) ;
#2148 = ORIENTED_EDGE ( 'NONE', *, *, #6521, .T. ) ;
#2149 = EDGE_CURVE ( 'NONE', #9951, #7235, #3798, .T. ) ;
#2150 = CARTESIAN_POINT ( 'NONE',  ( 30.31344247896005228, 74.67986544671991567, -120.2803298308827920 ) ) ;
#2151 = FACE_OUTER_BOUND ( 'NONE', #1373, .T. ) ;
#2152 = DIRECTION ( 'NONE',  ( -0.5521351308716259121, 0.000000000000000000, -0.8337546385222528444 ) ) ;
#2153 = DIRECTION ( 'NONE',  ( 1.000000000000000000, 0.000000000000000000, 0.000000000000000000 ) ) ;
#2154 = DIRECTION ( 'NONE',  ( 1.000000000000000000, 0.000000000000000000, 0.000000000000000000 ) ) ;
#2155 = ORIENTED_EDGE ( 'NONE', *, *, #5815, .F. ) ;
#2156 = DIRECTION ( 'NONE',  ( 0.000000000000000000, -1.000000000000000000, 0.000000000000000000 ) ) ;
#2157 = VERTEX_POINT ( 'NONE', #6179 ) ;
#2158 = ORIENTED_EDGE ( 'NONE', *, *, #1644, .F. ) ;
#2159 = EDGE_CURVE ( 'NONE', #950, #5910, #7755, .T. ) ;
#2160 = CARTESIAN_POINT ( 'NONE',  ( -20.90380984571844891, 18.00000000000000000, 13.36289017892626063 ) ) ;
#2161 = CIRCLE ( 'NONE', #9326, 5.000000000000000888 ) ;
#2162 = FACE_OUTER_BOUND ( 'NONE', #7855, .T. ) ;
#2163 = APPLICATION_PROTOCOL_DEFINITION ( 'draft international standard', 'automotive_design', 1998, #2372 ) ;
#2164 = CARTESIAN_POINT ( 'NONE',  ( -15.00000000000000000, -12.50000000000000000, 20.00000000000000000 ) ) ;
#2165 = CARTESIAN_POINT ( 'NONE',  ( 0.000000000000000000, 0.000000000000000000, 0.000000000000000000 ) ) ;
#2166 = DIRECTION ( 'NONE',  ( 0.000000000000000000, 0.000000000000000000, -1.000000000000000000 ) ) ;
#2167 = CYLINDRICAL_SURFACE ( 'NONE', #7575, 8.750000000000000000 ) ;
#2168 =( REPRESENTATION_RELATIONSHIP ('NONE','NONE', #8752, #6628 ) REPRESENTATION_RELATIONSHIP_WITH_TRANSFORMATION ( #8404 )SHAPE_REPRESENTATION_RELATIONSHIP( ) );
#2169 = ORIENTED_EDGE ( 'NONE', *, *, #4849, .T. ) ;
#2170 = ORIENTED_EDGE ( 'NONE', *, *, #2811, .F. ) ;
#2171 = CIRCLE ( 'NONE', #6167, 8.000000000000007105 ) ;
#2172 = DIRECTION ( 'NONE',  ( -1.000000000000000000, 0.000000000000000000, 0.000000000000000000 ) ) ;
#2173 = ORIENTED_EDGE ( 'NONE', *, *, #8829, .T. ) ;
#2174 = LINE ( 'NONE', #9323, #3990 ) ;
#2175 = CARTESIAN_POINT ( 'NONE',  ( 3.000000000000000000, 0.000000000000000000, -85.14486490616360470 ) ) ;
#2176 = DIRECTION ( 'NONE',  ( -1.000000000000000000, 0.000000000000000000, 0.000000000000000000 ) ) ;
#2177 = DIRECTION ( 'NONE',  ( 0.000000000000000000, 0.000000000000000000, 1.000000000000000000 ) ) ;
#2178 = EDGE_CURVE ( 'NONE', #3238, #3174, #1381, .T. ) ;
#2179 = ORIENTED_EDGE ( 'NONE', *, *, #9046, .F. ) ;
#2180 = CARTESIAN_POINT ( 'NONE',  ( 2.500000000000000000, 70.90000000000000568, 0.000000000000000000 ) ) ;
#2181 = VERTEX_POINT ( 'NONE', #5391 ) ;
#2182 = CARTESIAN_POINT ( 'NONE',  ( -39.56980515339469662, -90.96194077712559078, 15.00000000000000000 ) ) ;
#2183 = ORIENTED_EDGE ( 'NONE', *, *, #9016, .F. ) ;
#2184 = AXIS2_PLACEMENT_3D ( 'NONE', #8971, #3454, #5735 ) ;
#2185 = DIRECTION ( 'NONE',  ( 0.000000000000000000, 0.000000000000000000, 1.000000000000000000 ) ) ;
#2186 = ORIENTED_EDGE ( 'NONE', *, *, #2209, .T. ) ;
#2187 = CARTESIAN_POINT ( 'NONE',  ( 5.000000000000000000, 80.40000000000000568, 22.50000000000000000 ) ) ;
#2188 = DIRECTION ( 'NONE',  ( 0.000000000000000000, -1.000000000000000000, 0.000000000000000000 ) ) ;
#2189 = CARTESIAN_POINT ( 'NONE',  ( 0.000000000000000000, 0.000000000000000000, 0.000000000000000000 ) ) ;
#2190 = VECTOR ( 'NONE', #8923, 1000.000000000000000 ) ;
#2191 = EDGE_CURVE ( 'NONE', #4279, #4547, #6376, .T. ) ;
#2192 = EDGE_LOOP ( 'NONE', ( #9154, #6339 ) ) ;
#2193 = DIRECTION ( 'NONE',  ( 0.000000000000000000, -1.000000000000000000, 0.000000000000000000 ) ) ;
#2194 = ORIENTED_EDGE ( 'NONE', *, *, #6033, .F. ) ;
#2195 = ORIENTED_EDGE ( 'NONE', *, *, #9380, .F. ) ;
#2196 = DIRECTION ( 'NONE',  ( 0.000000000000000000, 0.000000000000000000, 1.000000000000000000 ) ) ;
#2197 = VERTEX_POINT ( 'NONE', #1570 ) ;
#2198 = VECTOR ( 'NONE', #6341, 1000.000000000000000 ) ;
#2199 = VECTOR ( 'NONE', #3189, 1000.000000000000000 ) ;
#2200 = VECTOR ( 'NONE', #4615, 1000.000000000000000 ) ;
#2201 = AXIS2_PLACEMENT_3D ( 'NONE', #9536, #811, #5456 ) ;
#2202 = UNCERTAINTY_MEASURE_WITH_UNIT (LENGTH_MEASURE( 1.000000000000000082E-05 ), #8536, 'distance_accuracy_value', 'NONE');
#2203 = LINE ( 'NONE', #6900, #171 ) ;
#2204 = CONTEXT_DEPENDENT_SHAPE_REPRESENTATION ( #8761, #7701 ) ;
#2205 = PRODUCT_DEFINITION_SHAPE ( 'NONE', 'NONE',  #10324 ) ;
#2206 = DIRECTION ( 'NONE',  ( -1.000000000000000000, 0.000000000000000000, 0.000000000000000000 ) ) ;
#2207 = CARTESIAN_POINT ( 'NONE',  ( 0.000000000000000000, 9.000000000000000000, -2.250000000000000000 ) ) ;
#2208 = AXIS2_PLACEMENT_3D ( 'NONE', #4206, #8994, #2433 ) ;
#2209 = EDGE_CURVE ( 'NONE', #6090, #9451, #8772, .T. ) ;
#2210 = CARTESIAN_POINT ( 'NONE',  ( -3.000000000000000000, 70.90000000000000568, -0.5000000000000000000 ) ) ;
#2211 = VERTEX_POINT ( 'NONE', #5641 ) ;
#2212 = CIRCLE ( 'NONE', #42, 2.249999999999998668 ) ;
#2213 = DIRECTION ( 'NONE',  ( -1.000000000000000000, 0.000000000000000000, -1.846235724462869126E-15 ) ) ;
#2214 = ORIENTED_EDGE ( 'NONE', *, *, #2913, .T. ) ;
#2215 = EDGE_CURVE ( 'NONE', #2053, #4151, #1670, .T. ) ;
#2216 = ORIENTED_EDGE ( 'NONE', *, *, #5967, .F. ) ;
#2217 = DIRECTION ( 'NONE',  ( -1.000000000000000000, -1.734723475976804876E-16, 0.000000000000000000 ) ) ;
#2218 = CARTESIAN_POINT ( 'NONE',  ( -41.81980515339470372, -90.96194077712559078, 15.00000000000000000 ) ) ;
#2219 = DIRECTION ( 'NONE',  ( 0.9999999997608040037, 1.763050461226155042E-20, -2.187217990942860233E-05 ) ) ;
#2220 =( GEOMETRIC_REPRESENTATION_CONTEXT ( 3 ) GLOBAL_UNCERTAINTY_ASSIGNED_CONTEXT ( ( #4093 ) ) GLOBAL_UNIT_ASSIGNED_CONTEXT ( ( #6139, #612, #9383 ) ) REPRESENTATION_CONTEXT ( 'NONE', 'WORKASPACE' ) );
#2221 = DIRECTION ( 'NONE',  ( 0.000000000000000000, -1.000000000000000000, 0.000000000000000000 ) ) ;
#2222 = CARTESIAN_POINT ( 'NONE',  ( -37.48849769918444963, -72.48849769918439279, 23.00000000000000000 ) ) ;
#2223 = CARTESIAN_POINT ( 'NONE',  ( 35.00000000000000000, -5.500000000000000000, 20.00000000000000000 ) ) ;
#2224 = CARTESIAN_POINT ( 'NONE',  ( 3.367778697655221012E-16, 0.000000000000000000, 2.750000000000000000 ) ) ;
#2225 = ORIENTED_EDGE ( 'NONE', *, *, #7921, .T. ) ;
#2226 = EDGE_CURVE ( 'NONE', #1520, #6921, #8666, .T. ) ;
#2227 = VERTEX_POINT ( 'NONE', #4807 ) ;
#2228 = AXIS2_PLACEMENT_3D ( 'NONE', #6177, #7023, #5388 ) ;
#2229 = CARTESIAN_POINT ( 'NONE',  ( 5.000000000000000000, 0.000000000000000000, -100.0000000000000000 ) ) ;
#2230 = ORIENTED_EDGE ( 'NONE', *, *, #8338, .T. ) ;
#2231 = CARTESIAN_POINT ( 'NONE',  ( -19.68655752103994772, 74.67986544671991567, -42.59593772390965682 ) ) ;
#2232 = CARTESIAN_POINT ( 'NONE',  ( -10.00000000000000000, 12.50000000000000000, -5.000000000000000000 ) ) ;
#2233 = STYLED_ITEM ( 'NONE', ( #4317 ), #2016 ) ;
#2234 = APPLICATION_CONTEXT ( 'automotive_design' ) ;
#2235 = DIRECTION ( 'NONE',  ( 0.2644732620533329914, 0.000000000000000000, -0.9643930182549379504 ) ) ;
#2236 = CARTESIAN_POINT ( 'NONE',  ( 0.000000000000000000, 0.000000000000000000, 0.000000000000000000 ) ) ;
#2237 = DIRECTION ( 'NONE',  ( -1.000000000000000000, -7.703719777548939991E-34, -1.264933817329265970E-17 ) ) ;
#2238 = ORIENTED_EDGE ( 'NONE', *, *, #2742, .T. ) ;
#2239 = CARTESIAN_POINT ( 'NONE',  ( -1.141807012330692039, -48.66918367361090247, -11.00000000000000000 ) ) ;
#2240 = ORIENTED_EDGE ( 'NONE', *, *, #3477, .F. ) ;
#2241 = LINE ( 'NONE', #4740, #4542 ) ;
#2242 = VERTEX_POINT ( 'NONE', #6534 ) ;
#2243 = AXIS2_PLACEMENT_3D ( 'NONE', #4297, #7474, #6682 ) ;
#2244 = VERTEX_POINT ( 'NONE', #3941 ) ;
#2245 = EDGE_CURVE ( 'NONE', #1550, #6042, #7076, .T. ) ;
#2246 = PRODUCT_DEFINITION_SHAPE ( 'NONE', 'NONE',  #5506 ) ;
#2247 = EDGE_CURVE ( 'NONE', #8041, #4461, #10295, .T. ) ;
#2248 = CYLINDRICAL_SURFACE ( 'NONE', #4513, 2.000000000000001776 ) ;
#2249 = VECTOR ( 'NONE', #7854, 1000.000000000000000 ) ;
#2250 = DIRECTION ( 'NONE',  ( -1.000000000000000000, 0.000000000000000000, 1.700709290173339793E-17 ) ) ;
#2251 = VERTEX_POINT ( 'NONE', #1515 ) ;
#2252 = CARTESIAN_POINT ( 'NONE',  ( -25.00000000000000000, 9.500000000000000000, 10.00000000000000000 ) ) ;
#2253 = ORIENTED_EDGE ( 'NONE', *, *, #4289, .T. ) ;
#2254 = ORIENTED_EDGE ( 'NONE', *, *, #3224, .T. ) ;
#2255 = CARTESIAN_POINT ( 'NONE',  ( 25.00000000000000000, -10.50000000000000000, 10.00000000000000000 ) ) ;
#2256 = VERTEX_POINT ( 'NONE', #2587 ) ;
#2257 = EDGE_CURVE ( 'NONE', #9341, #9451, #7996, .T. ) ;
#2258 = AXIS2_PLACEMENT_3D ( 'NONE', #8306, #4354, #2798 ) ;
#2259 = ADVANCED_FACE ( 'NONE', ( #4713, #3993, #4859, #837, #6483, #955 ), #899, .T. ) ;
#2260 = DIRECTION ( 'NONE',  ( 3.469446951953615175E-16, 0.000000000000000000, -1.000000000000000000 ) ) ;
#2261 = CARTESIAN_POINT ( 'NONE',  ( -13.63988578096988036, 95.00000000000000000, -4.294065530670985176 ) ) ;
#2262 = CONTEXT_DEPENDENT_SHAPE_REPRESENTATION ( #9831, #5954 ) ;
#2263 = CARTESIAN_POINT ( 'NONE',  ( -63.25715662211379708, 95.00200000000000955, -42.99587695296754930 ) ) ;
#2264 = VECTOR ( 'NONE', #6687, 1000.000000000000000 ) ;
#2265 = DIRECTION ( 'NONE',  ( 0.000000000000000000, 0.000000000000000000, -1.000000000000000000 ) ) ;
#2266 = AXIS2_PLACEMENT_3D ( 'NONE', #7522, #8396, #415 ) ;
#2267 = CARTESIAN_POINT ( 'NONE',  ( 0.000000000000000000, 95.00200000000000955, -117.2793298308826166 ) ) ;
#2268 = ORIENTED_EDGE ( 'NONE', *, *, #1957, .T. ) ;
#2269 = DIRECTION ( 'NONE',  ( -1.734723475976804876E-16, 1.000000000000000000, 0.000000000000000000 ) ) ;
#2270 = ORIENTED_EDGE ( 'NONE', *, *, #9197, .T. ) ;
#2271 = ORIENTED_EDGE ( 'NONE', *, *, #5849, .F. ) ;
#2272 = AXIS2_PLACEMENT_3D ( 'NONE', #4704, #3829, #8555 ) ;
#2273 = AXIS2_PLACEMENT_3D ( 'NONE', #8708, #5631, #1660 ) ;
#2274 = EDGE_CURVE ( 'NONE', #9606, #7389, #7895, .T. ) ;
#2275 = LINE ( 'NONE', #2905, #1658 ) ;
#2276 = DIRECTION ( 'NONE',  ( 0.000000000000000000, 1.000000000000000000, 0.000000000000000000 ) ) ;
#2277 = EDGE_CURVE ( 'NONE', #3767, #1550, #4038, .T. ) ;
#2278 = CYLINDRICAL_SURFACE ( 'NONE', #2015, 10.00000000000000355 ) ;
#2279 = CARTESIAN_POINT ( 'NONE',  ( 30.31344247896045019, 14.67986544671986060, -28.54374205374395146 ) ) ;
#2280 = AXIS2_PLACEMENT_3D ( 'NONE', #6462, #3191, #9698 ) ;
#2281 = VECTOR ( 'NONE', #6349, 1000.000000000000000 ) ;
#2282 = ORIENTED_EDGE ( 'NONE', *, *, #3384, .F. ) ;
#2283 = VERTEX_POINT ( 'NONE', #7269 ) ;
#2284 = DIRECTION ( 'NONE',  ( -1.000000000000000000, 0.000000000000000000, 0.000000000000000000 ) ) ;
#2285 = ORIENTED_EDGE ( 'NONE', *, *, #1242, .T. ) ;
#2286 = AXIS2_PLACEMENT_3D ( 'NONE', #2229, #5398, #8582 ) ;
#2287 = CARTESIAN_POINT ( 'NONE',  ( -4.000000000000000000, 1.500000000000000000, 25.50000000000000000 ) ) ;
#2288 = LINE ( 'NONE', #8638, #1191 ) ;
#2289 = EDGE_CURVE ( 'NONE', #6575, #7619, #9510, .T. ) ;
#2290 =( LENGTH_UNIT ( ) NAMED_UNIT ( * ) SI_UNIT ( .MILLI., .METRE. ) );
#2291 = CARTESIAN_POINT ( 'NONE',  ( 5.000000000000000000, 70.90000000000000568, 25.50000000000000000 ) ) ;
#2292 = ORIENTED_EDGE ( 'NONE', *, *, #4868, .F. ) ;
#2293 = DIRECTION ( 'NONE',  ( 0.000000000000000000, -1.000000000000000000, 0.000000000000000000 ) ) ;
#2294 = VERTEX_POINT ( 'NONE', #3208 ) ;
#2295 = CARTESIAN_POINT ( 'NONE',  ( 15.50000000000000000, -9.000000000000000000, 17.00000000000000000 ) ) ;
#2296 = ORIENTED_EDGE ( 'NONE', *, *, #1061, .T. ) ;
#2297 = LINE ( 'NONE', #4689, #6770 ) ;
#2298 = ORIENTED_EDGE ( 'NONE', *, *, #5663, .T. ) ;
#2299 = ADVANCED_FACE ( 'NONE', ( #2529 ), #4148, .F. ) ;
#2300 = PRODUCT_DEFINITION_SHAPE ( 'NONE', 'NONE',  #10328 ) ;
#2301 = CARTESIAN_POINT ( 'NONE',  ( 0.000000000000000000, 57.00000000000000000, -2.750000000000000000 ) ) ;
#2302 = FACE_BOUND ( 'NONE', #2135, .T. ) ;
#2303 = FACE_OUTER_BOUND ( 'NONE', #6995, .T. ) ;
#2304 = ORIENTED_EDGE ( 'NONE', *, *, #6195, .F. ) ;
#2305 = CARTESIAN_POINT ( 'NONE',  ( -10.00000000000000000, -45.00000000000000000, 0.000000000000000000 ) ) ;
#2306 = EDGE_LOOP ( 'NONE', ( #1447, #4991, #1712, #853 ) ) ;
#2307 = EDGE_LOOP ( 'NONE', ( #460, #7648 ) ) ;
#2308 = DIRECTION ( 'NONE',  ( 1.000000000000000000, 7.703719777548939991E-34, 1.264933817329265970E-17 ) ) ;
#2309 = ORIENTED_EDGE ( 'NONE', *, *, #1804, .F. ) ;
#2310 = UNCERTAINTY_MEASURE_WITH_UNIT (LENGTH_MEASURE( 1.000000000000000082E-05 ), #5346, 'distance_accuracy_value', 'NONE');
#2311 = DIRECTION ( 'NONE',  ( 1.000000000000000000, 0.000000000000000000, 0.000000000000000000 ) ) ;
#2312 = CARTESIAN_POINT ( 'NONE',  ( 5.000000000000000000, 0.000000000000000000, 4.251773225433349791E-17 ) ) ;
#2313 = FACE_OUTER_BOUND ( 'NONE', #9860, .T. ) ;
#2314 = CARTESIAN_POINT ( 'NONE',  ( 65.00000000000000000, 85.00000000000000000, -120.2793298308826024 ) ) ;
#2315 = ORIENTED_EDGE ( 'NONE', *, *, #1394, .F. ) ;
#2316 = CARTESIAN_POINT ( 'NONE',  ( 85.36863799491800364, 0.000000000000000000, -99.02829855763729938 ) ) ;
#2317 = ORIENTED_EDGE ( 'NONE', *, *, #1576, .T. ) ;
#2318 = ADVANCED_FACE ( 'NONE', ( #9620 ), #9665, .F. ) ;
#2319 = CIRCLE ( 'NONE', #3159, 2.250000000000001776 ) ;
#2320 = LINE ( 'NONE', #11, #6324 ) ;
#2321 = CARTESIAN_POINT ( 'NONE',  ( 64.46620431643840732, 0.000000000000000000, -107.8905347760014024 ) ) ;
#2322 = DIRECTION ( 'NONE',  ( 0.6949125091559835710, 8.616427975903273337E-17, -0.7190942946641525335 ) ) ;
#2323 = DIRECTION ( 'NONE',  ( 0.8337546385222528444, 0.000000000000000000, 0.5521351308716259121 ) ) ;
#2324 = VECTOR ( 'NONE', #5927, 1000.000000000000000 ) ;
#2325 = CARTESIAN_POINT ( 'NONE',  ( -19.68655752103954981, 34.67986544671985172, -28.54374205374395146 ) ) ;
#2326 = ADVANCED_FACE ( 'NONE', ( #8883 ), #1732, .F. ) ;
#2327 = VERTEX_POINT ( 'NONE', #7519 ) ;
#2328 = EDGE_LOOP ( 'NONE', ( #8852, #6142, #1004, #7046 ) ) ;
#2329 = CARTESIAN_POINT ( 'NONE',  ( -64.46620431643840732, 95.00000000000000000, -110.1405347760014024 ) ) ;
#2331 = EDGE_LOOP ( 'NONE', ( #5028, #3960, #813, #3000 ) ) ;
#2330 = PRODUCT_RELATED_PRODUCT_CATEGORY ( 'part', '', ( #8613 ) ) ;
#2332 = CARTESIAN_POINT ( 'NONE',  ( 58.74171087241099798, 95.00000000000000000, -90.51182856389580422 ) ) ;
#2333 = FACE_OUTER_BOUND ( 'NONE', #9487, .T. ) ;
#2334 = DIRECTION ( 'NONE',  ( 0.000000000000000000, -1.000000000000000000, 0.000000000000000000 ) ) ;
#2335 = PLANE ( 'NONE',  #1032 ) ;
#2336 = EDGE_CURVE ( 'NONE', #2136, #5610, #3472, .T. ) ;
#2337 = ORIENTED_EDGE ( 'NONE', *, *, #7679, .F. ) ;
#2338 = DIRECTION ( 'NONE',  ( 1.000000000000000000, 0.000000000000000000, 0.000000000000000000 ) ) ;
#2339 = EDGE_LOOP ( 'NONE', ( #5896, #7909, #5754, #1737 ) ) ;
#2340 = FACE_BOUND ( 'NONE', #5769, .T. ) ;
#2341 = ORIENTED_EDGE ( 'NONE', *, *, #646, .T. ) ;
#2342 = DIRECTION ( 'NONE',  ( 0.000000000000000000, 1.000000000000000000, 0.000000000000000000 ) ) ;
#2344 = ORIENTED_EDGE ( 'NONE', *, *, #2729, .F. ) ;
#2343 = EDGE_CURVE ( 'NONE', #7232, #8999, #4573, .T. ) ;
#2345 = PLANE ( 'NONE',  #9881 ) ;
#2346 = AXIS2_PLACEMENT_3D ( 'NONE', #2878, #2034, #571 ) ;
#2347 = DIRECTION ( 'NONE',  ( 0.000000000000000000, 0.000000000000000000, 1.000000000000000000 ) ) ;
#2348 = DIRECTION ( 'NONE',  ( 0.000000000000000000, 0.000000000000000000, 1.000000000000000000 ) ) ;
#2349 = ORIENTED_EDGE ( 'NONE', *, *, #2097, .F. ) ;
#2350 = DIRECTION ( 'NONE',  ( 1.000000000000000000, 0.000000000000000000, 0.000000000000000000 ) ) ;
#2351 = ORIENTED_EDGE ( 'NONE', *, *, #8376, .T. ) ;
#2352 = VECTOR ( 'NONE', #5334, 1000.000000000000000 ) ;
#2353 = VERTEX_POINT ( 'NONE', #1049 ) ;
#2354 = SURFACE_SIDE_STYLE ('',( #4187 ) ) ;
#2355 = ORIENTED_EDGE ( 'NONE', *, *, #8621, .T. ) ;
#2356 = ADVANCED_FACE ( 'NONE', ( #1833 ), #9140, .F. ) ;
#2357 = EDGE_CURVE ( 'NONE', #6678, #3726, #3516, .T. ) ;
#2358 = AXIS2_PLACEMENT_3D ( 'NONE', #3757, #6721, #2017 ) ;
#2359 = CARTESIAN_POINT ( 'NONE',  ( -10.00000000000000000, 12.50000000000000000, -2.919778432960205056E-15 ) ) ;
#2360 = AXIS2_PLACEMENT_3D ( 'NONE', #5651, #9520, #4002 ) ;
#2361 = AXIS2_PLACEMENT_3D ( 'NONE', #3822, #6788, #9971 ) ;
#2362 = LINE ( 'NONE', #2312, #8866 ) ;
#2363 = CARTESIAN_POINT ( 'NONE',  ( 61.82390241499599881, 95.00000000000000000, -100.2793298308827872 ) ) ;
#2364 = CARTESIAN_POINT ( 'NONE',  ( -64.46620431643840732, 0.000000000000000000, -107.8905347760014024 ) ) ;
#2365 = ORIENTED_EDGE ( 'NONE', *, *, #2277, .F. ) ;
#2366 = AXIS2_PLACEMENT_3D ( 'NONE', #4314, #7491, #8362 ) ;
#2367 = CARTESIAN_POINT ( 'NONE',  ( -59.14441049068479828, 0.000000000000000000, -100.2793298308827872 ) ) ;
#2368 = VERTEX_POINT ( 'NONE', #5009 ) ;
#2369 = CLOSED_SHELL ( 'NONE', ( #10289, #3210, #1117, #77, #8015, #1019 ) ) ;
#2370 = AXIS2_PLACEMENT_3D ( 'NONE', #5803, #1048, #9769 ) ;
#2371 = VECTOR ( 'NONE', #6878, 1000.000000000000000 ) ;
#2372 = APPLICATION_CONTEXT ( 'automotive_design' ) ;
#2373 = CARTESIAN_POINT ( 'NONE',  ( -4.097102809555155822, 1.640108463691943408, -2.190742461016558895 ) ) ;
#2374 = CARTESIAN_POINT ( 'NONE',  ( 25.00000000000000000, -5.500000000000000000, 20.00000000000000000 ) ) ;
#2375 = APPLICATION_PROTOCOL_DEFINITION ( 'draft international standard', 'automotive_design', 1998, #10233 ) ;
#2376 = AXIS2_PLACEMENT_3D ( 'NONE', #5174, #2755, #7689 ) ;
#2377 = EDGE_CURVE ( 'NONE', #1611, #7457, #5851, .T. ) ;
#2378 = AXIS2_PLACEMENT_3D ( 'NONE', #8963, #1763, #1650 ) ;
#2379 = CARTESIAN_POINT ( 'NONE',  ( 98.00000000000000000, 85.00000000000000000, -120.2793298308826024 ) ) ;
#2380 = AXIS2_PLACEMENT_3D ( 'NONE', #490, #7545, #2005 ) ;
#2381 = LINE ( 'NONE', #9523, #4092 ) ;
#2382 = ORIENTED_EDGE ( 'NONE', *, *, #2562, .F. ) ;
#2383 = EDGE_LOOP ( 'NONE', ( #431, #10254, #7416, #6470 ) ) ;
#2384 = VECTOR ( 'NONE', #10094, 1000.000000000000000 ) ;
#2385 = CARTESIAN_POINT ( 'NONE',  ( 2.500000000000000000, 67.90000000000000568, 25.50000000000000000 ) ) ;
#2386 = ORIENTED_EDGE ( 'NONE', *, *, #6269, .F. ) ;
#2387 = EDGE_CURVE ( 'NONE', #3792, #6172, #5906, .T. ) ;
#2388 = CARTESIAN_POINT ( 'NONE',  ( -5.204170427930419706E-15, 10.00000000000000000, 5.000000000000000000 ) ) ;
#2389 = CARTESIAN_POINT ( 'NONE',  ( -15.00000000000000000, 12.50000000000000000, 20.00000000000000000 ) ) ;
#2390 =( NAMED_UNIT ( * ) SI_UNIT ( $, .STERADIAN. ) SOLID_ANGLE_UNIT ( ) );
#2391 = EDGE_CURVE ( 'NONE', #9476, #4140, #1883, .T. ) ;
#2392 =( NAMED_UNIT ( * ) SI_UNIT ( $, .STERADIAN. ) SOLID_ANGLE_UNIT ( ) );
#2393 = AXIS2_PLACEMENT_3D ( 'NONE', #4134, #1868, #9806 ) ;
#2394 = DIRECTION ( 'NONE',  ( 0.000000000000000000, 0.000000000000000000, 1.000000000000000000 ) ) ;
#2395 = DIRECTION ( 'NONE',  ( 0.000000000000000000, 0.000000000000000000, 1.000000000000000000 ) ) ;
#2396 = VERTEX_POINT ( 'NONE', #9036 ) ;
#2397 = CARTESIAN_POINT ( 'NONE',  ( -96.67003710817799345, 95.00000000000000000, -93.45117771904560300 ) ) ;
#2398 = ORIENTED_EDGE ( 'NONE', *, *, #9182, .F. ) ;
#2399 = CARTESIAN_POINT ( 'NONE',  ( 63.94170910735159907, 0.000000000000000000, -99.05349224005480835 ) ) ;
#2400 = ORIENTED_EDGE ( 'NONE', *, *, #7313, .T. ) ;
#2401 = CARTESIAN_POINT ( 'NONE',  ( -25.00000000000000000, 5.500000000000000000, 10.00000000000000000 ) ) ;
#2402 = EDGE_LOOP ( 'NONE', ( #406, #9843 ) ) ;
#2403 = STYLED_ITEM ( 'NONE', ( #9588 ), #1898 ) ;
#2404 = DIRECTION ( 'NONE',  ( 0.000000000000000000, 0.000000000000000000, -1.000000000000000000 ) ) ;
#2405 = EDGE_LOOP ( 'NONE', ( #5287, #6982, #4646, #6367 ) ) ;
#2406 = ADVANCED_FACE ( 'NONE', ( #9972 ), #6789, .T. ) ;
#2407 = DIRECTION ( 'NONE',  ( 0.000000000000000000, -1.000000000000000000, 0.000000000000000000 ) ) ;
#2408 = EDGE_CURVE ( 'NONE', #7556, #5338, #5060, .T. ) ;
#2409 = LINE ( 'NONE', #5576, #9858 ) ;
#2410 = CIRCLE ( 'NONE', #7738, 2.250000000000000000 ) ;
#2411 = CARTESIAN_POINT ( 'NONE',  ( 59.14441049068479828, 95.00000000000000000, -90.27932983088280139 ) ) ;
#2412 = EDGE_LOOP ( 'NONE', ( #4683, #483, #2214, #8764, #8399 ) ) ;
#2413 = ORIENTED_EDGE ( 'NONE', *, *, #8987, .T. ) ;
#2414 = DIRECTION ( 'NONE',  ( 0.7147181510295876894, 0.000000000000000000, -0.6994125853806516524 ) ) ;
#2415 = ORIENTED_EDGE ( 'NONE', *, *, #4630, .T. ) ;
#2416 = AXIS2_PLACEMENT_3D ( 'NONE', #8550, #7190, #7669 ) ;
#2417 = PRODUCT_DEFINITION_CONTEXT ( 'detailed design', #5559, 'design' ) ;
#2418 = EDGE_CURVE ( 'NONE', #673, #9747, #10237, .T. ) ;
#2419 = LINE ( 'NONE', #896, #3520 ) ;
#2420 = PRODUCT_DEFINITION_SHAPE ( 'NONE', 'NONE',  #2604 ) ;
#2421 = EDGE_CURVE ( 'NONE', #9501, #3662, #8154, .T. ) ;
#2422 = CARTESIAN_POINT ( 'NONE',  ( 3.000000000000000000, 0.000000000000000000, -85.14486490616360470 ) ) ;
#2423 = DIRECTION ( 'NONE',  ( 0.000000000000000000, 0.000000000000000000, 1.000000000000000000 ) ) ;
#2424 = FACE_OUTER_BOUND ( 'NONE', #6252, .T. ) ;
#2425 = DIRECTION ( 'NONE',  ( -1.000000000000000000, -1.734723475976806848E-16, 0.000000000000000000 ) ) ;
#2426 = ORIENTED_EDGE ( 'NONE', *, *, #3417, .F. ) ;
#2427 = EDGE_CURVE ( 'NONE', #9658, #580, #4195, .T. ) ;
#2428 = AXIS2_PLACEMENT_3D ( 'NONE', #1023, #4066, #3294 ) ;
#2429 = CARTESIAN_POINT ( 'NONE',  ( -10.00000000000000000, 47.50000000000000000, -120.2803298308827920 ) ) ;
#2430 = EDGE_LOOP ( 'NONE', ( #6335, #2799, #1827, #1148 ) ) ;
#2431 = EDGE_CURVE ( 'NONE', #485, #5001, #4965, .T. ) ;
#2432 = DIRECTION ( 'NONE',  ( -0.7071067811865465735, 0.7071067811865485719, 0.000000000000000000 ) ) ;
#2433 = DIRECTION ( 'NONE',  ( 0.000000000000000000, 0.000000000000000000, 1.000000000000000000 ) ) ;
#2434 = ITEM_DEFINED_TRANSFORMATION ( 'NONE', 'NONE', #218,  #5194 ) ;
#2435 = VECTOR ( 'NONE', #3114, 1000.000000000000000 ) ;
#2436 = DIRECTION ( 'NONE',  ( -1.000000000000000000, 0.000000000000000000, 0.000000000000000000 ) ) ;
#2437 = FACE_OUTER_BOUND ( 'NONE', #8068, .T. ) ;
#2438 = VERTEX_POINT ( 'NONE', #1934 ) ;
#2439 = ORIENTED_EDGE ( 'NONE', *, *, #1473, .F. ) ;
#2440 = STYLED_ITEM ( 'NONE', ( #7275 ), #4962 ) ;
#2441 = VECTOR ( 'NONE', #4605, 1000.000000000000000 ) ;
#2442 = CARTESIAN_POINT ( 'NONE',  ( 5.000000000000000000, 80.40000000000000568, 25.50000000000000000 ) ) ;
#2443 = ORIENTED_EDGE ( 'NONE', *, *, #409, .T. ) ;
#2444 = FACE_OUTER_BOUND ( 'NONE', #1637, .T. ) ;
#2445 = DIRECTION ( 'NONE',  ( 0.000000000000000000, -1.000000000000000000, 0.000000000000000000 ) ) ;
#2446 =( NAMED_UNIT ( * ) PLANE_ANGLE_UNIT ( ) SI_UNIT ( $, .RADIAN. ) );
#2447 = CARTESIAN_POINT ( 'NONE',  ( -19.68655752103994772, 74.67986544671991567, -28.54374205374395146 ) ) ;
#2448 = CIRCLE ( 'NONE', #8262, 8.146642442969046272 ) ;
#2449 = AXIS2_PLACEMENT_3D ( 'NONE', #149, #6523, #4903 ) ;
#2450 = CARTESIAN_POINT ( 'NONE',  ( 15.50000000000000000, 8.500000000000000000, 17.00000000000000000 ) ) ;
#2451 = LINE ( 'NONE', #1646, #5748 ) ;
#2452 = ORIENTED_EDGE ( 'NONE', *, *, #1108, .F. ) ;
#2453 = CARTESIAN_POINT ( 'NONE',  ( 0.000000000000000000, 5.000000000000000000, 10.00000000000000000 ) ) ;
#2454 = VERTEX_POINT ( 'NONE', #9819 ) ;
#2455 = FACE_OUTER_BOUND ( 'NONE', #2522, .T. ) ;
#2456 = VERTEX_POINT ( 'NONE', #214 ) ;
#2457 = DIRECTION ( 'NONE',  ( 0.000000000000000000, 1.000000000000000000, 0.000000000000000000 ) ) ;
#2458 = ADVANCED_FACE ( 'NONE', ( #3421 ), #9772, .T. ) ;
#2459 = ORIENTED_EDGE ( 'NONE', *, *, #411, .F. ) ;
#2460 = AXIS2_PLACEMENT_3D ( 'NONE', #10223, #620, #4487 ) ;
#2461 = AXIS2_PLACEMENT_3D ( 'NONE', #9592, #9486, #1648 ) ;
#2462 = DIRECTION ( 'NONE',  ( 0.000000000000000000, 0.000000000000000000, 1.000000000000000000 ) ) ;
#2463 = CARTESIAN_POINT ( 'NONE',  ( 3.367778697655221012E-16, 57.00000000000000000, 2.750000000000000000 ) ) ;
#2464 = FACE_BOUND ( 'NONE', #2833, .T. ) ;
#2465 = AXIS2_PLACEMENT_3D ( 'NONE', #8136, #5236, #2172 ) ;
#2466 = ORIENTED_EDGE ( 'NONE', *, *, #2127, .F. ) ;
#2467 = LINE ( 'NONE', #7936, #10266 ) ;
#2468 = ORIENTED_EDGE ( 'NONE', *, *, #3979, .F. ) ;
#2469 = ORIENTED_EDGE ( 'NONE', *, *, #10085, .T. ) ;
#2470 = LINE ( 'NONE', #3413, #9771 ) ;
#2471 = VERTEX_POINT ( 'NONE', #6586 ) ;
#2472 = EDGE_CURVE ( 'NONE', #5610, #2211, #1565, .T. ) ;
#2473 = ORIENTED_EDGE ( 'NONE', *, *, #4992, .F. ) ;
#2474 = PRODUCT_RELATED_PRODUCT_CATEGORY ( 'part', '', ( #9119 ) ) ;
#2475 = PLANE ( 'NONE',  #4014 ) ;
#2476 = DIRECTION ( 'NONE',  ( -1.000000000000000000, 0.000000000000000000, 1.700709290173340409E-17 ) ) ;
#2477 = PRESENTATION_LAYER_ASSIGNMENT (  '', '', ( #5454 ) ) ;
#2478 = DIRECTION ( 'NONE',  ( 1.000000000000000000, -1.368455531567203867E-48, 1.700709290173339793E-17 ) ) ;
#2479 = LINE ( 'NONE', #5642, #7055 ) ;
#2480 = DIRECTION ( 'NONE',  ( 1.734723475976804876E-16, -1.000000000000000000, 0.000000000000000000 ) ) ;
#2481 = ORIENTED_EDGE ( 'NONE', *, *, #3929, .F. ) ;
#2482 = FILL_AREA_STYLE ('',( #960 ) ) ;
#2483 = ORIENTED_EDGE ( 'NONE', *, *, #3047, .F. ) ;
#2484 = ADVANCED_FACE ( 'NONE', ( #267 ), #2680, .F. ) ;
#2485 = EDGE_CURVE ( 'NONE', #4173, #2107, #10125, .T. ) ;
#2486 = DIRECTION ( 'NONE',  ( 0.000000000000000000, -1.000000000000000000, 0.000000000000000000 ) ) ;
#2487 = FACE_BOUND ( 'NONE', #4653, .T. ) ;
#2488 = CONTEXT_DEPENDENT_SHAPE_REPRESENTATION ( #7172, #3544 ) ;
#2489 = CARTESIAN_POINT ( 'NONE',  ( 30.31344247896045019, 34.67986544671985172, -28.54374205374395146 ) ) ;
#2490 = AXIS2_PLACEMENT_3D ( 'NONE', #1285, #4326, #8231 ) ;
#2491 = LINE ( 'NONE', #3333, #8406 ) ;
#2492 = EDGE_LOOP ( 'NONE', ( #639, #260, #1888, #69 ) ) ;
#2493 = ORIENTED_EDGE ( 'NONE', *, *, #2077, .T. ) ;
#2494 = ORIENTED_EDGE ( 'NONE', *, *, #7375, .T. ) ;
#2495 = EDGE_CURVE ( 'NONE', #2991, #5985, #9903, .T. ) ;
#2496 = CARTESIAN_POINT ( 'NONE',  ( 15.50000000000000000, 3.851859888774469653E-33, 25.50000000000000000 ) ) ;
#2497 = DIRECTION ( 'NONE',  ( 1.700709290173339793E-17, 0.000000000000000000, 1.000000000000000000 ) ) ;
#2498 =( NAMED_UNIT ( * ) PLANE_ANGLE_UNIT ( ) SI_UNIT ( $, .RADIAN. ) );
#2499 = CARTESIAN_POINT ( 'NONE',  ( -2.500000000000000000, 0.000000000000000000, -2.500000000000000000 ) ) ;
#2500 = CARTESIAN_POINT ( 'NONE',  ( 0.000000000000000000, 18.00000000000000000, -14.24237984354699904 ) ) ;
#2501 = DIRECTION ( 'NONE',  ( 0.000000000000000000, 0.000000000000000000, 1.000000000000000000 ) ) ;
#2502 = VERTEX_POINT ( 'NONE', #1353 ) ;
#2503 = CARTESIAN_POINT ( 'NONE',  ( -5.204170427930419706E-15, 10.00000000000000000, -16.00000000000000000 ) ) ;
#2504 = ORIENTED_EDGE ( 'NONE', *, *, #6756, .T. ) ;
#2505 = CARTESIAN_POINT ( 'NONE',  ( -2.500000000000000000, 69.40000000000000568, 25.50000000000000000 ) ) ;
#2506 = VECTOR ( 'NONE', #2803, 1000.000000000000000 ) ;
#2507 = EDGE_LOOP ( 'NONE', ( #1437, #1649 ) ) ;
#2508 = DIRECTION ( 'NONE',  ( 1.700709290173339793E-17, 1.816464372750584614E-16, -1.000000000000000000 ) ) ;
#2509 = EDGE_LOOP ( 'NONE', ( #3324, #1472, #3577, #7857 ) ) ;
#2510 = EDGE_CURVE ( 'NONE', #4687, #10038, #4784, .T. ) ;
#2511 = DIRECTION ( 'NONE',  ( 0.000000000000000000, 0.000000000000000000, 1.000000000000000000 ) ) ;
#2512 = LINE ( 'NONE', #5791, #8844 ) ;
#2513 = DIRECTION ( 'NONE',  ( 0.000000000000000000, -1.000000000000000000, 0.000000000000000000 ) ) ;
#2514 = DIRECTION ( 'NONE',  ( 0.7147181510295886886, 0.000000000000000000, 0.6994125853806507642 ) ) ;
#2515 = VECTOR ( 'NONE', #5965, 1000.000000000000000 ) ;
#2516 = EDGE_CURVE ( 'NONE', #3624, #3089, #2749, .T. ) ;
#2517 = DIRECTION ( 'NONE',  ( 0.000000000000000000, -1.000000000000000000, 0.000000000000000000 ) ) ;
#2518 = DIRECTION ( 'NONE',  ( -1.000000000000000000, 0.000000000000000000, 0.000000000000000000 ) ) ;
#2519 = EDGE_LOOP ( 'NONE', ( #980, #8928 ) ) ;
#2520 =( REPRESENTATION_RELATIONSHIP ('NONE','NONE', #8752, #6628 ) REPRESENTATION_RELATIONSHIP_WITH_TRANSFORMATION ( #1258 )SHAPE_REPRESENTATION_RELATIONSHIP( ) );
#2521 = EDGE_LOOP ( 'NONE', ( #1386, #9765, #7659, #455 ) ) ;
#2522 = EDGE_LOOP ( 'NONE', ( #7808, #7050, #9525, #8871 ) ) ;
#2523 = ORIENTED_EDGE ( 'NONE', *, *, #9380, .T. ) ;
#2524 = AXIS2_PLACEMENT_3D ( 'NONE', #2637, #7369, #8197 ) ;
#2525 = UNCERTAINTY_MEASURE_WITH_UNIT (LENGTH_MEASURE( 1.000000000000000082E-05 ), #7448, 'distance_accuracy_value', 'NONE');
#2526 = DIRECTION ( 'NONE',  ( 0.7071067811865465735, -0.7071067811865485719, 0.000000000000000000 ) ) ;
#2527 = EDGE_CURVE ( 'NONE', #8953, #1996, #6835, .T. ) ;
#2528 = CARTESIAN_POINT ( 'NONE',  ( 0.000000000000000000, 0.000000000000000000, -10.00000000000000000 ) ) ;
#2529 = FACE_OUTER_BOUND ( 'NONE', #7937, .T. ) ;
#2530 = CIRCLE ( 'NONE', #4842, 3.000000000000000000 ) ;
#2531 = CARTESIAN_POINT ( 'NONE',  ( -16.16773349595809606, 18.00000000000000000, -3.907055864655814226 ) ) ;
#2532 = DIRECTION ( 'NONE',  ( -0.000000000000000000, 1.000000000000000000, -0.000000000000000000 ) ) ;
#2533 = ORIENTED_EDGE ( 'NONE', *, *, #3703, .T. ) ;
#2534 = CARTESIAN_POINT ( 'NONE',  ( -4.000000000000000000, 69.40000000000000568, 25.50000000000000000 ) ) ;
#2535 = ORIENTED_EDGE ( 'NONE', *, *, #5241, .F. ) ;
#2536 = EDGE_CURVE ( 'NONE', #772, #1996, #6574, .T. ) ;
#2537 = AXIS2_PLACEMENT_3D ( 'NONE', #9312, #3797, #10044 ) ;
#2538 = LINE ( 'NONE', #6282, #3845 ) ;
#2539 = DIRECTION ( 'NONE',  ( 0.000000000000000000, 0.000000000000000000, 1.000000000000000000 ) ) ;
#2540 = ADVANCED_FACE ( 'NONE', ( #8494 ), #2987, .F. ) ;
#2541 = CARTESIAN_POINT ( 'NONE',  ( -63.94170910735129354, 10.00000000000000000, -99.05349224005489361 ) ) ;
#2542 = CIRCLE ( 'NONE', #349, 2.250000000000000000 ) ;
#2543 = EDGE_CURVE ( 'NONE', #1848, #3906, #4253, .T. ) ;
#2544 = CARTESIAN_POINT ( 'NONE',  ( 0.000000000000000000, 70.90000000000000568, 0.000000000000000000 ) ) ;
#2545 = VECTOR ( 'NONE', #4381, 1000.000000000000000 ) ;
#2546 = ORIENTED_EDGE ( 'NONE', *, *, #746, .T. ) ;
#2547 = ORIENTED_EDGE ( 'NONE', *, *, #8973, .F. ) ;
#2548 = FACE_OUTER_BOUND ( 'NONE', #9503, .T. ) ;
#2549 = VECTOR ( 'NONE', #76, 1000.000000000000000 ) ;
#2550 = CARTESIAN_POINT ( 'NONE',  ( 64.46620431643840732, 0.000000000000000000, -110.1405347760014024 ) ) ;
#2551 = AXIS2_PLACEMENT_3D ( 'NONE', #1418, #584, #3785 ) ;
#2552 = FACE_OUTER_BOUND ( 'NONE', #4810, .T. ) ;
#2553 = AXIS2_PLACEMENT_3D ( 'NONE', #8273, #5877, #7295 ) ;
#2554 = CARTESIAN_POINT ( 'NONE',  ( -34.74873734152924953, -98.03300858899099524, 15.00000000000000000 ) ) ;
#2555 = EDGE_CURVE ( 'NONE', #2138, #5633, #8742, .T. ) ;
#2556 = DIRECTION ( 'NONE',  ( 1.000000000000000000, 0.000000000000000000, 0.000000000000000000 ) ) ;
#2557 = DIRECTION ( 'NONE',  ( -1.000000000000000000, 0.000000000000000000, 0.000000000000000000 ) ) ;
#2558 = AXIS2_PLACEMENT_3D ( 'NONE', #7128, #5387, #797 ) ;
#2559 = ORIENTED_EDGE ( 'NONE', *, *, #465, .F. ) ;
#2560 = LINE ( 'NONE', #1313, #9275 ) ;
#2561 = ORIENTED_EDGE ( 'NONE', *, *, #5326, .F. ) ;
#2562 = EDGE_CURVE ( 'NONE', #7534, #4549, #7784, .T. ) ;
#2563 = DIRECTION ( 'NONE',  ( 0.000000000000000000, 0.000000000000000000, 1.000000000000000000 ) ) ;
#2564 = ORIENTED_EDGE ( 'NONE', *, *, #5180, .F. ) ;
#2565 = LINE ( 'NONE', #8699, #1777 ) ;
#2566 = ORIENTED_EDGE ( 'NONE', *, *, #10290, .T. ) ;
#2567 = CYLINDRICAL_SURFACE ( 'NONE', #2141, 3.000000000000000000 ) ;
#2568 = CARTESIAN_POINT ( 'NONE',  ( 1.734723475976804925E-15, 0.000000000000000000, -6.938893903907229955E-15 ) ) ;
#2569 = CIRCLE ( 'NONE', #8370, 4.000000000000000000 ) ;
#2570 = CARTESIAN_POINT ( 'NONE',  ( -19.68655752103954981, 34.67986544671985172, -120.2803298308827920 ) ) ;
#2571 = CARTESIAN_POINT ( 'NONE',  ( 10.00000000000000000, -12.50000000000000000, -5.000000000000000000 ) ) ;
#2572 = CARTESIAN_POINT ( 'NONE',  ( 15.50000000000000000, 3.851859888774469653E-33, 1.000000000000000000 ) ) ;
#2573 = ORIENTED_EDGE ( 'NONE', *, *, #2864, .F. ) ;
#2574 = CARTESIAN_POINT ( 'NONE',  ( -27.68655752103954981, 34.67986544671985172, -120.2803298308827920 ) ) ;
#2575 = ORIENTED_EDGE ( 'NONE', *, *, #2668, .F. ) ;
#2576 = EDGE_CURVE ( 'NONE', #4547, #1546, #2918, .T. ) ;
#2577 = ORIENTED_EDGE ( 'NONE', *, *, #2668, .T. ) ;
#2578 = DIRECTION ( 'NONE',  ( -1.000000000000000000, -1.734723475976804876E-16, 0.000000000000000000 ) ) ;
#2579 = EDGE_LOOP ( 'NONE', ( #4335, #2547, #7772, #2600 ) ) ;
#2580 = ORIENTED_EDGE ( 'NONE', *, *, #10053, .T. ) ;
#2581 = B_SPLINE_CURVE_WITH_KNOTS ( 'NONE', 3,
 ( #7386, #9984, #5917, #2746, #1845, #6010, #225, #9101, #1060, #8305, #9196, #321, #9151, #8353 ),
 .UNSPECIFIED., .F., .F.,
 ( 4, 2, 2, 2, 2, 2, 4 ),
 ( 0.000000000000000000, 0.0005335828852272602027, 0.001067165770454520405, 0.002134331540909041244, 0.003201497311363561867, 0.003735080196590822178, 0.004268663081818082489 ),
 .UNSPECIFIED. ) ;
#2582 = ADVANCED_FACE ( 'NONE', ( #10072 ), #1406, .F. ) ;
#2583 = CARTESIAN_POINT ( 'NONE',  ( 64.46620431643840732, 0.000000000000000000, -107.8905347760014024 ) ) ;
#2584 = VECTOR ( 'NONE', #3010, 1000.000000000000000 ) ;
#2585 = DIRECTION ( 'NONE',  ( 0.000000000000000000, 0.000000000000000000, 1.000000000000000000 ) ) ;
#2586 = APPLICATION_CONTEXT ( 'automotive_design' ) ;
#2587 = CARTESIAN_POINT ( 'NONE',  ( -64.46620431643840732, 85.00000000000000000, -107.8905347760014024 ) ) ;
#2588 = CARTESIAN_POINT ( 'NONE',  ( 3.367778697655221012E-16, 39.00000000000000000, 2.750000000000000000 ) ) ;
#2589 = ORIENTED_EDGE ( 'NONE', *, *, #7171, .F. ) ;
#2590 = EDGE_CURVE ( 'NONE', #1409, #7123, #464, .T. ) ;
#2591 = PLANE ( 'NONE',  #8580 ) ;
#2592 = ORIENTED_EDGE ( 'NONE', *, *, #3427, .F. ) ;
#2593 = EDGE_CURVE ( 'NONE', #6279, #8437, #6050, .T. ) ;
#2594 = DIRECTION ( 'NONE',  ( 0.000000000000000000, 1.000000000000000000, 0.000000000000000000 ) ) ;
#2595 = DIRECTION ( 'NONE',  ( -0.000000000000000000, 1.000000000000000000, -0.000000000000000000 ) ) ;
#2596 = SHAPE_DEFINITION_REPRESENTATION ( #4457, #9551 ) ;
#2597 = DIRECTION ( 'NONE',  ( 0.000000000000000000, 0.000000000000000000, 1.000000000000000000 ) ) ;
#2598 = DIRECTION ( 'NONE',  ( -5.204170427930419311E-16, 1.000000000000000000, -4.629113068246459841E-32 ) ) ;
#2599 = ORIENTED_EDGE ( 'NONE', *, *, #7198, .F. ) ;
#2600 = ORIENTED_EDGE ( 'NONE', *, *, #4694, .T. ) ;
#2601 = EDGE_CURVE ( 'NONE', #1975, #3064, #4546, .T. ) ;
#2602 = VERTEX_POINT ( 'NONE', #3823 ) ;
#2603 = VECTOR ( 'NONE', #2948, 1000.000000000000000 ) ;
#2604 = PRODUCT_DEFINITION ( 'UNKNOWN', '', #3247, #3262 ) ;
#2605 = CARTESIAN_POINT ( 'NONE',  ( 15.50000000000000000, -9.000000000000000000, 17.00000000000000000 ) ) ;
#2606 = DIRECTION ( 'NONE',  ( -1.734723475976804876E-16, 1.000000000000000000, 0.000000000000000000 ) ) ;
#2607 = CYLINDRICAL_SURFACE ( 'NONE', #9735, 2.250000000000001776 ) ;
#2608 = DIRECTION ( 'NONE',  ( 0.000000000000000000, 0.000000000000000000, 1.000000000000000000 ) ) ;
#2609 = LINE ( 'NONE', #6561, #581 ) ;
#2610 = AXIS2_PLACEMENT_3D ( 'NONE', #367, #4449, #9094 ) ;
#2611 = CIRCLE ( 'NONE', #2771, 2.250000000000000000 ) ;
#2612 = ORIENTED_EDGE ( 'NONE', *, *, #6327, .T. ) ;
#2613 = CARTESIAN_POINT ( 'NONE',  ( 5.000000000000000000, -9.000000000000000000, 6.000000000000000000 ) ) ;
#2614 = FACE_OUTER_BOUND ( 'NONE', #1724, .T. ) ;
#2615 = VERTEX_POINT ( 'NONE', #10173 ) ;
#2616 = DIRECTION ( 'NONE',  ( 0.000000000000000000, 0.000000000000000000, -1.000000000000000000 ) ) ;
#2617 = ADVANCED_FACE ( 'NONE', ( #3039 ), #9537, .F. ) ;
#2618 = ORIENTED_EDGE ( 'NONE', *, *, #5879, .F. ) ;
#2619 = EDGE_CURVE ( 'NONE', #4651, #9913, #6907, .T. ) ;
#2620 = STYLED_ITEM ( 'NONE', ( #2027 ), #5495 ) ;
#2621 = DIRECTION ( 'NONE',  ( -0.000000000000000000, -1.000000000000000000, -0.000000000000000000 ) ) ;
#2622 = DIRECTION ( 'NONE',  ( -1.734723475976810053E-15, -1.734723475976805122E-15, -1.000000000000000000 ) ) ;
#2623 = AXIS2_PLACEMENT_3D ( 'NONE', #2239, #2976, #6041 ) ;
#2624 = LINE ( 'NONE', #1818, #4551 ) ;
#2625 = DIRECTION ( 'NONE',  ( -1.000000000000000000, 0.000000000000000000, 1.700709290173339793E-17 ) ) ;
#2626 = EDGE_LOOP ( 'NONE', ( #7286, #5618, #617, #3532, #619, #784, #6782, #2317 ) ) ;
#2627 = DIRECTION ( 'NONE',  ( 0.000000000000000000, 0.000000000000000000, -1.000000000000000000 ) ) ;
#2628 = ORIENTED_EDGE ( 'NONE', *, *, #1410, .F. ) ;
#2629 = AXIS2_PLACEMENT_3D ( 'NONE', #6147, #9332, #2185 ) ;
#2630 = CIRCLE ( 'NONE', #3436, 2.250000000000001776 ) ;
#2631 = ORIENTED_EDGE ( 'NONE', *, *, #5572, .F. ) ;
#2632 = CARTESIAN_POINT ( 'NONE',  ( -90.00000000000000000, 95.00000000000000000, -97.86825876601859875 ) ) ;
#2633 = ORIENTED_EDGE ( 'NONE', *, *, #3018, .T. ) ;
#2634 = ADVANCED_FACE ( 'NONE', ( #812 ), #1246, .T. ) ;
#2635 = UNCERTAINTY_MEASURE_WITH_UNIT (LENGTH_MEASURE( 1.000000000000000082E-05 ), #2818, 'distance_accuracy_value', 'NONE');
#2636 = VECTOR ( 'NONE', #5448, 1000.000000000000000 ) ;
#2637 = CARTESIAN_POINT ( 'NONE',  ( -59.14441049068479828, 10.00000000000000000, -90.27932983088280139 ) ) ;
#2638 = FILL_AREA_STYLE_COLOUR ( '', #6956 ) ;
#2639 = DIRECTION ( 'NONE',  ( 0.000000000000000000, 0.000000000000000000, -1.000000000000000000 ) ) ;
#2640 = CARTESIAN_POINT ( 'NONE',  ( -25.00000000000000000, -9.500000000000000000, 10.00000000000000000 ) ) ;
#2641 = VERTEX_POINT ( 'NONE', #922 ) ;
#2642 = CARTESIAN_POINT ( 'NONE',  ( 0.000000000000000000, 9.000000000000000000, 10.00000000000000000 ) ) ;
#2643 = EDGE_LOOP ( 'NONE', ( #8635, #4579, #6631, #8488 ) ) ;
#2644 = CARTESIAN_POINT ( 'NONE',  ( -5.000000000000000000, 15.00000000000000000, 21.75000000000000000 ) ) ;
#2645 = FACE_OUTER_BOUND ( 'NONE', #3015, .T. ) ;
#2646 = CARTESIAN_POINT ( 'NONE',  ( -5.204170427930419706E-15, 10.00000000000000000, -16.00000000000000000 ) ) ;
#2647 = EDGE_CURVE ( 'NONE', #2138, #3081, #4122, .T. ) ;
#2648 = DIRECTION ( 'NONE',  ( 0.000000000000000000, 0.000000000000000000, 1.000000000000000000 ) ) ;
#2649 = EDGE_LOOP ( 'NONE', ( #5818, #3297, #49, #6211 ) ) ;
#2650 = ORIENTED_EDGE ( 'NONE', *, *, #9863, .F. ) ;
#2651 = VERTEX_POINT ( 'NONE', #9691 ) ;
#2652 = CARTESIAN_POINT ( 'NONE',  ( -19.68655752103954981, 14.67986544671986060, -42.59593772390965682 ) ) ;
#2653 = CYLINDRICAL_SURFACE ( 'NONE', #7868, 5.000000000000000000 ) ;
#2654 =( NAMED_UNIT ( * ) SI_UNIT ( $, .STERADIAN. ) SOLID_ANGLE_UNIT ( ) );
#2655 = CIRCLE ( 'NONE', #10305, 2.250000000000001776 ) ;
#2656 = PLANE ( 'NONE',  #6731 ) ;
#2657 = EDGE_CURVE ( 'NONE', #5529, #8372, #6409, .T. ) ;
#2658 = DIRECTION ( 'NONE',  ( 0.000000000000000000, -1.000000000000000000, 0.000000000000000000 ) ) ;
#2659 = DIRECTION ( 'NONE',  ( 0.000000000000000000, 0.000000000000000000, -1.000000000000000000 ) ) ;
#2660 = EDGE_LOOP ( 'NONE', ( #7432, #5136 ) ) ;
#2661 = CARTESIAN_POINT ( 'NONE',  ( -75.00000000000000000, 150.0000000000000000, -75.00000000000000000 ) ) ;
#2662 = LINE ( 'NONE', #871, #3557 ) ;
#2663 = DIRECTION ( 'NONE',  ( -1.000000000000000000, 0.000000000000000000, 0.000000000000000000 ) ) ;
#2664 = ORIENTED_EDGE ( 'NONE', *, *, #3627, .F. ) ;
#2665 = DIRECTION ( 'NONE',  ( -1.165290405000613937E-33, 1.000000000000000000, 3.122048140665064724E-17 ) ) ;
#2666 = CARTESIAN_POINT ( 'NONE',  ( 0.000000000000000000, 5.000000000000000000, 0.000000000000000000 ) ) ;
#2667 = CARTESIAN_POINT ( 'NONE',  ( 94.00000000000000000, 10.00000000000000000, -104.7964619962939992 ) ) ;
#2668 = EDGE_CURVE ( 'NONE', #9926, #445, #5038, .T. ) ;
#2669 = LINE ( 'NONE', #940, #1361 ) ;
#2670 = AXIS2_PLACEMENT_3D ( 'NONE', #2550, #4781, #5717 ) ;
#2671 = EDGE_CURVE ( 'NONE', #754, #155, #8224, .T. ) ;
#2672 = ORIENTED_EDGE ( 'NONE', *, *, #1305, .T. ) ;
#2673 = CARTESIAN_POINT ( 'NONE',  ( -5.000000000000000000, 70.90000000000000568, 25.50000000000000000 ) ) ;
#2674 = ORIENTED_EDGE ( 'NONE', *, *, #7215, .T. ) ;
#2675 = VERTEX_POINT ( 'NONE', #6616 ) ;
#2676 = SURFACE_SIDE_STYLE ('',( #4241 ) ) ;
#2677 = ORIENTED_EDGE ( 'NONE', *, *, #65, .F. ) ;
#2678 = AXIS2_PLACEMENT_3D ( 'NONE', #8210, #2594, #9729 ) ;
#2679 = DIRECTION ( 'NONE',  ( -0.000000000000000000, -1.000000000000000000, -0.000000000000000000 ) ) ;
#2680 = PLANE ( 'NONE',  #2243 ) ;
#2681 = EDGE_CURVE ( 'NONE', #9329, #3408, #6234, .T. ) ;
#2682 = CARTESIAN_POINT ( 'NONE',  ( 0.000000000000000000, 5.000000000000000000, -10.00000000000000000 ) ) ;
#2683 = ORIENTED_EDGE ( 'NONE', *, *, #2788, .F. ) ;
#2684 = AXIS2_PLACEMENT_3D ( 'NONE', #3729, #7626, #5214 ) ;
#2685 = CARTESIAN_POINT ( 'NONE',  ( 25.00000000000000000, 9.000000000000000000, -2.250000000000000000 ) ) ;
#2686 = VERTEX_POINT ( 'NONE', #3395 ) ;
#2687 = DIRECTION ( 'NONE',  ( 0.000000000000000000, 0.000000000000000000, -1.000000000000000000 ) ) ;
#2688 = CIRCLE ( 'NONE', #676, 4.000000000000000000 ) ;
#2689 = DIRECTION ( 'NONE',  ( -1.734723475976804876E-16, 1.000000000000000000, 0.000000000000000000 ) ) ;
#2690 = LINE ( 'NONE', #9828, #851 ) ;
#2691 = CARTESIAN_POINT ( 'NONE',  ( 2.249999999999994671, 10.00000000000000000, -11.00000000000000000 ) ) ;
#2692 = VERTEX_POINT ( 'NONE', #7400 ) ;
#2693 = ORIENTED_EDGE ( 'NONE', *, *, #5328, .F. ) ;
#2694 = CIRCLE ( 'NONE', #4692, 8.000000000000007105 ) ;
#2695 = CARTESIAN_POINT ( 'NONE',  ( -85.36863799491800364, 0.000000000000000000, -96.77829855763729938 ) ) ;
#2696 = EDGE_CURVE ( 'NONE', #9922, #706, #186, .T. ) ;
#2697 = CARTESIAN_POINT ( 'NONE',  ( -10.00000000000000000, 10.00000000000000000, 5.000000000000000000 ) ) ;
#2698 = DIRECTION ( 'NONE',  ( -1.700709290173339793E-17, 0.000000000000000000, 1.000000000000000000 ) ) ;
#2699 = CARTESIAN_POINT ( 'NONE',  ( -24.99999999999924682, 43.00000000000000000, -52.92007128538540428 ) ) ;
#2700 = AXIS2_PLACEMENT_3D ( 'NONE', #8282, #3552, #6035 ) ;
#2701 = LINE ( 'NONE', #9313, #5898 ) ;
#2702 = AXIS2_PLACEMENT_3D ( 'NONE', #8186, #1088, #2772 ) ;
#2703 = CARTESIAN_POINT ( 'NONE',  ( 5.000000000000000000, 0.000000000000000000, -85.14486490616360470 ) ) ;
#2704 = CARTESIAN_POINT ( 'NONE',  ( -44.06980515339470372, -90.96194077712559078, -33.00000000000000000 ) ) ;
#2705 = EDGE_LOOP ( 'NONE', ( #7336, #2155 ) ) ;
#2706 = FACE_BOUND ( 'NONE', #3866, .T. ) ;
#2707 = ORIENTED_EDGE ( 'NONE', *, *, #3948, .T. ) ;
#2708 = AXIS2_PLACEMENT_3D ( 'NONE', #182, #4981, #917 ) ;
#2709 = CYLINDRICAL_SURFACE ( 'NONE', #8600, 10.00000000000000000 ) ;
#2710 = VERTEX_POINT ( 'NONE', #4272 ) ;
#2711 = CLOSED_SHELL ( 'NONE', ( #1738, #9820, #3513, #4979, #6832, #877, #7749, #38, #7158, #2582, #7935, #7184, #6919, #10068, #4257, #8751, #6997, #180, #560, #4367, #9511, #9978, #9954, #6400, #5376, #5426, #6549, #1351, #4453, #6414, #5487, #2406, #5476, #4360, #9879, #4054, #5538, #2326, #4881, #2089, #2259, #1293, #4108, #10248, #5655, #9756, #8179, #8592, #1513, #7521, #9203, #8705, #8661, #9262, #8546, #8062, #1989, #1283, #5285, #7329, #2617, #9507, #1334, #9614, #7817, #5969, #4691, #6476, #8209, #1631, #6719, #4117 ) ) ;
#2712 = VECTOR ( 'NONE', #3760, 1000.000000000000000 ) ;
#2713 = EDGE_CURVE ( 'NONE', #8514, #3094, #3236, .T. ) ;
#2714 = CARTESIAN_POINT ( 'NONE',  ( -15.00000000000000000, -12.50000000000000000, 20.00000000000000000 ) ) ;
#2715 = LINE ( 'NONE', #6625, #4355 ) ;
#2716 = CARTESIAN_POINT ( 'NONE',  ( 0.000000000000000000, 0.000000000000000000, 0.000000000000000000 ) ) ;
#2717 = CARTESIAN_POINT ( 'NONE',  ( -19.68655752103954981, 14.67986544671986060, -120.2803298308827920 ) ) ;
#2718 = AXIS2_PLACEMENT_3D ( 'NONE', #7578, #8403, #5915 ) ;
#2719 = AXIS2_PLACEMENT_3D ( 'NONE', #8748, #6304, #6394 ) ;
#2720 = CARTESIAN_POINT ( 'NONE',  ( -15.00000000000000000, 9.500000000000000000, 20.00000000000000000 ) ) ;
#2721 = CIRCLE ( 'NONE', #863, 2.250000000000001776 ) ;
#2722 = ORIENTED_EDGE ( 'NONE', *, *, #8568, .F. ) ;
#2723 = LINE ( 'NONE', #5895, #4120 ) ;
#2724 = ORIENTED_EDGE ( 'NONE', *, *, #9919, .F. ) ;
#2725 = ORIENTED_EDGE ( 'NONE', *, *, #5787, .F. ) ;
#2726 = CARTESIAN_POINT ( 'NONE',  ( 15.50000000000000000, 62.39999999999999858, 6.000000000000000000 ) ) ;
#2727 = ORIENTED_EDGE ( 'NONE', *, *, #8689, .F. ) ;
#2728 = MECHANICAL_DESIGN_GEOMETRIC_PRESENTATION_REPRESENTATION (  '', ( #9722 ), #10215 ) ;
#2729 = EDGE_CURVE ( 'NONE', #1613, #7471, #2451, .T. ) ;
#2730 = VECTOR ( 'NONE', #7271, 1000.000000000000000 ) ;
#2731 = EDGE_CURVE ( 'NONE', #2133, #3587, #8849, .T. ) ;
#2732 = CARTESIAN_POINT ( 'NONE',  ( -16.16773349595809606, 0.000000000000000000, -3.907055864655814226 ) ) ;
#2733 = LINE ( 'NONE', #9720, #9135 ) ;
#2734 = DIRECTION ( 'NONE',  ( -1.000000000000000000, 0.000000000000000000, 0.000000000000000000 ) ) ;
#2735 = PLANE ( 'NONE',  #2266 ) ;
#2736 = ORIENTED_EDGE ( 'NONE', *, *, #5330, .F. ) ;
#2737 = AXIS2_PLACEMENT_3D ( 'NONE', #5874, #1120, #9261 ) ;
#2738 = CARTESIAN_POINT ( 'NONE',  ( 10.00000000000000000, -15.00000000000000000, -11.00000000000000000 ) ) ;
#2739 = VERTEX_POINT ( 'NONE', #977 ) ;
#2740 = ADVANCED_FACE ( 'NONE', ( #7296 ), #4886, .F. ) ;
#2741 = AXIS2_PLACEMENT_3D ( 'NONE', #6656, #1020, #1072 ) ;
#2742 = EDGE_CURVE ( 'NONE', #6184, #632, #8251, .T. ) ;
#2743 = CARTESIAN_POINT ( 'NONE',  ( -5.204170427930419706E-15, 10.00000000000000000, 5.000000000000000000 ) ) ;
#2744 = LINE ( 'NONE', #7482, #7703 ) ;
#2745 = ITEM_DEFINED_TRANSFORMATION ( 'NONE', 'NONE', #7065,  #5194 ) ;
#2746 = CARTESIAN_POINT ( 'NONE',  ( -4.903093245452011750, 70.42163219310555178, -1.134577177797948977 ) ) ;
#2747 = EDGE_CURVE ( 'NONE', #4961, #5409, #2609, .T. ) ;
#2748 = LINE ( 'NONE', #8997, #9251 ) ;
#2749 = CIRCLE ( 'NONE', #3426, 2.750000000000000000 ) ;
#2750 = ORIENTED_EDGE ( 'NONE', *, *, #73, .T. ) ;
#2751 = EDGE_LOOP ( 'NONE', ( #8566, #3616 ) ) ;
#2752 = EDGE_LOOP ( 'NONE', ( #5261, #7736, #2762, #2885, #6528, #9609, #2282, #4288 ) ) ;
#2753 = ADVANCED_FACE ( 'NONE', ( #3342 ), #3444, .F. ) ;
#2754 = DIRECTION ( 'NONE',  ( 0.000000000000000000, 0.000000000000000000, -1.000000000000000000 ) ) ;
#2755 = DIRECTION ( 'NONE',  ( -0.000000000000000000, 1.000000000000000000, -0.000000000000000000 ) ) ;
#2756 = DIRECTION ( 'NONE',  ( -0.8349199897369957712, 1.193517160035089652E-16, -0.5503713389499629294 ) ) ;
#2757 = VECTOR ( 'NONE', #9163, 1000.000000000000000 ) ;
#2758 = PLANE ( 'NONE',  #6008 ) ;
#2759 = ADVANCED_FACE ( 'NONE', ( #866 ), #9641, .F. ) ;
#2760 = DIRECTION ( 'NONE',  ( 0.000000000000000000, 0.000000000000000000, -1.000000000000000000 ) ) ;
#2761 = DIRECTION ( 'NONE',  ( 0.000000000000000000, -1.000000000000000000, 0.000000000000000000 ) ) ;
#2762 = ORIENTED_EDGE ( 'NONE', *, *, #7876, .F. ) ;
#2763 = EDGE_LOOP ( 'NONE', ( #8684, #7351, #5920, #660 ) ) ;
#2764 = AXIS2_PLACEMENT_3D ( 'NONE', #1113, #9935, #3680 ) ;
#2765 = CARTESIAN_POINT ( 'NONE',  ( 94.00000000000000000, 95.00000000000000000, -104.7964619962939992 ) ) ;
#2766 = ORIENTED_EDGE ( 'NONE', *, *, #3768, .T. ) ;
#2767 = PLANE ( 'NONE',  #4316 ) ;
#2768 = CARTESIAN_POINT ( 'NONE',  ( 8.572527594031473190E-16, 95.00200000000000955, -103.2793298308826024 ) ) ;
#2769 = DIRECTION ( 'NONE',  ( 0.000000000000000000, -1.000000000000000000, 0.000000000000000000 ) ) ;
#2770 = CIRCLE ( 'NONE', #7929, 5.000000000000000000 ) ;
#2771 = AXIS2_PLACEMENT_3D ( 'NONE', #1003, #4197, #7221 ) ;
#2772 = DIRECTION ( 'NONE',  ( 1.000000000000000000, 0.000000000000000000, 2.602085213965209656E-16 ) ) ;
#2773 = ADVANCED_FACE ( 'NONE', ( #4984, #80 ), #5827, .T. ) ;
#2774 = ORIENTED_EDGE ( 'NONE', *, *, #3018, .F. ) ;
#2775 = CARTESIAN_POINT ( 'NONE',  ( 0.000000000000000000, 5.000000000000000000, -2.250000000000000000 ) ) ;
#2776 = VERTEX_POINT ( 'NONE', #9009 ) ;
#2777 = EDGE_LOOP ( 'NONE', ( #9625, #1614, #7179, #5594 ) ) ;
#2778 = CARTESIAN_POINT ( 'NONE',  ( 0.000000000000000000, 200.0000000000000000, 0.000000000000000000 ) ) ;
#2779 = ORIENTED_EDGE ( 'NONE', *, *, #2343, .T. ) ;
#2780 =( REPRESENTATION_RELATIONSHIP ('NONE','NONE', #8752, #7424 ) REPRESENTATION_RELATIONSHIP_WITH_TRANSFORMATION ( #372 )SHAPE_REPRESENTATION_RELATIONSHIP( ) );
#2781 = COLOUR_RGB ( '',0.7921568627450980005, 0.8196078431372548767, 0.9333333333333333481 ) ;
#2782 = CIRCLE ( 'NONE', #4607, 10.00000000000000178 ) ;
#2783 = FACE_OUTER_BOUND ( 'NONE', #5469, .T. ) ;
#2784 = DIRECTION ( 'NONE',  ( 0.000000000000000000, 0.000000000000000000, -1.000000000000000000 ) ) ;
#2785 = AXIS2_PLACEMENT_3D ( 'NONE', #1813, #5832, #5044 ) ;
#2786 = CARTESIAN_POINT ( 'NONE',  ( 0.000000000000000000, 0.000000000000000000, -5.000000000000000000 ) ) ;
#2787 = AXIS2_PLACEMENT_3D ( 'NONE', #5841, #6576, #2627 ) ;
#2788 = EDGE_CURVE ( 'NONE', #5608, #507, #1079, .T. ) ;
#2789 = DIRECTION ( 'NONE',  ( 1.000000000000000000, 0.000000000000000000, 0.000000000000000000 ) ) ;
#2790 = ORIENTED_EDGE ( 'NONE', *, *, #1278, .F. ) ;
#2791 = FACE_OUTER_BOUND ( 'NONE', #2331, .T. ) ;
#2792 = EDGE_LOOP ( 'NONE', ( #8490, #2677 ) ) ;
#2793 = AXIS2_PLACEMENT_3D ( 'NONE', #5609, #4058, #806 ) ;
#2794 = DIRECTION ( 'NONE',  ( -1.734723475976804876E-16, 1.000000000000000000, 0.000000000000000000 ) ) ;
#2795 = CARTESIAN_POINT ( 'NONE',  ( 58.67999999999999972, 0.000000000000000000, 0.000000000000000000 ) ) ;
#2796 = CARTESIAN_POINT ( 'NONE',  ( -39.00443338159790585, 95.00000000000000000, -42.59593772390965682 ) ) ;
#2797 = EDGE_CURVE ( 'NONE', #3280, #3244, #7420, .T. ) ;
#2798 = DIRECTION ( 'NONE',  ( 0.000000000000000000, 0.000000000000000000, -1.000000000000000000 ) ) ;
#2799 = ORIENTED_EDGE ( 'NONE', *, *, #1920, .F. ) ;
#2800 = ORIENTED_EDGE ( 'NONE', *, *, #5339, .T. ) ;
#2801 = EDGE_CURVE ( 'NONE', #5622, #3314, #4419, .T. ) ;
#2802 = ORIENTED_EDGE ( 'NONE', *, *, #671, .T. ) ;
#2803 = DIRECTION ( 'NONE',  ( 0.000000000000000000, 0.000000000000000000, -1.000000000000000000 ) ) ;
#2804 = DIRECTION ( 'NONE',  ( 0.7071067811865465735, -0.7071067811865485719, 0.000000000000000000 ) ) ;
#2805 = CARTESIAN_POINT ( 'NONE',  ( 64.46620431643908944, 96.00000000000000000, -81.59679272225700686 ) ) ;
#2806 = FACE_OUTER_BOUND ( 'NONE', #5052, .T. ) ;
#2807 = CYLINDRICAL_SURFACE ( 'NONE', #5384, 2.250000000000001776 ) ;
#2808 = DIRECTION ( 'NONE',  ( 0.000000000000000000, 1.000000000000000000, 0.000000000000000000 ) ) ;
#2809 = FACE_OUTER_BOUND ( 'NONE', #5744, .T. ) ;
#2810 = ORIENTED_EDGE ( 'NONE', *, *, #1746, .F. ) ;
#2811 = EDGE_CURVE ( 'NONE', #8437, #7619, #4259, .T. ) ;
#2812 = EDGE_LOOP ( 'NONE', ( #9104, #3410, #4141, #8749 ) ) ;
#2813 = DIRECTION ( 'NONE',  ( -1.734723475976804876E-16, 1.000000000000000000, 0.000000000000000000 ) ) ;
#2814 = ORIENTED_EDGE ( 'NONE', *, *, #8152, .T. ) ;
#2815 = DIRECTION ( 'NONE',  ( 1.000000000000000000, 7.703719777548939991E-34, 1.264933817329265970E-17 ) ) ;
#2816 = CARTESIAN_POINT ( 'NONE',  ( 85.36863799491800364, 85.00000000000000000, -94.52829855763729938 ) ) ;
#2817 = CARTESIAN_POINT ( 'NONE',  ( 0.000000000000000000, 39.00000000000000000, 0.000000000000000000 ) ) ;
#2818 =( LENGTH_UNIT ( ) NAMED_UNIT ( * ) SI_UNIT ( .MILLI., .METRE. ) );
#2819 = CYLINDRICAL_SURFACE ( 'NONE', #9360, 10.00000000000000000 ) ;
#2820 = ORIENTED_EDGE ( 'NONE', *, *, #1804, .T. ) ;
#2821 = CIRCLE ( 'NONE', #8636, 2.250000000000000000 ) ;
#2822 = CARTESIAN_POINT ( 'NONE',  ( 0.000000000000000000, 5.000000000000000000, -10.00000000000000000 ) ) ;
#2823 = EDGE_LOOP ( 'NONE', ( #5459, #7497, #9558, #9808 ) ) ;
#2824 = ORIENTED_EDGE ( 'NONE', *, *, #1143, .T. ) ;
#2825 = CARTESIAN_POINT ( 'NONE',  ( 0.000000000000000000, 5.000000000000000000, 10.00000000000000000 ) ) ;
#2826 = ORIENTED_EDGE ( 'NONE', *, *, #1596, .F. ) ;
#2827 = EDGE_CURVE ( 'NONE', #7303, #5182, #5179, .T. ) ;
#2828 = FACE_BOUND ( 'NONE', #1505, .T. ) ;
#2829 = DIRECTION ( 'NONE',  ( 0.000000000000000000, 1.000000000000000000, 0.000000000000000000 ) ) ;
#2830 = CARTESIAN_POINT ( 'NONE',  ( 85.36863799491800364, 0.000000000000000000, -94.52829855763729938 ) ) ;
#2831 = ORIENTED_EDGE ( 'NONE', *, *, #10242, .T. ) ;
#2832 = DIRECTION ( 'NONE',  ( 0.000000000000000000, 0.000000000000000000, 1.000000000000000000 ) ) ;
#2833 = EDGE_LOOP ( 'NONE', ( #7183, #4838, #5577, #1211 ) ) ;
#2834 = AXIS2_PLACEMENT_3D ( 'NONE', #6759, #8219, #5126 ) ;
#2835 = DIRECTION ( 'NONE',  ( 0.000000000000000000, 0.000000000000000000, -1.000000000000000000 ) ) ;
#2836 = EDGE_CURVE ( 'NONE', #9659, #5105, #4748, .T. ) ;
#2837 = CARTESIAN_POINT ( 'NONE',  ( -2.500000000000000000, 70.90000000000000568, 0.000000000000000000 ) ) ;
#2838 = CARTESIAN_POINT ( 'NONE',  ( -30.31497855141494924, 95.00000000000000000, 6.748637086761529069 ) ) ;
#2839 = ITEM_DEFINED_TRANSFORMATION ( 'NONE', 'NONE', #3902,  #5194 ) ;
#2840 = LINE ( 'NONE', #1011, #8191 ) ;
#2841 = AXIS2_PLACEMENT_3D ( 'NONE', #3844, #5278, #9363 ) ;
#2842 = FACE_OUTER_BOUND ( 'NONE', #5411, .T. ) ;
#2843 = ORIENTED_EDGE ( 'NONE', *, *, #9656, .T. ) ;
#2844 =( REPRESENTATION_RELATIONSHIP ('NONE','NONE', #8752, #9885 ) REPRESENTATION_RELATIONSHIP_WITH_TRANSFORMATION ( #9932 )SHAPE_REPRESENTATION_RELATIONSHIP( ) );
#2845 = ORIENTED_EDGE ( 'NONE', *, *, #720, .F. ) ;
#2846 = VECTOR ( 'NONE', #4341, 1000.000000000000000 ) ;
#2847 = EDGE_CURVE ( 'NONE', #3360, #6352, #2855, .T. ) ;
#2848 = CARTESIAN_POINT ( 'NONE',  ( -30.54774002826775003, 18.00000000000000000, 10.71815755839264028 ) ) ;
#2849 = CARTESIAN_POINT ( 'NONE',  ( 5.000000000000000000, -9.500000000000000000, -2.500000000000000000 ) ) ;
#2850 = DIRECTION ( 'NONE',  ( -2.187217985995229996E-05, 4.102443332029099802E-22, 0.9999999997608040037 ) ) ;
#2851 = EDGE_CURVE ( 'NONE', #10119, #3415, #6659, .T. ) ;
#2852 = LINE ( 'NONE', #8365, #7020 ) ;
#2853 = LINE ( 'NONE', #7643, #4894 ) ;
#2854 = CARTESIAN_POINT ( 'NONE',  ( 10.00000000000000000, 18.00000000000000000, -100.0000000000000000 ) ) ;
#2855 = LINE ( 'NONE', #9266, #3270 ) ;
#2856 = VECTOR ( 'NONE', #5997, 1000.000000000000000 ) ;
#2857 = ORIENTED_EDGE ( 'NONE', *, *, #5758, .T. ) ;
#2858 = EDGE_LOOP ( 'NONE', ( #1878, #7478, #6883, #1912, #1725, #6686 ) ) ;
#2859 = DIRECTION ( 'NONE',  ( 0.000000000000000000, 0.000000000000000000, -1.000000000000000000 ) ) ;
#2860 = VERTEX_POINT ( 'NONE', #5933 ) ;
#2861 = CARTESIAN_POINT ( 'NONE',  ( 5.000000000000000000, -3.122048140665065340E-17, 1.000000000000000000 ) ) ;
#2862 = AXIS2_PLACEMENT_3D ( 'NONE', #8947, #1795, #7228 ) ;
#2863 = LINE ( 'NONE', #499, #9853 ) ;
#2864 = EDGE_CURVE ( 'NONE', #10268, #5474, #9242, .T. ) ;
#2865 = FILL_AREA_STYLE_COLOUR ( '', #1375 ) ;
#2866 = CARTESIAN_POINT ( 'NONE',  ( -25.00000000000000000, -5.500000000000000000, -1.925929944387234977E-31 ) ) ;
#2867 = ORIENTED_EDGE ( 'NONE', *, *, #5020, .F. ) ;
#2868 = DIRECTION ( 'NONE',  ( 1.000000000000000000, 3.421138828918010047E-49, 1.700709290173339793E-17 ) ) ;
#2869 = EDGE_LOOP ( 'NONE', ( #2941, #5461, #8545, #9937 ) ) ;
#2870 = AXIS2_PLACEMENT_3D ( 'NONE', #10032, #5377, #3057 ) ;
#2871 = EDGE_LOOP ( 'NONE', ( #3004, #10103, #8916, #337 ) ) ;
#2872 = CIRCLE ( 'NONE', #10193, 2.750000000000000000 ) ;
#2873 = CARTESIAN_POINT ( 'NONE',  ( -41.81980515339470372, -90.96194077712559078, 15.00000000000000000 ) ) ;
#2874 = ORIENTED_EDGE ( 'NONE', *, *, #2889, .T. ) ;
#2875 = PRODUCT_DEFINITION_SHAPE ( 'NONE', 'NONE',  #10314 ) ;
#2876 = AXIS2_PLACEMENT_3D ( 'NONE', #4166, #8955, #5718 ) ;
#2877 = CLOSED_SHELL ( 'NONE', ( #4953, #10169, #9566, #801, #1190, #1504 ) ) ;
#2878 = CARTESIAN_POINT ( 'NONE',  ( -41.81980515339470372, -90.96194077712559078, 15.00000000000000000 ) ) ;
#2879 = AXIS2_PLACEMENT_3D ( 'NONE', #388, #7644, #2760 ) ;
#2880 = CARTESIAN_POINT ( 'NONE',  ( 8.283304597789258806E-16, 63.39999999999999858, 19.50000000000000000 ) ) ;
#2881 = EDGE_CURVE ( 'NONE', #7898, #403, #5878, .T. ) ;
#2882 = DIRECTION ( 'NONE',  ( 1.000000000000000000, 0.000000000000000000, 0.000000000000000000 ) ) ;
#2883 = ORIENTED_EDGE ( 'NONE', *, *, #6113, .T. ) ;
#2884 = DIRECTION ( 'NONE',  ( -0.000000000000000000, -1.000000000000000000, -0.000000000000000000 ) ) ;
#2885 = ORIENTED_EDGE ( 'NONE', *, *, #9276, .T. ) ;
#2886 = CIRCLE ( 'NONE', #5192, 1.500000000000000000 ) ;
#2887 = CARTESIAN_POINT ( 'NONE',  ( 22.75000000000000355, -10.50000000000000000, 10.00000000000000000 ) ) ;
#2888 = VERTEX_POINT ( 'NONE', #9949 ) ;
#2889 = EDGE_CURVE ( 'NONE', #7748, #9854, #6812, .T. ) ;
#2890 = VECTOR ( 'NONE', #6484, 1000.000000000000000 ) ;
#2891 = CARTESIAN_POINT ( 'NONE',  ( 35.00000000000000000, 5.500000000000000000, 10.00000000000000000 ) ) ;
#2892 = CARTESIAN_POINT ( 'NONE',  ( 75.00000000000000000, 150.0000000000000000, -75.00000000000000000 ) ) ;
#2893 = DIRECTION ( 'NONE',  ( 1.734723475976804876E-16, -1.000000000000000000, 0.000000000000000000 ) ) ;
#2894 = AXIS2_PLACEMENT_3D ( 'NONE', #4455, #6748, #9931 ) ;
#2895 = CYLINDRICAL_SURFACE ( 'NONE', #3709, 2.249999999999998668 ) ;
#2896 = EDGE_CURVE ( 'NONE', #129, #6909, #9411, .T. ) ;
#2897 = CARTESIAN_POINT ( 'NONE',  ( -20.90380984571844891, 18.00000000000000000, 13.36289017892626063 ) ) ;
#2898 = AXIS2_PLACEMENT_3D ( 'NONE', #541, #4516, #3008 ) ;
#2899 = DIRECTION ( 'NONE',  ( 0.000000000000000000, -1.000000000000000000, 0.000000000000000000 ) ) ;
#2900 = ORIENTED_EDGE ( 'NONE', *, *, #141, .T. ) ;
#2901 = DIRECTION ( 'NONE',  ( -0.2644732620533329914, 0.000000000000000000, 0.9643930182549379504 ) ) ;
#2902 = VERTEX_POINT ( 'NONE', #7593 ) ;
#2903 = ADVANCED_FACE ( 'NONE', ( #2063, #2809 ), #7546, .T. ) ;
#2904 = EDGE_LOOP ( 'NONE', ( #4928, #1135, #7346, #6662, #8498, #7882 ) ) ;
#2905 = CARTESIAN_POINT ( 'NONE',  ( 15.50000000000000000, 79.90000000000000568, 2.418211663346639937E-16 ) ) ;
#2906 = DIRECTION ( 'NONE',  ( 0.000000000000000000, 1.000000000000000000, 0.000000000000000000 ) ) ;
#2907 =( NAMED_UNIT ( * ) SI_UNIT ( $, .STERADIAN. ) SOLID_ANGLE_UNIT ( ) );
#2908 = LINE ( 'NONE', #4571, #4204 ) ;
#2909 = VECTOR ( 'NONE', #5132, 1000.000000000000000 ) ;
#2910 = CYLINDRICAL_SURFACE ( 'NONE', #7707, 8.146642442969046272 ) ;
#2911 = DIRECTION ( 'NONE',  ( 3.469446951953616161E-15, 0.000000000000000000, 1.000000000000000000 ) ) ;
#2912 = APPLICATION_CONTEXT ( 'automotive_design' ) ;
#2913 = EDGE_CURVE ( 'NONE', #2686, #2739, #8421, .T. ) ;
#2914 = VERTEX_POINT ( 'NONE', #3693 ) ;
#2915 = ORIENTED_EDGE ( 'NONE', *, *, #9802, .F. ) ;
#2916 = LINE ( 'NONE', #7704, #281 ) ;
#2917 = VERTEX_POINT ( 'NONE', #7494 ) ;
#2918 = CIRCLE ( 'NONE', #236, 2.250000000000000000 ) ;
#2919 = DIRECTION ( 'NONE',  ( 0.000000000000000000, 0.000000000000000000, 1.000000000000000000 ) ) ;
#2920 = DIRECTION ( 'NONE',  ( 0.000000000000000000, 0.000000000000000000, 1.000000000000000000 ) ) ;
#2921 = CARTESIAN_POINT ( 'NONE',  ( 0.000000000000000000, 70.90000000000000568, 0.000000000000000000 ) ) ;
#2922 = AXIS2_PLACEMENT_3D ( 'NONE', #7343, #8908, #6455 ) ;
#2923 = EDGE_CURVE ( 'NONE', #3434, #3174, #6914, .T. ) ;
#2924 = ORIENTED_EDGE ( 'NONE', *, *, #3358, .T. ) ;
#2925 = DIRECTION ( 'NONE',  ( 1.156482317317871971E-16, 0.000000000000000000, -1.000000000000000000 ) ) ;
#2926 = ORIENTED_EDGE ( 'NONE', *, *, #3675, .F. ) ;
#2927 = ORIENTED_EDGE ( 'NONE', *, *, #1640, .T. ) ;
#2928 = FACE_OUTER_BOUND ( 'NONE', #4474, .T. ) ;
#2930 = EDGE_CURVE ( 'NONE', #7509, #6605, #6712, .T. ) ;
#2929 = VERTEX_POINT ( 'NONE', #3542 ) ;
#2931 = AXIS2_PLACEMENT_3D ( 'NONE', #6966, #7746, #7798 ) ;
#2932 = AXIS2_PLACEMENT_3D ( 'NONE', #4560, #7796, #10188 ) ;
#2933 = CARTESIAN_POINT ( 'NONE',  ( 25.00000000000000000, -5.500000000000000000, -1.925929944387234977E-31 ) ) ;
#2934 = DIRECTION ( 'NONE',  ( -1.000000000000000000, -1.734723475976804876E-16, 0.000000000000000000 ) ) ;
#2935 = DIRECTION ( 'NONE',  ( 0.000000000000000000, -1.000000000000000000, 0.000000000000000000 ) ) ;
#2936 = VERTEX_POINT ( 'NONE', #1168 ) ;
#2937 = CARTESIAN_POINT ( 'NONE',  ( -2.500000000000000000, 63.39999999999999858, 21.75000000000000000 ) ) ;
#2938 = VERTEX_POINT ( 'NONE', #4369 ) ;
#2939 = AXIS2_PLACEMENT_3D ( 'NONE', #2640, #9870, #6741 ) ;
#2940 = FACE_OUTER_BOUND ( 'NONE', #8150, .T. ) ;
#2941 = ORIENTED_EDGE ( 'NONE', *, *, #7130, .F. ) ;
#2942 = EDGE_CURVE ( 'NONE', #8286, #6515, #389, .T. ) ;
#2943 = PRESENTATION_LAYER_ASSIGNMENT (  '', '', ( #2620 ) ) ;
#2944 = DIRECTION ( 'NONE',  ( 0.000000000000000000, 1.000000000000000000, 0.000000000000000000 ) ) ;
#2945 = CARTESIAN_POINT ( 'NONE',  ( -59.14441049068479828, 95.00000000000000000, -90.27932983088280139 ) ) ;
#2946 = LINE ( 'NONE', #10081, #5187 ) ;
#2947 = CARTESIAN_POINT ( 'NONE',  ( 0.000000000000000000, 85.00000000000000000, -110.2793298308826024 ) ) ;
#2948 = DIRECTION ( 'NONE',  ( 0.000000000000000000, 0.000000000000000000, 1.000000000000000000 ) ) ;
#2949 = ORIENTED_EDGE ( 'NONE', *, *, #6546, .T. ) ;
#2950 = DIRECTION ( 'NONE',  ( 0.000000000000000000, -1.000000000000000000, 0.000000000000000000 ) ) ;
#2951 = ORIENTED_EDGE ( 'NONE', *, *, #4511, .T. ) ;
#2952 = ORIENTED_EDGE ( 'NONE', *, *, #1174, .F. ) ;
#2953 = CIRCLE ( 'NONE', #7277, 5.000000000000004441 ) ;
#2954 = VECTOR ( 'NONE', #715, 1000.000000000000000 ) ;
#2955 = DIRECTION ( 'NONE',  ( -0.5000000000000003331, 0.000000000000000000, 0.8660254037844384856 ) ) ;
#2956 = CARTESIAN_POINT ( 'NONE',  ( 10.00000000000000000, -12.50000000000000000, -5.000000000000000000 ) ) ;
#2957 =( NAMED_UNIT ( * ) SI_UNIT ( $, .STERADIAN. ) SOLID_ANGLE_UNIT ( ) );
#2958 = ADVANCED_FACE ( 'NONE', ( #2006 ), #442, .F. ) ;
#2959 = DIRECTION ( 'NONE',  ( 0.000000000000000000, 0.000000000000000000, -1.000000000000000000 ) ) ;
#2960 = CARTESIAN_POINT ( 'NONE',  ( -5.000000000000000000, 70.90000000000000568, 25.50000000000000000 ) ) ;
#2961 = AXIS2_PLACEMENT_3D ( 'NONE', #8531, #551, #606 ) ;
#2962 = DIRECTION ( 'NONE',  ( 0.000000000000000000, 0.000000000000000000, -1.000000000000000000 ) ) ;
#2963 = FACE_OUTER_BOUND ( 'NONE', #10020, .T. ) ;
#2964 = VERTEX_POINT ( 'NONE', #7757 ) ;
#2965 = PRODUCT_DEFINITION_SHAPE ( 'NONE', 'NONE',  #10325 ) ;
#2966 = VECTOR ( 'NONE', #413, 1000.000000000000000 ) ;
#2967 = EDGE_LOOP ( 'NONE', ( #3531, #9232 ) ) ;
#2968 = DIRECTION ( 'NONE',  ( -1.000000000000000000, 0.000000000000000000, -1.846235724462869126E-15 ) ) ;
#2969 = ORIENTED_EDGE ( 'NONE', *, *, #8703, .F. ) ;
#2970 = CARTESIAN_POINT ( 'NONE',  ( -10.00000000000000000, -15.00000000000000000, 5.000000000000000000 ) ) ;
#2971 = CARTESIAN_POINT ( 'NONE',  ( 15.50000000000000000, 3.500000000000000000, 4.586616008317650284E-16 ) ) ;
#2972 = ADVANCED_FACE ( 'NONE', ( #3126, #699 ), #6333, .F. ) ;
#2973 = CYLINDRICAL_SURFACE ( 'NONE', #1056, 3.000000000000000000 ) ;
#2974 = CARTESIAN_POINT ( 'NONE',  ( -23.34636207545349862, -86.63063332291528695, 23.00000000000000000 ) ) ;
#2975 = EDGE_LOOP ( 'NONE', ( #10307, #2566, #1266, #5809 ) ) ;#2976 = DIRECTION ( 'NONE',  ( 0.000000000000000000, 0.000000000000000000, -1.000000000000000000 ) ) ;
#2977 = VERTEX_POINT ( 'NONE', #2279 ) ;
#2978 = CARTESIAN_POINT ( 'NONE',  ( 5.000000000000000000, 83.40000000000000568, 0.5000000000000000000 ) ) ;
#2979 = ORIENTED_EDGE ( 'NONE', *, *, #3597, .F. ) ;
#2980 = PLANE ( 'NONE',  #6100 ) ;
#2981 = ORIENTED_EDGE ( 'NONE', *, *, #9983, .F. ) ;
#2982 = EDGE_CURVE ( 'NONE', #885, #2181, #3761, .T. ) ;
#2983 = DIRECTION ( 'NONE',  ( -1.734723475976804876E-16, 1.000000000000000000, 0.000000000000000000 ) ) ;
#2984 = EDGE_CURVE ( 'NONE', #403, #3726, #8564, .T. ) ;
#2985 = AXIS2_PLACEMENT_3D ( 'NONE', #3246, #9651, #1655 ) ;
#2986 = CARTESIAN_POINT ( 'NONE',  ( 0.000000000000000000, 0.000000000000000000, 0.000000000000000000 ) ) ;
#2987 = CYLINDRICAL_SURFACE ( 'NONE', #4083, 2.249999999999998668 ) ;
#2988 = ORIENTED_EDGE ( 'NONE', *, *, #3537, .T. ) ;
#2989 = DIRECTION ( 'NONE',  ( -1.000000000000000000, 0.000000000000000000, 1.700709290173339793E-17 ) ) ;
#2990 = VERTEX_POINT ( 'NONE', #7698 ) ;
#2991 = VERTEX_POINT ( 'NONE', #3850 ) ;
#2992 = CARTESIAN_POINT ( 'NONE',  ( 4.142135623730935023, -59.14213562373100075, 0.000000000000000000 ) ) ;
#2993 = ORIENTED_EDGE ( 'NONE', *, *, #3567, .T. ) ;
#2994 = LINE ( 'NONE', #2150, #5489 ) ;
#2995 = CYLINDRICAL_SURFACE ( 'NONE', #712, 9.999999999999994671 ) ;
#2996 = EDGE_CURVE ( 'NONE', #1597, #3202, #4723, .T. ) ;
#2997 = DIRECTION ( 'NONE',  ( 0.000000000000000000, -1.000000000000000000, 0.000000000000000000 ) ) ;
#2998 = FACE_BOUND ( 'NONE', #6499, .T. ) ;
#2999 = CARTESIAN_POINT ( 'NONE',  ( 2.500000000000000000, 70.85803989154979377, 0.000000000000000000 ) ) ;
#3000 = ORIENTED_EDGE ( 'NONE', *, *, #2103, .T. ) ;
#3001 = VECTOR ( 'NONE', #1952, 1000.000000000000000 ) ;
#3002 = LINE ( 'NONE', #8670, #7603 ) ;
#3003 = ORIENTED_EDGE ( 'NONE', *, *, #6368, .F. ) ;
#3004 = ORIENTED_EDGE ( 'NONE', *, *, #1702, .F. ) ;
#3005 = CARTESIAN_POINT ( 'NONE',  ( 0.000000000000000000, 57.00000000000000000, -5.500000000000000000 ) ) ;
#3006 = AXIS2_PLACEMENT_3D ( 'NONE', #6856, #4667, #4465 ) ;
#3007 = LINE ( 'NONE', #2956, #4051 ) ;
#3008 = DIRECTION ( 'NONE',  ( 1.000000000000000000, 0.000000000000000000, 0.000000000000000000 ) ) ;
#3009 = CARTESIAN_POINT ( 'NONE',  ( -58.74171087241099798, 95.00000000000000000, -90.51182856389569054 ) ) ;
#3010 = DIRECTION ( 'NONE',  ( 0.7071067811865485719, 0.7071067811865465735, -2.655995914072782963E-16 ) ) ;
#3011 = CARTESIAN_POINT ( 'NONE',  ( -65.00000000000000000, 95.00000000000000000, -120.2793298308828014 ) ) ;
#3012 = DIRECTION ( 'NONE',  ( 1.878072721644629807E-16, 1.878072721644624877E-16, -1.000000000000000000 ) ) ;
#3013 = EDGE_CURVE ( 'NONE', #3094, #6090, #2381, .T. ) ;
#3014 = ORIENTED_EDGE ( 'NONE', *, *, #2742, .F. ) ;
#3015 = EDGE_LOOP ( 'NONE', ( #4129, #6013, #4056, #1139, #1800, #104 ) ) ;
#3016 = VECTOR ( 'NONE', #473, 1000.000000000000000 ) ;
#3017 = FACE_OUTER_BOUND ( 'NONE', #6435, .T. ) ;
#3018 = EDGE_CURVE ( 'NONE', #7063, #9066, #6182, .T. ) ;
#3019 = ORIENTED_EDGE ( 'NONE', *, *, #4311, .F. ) ;
#3020 = LINE ( 'NONE', #9381, #4067 ) ;
#3021 = LINE ( 'NONE', #9393, #1860 ) ;
#3022 = SURFACE_SIDE_STYLE ('',( #9534 ) ) ;
#3023 = DIRECTION ( 'NONE',  ( 0.000000000000000000, 0.000000000000000000, -1.000000000000000000 ) ) ;
#3024 = EDGE_CURVE ( 'NONE', #6065, #913, #1744, .T. ) ;
#3025 = VERTEX_POINT ( 'NONE', #3802 ) ;
#3026 = CARTESIAN_POINT ( 'NONE',  ( 15.00000000000000000, 12.50000000000000000, -10.00000000000000000 ) ) ;
#3027 = ORIENTED_EDGE ( 'NONE', *, *, #8641, .F. ) ;
#3028 = PLANE ( 'NONE',  #1870 ) ;
#3029 = ORIENTED_EDGE ( 'NONE', *, *, #9598, .T. ) ;
#3030 = VECTOR ( 'NONE', #1034, 1000.000000000000000 ) ;
#3031 =( NAMED_UNIT ( * ) SI_UNIT ( $, .STERADIAN. ) SOLID_ANGLE_UNIT ( ) );
#3032 = EDGE_CURVE ( 'NONE', #1116, #9515, #4629, .T. ) ;
#3033 = ORIENTED_EDGE ( 'NONE', *, *, #4247, .F. ) ;
#3034 = AXIS2_PLACEMENT_3D ( 'NONE', #4773, #3954, #3379 ) ;
#3035 = FACE_BOUND ( 'NONE', #9489, .T. ) ;
#3036 = AXIS2_PLACEMENT_3D ( 'NONE', #809, #7969, #3966 ) ;
#3037 = DIRECTION ( 'NONE',  ( -1.000000000000000000, 0.000000000000000000, 1.734723475976804629E-17 ) ) ;
#3038 = EDGE_CURVE ( 'NONE', #3599, #7299, #5550, .T. ) ;
#3039 = FACE_OUTER_BOUND ( 'NONE', #5054, .T. ) ;
#3040 = VECTOR ( 'NONE', #8706, 1000.000000000000000 ) ;
#3041 = ORIENTED_EDGE ( 'NONE', *, *, #65, .T. ) ;
#3042 = FACE_OUTER_BOUND ( 'NONE', #6069, .T. ) ;
#3043 = ORIENTED_EDGE ( 'NONE', *, *, #3218, .T. ) ;
#3044 = ORIENTED_EDGE ( 'NONE', *, *, #1244, .T. ) ;
#3045 = CARTESIAN_POINT ( 'NONE',  ( -5.000000000000000000, 0.000000000000000000, 25.50000000000000000 ) ) ;
#3046 = ORIENTED_EDGE ( 'NONE', *, *, #9794, .T. ) ;
#3047 = EDGE_CURVE ( 'NONE', #8031, #2776, #6745, .T. ) ;
#3048 = CIRCLE ( 'NONE', #1527, 2.249999999999998668 ) ;
#3049 = ADVANCED_FACE ( 'NONE', ( #3748 ), #5494, .T. ) ;
#3050 = CIRCLE ( 'NONE', #8864, 10.00000000000000000 ) ;
#3051 = VECTOR ( 'NONE', #2, 1000.000000000000000 ) ;
#3052 = AXIS2_PLACEMENT_3D ( 'NONE', #7453, #921, #2556 ) ;
#3053 =( REPRESENTATION_RELATIONSHIP ('NONE','NONE', #8752, #1678 ) REPRESENTATION_RELATIONSHIP_WITH_TRANSFORMATION ( #3480 )SHAPE_REPRESENTATION_RELATIONSHIP( ) );
#3054 = LINE ( 'NONE', #10029, #6831 ) ;
#3055 = DIRECTION ( 'NONE',  ( -1.000000000000000000, -1.734723475976804876E-16, 0.000000000000000000 ) ) ;
#3056 = PRODUCT_DEFINITION_SHAPE ( 'NONE', 'NONE',  #8444 ) ;
#3057 = DIRECTION ( 'NONE',  ( 1.040834085586093871E-16, 0.000000000000000000, 1.000000000000000000 ) ) ;
#3058 = LINE ( 'NONE', #5272, #6781 ) ;
#3059 = VECTOR ( 'NONE', #6798, 1000.000000000000000 ) ;
#3060 = LINE ( 'NONE', #531, #5235 ) ;
#3061 = ORIENTED_EDGE ( 'NONE', *, *, #4442, .T. ) ;
#3062 = AXIS2_PLACEMENT_3D ( 'NONE', #1337, #3758, #1968 ) ;
#3063 = CARTESIAN_POINT ( 'NONE',  ( -75.00000000000000000, 150.0000000000000000, 75.00000000000000000 ) ) ;
#3064 = VERTEX_POINT ( 'NONE', #8526 ) ;
#3065 = ORIENTED_EDGE ( 'NONE', *, *, #6047, .F. ) ;
#3066 = ADVANCED_FACE ( 'NONE', ( #2963 ), #2167, .T. ) ;
#3067 = EDGE_CURVE ( 'NONE', #6475, #8166, #2076, .T. ) ;
#3068 = DIRECTION ( 'NONE',  ( 1.734723475976804876E-16, -1.000000000000000000, 1.543037689415484880E-32 ) ) ;
#3069 = VECTOR ( 'NONE', #9880, 1000.000000000000000 ) ;
#3070 = CARTESIAN_POINT ( 'NONE',  ( 0.000000000000000000, 9.000000000000000000, 0.000000000000000000 ) ) ;
#3071 = DIRECTION ( 'NONE',  ( -1.699880444566274715E-17, -1.000000000000000000, -3.679781356323685094E-16 ) ) ;
#3072 =( GEOMETRIC_REPRESENTATION_CONTEXT ( 3 ) GLOBAL_UNCERTAINTY_ASSIGNED_CONTEXT ( ( #7115 ) ) GLOBAL_UNIT_ASSIGNED_CONTEXT ( ( #1070, #2446, #6399 ) ) REPRESENTATION_CONTEXT ( 'NONE', 'WORKASPACE' ) );
#3073 = CARTESIAN_POINT ( 'NONE',  ( -48.89087296526020054, -83.89087296526010107, -33.00000000000000000 ) ) ;
#3074 = DIRECTION ( 'NONE',  ( 1.000000000000000000, 1.387778780781445478E-15, 0.000000000000000000 ) ) ;
#3075 = VECTOR ( 'NONE', #8690, 1000.000000000000000 ) ;
#3076 = ORIENTED_EDGE ( 'NONE', *, *, #4937, .F. ) ;
#3077 = EDGE_CURVE ( 'NONE', #3804, #8286, #8914, .T. ) ;
#3078 = ORIENTED_EDGE ( 'NONE', *, *, #1149, .T. ) ;
#3079 = LINE ( 'NONE', #4082, #5347 ) ;
#3080 = FACE_BOUND ( 'NONE', #8766, .T. ) ;
#3081 = VERTEX_POINT ( 'NONE', #9372 ) ;
#3082 = DIRECTION ( 'NONE',  ( 0.000000000000000000, 0.000000000000000000, 1.000000000000000000 ) ) ;
#3083 = DIRECTION ( 'NONE',  ( -1.000000000000000000, 0.000000000000000000, -1.700709290173339793E-17 ) ) ;
#3084 = VECTOR ( 'NONE', #6975, 1000.000000000000000 ) ;
#3085 = DIRECTION ( 'NONE',  ( 0.9643930182549379504, 0.000000000000000000, 0.2644732620533329914 ) ) ;
#3086 = CARTESIAN_POINT ( 'NONE',  ( 5.000000000000000000, 74.89999999999999147, 22.00000000000000000 ) ) ;
#3087 = ORIENTED_EDGE ( 'NONE', *, *, #5586, .T. ) ;
#3088 = CARTESIAN_POINT ( 'NONE',  ( 2.500000000000000000, 70.90000000000000568, 25.50000000000000000 ) ) ;
#3089 = VERTEX_POINT ( 'NONE', #2224 ) ;
#3090 = CARTESIAN_POINT ( 'NONE',  ( 64.46620431643840732, 0.000000000000000000, -112.3905347760014024 ) ) ;
#3091 = EDGE_LOOP ( 'NONE', ( #283, #9105, #7507, #3683 ) ) ;
#3092 = VECTOR ( 'NONE', #5112, 1000.000000000000000 ) ;
#3093 = CARTESIAN_POINT ( 'NONE',  ( -64.46620431643840732, 10.00000000000000000, -112.3905347760014024 ) ) ;
#3094 = VERTEX_POINT ( 'NONE', #1435 ) ;
#3095 = FACE_OUTER_BOUND ( 'NONE', #5325, .T. ) ;
#3096 = CARTESIAN_POINT ( 'NONE',  ( -90.00000000000000000, 0.000000000000000000, -97.86825876601859875 ) ) ;
#3097 = AXIS2_PLACEMENT_3D ( 'NONE', #290, #8472, #2911 ) ;
#3098 = ADVANCED_FACE ( 'NONE', ( #6235 ), #9422, .F. ) ;
#3099 = DIRECTION ( 'NONE',  ( -0.5521351308716259121, 0.000000000000000000, 0.8337546385222528444 ) ) ;
#3100 = VERTEX_POINT ( 'NONE', #175 ) ;
#3101 = DIRECTION ( 'NONE',  ( 0.000000000000000000, 0.000000000000000000, -1.000000000000000000 ) ) ;
#3102 = ORIENTED_EDGE ( 'NONE', *, *, #6814, .F. ) ;
#3103 = ORIENTED_EDGE ( 'NONE', *, *, #4427, .F. ) ;
#3104 = CARTESIAN_POINT ( 'NONE',  ( 15.50000000000000000, 3.000000000000000000, 0.5000000000000000000 ) ) ;
#3105 = EDGE_LOOP ( 'NONE', ( #9579, #8983, #5712, #4387 ) ) ;
#3106 = AXIS2_PLACEMENT_3D ( 'NONE', #2210, #5322, #3734 ) ;
#3107 = CARTESIAN_POINT ( 'NONE',  ( -15.00000000000000000, 9.500000000000000000, 20.00000000000000000 ) ) ;
#3108 = LINE ( 'NONE', #9459, #880 ) ;
#3109 = EDGE_CURVE ( 'NONE', #2012, #7261, #5227, .T. ) ;
#3110 = FACE_OUTER_BOUND ( 'NONE', #7991, .T. ) ;
#3111 = AXIS2_PLACEMENT_3D ( 'NONE', #6839, #5961, #1986 ) ;
#3112 = DIRECTION ( 'NONE',  ( 0.000000000000000000, 0.000000000000000000, 1.000000000000000000 ) ) ;
#3113 = VECTOR ( 'NONE', #2193, 1000.000000000000000 ) ;
#3114 = DIRECTION ( 'NONE',  ( 0.4141393648650378845, 0.4141393648650363857, -0.8105412839198057329 ) ) ;
#3115 = ORIENTED_EDGE ( 'NONE', *, *, #4511, .F. ) ;
#3116 = CARTESIAN_POINT ( 'NONE',  ( 15.50000000000000000, 83.40000000000000568, 2.418211663346639937E-16 ) ) ;
#3117 = EDGE_LOOP ( 'NONE', ( #7942, #9874, #7646, #5563, #8693, #3681, #4821, #9753, #2577, #7112, #1824, #6552 ) ) ;
#3118 = APPLICATION_CONTEXT ( 'automotive_design' ) ;
#3119 = AXIS2_PLACEMENT_3D ( 'NONE', #2726, #5798, #6580 ) ;
#3120 = AXIS2_PLACEMENT_3D ( 'NONE', #2673, #352, #9024 ) ;
#3121 = PLANE ( 'NONE',  #1829 ) ;
#3122 = CARTESIAN_POINT ( 'NONE',  ( 0.000000000000000000, 57.00000000000000000, 0.000000000000000000 ) ) ;
#3123 = EDGE_CURVE ( 'NONE', #7135, #4537, #5653, .T. ) ;
#3124 = DIRECTION ( 'NONE',  ( 0.000000000000000000, 0.000000000000000000, -1.000000000000000000 ) ) ;
#3125 = EDGE_CURVE ( 'NONE', #8775, #4978, #7265, .T. ) ;
#3126 = FACE_BOUND ( 'NONE', #2144, .T. ) ;
#3127 = AXIS2_PLACEMENT_3D ( 'NONE', #9490, #2342, #1551 ) ;
#3128 = VECTOR ( 'NONE', #7192, 1000.000000000000000 ) ;
#3129 = ORIENTED_EDGE ( 'NONE', *, *, #7890, .F. ) ;
#3130 = VERTEX_POINT ( 'NONE', #1688 ) ;
#3131 = CARTESIAN_POINT ( 'NONE',  ( 22.75000000000000355, -10.50000000000000000, 10.00000000000000000 ) ) ;
#3132 = ORIENTED_EDGE ( 'NONE', *, *, #9433, .F. ) ;
#3133 = CIRCLE ( 'NONE', #609, 3.000000000000000000 ) ;
#3134 = CARTESIAN_POINT ( 'NONE',  ( -2.500000000000000000, -9.500000000000000000, 0.5000000000000000000 ) ) ;
#3135 = DIRECTION ( 'NONE',  ( -1.734723475976810053E-15, -1.734723475976805122E-15, -1.000000000000000000 ) ) ;
#3136 = SHAPE_REPRESENTATION_RELATIONSHIP ( 'NONE' , 'NONE' ,  #9551, #9446 ) ;
#3137 = ADVANCED_FACE ( 'NONE', ( #966 ), #1633, .T. ) ;
#3138 = DIRECTION ( 'NONE',  ( -1.000000000000000000, 0.000000000000000000, 1.734723475976804629E-17 ) ) ;
#3139 = ORIENTED_EDGE ( 'NONE', *, *, #8557, .T. ) ;
#3140 = CARTESIAN_POINT ( 'NONE',  ( -23.68655752103995127, 54.67986544671990146, -28.54374205374395146 ) ) ;
#3141 = ORIENTED_EDGE ( 'NONE', *, *, #1197, .T. ) ;
#3142 = EDGE_CURVE ( 'NONE', #37, #9449, #8009, .T. ) ;
#3143 = CARTESIAN_POINT ( 'NONE',  ( 10.00000000000000000, 47.50000000000000000, -42.59593772390965682 ) ) ;
#3144 = ORIENTED_EDGE ( 'NONE', *, *, #7764, .F. ) ;
#3145 = DIRECTION ( 'NONE',  ( 0.000000000000000000, 0.000000000000000000, -1.000000000000000000 ) ) ;
#3146 = ORIENTED_EDGE ( 'NONE', *, *, #666, .T. ) ;
#3147 = CARTESIAN_POINT ( 'NONE',  ( 58.74171087241099798, 95.00000000000000000, -90.51182856389580422 ) ) ;
#3148 = LINE ( 'NONE', #10226, #3685 ) ;
#3149 = CARTESIAN_POINT ( 'NONE',  ( 0.000000000000000000, 39.00000000000000000, 0.000000000000000000 ) ) ;
#3150 = ORIENTED_EDGE ( 'NONE', *, *, #4966, .T. ) ;
#3151 = CYLINDRICAL_SURFACE ( 'NONE', #3950, 9.999999999999994671 ) ;
#3152 = ORIENTED_EDGE ( 'NONE', *, *, #284, .F. ) ;
#3153 = ADVANCED_FACE ( 'NONE', ( #4004 ), #6444, .T. ) ;
#3154 = ORIENTED_EDGE ( 'NONE', *, *, #3979, .T. ) ;
#3155 = FACE_OUTER_BOUND ( 'NONE', #8899, .T. ) ;
#3156 = ORIENTED_EDGE ( 'NONE', *, *, #3180, .F. ) ;
#3157 = EDGE_CURVE ( 'NONE', #6990, #8775, #9632, .T. ) ;
#3158 = UNCERTAINTY_MEASURE_WITH_UNIT (LENGTH_MEASURE( 1.000000000000000082E-05 ), #8794, 'distance_accuracy_value', 'NONE');
#3159 = AXIS2_PLACEMENT_3D ( 'NONE', #9220, #3501, #4428 ) ;
#3160 = CARTESIAN_POINT ( 'NONE',  ( 2.500000000000000000, 67.90000000000000568, 25.50000000000000000 ) ) ;
#3161 = DIRECTION ( 'NONE',  ( -1.700709290173339793E-17, 0.000000000000000000, 1.000000000000000000 ) ) ;
#3162 = CARTESIAN_POINT ( 'NONE',  ( 94.00000000000000000, 0.000000000000000000, -104.7964619962939992 ) ) ;
#3163 = PLANE ( 'NONE',  #5087 ) ;
#3164 = VERTEX_POINT ( 'NONE', #912 ) ;
#3165 = DIRECTION ( 'NONE',  ( 7.703719777548939991E-34, -1.000000000000000000, 1.310178779456959930E-50 ) ) ;
#3166 = ORIENTED_EDGE ( 'NONE', *, *, #5089, .F. ) ;
#3167 = EDGE_CURVE ( 'NONE', #5274, #2294, #10084, .T. ) ;
#3168 = FACE_OUTER_BOUND ( 'NONE', #7005, .T. ) ;
#3169 = FACE_OUTER_BOUND ( 'NONE', #3762, .T. ) ;
#3170 = LINE ( 'NONE', #4974, #4521 ) ;
#3171 = AXIS2_PLACEMENT_3D ( 'NONE', #5822, #1161, #4361 ) ;
#3172 = DIRECTION ( 'NONE',  ( -0.7147181510295883555, 0.000000000000000000, -0.6994125853806512083 ) ) ;
#3173 = ADVANCED_FACE ( 'NONE', ( #4110 ), #1582, .F. ) ;
#3174 = VERTEX_POINT ( 'NONE', #8896 ) ;
#3175 = ORIENTED_EDGE ( 'NONE', *, *, #8819, .T. ) ;
#3176 = CARTESIAN_POINT ( 'NONE',  ( -39.56980515339469662, -90.96194077712559078, 23.00000000000000000 ) ) ;
#3177 = EDGE_CURVE ( 'NONE', #706, #9515, #7283, .T. ) ;
#3178 = ORIENTED_EDGE ( 'NONE', *, *, #4657, .T. ) ;
#3179 = AXIS2_PLACEMENT_3D ( 'NONE', #2644, #4971, #5812 ) ;
#3180 = EDGE_CURVE ( 'NONE', #9500, #3995, #2491, .T. ) ;
#3181 = DIRECTION ( 'NONE',  ( 0.000000000000000000, 0.000000000000000000, 1.000000000000000000 ) ) ;
#3182 = CARTESIAN_POINT ( 'NONE',  ( 25.00000000000000000, 0.000000000000000000, 10.00000000000000000 ) ) ;
#3183 = CARTESIAN_POINT ( 'NONE',  ( 25.00000000000000000, 0.000000000000000000, 0.000000000000000000 ) ) ;
#3184 = DIRECTION ( 'NONE',  ( -1.734723475976804876E-16, 1.000000000000000000, 0.000000000000000000 ) ) ;
#3185 = VECTOR ( 'NONE', #1308, 1000.000000000000000 ) ;
#3186 = ORIENTED_EDGE ( 'NONE', *, *, #3273, .T. ) ;
#3187 = LINE ( 'NONE', #769, #747 ) ;
#3188 = ORIENTED_EDGE ( 'NONE', *, *, #3688, .F. ) ;
#3189 = DIRECTION ( 'NONE',  ( -0.4141393648650378290, -0.4141393648650368298, -0.8105412839198056218 ) ) ;
#3190 = VERTEX_POINT ( 'NONE', #4209 ) ;
#3191 = DIRECTION ( 'NONE',  ( -1.000000000000000000, 0.000000000000000000, 1.734723475976804629E-17 ) ) ;
#3192 = VERTEX_POINT ( 'NONE', #5710 ) ;
#3193 = ADVANCED_FACE ( 'NONE', ( #7334 ), #9577, .F. ) ;
#3194 = CARTESIAN_POINT ( 'NONE',  ( -39.00443338159790585, 95.00000000000000000, -42.59593772390965682 ) ) ;
#3195 = AXIS2_PLACEMENT_3D ( 'NONE', #6020, #938, #4900 ) ;
#3196 = ADVANCED_FACE ( 'NONE', ( #4927 ), #8118, .T. ) ;
#3197 = DIRECTION ( 'NONE',  ( 0.000000000000000000, 1.000000000000000000, 0.000000000000000000 ) ) ;
#3198 = CARTESIAN_POINT ( 'NONE',  ( 63.25715662211379708, 95.00200000000000955, -42.99587695296754930 ) ) ;
#3199 = CARTESIAN_POINT ( 'NONE',  ( -63.25715662211379708, 10.00000000000000000, -42.99587695296754930 ) ) ;
#3200 = ORIENTED_EDGE ( 'NONE', *, *, #7780, .F. ) ;
#3201 = AXIS2_PLACEMENT_3D ( 'NONE', #8574, #5443, #1433 ) ;
#3202 = VERTEX_POINT ( 'NONE', #7961 ) ;
#3203 = ORIENTED_EDGE ( 'NONE', *, *, #4955, .F. ) ;
#3204 = ADVANCED_FACE ( 'NONE', ( #3432 ), #9785, .T. ) ;
#3205 = VECTOR ( 'NONE', #4178, 1000.000000000000000 ) ;
#3206 = CARTESIAN_POINT ( 'NONE',  ( -59.14441049068479828, 95.00000000000000000, -100.2793298308827872 ) ) ;
#3207 = LINE ( 'NONE', #7267, #8686 ) ;
#3208 = CARTESIAN_POINT ( 'NONE',  ( -44.06980515339470372, -90.96194077712559078, -33.00000000000000000 ) ) ;
#3209 = CARTESIAN_POINT ( 'NONE',  ( -26.24777966571249976, -61.24777966571249976, -11.00000000000000000 ) ) ;
#3210 = ADVANCED_FACE ( 'NONE', ( #2437 ), #9829, .T. ) ;
#3211 = CARTESIAN_POINT ( 'NONE',  ( 0.000000000000000000, 0.000000000000000000, -2.750000000000000000 ) ) ;
#3212 = ORIENTED_EDGE ( 'NONE', *, *, #4011, .F. ) ;
#3213 = CIRCLE ( 'NONE', #9030, 2.250000000000001776 ) ;
#3214 = CARTESIAN_POINT ( 'NONE',  ( -27.68655752103995127, 74.67986544671991567, -28.54374205374395146 ) ) ;
#3215 = VERTEX_POINT ( 'NONE', #324 ) ;
#3216 = CIRCLE ( 'NONE', #9033, 2.250000000000000000 ) ;
#3217 = AXIS2_PLACEMENT_3D ( 'NONE', #1503, #3928, #7107 ) ;
#3218 = EDGE_CURVE ( 'NONE', #4408, #3435, #82, .T. ) ;
#3219 = CARTESIAN_POINT ( 'NONE',  ( -4.903091581381051611, 0.4783711469875545630, -1.134582495804038471 ) ) ;
#3220 = CARTESIAN_POINT ( 'NONE',  ( -64.46620431643840732, 10.00000000000000000, -107.8905347760014024 ) ) ;
#3221 = CIRCLE ( 'NONE', #2719, 8.750000000000000000 ) ;
#3222 = CARTESIAN_POINT ( 'NONE',  ( 0.000000000000000000, 10.00000000000000000, -117.2793298308826166 ) ) ;
#3223 = VECTOR ( 'NONE', #9008, 1000.000000000000000 ) ;
#3224 = EDGE_CURVE ( 'NONE', #4021, #9661, #6698, .T. ) ;
#3225 = DIRECTION ( 'NONE',  ( 0.000000000000000000, -1.000000000000000000, 0.000000000000000000 ) ) ;
#3226 = VERTEX_POINT ( 'NONE', #6011 ) ;
#3227 = VERTEX_POINT ( 'NONE', #280 ) ;
#3228 = VECTOR ( 'NONE', #7307, 1000.000000000000000 ) ;
#3229 = LINE ( 'NONE', #7858, #6110 ) ;
#3230 = ORIENTED_EDGE ( 'NONE', *, *, #8323, .F. ) ;
#3231 = DIRECTION ( 'NONE',  ( 0.000000000000000000, 1.000000000000000000, 0.000000000000000000 ) ) ;
#3232 = CARTESIAN_POINT ( 'NONE',  ( 96.67003710817799345, 95.00000000000000000, -93.45117771904560300 ) ) ;
#3233 = DIRECTION ( 'NONE',  ( 3.068079190820899944E-33, -1.000000000000000000, -1.816464372750584614E-16 ) ) ;
#3234 = EDGE_CURVE ( 'NONE', #6080, #5434, #5755, .T. ) ;
#3235 = DIRECTION ( 'NONE',  ( 0.000000000000000000, 0.000000000000000000, -1.000000000000000000 ) ) ;
#3236 = LINE ( 'NONE', #6403, #7753 ) ;
#3237 = AXIS2_PLACEMENT_3D ( 'NONE', #1903, #3490, #6073 ) ;
#3238 = VERTEX_POINT ( 'NONE', #1948 ) ;
#3239 = CARTESIAN_POINT ( 'NONE',  ( -2.500000000000000000, 70.90000000000000568, 25.50000000000000000 ) ) ;
#3240 = ORIENTED_EDGE ( 'NONE', *, *, #9613, .F. ) ;
#3241 = LINE ( 'NONE', #981, #10016 ) ;
#3242 = ORIENTED_EDGE ( 'NONE', *, *, #9959, .F. ) ;
#3243 = LINE ( 'NONE', #3922, #1106 ) ;
#3244 = VERTEX_POINT ( 'NONE', #2691 ) ;
#3245 =( GEOMETRIC_REPRESENTATION_CONTEXT ( 3 ) GLOBAL_UNCERTAINTY_ASSIGNED_CONTEXT ( ( #1461 ) ) GLOBAL_UNIT_ASSIGNED_CONTEXT ( ( #10264, #5455, #3859 ) ) REPRESENTATION_CONTEXT ( 'NONE', 'WORKASPACE' ) );
#3246 = CARTESIAN_POINT ( 'NONE',  ( 0.000000000000000000, 0.000000000000000000, 0.000000000000000000 ) ) ;
#3247 = PRODUCT_DEFINITION_FORMATION_WITH_SPECIFIED_SOURCE ( 'ANY', '', #5571, .NOT_KNOWN. ) ;
#3248 = CARTESIAN_POINT ( 'NONE',  ( -59.14441049068479828, 0.000000000000000000, -90.27932983088280139 ) ) ;
#3249 = ADVANCED_FACE ( 'NONE', ( #2842 ), #1155, .T. ) ;
#3250 = CARTESIAN_POINT ( 'NONE',  ( 58.67999999999999972, 5.000000000000000000, 10.00000000000000000 ) ) ;
#3251 = VECTOR ( 'NONE', #6861, 1000.000000000000000 ) ;
#3252 = EDGE_CURVE ( 'NONE', #139, #8828, #5022, .T. ) ;
#3253 = EDGE_LOOP ( 'NONE', ( #8998, #7455, #8825, #5951 ) ) ;
#3254 = DIRECTION ( 'NONE',  ( 0.000000000000000000, -1.000000000000000000, 0.000000000000000000 ) ) ;
#3255 = ORIENTED_EDGE ( 'NONE', *, *, #6478, .F. ) ;
#3256 =( REPRESENTATION_RELATIONSHIP ('NONE','NONE', #8752, #9885 ) REPRESENTATION_RELATIONSHIP_WITH_TRANSFORMATION ( #4256 )SHAPE_REPRESENTATION_RELATIONSHIP( ) );
#3257 = ORIENTED_EDGE ( 'NONE', *, *, #238, .F. ) ;
#3258 = DIRECTION ( 'NONE',  ( 0.000000000000000000, 0.000000000000000000, 1.000000000000000000 ) ) ;
#3259 = ORIENTED_EDGE ( 'NONE', *, *, #2485, .F. ) ;
#3260 = EDGE_LOOP ( 'NONE', ( #4111, #1288 ) ) ;
#3261 = AXIS2_PLACEMENT_3D ( 'NONE', #8341, #1196, #4393 ) ;
#3262 = PRODUCT_DEFINITION_CONTEXT ( 'detailed design', #8422, 'design' ) ;
#3263 = CARTESIAN_POINT ( 'NONE',  ( 64.46620431643840732, 95.00000000000000000, -110.1405347760014024 ) ) ;
#3264 = CARTESIAN_POINT ( 'NONE',  ( 5.000000000000000000, 0.000000000000000000, 1.000000000000000000 ) ) ;
#3265 = DIRECTION ( 'NONE',  ( -0.7071067811865465735, 0.7071067811865485719, 0.000000000000000000 ) ) ;
#3266 = DIRECTION ( 'NONE',  ( -0.4141393648650378290, -0.4141393648650368298, -0.8105412839198056218 ) ) ;
#3267 = EDGE_CURVE ( 'NONE', #580, #4399, #6424, .T. ) ;
#3268 = CARTESIAN_POINT ( 'NONE',  ( 4.142135623730935023, -59.14213562373100075, 0.000000000000000000 ) ) ;
#3269 = ORIENTED_EDGE ( 'NONE', *, *, #10113, .T. ) ;
#3270 = VECTOR ( 'NONE', #3493, 1000.000000000000000 ) ;
#3271 = CARTESIAN_POINT ( 'NONE',  ( 13.63988578096988036, 0.000000000000000000, -4.294065530670990505 ) ) ;
#3272 = ORIENTED_EDGE ( 'NONE', *, *, #8528, .F. ) ;
#3273 = EDGE_CURVE ( 'NONE', #9476, #6714, #1263, .T. ) ;
#3274 = AXIS2_PLACEMENT_3D ( 'NONE', #315, #5855, #2832 ) ;
#3275 = PLANE ( 'NONE',  #4181 ) ;
#3276 = FACE_BOUND ( 'NONE', #4718, .T. ) ;
#3277 = VECTOR ( 'NONE', #3788, 1000.000000000000000 ) ;
#3278 = LINE ( 'NONE', #2379, #7520 ) ;
#3279 = CARTESIAN_POINT ( 'NONE',  ( -2.500000000000000000, 67.90000000000000568, 0.5000000000000000000 ) ) ;
#3280 = VERTEX_POINT ( 'NONE', #6848 ) ;
#3281 = ORIENTED_EDGE ( 'NONE', *, *, #4926, .T. ) ;
#3282 = EDGE_CURVE ( 'NONE', #6675, #6318, #3635, .T. ) ;
#3283 = CIRCLE ( 'NONE', #7938, 10.00000000000000000 ) ;
#3284 = VECTOR ( 'NONE', #9973, 1000.000000000000000 ) ;
#3285 = CARTESIAN_POINT ( 'NONE',  ( 5.000000000000000000, 18.00000000000000000, -85.14486490616360470 ) ) ;
#3286 = CARTESIAN_POINT ( 'NONE',  ( 5.000000000000000000, 18.00000000000000000, -100.0000000000000000 ) ) ;
#3287 = EDGE_CURVE ( 'NONE', #7987, #3995, #1062, .T. ) ;
#3288 = CARTESIAN_POINT ( 'NONE',  ( 25.00000000000000000, -5.500000000000000000, 20.00000000000000000 ) ) ;
#3289 = DIRECTION ( 'NONE',  ( 0.000000000000000000, 1.000000000000000000, 0.000000000000000000 ) ) ;
#3290 = CYLINDRICAL_SURFACE ( 'NONE', #3578, 10.00000000000000000 ) ;
#3291 = AXIS2_PLACEMENT_3D ( 'NONE', #2873, #7777, #6203 ) ;
#3292 = CIRCLE ( 'NONE', #9933, 2.250000000000001776 ) ;
#3293 = DIRECTION ( 'NONE',  ( -1.000000000000000000, -1.734723475976804876E-16, 0.000000000000000000 ) ) ;
#3294 = DIRECTION ( 'NONE',  ( 1.000000000000000000, 1.734723475976804876E-16, 0.000000000000000000 ) ) ;
#3295 = ORIENTED_EDGE ( 'NONE', *, *, #396, .T. ) ;
#3296 = FACE_OUTER_BOUND ( 'NONE', #2626, .T. ) ;
#3297 = ORIENTED_EDGE ( 'NONE', *, *, #9147, .F. ) ;
#3298 = PLANE ( 'NONE',  #1677 ) ;
#3299 = ORIENTED_EDGE ( 'NONE', *, *, #317, .T. ) ;
#3300 = CYLINDRICAL_SURFACE ( 'NONE', #2280, 2.249999999999998668 ) ;
#3301 = ORIENTED_EDGE ( 'NONE', *, *, #7445, .T. ) ;
#3302 = VECTOR ( 'NONE', #7965, 1000.000000000000000 ) ;
#3303 = EDGE_CURVE ( 'NONE', #1294, #1342, #5864, .T. ) ;
#3304 = DIRECTION ( 'NONE',  ( 1.000000000000000000, 0.000000000000000000, 0.000000000000000000 ) ) ;
#3305 = CYLINDRICAL_SURFACE ( 'NONE', #8018, 10.00000000000000178 ) ;
#3306 = CARTESIAN_POINT ( 'NONE',  ( 0.000000000000000000, 3.000000000000000000, 22.50000000000000000 ) ) ;
#3307 = CARTESIAN_POINT ( 'NONE',  ( 2.755455298081544285E-16, 5.000000000000000000, 2.250000000000000000 ) ) ;
#3308 = CARTESIAN_POINT ( 'NONE',  ( 5.000000000000000000, -12.50000000000000000, 6.324669086646330619E-17 ) ) ;
#3309 = ORIENTED_EDGE ( 'NONE', *, *, #9300, .T. ) ;
#3310 = DIRECTION ( 'NONE',  ( 0.000000000000000000, 0.000000000000000000, 1.000000000000000000 ) ) ;
#3311 = ORIENTED_EDGE ( 'NONE', *, *, #4215, .F. ) ;
#3312 = ORIENTED_EDGE ( 'NONE', *, *, #323, .F. ) ;
#3313 = DIRECTION ( 'NONE',  ( 0.000000000000000000, -1.000000000000000000, 0.000000000000000000 ) ) ;
#3314 = VERTEX_POINT ( 'NONE', #6752 ) ;
#3315 = ORIENTED_EDGE ( 'NONE', *, *, #7387, .T. ) ;
#3316 = EDGE_CURVE ( 'NONE', #630, #3374, #2748, .T. ) ;
#3317 = EDGE_CURVE ( 'NONE', #7389, #741, #6082, .T. ) ;
#3318 = CARTESIAN_POINT ( 'NONE',  ( -26.24777966571249976, -61.24777966571249976, -11.00000000000000000 ) ) ;
#3319 = DIRECTION ( 'NONE',  ( 0.000000000000000000, 0.000000000000000000, -1.000000000000000000 ) ) ;
#3320 =( REPRESENTATION_RELATIONSHIP ('NONE','NONE', #8752, #6628 ) REPRESENTATION_RELATIONSHIP_WITH_TRANSFORMATION ( #4305 )SHAPE_REPRESENTATION_RELATIONSHIP( ) );
#3321 = DIRECTION ( 'NONE',  ( 1.000000000000000000, -3.798227098303920342E-65, 1.700709290173339793E-17 ) ) ;
#3322 = CARTESIAN_POINT ( 'NONE',  ( -5.000000000000000000, 70.90000000000000568, 25.50000000000000000 ) ) ;
#3323 = CARTESIAN_POINT ( 'NONE',  ( -98.00100000000000477, 85.00000000000000000, -100.2793298308827872 ) ) ;
#3324 = ORIENTED_EDGE ( 'NONE', *, *, #6452, .T. ) ;
#3325 = CYLINDRICAL_SURFACE ( 'NONE', #2093, 2.750000000000000000 ) ;
#3326 = ORIENTED_EDGE ( 'NONE', *, *, #6735, .F. ) ;
#3327 = ADVANCED_FACE ( 'NONE', ( #5073 ), #8259, .T. ) ;
#3328 = CARTESIAN_POINT ( 'NONE',  ( -4.848464284837593397, 0.5772697009757400410, -1.277021568246150762 ) ) ;
#3329 = CARTESIAN_POINT ( 'NONE',  ( -85.36863799491800364, 10.00000000000000000, -99.02829855763729938 ) ) ;
#3330 = SHAPE_DEFINITION_REPRESENTATION ( #6412, #1678 ) ;
#3331 = CARTESIAN_POINT ( 'NONE',  ( -65.00000000000000000, 10.00000000000000000, -120.2793298308826024 ) ) ;
#3332 = AXIS2_PLACEMENT_3D ( 'NONE', #5094, #5238, #9124 ) ;
#3333 = CARTESIAN_POINT ( 'NONE',  ( 15.50000000000000000, 67.90000000000000568, -2.500000000000000000 ) ) ;
#3334 = EDGE_LOOP ( 'NONE', ( #1603, #9339, #5372, #7952 ) ) ;
#3335 = VERTEX_POINT ( 'NONE', #4307 ) ;
#3336 = EDGE_LOOP ( 'NONE', ( #7610, #727, #550, #9845, #3612 ) ) ;
#3337 = CARTESIAN_POINT ( 'NONE',  ( -10.00000000000000000, -73.28427124746190202, 1.000000000000000000 ) ) ;
#3338 = DIRECTION ( 'NONE',  ( 0.000000000000000000, 0.000000000000000000, 1.000000000000000000 ) ) ;
#3339 = EDGE_CURVE ( 'NONE', #10038, #950, #10034, .T. ) ;
#3340 = PLANE ( 'NONE',  #9571 ) ;
#3341 = DIRECTION ( 'NONE',  ( 0.000000000000000000, 0.000000000000000000, -1.000000000000000000 ) ) ;
#3342 = FACE_OUTER_BOUND ( 'NONE', #4485, .T. ) ;
#3343 = ADVANCED_FACE ( 'NONE', ( #5121 ), #5919, .F. ) ;
#3344 = ORIENTED_EDGE ( 'NONE', *, *, #7495, .T. ) ;
#3345 = CYLINDRICAL_SURFACE ( 'NONE', #9249, 2.250000000000000000 ) ;
#3346 = ORIENTED_EDGE ( 'NONE', *, *, #4694, .F. ) ;
#3347 = DIRECTION ( 'NONE',  ( 0.000000000000000000, 0.000000000000000000, 1.000000000000000000 ) ) ;
#3348 = AXIS2_PLACEMENT_3D ( 'NONE', #8312, #8265, #1118 ) ;
#3349 = ORIENTED_EDGE ( 'NONE', *, *, #8790, .T. ) ;
#3350 = DIRECTION ( 'NONE',  ( 1.734723475976804876E-16, -1.000000000000000000, 0.000000000000000000 ) ) ;
#3351 = ORIENTED_EDGE ( 'NONE', *, *, #9316, .F. ) ;
#3352 = PLANE ( 'NONE',  #9977 ) ;
#3353 = DIRECTION ( 'NONE',  ( 0.000000000000000000, 0.000000000000000000, -1.000000000000000000 ) ) ;
#3354 = DIRECTION ( 'NONE',  ( 0.7071067811865465735, -0.7071067811865485719, -1.974885789293613712E-16 ) ) ;
#3355 = FACE_OUTER_BOUND ( 'NONE', #10063, .T. ) ;
#3356 = AXIS2_PLACEMENT_3D ( 'NONE', #5118, #4349, #6747 ) ;
#3357 = LINE ( 'NONE', #4285, #4036 ) ;
#3358 = EDGE_CURVE ( 'NONE', #2917, #5277, #6751, .T. ) ;
#3359 = PLANE ( 'NONE',  #6944 ) ;
#3360 = VERTEX_POINT ( 'NONE', #8459 ) ;
#3361 = ORIENTED_EDGE ( 'NONE', *, *, #8465, .T. ) ;
#3362 = LINE ( 'NONE', #9713, #2099 ) ;
#3363 = ORIENTED_EDGE ( 'NONE', *, *, #8003, .T. ) ;
#3364 = EDGE_LOOP ( 'NONE', ( #7875, #5340, #10272, #3851 ) ) ;
#3365 = VECTOR ( 'NONE', #1511, 1000.000000000000000 ) ;
#3366 = UNCERTAINTY_MEASURE_WITH_UNIT (LENGTH_MEASURE( 1.000000000000000082E-05 ), #918, 'distance_accuracy_value', 'NONE');
#3367 = CARTESIAN_POINT ( 'NONE',  ( -90.00000000000000000, 10.00000000000000000, -97.86825876601859875 ) ) ;
#3368 = DIRECTION ( 'NONE',  ( -0.000000000000000000, 1.000000000000000000, -0.000000000000000000 ) ) ;
#3369 = DIRECTION ( 'NONE',  ( 1.000000000000000000, -0.000000000000000000, 1.700709290173339793E-17 ) ) ;
#3370 = EDGE_CURVE ( 'NONE', #5910, #2651, #9303, .T. ) ;
#3371 = DIRECTION ( 'NONE',  ( -1.700709290173339793E-17, 0.000000000000000000, -1.000000000000000000 ) ) ;
#3372 = ORIENTED_EDGE ( 'NONE', *, *, #9419, .F. ) ;
#3373 = FACE_OUTER_BOUND ( 'NONE', #7134, .T. ) ;
#3374 = VERTEX_POINT ( 'NONE', #6276 ) ;
#3375 = ADVANCED_FACE ( 'NONE', ( #638 ), #6168, .F. ) ;
#3376 = DIRECTION ( 'NONE',  ( 1.734723475976804876E-16, -1.000000000000000000, 0.000000000000000000 ) ) ;
#3377 = DIRECTION ( 'NONE',  ( -1.878072721644629807E-16, -1.878072721644624877E-16, -1.000000000000000000 ) ) ;
#3378 = PRODUCT_CONTEXT ( 'NONE', #4501, 'mechanical' ) ;
#3379 = DIRECTION ( 'NONE',  ( -1.000000000000000000, 0.000000000000000000, 0.000000000000000000 ) ) ;
#3380 = DIRECTION ( 'NONE',  ( -1.000000000000000000, 0.000000000000000000, -2.775557561562890365E-16 ) ) ;
#3381 = AXIS2_PLACEMENT_3D ( 'NONE', #4405, #3676, #5319 ) ;
#3382 = AXIS2_PLACEMENT_3D ( 'NONE', #6776, #6039, #1287 ) ;
#3383 = ORIENTED_EDGE ( 'NONE', *, *, #10229, .F. ) ;
#3384 = EDGE_CURVE ( 'NONE', #7551, #4086, #6964, .T. ) ;
#3385 = ORIENTED_EDGE ( 'NONE', *, *, #3267, .F. ) ;
#3386 = ORIENTED_EDGE ( 'NONE', *, *, #4077, .T. ) ;
#3387 = CIRCLE ( 'NONE', #9528, 7.500000000000000000 ) ;
#3388 = VECTOR ( 'NONE', #3765, 1000.000000000000000 ) ;
#3389 = CYLINDRICAL_SURFACE ( 'NONE', #1651, 1.499999999999999556 ) ;
#3390 = DIRECTION ( 'NONE',  ( -1.000000000000000000, 0.000000000000000000, 1.700709290173339793E-17 ) ) ;
#3391 = AXIS2_PLACEMENT_3D ( 'NONE', #1543, #4735, #3969 ) ;
#3392 = CARTESIAN_POINT ( 'NONE',  ( -27.68655752103995127, 54.67986544671990146, -42.59593772390965682 ) ) ;
#3393 = EDGE_CURVE ( 'NONE', #5910, #7311, #1467, .T. ) ;
#3394 = DIRECTION ( 'NONE',  ( -0.000000000000000000, -0.000000000000000000, 1.000000000000000000 ) ) ;
#3395 = CARTESIAN_POINT ( 'NONE',  ( 15.50000000000000000, 62.39999999999999858, 22.00000000000000000 ) ) ;
#3396 = ORIENTED_EDGE ( 'NONE', *, *, #8066, .T. ) ;
#3397 = DIRECTION ( 'NONE',  ( 0.000000000000000000, 0.000000000000000000, 1.000000000000000000 ) ) ;
#3398 = CARTESIAN_POINT ( 'NONE',  ( -37.48849769918444963, -72.48849769918439279, -25.00000000000000000 ) ) ;
#3399 = VERTEX_POINT ( 'NONE', #5273 ) ;
#3400 = CIRCLE ( 'NONE', #6548, 5.000000000000000000 ) ;
#3401 = DIRECTION ( 'NONE',  ( 0.000000000000000000, 0.000000000000000000, 1.000000000000000000 ) ) ;
#3402 = EDGE_LOOP ( 'NONE', ( #4941, #6885, #5368, #1950 ) ) ;
#3403 = PLANE ( 'NONE',  #8806 ) ;
#3404 = CARTESIAN_POINT ( 'NONE',  ( -21.97224293596364930, -85.25651418342550869, -4.763511508049220744 ) ) ;
#3405 = CIRCLE ( 'NONE', #8053, 10.00000000000000000 ) ;
#3406 = LINE ( 'NONE', #1133, #373 ) ;
#3407 = DIRECTION ( 'NONE',  ( 0.000000000000000000, -1.000000000000000000, 0.000000000000000000 ) ) ;
#3408 = VERTEX_POINT ( 'NONE', #10139 ) ;
#3409 = FACE_OUTER_BOUND ( 'NONE', #1508, .T. ) ;
#3410 = ORIENTED_EDGE ( 'NONE', *, *, #9802, .T. ) ;
#3411 = EDGE_LOOP ( 'NONE', ( #535, #7722, #7488, #2466 ) ) ;
#3412 = COLOUR_RGB ( '',0.7921568627450980005, 0.8196078431372548767, 0.9333333333333333481 ) ;
#3413 = CARTESIAN_POINT ( 'NONE',  ( -94.00000000000000000, 95.00000000000000000, -104.7964619962939992 ) ) ;
#3414 = EDGE_LOOP ( 'NONE', ( #8158, #7367, #2683, #982 ) ) ;
#3415 = VERTEX_POINT ( 'NONE', #4662 ) ;
#3416 = PRODUCT_DEFINITION_FORMATION_WITH_SPECIFIED_SOURCE ( 'ANY', '', #821, .NOT_KNOWN. ) ;
#3417 = EDGE_CURVE ( 'NONE', #1857, #8319, #4507, .T. ) ;
#3418 = FACE_OUTER_BOUND ( 'NONE', #3970, .T. ) ;
#3419 = VECTOR ( 'NONE', #2423, 1000.000000000000000 ) ;
#3420 = FACE_OUTER_BOUND ( 'NONE', #3916, .T. ) ;
#3421 = FACE_OUTER_BOUND ( 'NONE', #4677, .T. ) ;
#3422 = DIRECTION ( 'NONE',  ( 7.703719777548939991E-34, -1.000000000000000000, 1.310178779456959930E-50 ) ) ;
#3423 = ORIENTED_EDGE ( 'NONE', *, *, #3856, .T. ) ;
#3424 = DIRECTION ( 'NONE',  ( 1.000000000000000000, 0.000000000000000000, 0.000000000000000000 ) ) ;
#3425 = ORIENTED_EDGE ( 'NONE', *, *, #2930, .T. ) ;
#3426 = AXIS2_PLACEMENT_3D ( 'NONE', #2143, #5308, #2395 ) ;
#3427 = EDGE_CURVE ( 'NONE', #4703, #5767, #3060, .T. ) ;
#3428 = DIRECTION ( 'NONE',  ( -1.040834085586093871E-16, 0.000000000000000000, -1.000000000000000000 ) ) ;
#3429 = DIRECTION ( 'NONE',  ( 1.000000000000000000, 5.204170427930419311E-16, 0.000000000000000000 ) ) ;
#3430 = FACE_BOUND ( 'NONE', #10012, .T. ) ;
#3431 = VECTOR ( 'NONE', #1222, 1000.000000000000000 ) ;
#3432 = FACE_OUTER_BOUND ( 'NONE', #8024, .T. ) ;
#3433 = ORIENTED_EDGE ( 'NONE', *, *, #2747, .F. ) ;
#3434 = VERTEX_POINT ( 'NONE', #2314 ) ;
#3435 = VERTEX_POINT ( 'NONE', #2999 ) ;
#3436 = AXIS2_PLACEMENT_3D ( 'NONE', #5042, #1026, #4462 ) ;
#3437 = VECTOR ( 'NONE', #9882, 1000.000000000000000 ) ;
#3438 = EDGE_CURVE ( 'NONE', #8775, #7299, #3893, .T. ) ;
#3439 = CYLINDRICAL_SURFACE ( 'NONE', #6495, 2.250000000000001776 ) ;
#3440 = DIRECTION ( 'NONE',  ( 0.000000000000000000, 0.000000000000000000, -1.000000000000000000 ) ) ;
#3441 = ADVANCED_FACE ( 'NONE', ( #5482 ), #10296, .T. ) ;
#3442 = DIRECTION ( 'NONE',  ( 1.000000000000000000, 0.000000000000000000, 0.000000000000000000 ) ) ;
#3443 = CYLINDRICAL_SURFACE ( 'NONE', #698, 7.000000000000006217 ) ;
#3444 = CYLINDRICAL_SURFACE ( 'NONE', #3927, 2.250000000000000000 ) ;
#3445 = CIRCLE ( 'NONE', #417, 2.750000000000000000 ) ;
#3446 = AXIS2_PLACEMENT_3D ( 'NONE', #1456, #2884, #10175 ) ;
#3447 = ORIENTED_EDGE ( 'NONE', *, *, #2178, .F. ) ;
#3448 = DIRECTION ( 'NONE',  ( 1.000000000000000000, 0.000000000000000000, 0.000000000000000000 ) ) ;
#3449 = DIRECTION ( 'NONE',  ( 0.000000000000000000, 0.000000000000000000, 1.000000000000000000 ) ) ;
#3450 = CYLINDRICAL_SURFACE ( 'NONE', #3793, 2.249999999999998668 ) ;
#3451 = ORIENTED_EDGE ( 'NONE', *, *, #6452, .F. ) ;
#3452 = AXIS2_PLACEMENT_3D ( 'NONE', #7209, #9610, #5745 ) ;
#3453 = DIRECTION ( 'NONE',  ( 1.734723475976804876E-16, -1.000000000000000000, 0.000000000000000000 ) ) ;
#3454 = DIRECTION ( 'NONE',  ( 0.000000000000000000, 0.000000000000000000, 1.000000000000000000 ) ) ;
#3455 = VECTOR ( 'NONE', #9130, 1000.000000000000000 ) ;
#3456 = ADVANCED_FACE ( 'NONE', ( #10086 ), #6905, .F. ) ;
#3457 = DIRECTION ( 'NONE',  ( -1.000000000000000000, 0.000000000000000000, 0.000000000000000000 ) ) ;
#3458 = DIRECTION ( 'NONE',  ( 0.000000000000000000, -1.000000000000000000, 0.000000000000000000 ) ) ;
#3459 = EDGE_CURVE ( 'NONE', #1235, #8462, #8668, .T. ) ;
#3460 = ORIENTED_EDGE ( 'NONE', *, *, #3038, .T. ) ;
#3461 = CARTESIAN_POINT ( 'NONE',  ( -65.00000000000000000, 0.000000000000000000, -120.2793298308828014 ) ) ;
#3462 = ORIENTED_EDGE ( 'NONE', *, *, #7679, .T. ) ;
#3463 = CIRCLE ( 'NONE', #9779, 2.249999999999998668 ) ;
#3464 = EDGE_LOOP ( 'NONE', ( #5483, #6766, #5953, #7466 ) ) ;
#3465 = DIRECTION ( 'NONE',  ( 0.7071067811865474617, 0.7071067811865474617, 0.000000000000000000 ) ) ;
#3466 = EDGE_LOOP ( 'NONE', ( #6201, #6248, #2790, #2268 ) ) ;
#3467 = UNCERTAINTY_MEASURE_WITH_UNIT (LENGTH_MEASURE( 1.000000000000000082E-05 ), #4430, 'distance_accuracy_value', 'NONE');
#3468 = VECTOR ( 'NONE', #8561, 1000.000000000000000 ) ;
#3469 = DIRECTION ( 'NONE',  ( 0.000000000000000000, -1.000000000000000000, 0.000000000000000000 ) ) ;
#3470 = DIRECTION ( 'NONE',  ( -1.000000000000000000, 0.000000000000000000, 0.000000000000000000 ) ) ;
#3471 = EDGE_CURVE ( 'NONE', #9711, #9132, #7844, .T. ) ;
#3472 = LINE ( 'NONE', #1144, #9072 ) ;
#3473 = CYLINDRICAL_SURFACE ( 'NONE', #6432, 1.500000000000000000 ) ;
#3474 = ORIENTED_EDGE ( 'NONE', *, *, #4586, .F. ) ;
#3475 = CARTESIAN_POINT ( 'NONE',  ( -59.14441049068479828, 85.00000000000000000, -100.2793298308827872 ) ) ;
#3476 = ORIENTED_EDGE ( 'NONE', *, *, #284, .T. ) ;
#3477 = EDGE_CURVE ( 'NONE', #492, #6925, #4715, .T. ) ;
#3478 = CARTESIAN_POINT ( 'NONE',  ( -2.500000000000000000, 70.90000000000000568, 25.50000000000000000 ) ) ;
#3479 = DIRECTION ( 'NONE',  ( 0.000000000000000000, 0.000000000000000000, 1.000000000000000000 ) ) ;
#3480 = ITEM_DEFINED_TRANSFORMATION ( 'NONE', 'NONE', #8373,  #5194 ) ;
#3481 = DIRECTION ( 'NONE',  ( 0.000000000000000000, -1.000000000000000000, 0.000000000000000000 ) ) ;
#3482 = EDGE_CURVE ( 'NONE', #4968, #6714, #6117, .T. ) ;
#3483 = CARTESIAN_POINT ( 'NONE',  ( 2.500000000000000000, 67.90000000000000568, 22.50000000000000000 ) ) ;
#3484 = EDGE_CURVE ( 'NONE', #1345, #2368, #2085, .T. ) ;
#3485 = ORIENTED_EDGE ( 'NONE', *, *, #895, .T. ) ;
#3486 = ORIENTED_EDGE ( 'NONE', *, *, #4235, .F. ) ;
#3487 = CARTESIAN_POINT ( 'NONE',  ( -25.00000000000000000, 9.500000000000000000, 20.00000000000000000 ) ) ;
#3488 = DIRECTION ( 'NONE',  ( 0.000000000000000000, 0.000000000000000000, 1.000000000000000000 ) ) ;
#3489 = CARTESIAN_POINT ( 'NONE',  ( 25.00000000000000000, 9.500000000000000000, 10.00000000000000000 ) ) ;
#3490 = DIRECTION ( 'NONE',  ( 0.000000000000000000, 0.000000000000000000, 1.000000000000000000 ) ) ;
#3491 = PLANE ( 'NONE',  #1557 ) ;
#3492 = CARTESIAN_POINT ( 'NONE',  ( -39.56980515339469662, -90.96194077712559078, -25.00000000000000000 ) ) ;
#3493 = DIRECTION ( 'NONE',  ( 0.000000000000000000, -1.000000000000000000, 0.000000000000000000 ) ) ;
#3494 = EDGE_CURVE ( 'NONE', #5973, #3695, #7920, .T. ) ;
#3495 = ORIENTED_EDGE ( 'NONE', *, *, #8584, .F. ) ;
#3496 = FACE_OUTER_BOUND ( 'NONE', #9423, .T. ) ;
#3497 = ORIENTED_EDGE ( 'NONE', *, *, #9642, .T. ) ;
#3498 = DIRECTION ( 'NONE',  ( 0.000000000000000000, 1.000000000000000000, 0.000000000000000000 ) ) ;
#3500 = ORIENTED_EDGE ( 'NONE', *, *, #4588, .T. ) ;
#3499 = EDGE_CURVE ( 'NONE', #247, #1495, #10243, .T. ) ;
#3501 = DIRECTION ( 'NONE',  ( 0.000000000000000000, -1.000000000000000000, 0.000000000000000000 ) ) ;
#3502 = FACE_OUTER_BOUND ( 'NONE', #9142, .T. ) ;
#3503 = LINE ( 'NONE', #6668, #40 ) ;
#3504 = DIRECTION ( 'NONE',  ( -1.000000000000000000, 0.000000000000000000, 0.000000000000000000 ) ) ;
#3505 = VERTEX_POINT ( 'NONE', #3944 ) ;
#3506 = CARTESIAN_POINT ( 'NONE',  ( 65.00000000000000000, 95.00000000000000000, -112.1326873879138049 ) ) ;
#3507 = ORIENTED_EDGE ( 'NONE', *, *, #5923, .F. ) ;
#3508 = EDGE_CURVE ( 'NONE', #5471, #9292, #2094, .T. ) ;
#3509 = EDGE_LOOP ( 'NONE', ( #6849, #7513, #7487, #6729 ) ) ;
#3510 = LINE ( 'NONE', #9859, #6765 ) ;
#3512 = EDGE_LOOP ( 'NONE', ( #7335, #7548, #2230, #1518, #1291 ) ) ;
#3511 = EDGE_CURVE ( 'NONE', #6909, #129, #10092, .T. ) ;
#3513 = ADVANCED_FACE ( 'NONE', ( #4915 ), #958, .F. ) ;
#3514 = CARTESIAN_POINT ( 'NONE',  ( 2.755455298081544285E-16, 5.000000000000000000, 2.250000000000000000 ) ) ;
#3515 = FACE_OUTER_BOUND ( 'NONE', #10090, .T. ) ;
#3516 = LINE ( 'NONE', #8986, #4902 ) ;
#3517 = EDGE_CURVE ( 'NONE', #2938, #3399, #6322, .T. ) ;
#3518 = FACE_OUTER_BOUND ( 'NONE', #106, .T. ) ;
#3519 = ORIENTED_EDGE ( 'NONE', *, *, #2377, .F. ) ;
#3520 = VECTOR ( 'NONE', #5639, 1000.000000000000000 ) ;
#3521 = DIRECTION ( 'NONE',  ( 0.000000000000000000, 0.000000000000000000, -1.000000000000000000 ) ) ;
#3522 = ORIENTED_EDGE ( 'NONE', *, *, #7696, .F. ) ;
#3523 = EDGE_CURVE ( 'NONE', #3130, #6092, #5695, .T. ) ;
#3524 = DIRECTION ( 'NONE',  ( -1.000000000000000000, 0.000000000000000000, 0.000000000000000000 ) ) ;
#3525 = VECTOR ( 'NONE', #4747, 1000.000000000000000 ) ;
#3526 = DIRECTION ( 'NONE',  ( -0.000000000000000000, 1.000000000000000000, -0.000000000000000000 ) ) ;
#3527 = CARTESIAN_POINT ( 'NONE',  ( 39.00443338159790585, 0.000000000000000000, -42.59593772390965682 ) ) ;
#3528 = DIRECTION ( 'NONE',  ( -1.846235724462869915E-15, -1.623211227490739935E-15, 1.000000000000000000 ) ) ;
#3529 = VECTOR ( 'NONE', #7977, 1000.000000000000000 ) ;
#3530 = VERTEX_POINT ( 'NONE', #4967 ) ;
#3531 = ORIENTED_EDGE ( 'NONE', *, *, #9045, .F. ) ;
#3532 = ORIENTED_EDGE ( 'NONE', *, *, #3482, .T. ) ;
#3533 = VECTOR ( 'NONE', #2221, 1000.000000000000000 ) ;
#3534 = DIRECTION ( 'NONE',  ( -0.2644732620533329914, 0.000000000000000000, 0.9643930182549379504 ) ) ;
#3535 = LINE ( 'NONE', #6706, #4863 ) ;
#3536 = DIRECTION ( 'NONE',  ( 0.8349199897369957712, -2.294577622450049645E-22, -0.5503713389499629294 ) ) ;
#3537 = EDGE_CURVE ( 'NONE', #5551, #1389, #4150, .T. ) ;
#3538 = DIRECTION ( 'NONE',  ( 0.000000000000000000, 1.000000000000000000, 0.000000000000000000 ) ) ;
#3539 = CARTESIAN_POINT ( 'NONE',  ( 22.31344247896045019, 34.67986544671985172, -42.59593772390965682 ) ) ;
#3540 = CIRCLE ( 'NONE', #5177, 5.000000000000000000 ) ;
#3541 = DIRECTION ( 'NONE',  ( 0.000000000000000000, 0.000000000000000000, -1.000000000000000000 ) ) ;
#3542 = CARTESIAN_POINT ( 'NONE',  ( -4.000000000000000000, 70.90000000000000568, 0.000000000000000000 ) ) ;
#3543 = ORIENTED_EDGE ( 'NONE', *, *, #2111, .T. ) ;
#3544 = PRODUCT_DEFINITION_SHAPE ( 'NONE', 'NONE',  #10315 ) ;
#3545 = EDGE_LOOP ( 'NONE', ( #2951, #9117, #2561, #1885 ) ) ;
#3546 = VECTOR ( 'NONE', #5661, 1000.000000000000000 ) ;
#3547 = DIRECTION ( 'NONE',  ( 0.000000000000000000, 0.000000000000000000, 1.000000000000000000 ) ) ;
#3548 = ORIENTED_EDGE ( 'NONE', *, *, #8218, .T. ) ;
#3549 = AXIS2_PLACEMENT_3D ( 'NONE', #7793, #10240, #3732 ) ;
#3550 = VECTOR ( 'NONE', #5615, 1000.000000000000000 ) ;
#3551 = CARTESIAN_POINT ( 'NONE',  ( -29.04331074782909994, -64.04331074782909639, -4.763511508049220744 ) ) ;
#3552 = DIRECTION ( 'NONE',  ( 0.000000000000000000, -1.000000000000000000, 0.000000000000000000 ) ) ;
#3553 =( NAMED_UNIT ( * ) PLANE_ANGLE_UNIT ( ) SI_UNIT ( $, .RADIAN. ) );
#3554 = EDGE_CURVE ( 'NONE', #1304, #5195, #2611, .T. ) ;
#3555 = PLANE ( 'NONE',  #6713 ) ;
#3556 = AXIS2_PLACEMENT_3D ( 'NONE', #5441, #7022, #6125 ) ;
#3557 = VECTOR ( 'NONE', #1027, 1000.000000000000000 ) ;
#3558 = DIRECTION ( 'NONE',  ( -1.700709290173339793E-17, 0.000000000000000000, 1.000000000000000000 ) ) ;
#3559 = ORIENTED_EDGE ( 'NONE', *, *, #9689, .T. ) ;
#3560 = DIRECTION ( 'NONE',  ( 0.000000000000000000, 0.000000000000000000, -1.000000000000000000 ) ) ;
#3561 = ORIENTED_EDGE ( 'NONE', *, *, #1719, .F. ) ;
#3562 = ORIENTED_EDGE ( 'NONE', *, *, #3907, .F. ) ;
#3563 = CARTESIAN_POINT ( 'NONE',  ( 61.82390241499599881, 95.00000000000000000, -100.2793298308827872 ) ) ;
#3564 = ORIENTED_EDGE ( 'NONE', *, *, #7921, .F. ) ;
#3565 = AXIS2_PLACEMENT_3D ( 'NONE', #8233, #8141, #7504 ) ;
#3566 = AXIS2_PLACEMENT_3D ( 'NONE', #8468, #9991, #7540 ) ;
#3567 = EDGE_CURVE ( 'NONE', #5667, #1238, #7951, .T. ) ;
#3568 = DIRECTION ( 'NONE',  ( -1.000000000000000000, 0.000000000000000000, 1.734723475976804629E-17 ) ) ;
#3569 = EDGE_CURVE ( 'NONE', #9922, #2929, #7376, .T. ) ;
#3570 = LINE ( 'NONE', #463, #968 ) ;
#3571 = DIRECTION ( 'NONE',  ( 0.000000000000000000, -1.000000000000000000, 0.000000000000000000 ) ) ;
#3572 = MECHANICAL_DESIGN_GEOMETRIC_PRESENTATION_REPRESENTATION (  '', ( #2403 ), #7225 ) ;
#3573 = CARTESIAN_POINT ( 'NONE',  ( 0.000000000000000000, 0.000000000000000000, 0.000000000000000000 ) ) ;
#3574 = ORIENTED_EDGE ( 'NONE', *, *, #3511, .T. ) ;
#3575 = AXIS2_PLACEMENT_3D ( 'NONE', #2160, #2055, #5386 ) ;
#3576 = CARTESIAN_POINT ( 'NONE',  ( -2.500000000000000000, 7.500000000000000000, 19.50000000000000000 ) ) ;
#3577 = ORIENTED_EDGE ( 'NONE', *, *, #4898, .F. ) ;
#3578 = AXIS2_PLACEMENT_3D ( 'NONE', #4220, #7398, #9793 ) ;
#3579 = DIRECTION ( 'NONE',  ( 1.000000000000000000, 0.000000000000000000, 0.000000000000000000 ) ) ;
#3580 = PLANE ( 'NONE',  #2894 ) ;
#3581 = CONTEXT_DEPENDENT_SHAPE_REPRESENTATION ( #9297, #5446 ) ;
#3582 = DIRECTION ( 'NONE',  ( 0.000000000000000000, 0.000000000000000000, 1.000000000000000000 ) ) ;
#3583 = ADVANCED_FACE ( 'NONE', ( #4040 ), #3163, .F. ) ;
#3584 = LINE ( 'NONE', #5861, #4210 ) ;
#3585 = DIRECTION ( 'NONE',  ( 0.000000000000000000, -1.000000000000000000, 0.000000000000000000 ) ) ;
#3586 = ORIENTED_EDGE ( 'NONE', *, *, #4325, .T. ) ;
#3587 = VERTEX_POINT ( 'NONE', #8719 ) ;
#3588 = EDGE_LOOP ( 'NONE', ( #8579, #7800 ) ) ;
#3589 = PLANE ( 'NONE',  #4988 ) ;
#3590 = LINE ( 'NONE', #330, #5021 ) ;
#3591 = SHAPE_REPRESENTATION_RELATIONSHIP ( 'NONE' , 'NONE' ,  #9211, #6932 ) ;
#3592 = AXIS2_PLACEMENT_3D ( 'NONE', #8077, #8023, #5665 ) ;
#3593 = FACE_OUTER_BOUND ( 'NONE', #3706, .T. ) ;
#3594 = DIRECTION ( 'NONE',  ( 0.000000000000000000, 1.000000000000000000, 0.000000000000000000 ) ) ;
#3595 = DIRECTION ( 'NONE',  ( 0.000000000000000000, 0.000000000000000000, 1.000000000000000000 ) ) ;
#3596 = CARTESIAN_POINT ( 'NONE',  ( 3.000000000000000000, 18.00000000000000000, -87.14486490616360470 ) ) ;
#3597 = EDGE_CURVE ( 'NONE', #6475, #2990, #6434, .T. ) ;
#3598 = VERTEX_POINT ( 'NONE', #4762 ) ;
#3599 = VERTEX_POINT ( 'NONE', #792 ) ;
#3600 = VECTOR ( 'NONE', #4053, 1000.000000000000000 ) ;
#3601 = CARTESIAN_POINT ( 'NONE',  ( -27.25000000000000000, -5.500000000000000000, 10.00000000000000000 ) ) ;
#3602 = EDGE_CURVE ( 'NONE', #6868, #3972, #6256, .T. ) ;
#3603 = ORIENTED_EDGE ( 'NONE', *, *, #5800, .T. ) ;
#3604 = CARTESIAN_POINT ( 'NONE',  ( 96.67003710817799345, 0.000000000000000000, -93.45117771904560300 ) ) ;
#3605 = CARTESIAN_POINT ( 'NONE',  ( 58.67999999999999972, 5.000000000000000000, 0.000000000000000000 ) ) ;
#3606 = PLANE ( 'NONE',  #5884 ) ;
#3607 = CIRCLE ( 'NONE', #5589, 1.500000000000000000 ) ;
#3608 = AXIS2_PLACEMENT_3D ( 'NONE', #5907, #9090, #5113 ) ;
#3609 = DIRECTION ( 'NONE',  ( -1.000000000000000000, -1.734723475976804876E-16, 0.000000000000000000 ) ) ;
#3610 = VERTEX_POINT ( 'NONE', #840 ) ;
#3611 = CARTESIAN_POINT ( 'NONE',  ( 3.673940397442059868E-16, 50.00000000000000000, 3.000000000000000000 ) ) ;
#3612 = ORIENTED_EDGE ( 'NONE', *, *, #9044, .F. ) ;
#3613 = ORIENTED_EDGE ( 'NONE', *, *, #705, .T. ) ;
#3614 = LINE ( 'NONE', #6732, #9267 ) ;
#3615 = ADVANCED_FACE ( 'NONE', ( #6485 ), #3994, .F. ) ;
#3616 = ORIENTED_EDGE ( 'NONE', *, *, #5824, .F. ) ;
#3617 = AXIS2_PLACEMENT_3D ( 'NONE', #10062, #1448, #661 ) ;
#3618 = CARTESIAN_POINT ( 'NONE',  ( 10.00000000000000000, 12.50000000000000000, -5.000000000000000000 ) ) ;
#3619 = LINE ( 'NONE', #8985, #2966 ) ;
#3620 = CIRCLE ( 'NONE', #1604, 5.000000000000000888 ) ;
#3621 = CARTESIAN_POINT ( 'NONE',  ( -15.51771948742470109, 0.000000000000000000, 21.78844835938494739 ) ) ;
#3622 = CIRCLE ( 'NONE', #5778, 20.00000000000000000 ) ;
#3623 = DIRECTION ( 'NONE',  ( -1.734723475976804876E-16, 1.000000000000000000, 0.000000000000000000 ) ) ;
#3624 = VERTEX_POINT ( 'NONE', #3211 ) ;
#3625 = LINE ( 'NONE', #1201, #5077 ) ;
#3626 = ORIENTED_EDGE ( 'NONE', *, *, #6578, .F. ) ;
#3627 = EDGE_CURVE ( 'NONE', #6632, #9527, #9924, .T. ) ;
#3628 = EDGE_CURVE ( 'NONE', #4461, #2368, #1622, .T. ) ;
#3629 = CIRCLE ( 'NONE', #1609, 2.250000000000001776 ) ;
#3630 = FACE_BOUND ( 'NONE', #5796, .T. ) ;
#3631 = LINE ( 'NONE', #525, #7665 ) ;
#3632 = CARTESIAN_POINT ( 'NONE',  ( -5.000000000000000000, 0.000000000000000000, -0.5000000000000000000 ) ) ;
#3633 = CONTEXT_DEPENDENT_SHAPE_REPRESENTATION ( #3053, #9861 ) ;
#3634 = PLANE ( 'NONE',  #8680 ) ;
#3635 = LINE ( 'NONE', #4460, #5926 ) ;
#3636 = VERTEX_POINT ( 'NONE', #7998 ) ;
#3637 = ORIENTED_EDGE ( 'NONE', *, *, #986, .T. ) ;
#3638 = EDGE_CURVE ( 'NONE', #6290, #2471, #9668, .T. ) ;
#3639 = LINE ( 'NONE', #4217, #4340 ) ;
#3640 = CARTESIAN_POINT ( 'NONE',  ( -2.500000000000000000, 69.40000000000000568, 0.000000000000000000 ) ) ;
#3641 =( NAMED_UNIT ( * ) PLANE_ANGLE_UNIT ( ) SI_UNIT ( $, .RADIAN. ) );
#3642 = CARTESIAN_POINT ( 'NONE',  ( -64.46620431643840732, 0.000000000000000000, -107.8905347760014024 ) ) ;
#3643 = DIRECTION ( 'NONE',  ( -5.551115123125785858E-15, 0.000000000000000000, 1.000000000000000000 ) ) ;
#3644 = DIRECTION ( 'NONE',  ( 0.000000000000000000, 0.000000000000000000, -1.000000000000000000 ) ) ;
#3645 = DIRECTION ( 'NONE',  ( 0.000000000000000000, 0.000000000000000000, -1.000000000000000000 ) ) ;
#3646 = APPLICATION_CONTEXT ( 'automotive_design' ) ;
#3647 = ORIENTED_EDGE ( 'NONE', *, *, #7463, .T. ) ;
#3648 = ORIENTED_EDGE ( 'NONE', *, *, #1061, .F. ) ;
#3649 = LINE ( 'NONE', #3697, #9448 ) ;
#3650 = EDGE_LOOP ( 'NONE', ( #7733, #7608, #3486, #6527 ) ) ;
#3651 = AXIS2_PLACEMENT_3D ( 'NONE', #342, #4280, #9955 ) ;
#3652 = DIRECTION ( 'NONE',  ( 1.000000000000000000, 0.000000000000000000, 0.000000000000000000 ) ) ;
#3653 = DIRECTION ( 'NONE',  ( 0.000000000000000000, 1.000000000000000000, 0.000000000000000000 ) ) ;
#3654 = ADVANCED_FACE ( 'NONE', ( #902, #4098, #115 ), #9185, .F. ) ;
#3655 = DIRECTION ( 'NONE',  ( -1.000000000000000000, 0.000000000000000000, 0.000000000000000000 ) ) ;
#3656 = ORIENTED_EDGE ( 'NONE', *, *, #9197, .F. ) ;
#3657 = AXIS2_PLACEMENT_3D ( 'NONE', #10056, #7765, #9481 ) ;
#3658 = LINE ( 'NONE', #8594, #268 ) ;
#3659 = ORIENTED_EDGE ( 'NONE', *, *, #10301, .T. ) ;
#3660 = EDGE_LOOP ( 'NONE', ( #3259, #4576, #327, #9134 ) ) ;
#3661 = CARTESIAN_POINT ( 'NONE',  ( 3.250000000000000000, 0.000000000000000000, 20.00000000000000000 ) ) ;
#3662 = VERTEX_POINT ( 'NONE', #2682 ) ;
#3663 = DIRECTION ( 'NONE',  ( -1.734723475976804876E-16, 1.000000000000000000, 0.000000000000000000 ) ) ;
#3664 = EDGE_CURVE ( 'NONE', #754, #8177, #313, .T. ) ;
#3665 = DIRECTION ( 'NONE',  ( -0.7147181510295883555, 0.000000000000000000, 0.6994125853806512083 ) ) ;
#3666 = DIRECTION ( 'NONE',  ( 0.000000000000000000, -1.000000000000000000, 0.000000000000000000 ) ) ;
#3667 = CYLINDRICAL_SURFACE ( 'NONE', #1250, 10.00000000000000000 ) ;
#3668 = ORIENTED_EDGE ( 'NONE', *, *, #2097, .T. ) ;
#3669 = CARTESIAN_POINT ( 'NONE',  ( -24.14213562373095101, -59.14213562373090127, 0.000000000000000000 ) ) ;
#3670 = ORIENTED_EDGE ( 'NONE', *, *, #5449, .T. ) ;
#3671 = VECTOR ( 'NONE', #370, 1000.000000000000000 ) ;
#3672 = DIRECTION ( 'NONE',  ( 0.000000000000000000, 0.000000000000000000, 1.000000000000000000 ) ) ;
#3673 = CARTESIAN_POINT ( 'NONE',  ( 5.000000000000000000, 62.39999999999999858, 1.000000000000000000 ) ) ;
#3674 = CARTESIAN_POINT ( 'NONE',  ( -35.00000000000000000, 5.500000000000000000, 10.00000000000000000 ) ) ;
#3675 = EDGE_CURVE ( 'NONE', #8227, #2438, #4761, .T. ) ;
#3676 = DIRECTION ( 'NONE',  ( 1.878072721644629807E-16, 1.878072721644624877E-16, 1.000000000000000000 ) ) ;
#3677 = CYLINDRICAL_SURFACE ( 'NONE', #1443, 5.000000000000000888 ) ;
#3678 = AXIS2_PLACEMENT_3D ( 'NONE', #425, #6374, #7163 ) ;
#3679 = PRODUCT_DEFINITION ( 'UNKNOWN', '', #10059, #4192 ) ;
#3680 = DIRECTION ( 'NONE',  ( 0.000000000000000000, 0.000000000000000000, -1.000000000000000000 ) ) ;
#3681 = ORIENTED_EDGE ( 'NONE', *, *, #6891, .T. ) ;
#3682 = DIRECTION ( 'NONE',  ( 0.000000000000000000, 0.000000000000000000, 1.000000000000000000 ) ) ;
#3683 = ORIENTED_EDGE ( 'NONE', *, *, #4570, .F. ) ;
#3684 = ORIENTED_EDGE ( 'NONE', *, *, #8767, .F. ) ;
#3685 = VECTOR ( 'NONE', #9495, 1000.000000000000000 ) ;
#3686 = FACE_OUTER_BOUND ( 'NONE', #3789, .T. ) ;
#3687 = DIRECTION ( 'NONE',  ( -1.734723475976804876E-16, 1.000000000000000000, 0.000000000000000000 ) ) ;
#3688 = EDGE_CURVE ( 'NONE', #5972, #1055, #1102, .T. ) ;
#3689 = DIRECTION ( 'NONE',  ( -1.000000000000000000, 0.000000000000000000, 1.734723475976804629E-17 ) ) ;
#3690 = CARTESIAN_POINT ( 'NONE',  ( 59.14441049068479828, 95.00000000000000000, -90.27932983088280139 ) ) ;
#3691 = ADVANCED_FACE ( 'NONE', ( #4298 ), #3473, .T. ) ;
#3692 = DIRECTION ( 'NONE',  ( 0.000000000000000000, 1.000000000000000000, 0.000000000000000000 ) ) ;
#3693 = CARTESIAN_POINT ( 'NONE',  ( 94.00000000000000000, 95.00000000000000000, -104.7964619962939992 ) ) ;
#3694 = AXIS2_PLACEMENT_3D ( 'NONE', #4722, #3689, #4627 ) ;
#3695 = VERTEX_POINT ( 'NONE', #8245 ) ;
#3696 = VERTEX_POINT ( 'NONE', #5208 ) ;
#3697 = CARTESIAN_POINT ( 'NONE',  ( -37.50947722270055351, 85.00000000000000000, -40.33847109630989536 ) ) ;
#3698 = ORIENTED_EDGE ( 'NONE', *, *, #8218, .F. ) ;
#3699 = DIRECTION ( 'NONE',  ( 0.000000000000000000, 0.000000000000000000, 1.000000000000000000 ) ) ;
#3700 = AXIS2_PLACEMENT_3D ( 'NONE', #1893, #7581, #6799 ) ;
#3701 = CARTESIAN_POINT ( 'NONE',  ( -5.204170427930419706E-15, 10.00000000000000000, 5.000000000000000000 ) ) ;
#3702 = SURFACE_STYLE_FILL_AREA ( #6988 ) ;
#3703 = EDGE_CURVE ( 'NONE', #7509, #4716, #5959, .T. ) ;
#3704 = LINE ( 'NONE', #10007, #7038 ) ;
#3705 = CIRCLE ( 'NONE', #2708, 2.249999999999998668 ) ;
#3706 = EDGE_LOOP ( 'NONE', ( #5157, #8760, #7459, #4752 ) ) ;
#3707 = CARTESIAN_POINT ( 'NONE',  ( 5.000000000000000000, -3.900007814696055360E-17, -2.500000000000000000 ) ) ;
#3708 = ORIENTED_EDGE ( 'NONE', *, *, #4270, .F. ) ;
#3709 = AXIS2_PLACEMENT_3D ( 'NONE', #528, #8405, #6061 ) ;
#3710 = ORIENTED_EDGE ( 'NONE', *, *, #2139, .F. ) ;
#3711 = AXIS2_PLACEMENT_3D ( 'NONE', #658, #3293, #713 ) ;
#3712 = CARTESIAN_POINT ( 'NONE',  ( -5.000000000000000000, 15.00000000000000000, 19.50000000000000000 ) ) ;
#3713 = EDGE_LOOP ( 'NONE', ( #2722, #2090 ) ) ;
#3714 = PRODUCT_DEFINITION_SHAPE ( 'NONE', 'NONE',  #3679 ) ;
#3715 = VECTOR ( 'NONE', #9990, 1000.000000000000000 ) ;
#3716 = CLOSED_SHELL ( 'NONE', ( #3375, #2740, #5781, #8735, #4670, #7049, #350, #4146, #1969, #1340, #7647, #10261, #295, #213, #5343, #5988, #6237, #7955, #10124, #2903, #6996, #2773, #95, #6456, #8917, #9478, #1947, #9680, #1097, #5720, #3885, #9867, #5289, #2540, #2759, #8631, #9941, #4375, #3755, #9287, #7932, #5404, #6135 ) ) ;
#3717 = DIRECTION ( 'NONE',  ( 0.000000000000000000, -1.000000000000000000, 0.000000000000000000 ) ) ;
#3718 = AXIS2_PLACEMENT_3D ( 'NONE', #6506, #3341, #4318 ) ;
#3719 = PLANE ( 'NONE',  #10300 ) ;
#3720 = DIRECTION ( 'NONE',  ( 0.000000000000000000, 1.000000000000000000, 0.000000000000000000 ) ) ;
#3721 = ORIENTED_EDGE ( 'NONE', *, *, #9739, .F. ) ;
#3722 = CARTESIAN_POINT ( 'NONE',  ( -63.25715662211379708, 95.00200000000000955, -42.99587695296754930 ) ) ;
#3723 = VERTEX_POINT ( 'NONE', #5806 ) ;
#3724 = AXIS2_PLACEMENT_3D ( 'NONE', #5215, #6844, #10030 ) ;
#3725 = LINE ( 'NONE', #3045, #6606 ) ;
#3726 = VERTEX_POINT ( 'NONE', #9141 ) ;
#3727 = AXIS2_PLACEMENT_3D ( 'NONE', #5465, #9243, #2835 ) ;
#3728 = EDGE_CURVE ( 'NONE', #2256, #8464, #5414, .T. ) ;
#3729 = CARTESIAN_POINT ( 'NONE',  ( 5.000000000000000000, 80.40000000000000568, 22.50000000000000000 ) ) ;
#3730 = LINE ( 'NONE', #4659, #7886 ) ;
#3731 = CIRCLE ( 'NONE', #537, 2.250000000000000444 ) ;
#3732 = DIRECTION ( 'NONE',  ( -2.775557561562892929E-15, 0.000000000000000000, 1.000000000000000000 ) ) ;
#3733 = DIRECTION ( 'NONE',  ( 1.878072721644629807E-16, 1.878072721644624877E-16, -1.000000000000000000 ) ) ;
#3734 = DIRECTION ( 'NONE',  ( 0.000000000000000000, 0.000000000000000000, -1.000000000000000000 ) ) ;
#3735 = ORIENTED_EDGE ( 'NONE', *, *, #8355, .F. ) ;
#3736 = CYLINDRICAL_SURFACE ( 'NONE', #4756, 10.00000000000000178 ) ;
#3737 = ORIENTED_EDGE ( 'NONE', *, *, #7637, .F. ) ;
#3738 = ORIENTED_EDGE ( 'NONE', *, *, #8509, .T. ) ;
#3739 = PRESENTATION_LAYER_ASSIGNMENT (  '', '', ( #2403 ) ) ;
#3740 = EDGE_CURVE ( 'NONE', #5647, #7368, #5156, .T. ) ;
#3741 = CYLINDRICAL_SURFACE ( 'NONE', #6825, 5.000000000000004441 ) ;
#3742 = CARTESIAN_POINT ( 'NONE',  ( 0.000000000000000000, 18.00000000000000000, 0.000000000000000000 ) ) ;
#3743 = DIRECTION ( 'NONE',  ( 1.970935891347510096E-15, -1.000000000000000000, -3.679346551542559767E-16 ) ) ;
#3744 = DIRECTION ( 'NONE',  ( -1.000000000000000000, 0.000000000000000000, 0.000000000000000000 ) ) ;
#3745 = CARTESIAN_POINT ( 'NONE',  ( 85.36863799491800364, 95.00000000000000000, -99.02829855763729938 ) ) ;
#3746 = VECTOR ( 'NONE', #5082, 1000.000000000000000 ) ;
#3747 = CARTESIAN_POINT ( 'NONE',  ( 5.000000000000000000, -4.000000000000000000, 6.000000000000000000 ) ) ;
#3748 = FACE_OUTER_BOUND ( 'NONE', #9679, .T. ) ;
#3749 = ORIENTED_EDGE ( 'NONE', *, *, #1203, .T. ) ;
#3750 = VERTEX_POINT ( 'NONE', #4249 ) ;
#3751 = DIRECTION ( 'NONE',  ( 0.000000000000000000, 0.000000000000000000, 1.000000000000000000 ) ) ;
#3752 = EDGE_CURVE ( 'NONE', #2776, #8031, #6758, .T. ) ;
#3753 = ORIENTED_EDGE ( 'NONE', *, *, #8731, .T. ) ;
#3754 = VECTOR ( 'NONE', #1856, 1000.000000000000000 ) ;
#3755 = ADVANCED_FACE ( 'NONE', ( #4395 ), #2735, .T. ) ;
#3756 = LINE ( 'NONE', #10157, #1799 ) ;
#3757 = CARTESIAN_POINT ( 'NONE',  ( 0.000000000000000000, 0.000000000000000000, 0.000000000000000000 ) ) ;
#3758 = DIRECTION ( 'NONE',  ( 0.000000000000000000, 0.000000000000000000, 1.000000000000000000 ) ) ;
#3759 = DIRECTION ( 'NONE',  ( -1.223316414399870005E-17, 0.000000000000000000, 1.000000000000000000 ) ) ;
#3760 = DIRECTION ( 'NONE',  ( 0.000000000000000000, 0.000000000000000000, 1.000000000000000000 ) ) ;
#3761 = CIRCLE ( 'NONE', #910, 3.000000000000000000 ) ;
#3762 = EDGE_LOOP ( 'NONE', ( #8991, #3500, #1212, #7717 ) ) ;
#3763 = LINE ( 'NONE', #2180, #8423 ) ;
#3764 = ORIENTED_EDGE ( 'NONE', *, *, #1831, .T. ) ;
#3765 = DIRECTION ( 'NONE',  ( 1.000000000000000000, -0.000000000000000000, 1.700709290173339793E-17 ) ) ;
#3766 = ORIENTED_EDGE ( 'NONE', *, *, #7198, .T. ) ;
#3767 = VERTEX_POINT ( 'NONE', #9821 ) ;
#3768 = EDGE_CURVE ( 'NONE', #6184, #1116, #216, .T. ) ;
#3769 = VECTOR ( 'NONE', #740, 1000.000000000000000 ) ;
#3770 = LINE ( 'NONE', #5152, #2856 ) ;
#3771 = DIRECTION ( 'NONE',  ( 0.000000000000000000, 0.000000000000000000, 1.000000000000000000 ) ) ;
#3772 = CARTESIAN_POINT ( 'NONE',  ( -3.000000000000000000, 70.90000000000000568, -0.5000000000000000000 ) ) ;
#3773 = EDGE_LOOP ( 'NONE', ( #8474, #10102 ) ) ;
#3774 = PLANE ( 'NONE',  #6599 ) ;
#3775 = ORIENTED_EDGE ( 'NONE', *, *, #2159, .T. ) ;
#3776 = AXIS2_PLACEMENT_3D ( 'NONE', #9660, #829, #5634 ) ;
#3777 = VECTOR ( 'NONE', #5470, 1000.000000000000000 ) ;
#3778 = ORIENTED_EDGE ( 'NONE', *, *, #154, .F. ) ;
#3779 = DIRECTION ( 'NONE',  ( -1.734723475976804876E-16, 1.000000000000000000, 0.000000000000000000 ) ) ;
#3780 = ORIENTED_EDGE ( 'NONE', *, *, #4394, .F. ) ;
#3781 = AXIS2_PLACEMENT_3D ( 'NONE', #10076, #2196, #6317 ) ;
#3782 = CYLINDRICAL_SURFACE ( 'NONE', #1330, 10.00000000000000178 ) ;
#3783 = DIRECTION ( 'NONE',  ( 0.000000000000000000, 1.000000000000000000, 0.000000000000000000 ) ) ;
#3784 = VECTOR ( 'NONE', #8449, 1000.000000000000000 ) ;
#3785 = DIRECTION ( 'NONE',  ( -3.406995680727750939E-15, 0.000000000000000000, 1.000000000000000000 ) ) ;
#3786 = CARTESIAN_POINT ( 'NONE',  ( 5.386090358293499136, 0.000000000000000000, 8.425558180458891044 ) ) ;
#3787 = EDGE_CURVE ( 'NONE', #5090, #6688, #9767, .T. ) ;
#3788 = DIRECTION ( 'NONE',  ( 0.000000000000000000, 0.000000000000000000, 1.000000000000000000 ) ) ;
#3789 = EDGE_LOOP ( 'NONE', ( #4577, #5356, #5632, #7596 ) ) ;
#3790 = CARTESIAN_POINT ( 'NONE',  ( 64.46620431643840732, 10.00000000000000000, -110.1405347760014024 ) ) ;
#3791 = ORIENTED_EDGE ( 'NONE', *, *, #5439, .F. ) ;
#3792 = VERTEX_POINT ( 'NONE', #6000 ) ;
#3793 = AXIS2_PLACEMENT_3D ( 'NONE', #393, #2813, #7350 ) ;
#3794 = VECTOR ( 'NONE', #4484, 1000.000000000000000 ) ;
#3795 = DIRECTION ( 'NONE',  ( 1.734723475976805246E-17, 0.000000000000000000, 1.000000000000000000 ) ) ;
#3796 = LINE ( 'NONE', #4721, #2384 ) ;
#3797 = DIRECTION ( 'NONE',  ( 1.734723475976804876E-16, -1.000000000000000000, 0.000000000000000000 ) ) ;
#3798 = LINE ( 'NONE', #9368, #3084 ) ;
#3799 = VECTOR ( 'NONE', #4459, 1000.000000000000000 ) ;
#3800 = ADVANCED_FACE ( 'NONE', ( #3518 ), #6685, .T. ) ;
#3801 = CARTESIAN_POINT ( 'NONE',  ( -35.00000000000000000, 9.500000000000000000, 10.00000000000000000 ) ) ;
#3802 = CARTESIAN_POINT ( 'NONE',  ( 85.36863799491800364, 10.00000000000000000, -99.02829855763729938 ) ) ;
#3803 = VERTEX_POINT ( 'NONE', #1247 ) ;
#3804 = VERTEX_POINT ( 'NONE', #2037 ) ;
#3805 = CARTESIAN_POINT ( 'NONE',  ( 27.25000000000000000, -9.500000000000000000, 10.00000000000000000 ) ) ;
#3806 = ORIENTED_EDGE ( 'NONE', *, *, #7967, .F. ) ;
#3807 = DIRECTION ( 'NONE',  ( 0.000000000000000000, 1.000000000000000000, 0.000000000000000000 ) ) ;
#3808 = DIRECTION ( 'NONE',  ( 0.000000000000000000, 0.000000000000000000, 1.000000000000000000 ) ) ;
#3809 = DIRECTION ( 'NONE',  ( 0.000000000000000000, 0.000000000000000000, -1.000000000000000000 ) ) ;
#3810 = EDGE_CURVE ( 'NONE', #6515, #314, #2782, .T. ) ;
#3811 = CARTESIAN_POINT ( 'NONE',  ( -3.000000000000000000, 3.673940397442059868E-16, -6.500000000000000000 ) ) ;
#3812 = EDGE_CURVE ( 'NONE', #2929, #932, #7770, .T. ) ;
#3813 = VERTEX_POINT ( 'NONE', #8296 ) ;
#3814 = DIRECTION ( 'NONE',  ( 1.000000000000000000, 0.000000000000000000, 0.000000000000000000 ) ) ;
#3815 = EDGE_LOOP ( 'NONE', ( #1483, #7212, #3647, #7873 ) ) ;
#3816 = FACE_OUTER_BOUND ( 'NONE', #9938, .T. ) ;
#3817 = ORIENTED_EDGE ( 'NONE', *, *, #999, .F. ) ;
#3818 = CARTESIAN_POINT ( 'NONE',  ( -59.14441049068479828, 85.00000000000000000, -100.2793298308827872 ) ) ;
#3819 = ORIENTED_EDGE ( 'NONE', *, *, #614, .F. ) ;
#3820 = CARTESIAN_POINT ( 'NONE',  ( -27.68655752103995127, 54.67986544671990146, -28.54374205374395146 ) ) ;
#3821 = AXIS2_PLACEMENT_3D ( 'NONE', #1228, #2815, #8326 ) ;
#3822 = CARTESIAN_POINT ( 'NONE',  ( 2.500000000000000000, 70.90000000000000568, 0.000000000000000000 ) ) ;
#3823 = CARTESIAN_POINT ( 'NONE',  ( 96.67003710817799345, 10.00000000000000000, -93.45117771904560300 ) ) ;
#3824 = EDGE_CURVE ( 'NONE', #4703, #4252, #1145, .T. ) ;
#3825 = ORIENTED_EDGE ( 'NONE', *, *, #7449, .T. ) ;
#3826 = DIRECTION ( 'NONE',  ( 0.000000000000000000, -1.000000000000000000, 0.000000000000000000 ) ) ;
#3827 = ORIENTED_EDGE ( 'NONE', *, *, #7290, .T. ) ;
#3828 = ORIENTED_EDGE ( 'NONE', *, *, #9289, .F. ) ;
#3829 = DIRECTION ( 'NONE',  ( 0.000000000000000000, 0.000000000000000000, -1.000000000000000000 ) ) ;
#3830 = VERTEX_POINT ( 'NONE', #6950 ) ;
#3831 = EDGE_CURVE ( 'NONE', #7193, #5286, #9426, .T. ) ;
#3832 = CARTESIAN_POINT ( 'NONE',  ( 15.00000000000000000, -5.500000000000000000, 20.00000000000000000 ) ) ;
#3833 = DIRECTION ( 'NONE',  ( 0.000000000000000000, 0.000000000000000000, 1.000000000000000000 ) ) ;
#3834 = PRODUCT_DEFINITION_SHAPE ( 'NONE', 'NONE',  #9985 ) ;
#3835 = EDGE_CURVE ( 'NONE', #4140, #4086, #10231, .T. ) ;
#3836 = DIRECTION ( 'NONE',  ( 0.000000000000000000, 0.000000000000000000, 1.000000000000000000 ) ) ;
#3837 = FACE_OUTER_BOUND ( 'NONE', #5149, .T. ) ;
#3838 = CARTESIAN_POINT ( 'NONE',  ( -26.24777966571249976, -61.24777966571249976, 1.000000000000000000 ) ) ;
#3839 = VERTEX_POINT ( 'NONE', #8497 ) ;
#3840 = CARTESIAN_POINT ( 'NONE',  ( -22.75000000000000355, -10.50000000000000000, 10.00000000000000000 ) ) ;
#3841 = ORIENTED_EDGE ( 'NONE', *, *, #6800, .F. ) ;
#3842 = ORIENTED_EDGE ( 'NONE', *, *, #1050, .T. ) ;
#3843 = EDGE_CURVE ( 'NONE', #4766, #5732, #5367, .T. ) ;
#3844 = CARTESIAN_POINT ( 'NONE',  ( 15.50000000000000000, 74.89999999999999147, 17.00000000000000000 ) ) ;
#3845 = VECTOR ( 'NONE', #6542, 1000.000000000000000 ) ;
#3846 = DIRECTION ( 'NONE',  ( -0.7071067811865470176, 0.7071067811865480168, -0.000000000000000000 ) ) ;
#3847 = CARTESIAN_POINT ( 'NONE',  ( 109.1285367631916046, 18.50000000000000000, -208.9373862512040034 ) ) ;
#3848 = DIRECTION ( 'NONE',  ( 0.000000000000000000, -1.000000000000000000, 0.000000000000000000 ) ) ;
#3849 = DIRECTION ( 'NONE',  ( -1.000000000000000000, -1.734723475976804876E-16, 0.000000000000000000 ) ) ;
#3850 = CARTESIAN_POINT ( 'NONE',  ( 3.250000000000000000, 0.000000000000000000, 0.000000000000000000 ) ) ;
#3851 = ORIENTED_EDGE ( 'NONE', *, *, #3499, .T. ) ;
#3852 = ORIENTED_EDGE ( 'NONE', *, *, #9656, .F. ) ;
#3853 = CIRCLE ( 'NONE', #6002, 2.250000000000000000 ) ;
#3854 = FACE_BOUND ( 'NONE', #3933, .T. ) ;
#3855 = EDGE_LOOP ( 'NONE', ( #3003, #9131 ) ) ;
#3856 = EDGE_CURVE ( 'NONE', #8041, #6262, #1355, .T. ) ;
#3857 = LINE ( 'NONE', #10212, #8796 ) ;
#3858 = FACE_OUTER_BOUND ( 'NONE', #2405, .T. ) ;
#3859 =( NAMED_UNIT ( * ) SI_UNIT ( $, .STERADIAN. ) SOLID_ANGLE_UNIT ( ) );
#3860 = AXIS2_PLACEMENT_3D ( 'NONE', #3096, #7253, #3582 ) ;
#3861 = DIRECTION ( 'NONE',  ( -1.000000000000000000, -7.703719777548939991E-34, -1.264933817329265970E-17 ) ) ;
#3862 = ORIENTED_EDGE ( 'NONE', *, *, #761, .F. ) ;
#3863 = CYLINDRICAL_SURFACE ( 'NONE', #7443, 2.249999999999998668 ) ;
#3864 = ORIENTED_EDGE ( 'NONE', *, *, #8300, .F. ) ;
#3865 = DIRECTION ( 'NONE',  ( 1.000000000000000000, 1.710569414459005024E-49, 1.700709290173339793E-17 ) ) ;
#3866 = EDGE_LOOP ( 'NONE', ( #10168, #5423 ) ) ;
#3867 = CARTESIAN_POINT ( 'NONE',  ( -69.07332122148429221, 0.000000000000000000, -119.1878866990734025 ) ) ;
#3868 = VERTEX_POINT ( 'NONE', #7786 ) ;
#3869 = AXIS2_PLACEMENT_3D ( 'NONE', #6443, #6389, #9733 ) ;
#3870 = EDGE_CURVE ( 'NONE', #3830, #7328, #8552, .T. ) ;
#3871 = DIRECTION ( 'NONE',  ( -1.734723475976804876E-16, 1.000000000000000000, 0.000000000000000000 ) ) ;
#3872 = PRODUCT_DEFINITION ( 'UNKNOWN', '', #5385, #6786 ) ;
#3873 = LINE ( 'NONE', #4648, #3525 ) ;
#3874 = PLANE ( 'NONE',  #6531 ) ;
#3875 = CIRCLE ( 'NONE', #9700, 10.00000000000000178 ) ;
#3876 = ORIENTED_EDGE ( 'NONE', *, *, #6463, .F. ) ;
#3877 = CARTESIAN_POINT ( 'NONE',  ( 10.00000000000000000, 12.50000000000000000, -5.000000000000000000 ) ) ;
#3878 = ORIENTED_EDGE ( 'NONE', *, *, #10156, .F. ) ;
#3879 = ORIENTED_EDGE ( 'NONE', *, *, #1576, .F. ) ;
#3880 = LINE ( 'NONE', #2992, #1249 ) ;
#3881 = ORIENTED_EDGE ( 'NONE', *, *, #10275, .T. ) ;
#3882 = EDGE_CURVE ( 'NONE', #6952, #2009, #2145, .T. ) ;
#3883 = AXIS2_PLACEMENT_3D ( 'NONE', #2422, #4037, #8771 ) ;
#3884 = VECTOR ( 'NONE', #5723, 1000.000000000000000 ) ;
#3885 = ADVANCED_FACE ( 'NONE', ( #7618 ), #3667, .T. ) ;
#3886 = UNCERTAINTY_MEASURE_WITH_UNIT (LENGTH_MEASURE( 1.000000000000000082E-05 ), #8240, 'distance_accuracy_value', 'NONE');
#3887 = DIRECTION ( 'NONE',  ( 0.000000000000000000, -1.000000000000000000, 0.000000000000000000 ) ) ;
#3888 = LINE ( 'NONE', #4710, #9556 ) ;
#3889 = PRODUCT_DEFINITION_SHAPE ( 'NONE', 'NONE',  #10318 ) ;
#3890 = PLANE ( 'NONE',  #7694 ) ;
#3891 = CARTESIAN_POINT ( 'NONE',  ( 0.000000000000000000, 0.000000000000000000, -5.000000000000000000 ) ) ;
#3892 = VECTOR ( 'NONE', #749, 1000.000000000000000 ) ;
#3893 = LINE ( 'NONE', #9355, #3277 ) ;
#3894 = ORIENTED_EDGE ( 'NONE', *, *, #8629, .F. ) ;
#3895 = CIRCLE ( 'NONE', #873, 10.00000000000000000 ) ;
#3896 = FACE_OUTER_BOUND ( 'NONE', #3932, .T. ) ;
#3897 = EDGE_LOOP ( 'NONE', ( #9789, #7195, #9604, #5908 ) ) ;
#3898 = COLOUR_RGB ( '',0.7921568627450980005, 0.8196078431372548767, 0.9333333333333333481 ) ;
#3899 = EDGE_CURVE ( 'NONE', #10274, #10174, #6836, .T. ) ;
#3900 = FACE_OUTER_BOUND ( 'NONE', #549, .T. ) ;
#3901 = CARTESIAN_POINT ( 'NONE',  ( -41.81980515339470372, -105.1040764008563997, 15.00000000000000000 ) ) ;
#3902 = AXIS2_PLACEMENT_3D ( 'NONE', #10197, #8627, #2219 ) ;
#3903 = DIRECTION ( 'NONE',  ( 0.000000000000000000, 1.000000000000000000, 0.000000000000000000 ) ) ;
#3904 = CARTESIAN_POINT ( 'NONE',  ( -10.00000000000000000, -15.00000000000000000, -11.00000000000000000 ) ) ;
#3905 = ORIENTED_EDGE ( 'NONE', *, *, #6859, .T. ) ;
#3906 = VERTEX_POINT ( 'NONE', #7730 ) ;
#3907 = EDGE_CURVE ( 'NONE', #4043, #3335, #9075, .T. ) ;
#3908 = CARTESIAN_POINT ( 'NONE',  ( -25.00000000000000000, -9.500000000000000000, 4.592425496802579889E-16 ) ) ;
#3909 = ORIENTED_EDGE ( 'NONE', *, *, #1121, .F. ) ;
#3910 = CARTESIAN_POINT ( 'NONE',  ( 4.332851387010889788, 18.00000000000000000, -92.79470861319069286 ) ) ;
#3911 = DIRECTION ( 'NONE',  ( -8.895006672729879551E-17, -0.000000000000000000, 1.000000000000000000 ) ) ;
#3912 = AXIS2_PLACEMENT_3D ( 'NONE', #6128, #439, #4365 ) ;
#3913 = EDGE_CURVE ( 'NONE', #7664, #8324, #6155, .T. ) ;
#3914 = CARTESIAN_POINT ( 'NONE',  ( -94.00000000000000000, 0.000000000000000000, -104.7964619962939992 ) ) ;
#3915 = ADVANCED_FACE ( 'NONE', ( #10021 ), #3774, .F. ) ;
#3916 = EDGE_LOOP ( 'NONE', ( #10050, #9256, #1252, #1822 ) ) ;
#3917 = CARTESIAN_POINT ( 'NONE',  ( 0.000000000000000000, 0.000000000000000000, -2.250000000000000000 ) ) ;
#3918 = ORIENTED_EDGE ( 'NONE', *, *, #4829, .T. ) ;
#3919 = FACE_BOUND ( 'NONE', #914, .T. ) ;
#3920 = VERTEX_POINT ( 'NONE', #7003 ) ;
#3921 = AXIS2_PLACEMENT_3D ( 'NONE', #54, #4096, #3 ) ;
#3922 = CARTESIAN_POINT ( 'NONE',  ( 0.000000000000000000, 0.000000000000000000, 10.00000000000000000 ) ) ;
#3923 = EDGE_LOOP ( 'NONE', ( #6477, #3561, #3864, #8858 ) ) ;
#3924 =( REPRESENTATION_RELATIONSHIP ('NONE','NONE', #8752, #9885 ) REPRESENTATION_RELATIONSHIP_WITH_TRANSFORMATION ( #2745 )SHAPE_REPRESENTATION_RELATIONSHIP( ) );
#3925 = CARTESIAN_POINT ( 'NONE',  ( 22.31344247896045019, 34.67986544671985172, -28.54374205374395146 ) ) ;
#3926 = DIRECTION ( 'NONE',  ( -1.000000000000000000, 0.000000000000000000, 3.231206387738609677E-17 ) ) ;
#3927 = AXIS2_PLACEMENT_3D ( 'NONE', #9590, #8798, #2659 ) ;
#3928 = DIRECTION ( 'NONE',  ( 0.000000000000000000, -1.000000000000000000, 0.000000000000000000 ) ) ;
#3929 = EDGE_CURVE ( 'NONE', #6318, #996, #1586, .T. ) ;
#3930 = EDGE_LOOP ( 'NONE', ( #9961, #3447, #9164, #5687 ) ) ;
#3931 = DIRECTION ( 'NONE',  ( -0.5521351308716259121, 0.000000000000000000, 0.8337546385222528444 ) ) ;
#3932 = EDGE_LOOP ( 'NONE', ( #365, #2618, #7159, #1814 ) ) ;
#3933 = EDGE_LOOP ( 'NONE', ( #9856, #9692 ) ) ;
#3934 = CARTESIAN_POINT ( 'NONE',  ( -5.000000000000000000, 7.500000000000000000, 19.50000000000000000 ) ) ;
#3935 = ORIENTED_EDGE ( 'NONE', *, *, #4493, .T. ) ;
#3936 = VECTOR ( 'NONE', #2899, 1000.000000000000000 ) ;
#3937 = DIRECTION ( 'NONE',  ( -0.8337546385222528444, 0.000000000000000000, -0.5521351308716259121 ) ) ;
#3938 =( NAMED_UNIT ( * ) SI_UNIT ( $, .STERADIAN. ) SOLID_ANGLE_UNIT ( ) );
#3939 = CARTESIAN_POINT ( 'NONE',  ( -5.204170427930419706E-15, 10.00000000000000000, 0.000000000000000000 ) ) ;
#3940 = AXIS2_PLACEMENT_3D ( 'NONE', #8990, #8110, #9671 ) ;
#3941 = CARTESIAN_POINT ( 'NONE',  ( 65.00000000000000000, 10.00000000000000000, -120.2793298308826024 ) ) ;
#3942 = AXIS2_PLACEMENT_3D ( 'NONE', #57, #6379, #2425 ) ;
#3943 = ADVANCED_FACE ( 'NONE', ( #3042 ), #8607, .T. ) ;
#3944 = CARTESIAN_POINT ( 'NONE',  ( -5.000000000000000000, 55.89999999999999858, 19.50000000000000000 ) ) ;
#3945 = ORIENTED_EDGE ( 'NONE', *, *, #8887, .F. ) ;
#3946 = DIRECTION ( 'NONE',  ( -1.264933817329265970E-17, 0.000000000000000000, 1.000000000000000000 ) ) ;
#3947 = ORIENTED_EDGE ( 'NONE', *, *, #6440, .T. ) ;
#3948 = EDGE_CURVE ( 'NONE', #9913, #17, #9258, .T. ) ;
#3949 = VECTOR ( 'NONE', #6152, 1000.000000000000000 ) ;
#3950 = AXIS2_PLACEMENT_3D ( 'NONE', #2411, #8759, #9499 ) ;
#3951 = DIRECTION ( 'NONE',  ( 1.000000000000000000, 1.734723475976806848E-16, 0.000000000000000000 ) ) ;
#3952 = CARTESIAN_POINT ( 'NONE',  ( 0.000000000000000000, 39.00000000000000000, 0.000000000000000000 ) ) ;
#3953 = SHAPE_DEFINITION_REPRESENTATION ( #4397, #8752 ) ;
#3954 = DIRECTION ( 'NONE',  ( 0.000000000000000000, 0.000000000000000000, -1.000000000000000000 ) ) ;
#3955 = DIRECTION ( 'NONE',  ( 0.000000000000000000, 0.000000000000000000, 1.000000000000000000 ) ) ;
#3956 =( GEOMETRIC_REPRESENTATION_CONTEXT ( 3 ) GLOBAL_UNCERTAINTY_ASSIGNED_CONTEXT ( ( #7422 ) ) GLOBAL_UNIT_ASSIGNED_CONTEXT ( ( #567, #4597, #3031 ) ) REPRESENTATION_CONTEXT ( 'NONE', 'WORKASPACE' ) );
#3957 = AXIS2_PLACEMENT_3D ( 'NONE', #6510, #4509, #2901 ) ;
#3958 = ORIENTED_EDGE ( 'NONE', *, *, #10055, .F. ) ;
#3959 = EDGE_CURVE ( 'NONE', #4564, #8111, #674, .T. ) ;
#3960 = ORIENTED_EDGE ( 'NONE', *, *, #8987, .F. ) ;
#3961 = CARTESIAN_POINT ( 'NONE',  ( 65.00000000000000000, 0.000000000000000000, -120.2793298308828014 ) ) ;
#3962 = ORIENTED_EDGE ( 'NONE', *, *, #6684, .F. ) ;
#3963 = EDGE_CURVE ( 'NONE', #4089, #4751, #6105, .T. ) ;
#3964 = AXIS2_PLACEMENT_3D ( 'NONE', #7550, #1173, #4372 ) ;
#3965 = DIRECTION ( 'NONE',  ( -1.000000000000000000, 0.000000000000000000, 0.000000000000000000 ) ) ;
#3966 = DIRECTION ( 'NONE',  ( 0.000000000000000000, 0.000000000000000000, 1.000000000000000000 ) ) ;
#3967 = CARTESIAN_POINT ( 'NONE',  ( 3.000000000000000000, 18.00000000000000000, -85.14486490616360470 ) ) ;
#3968 = EDGE_CURVE ( 'NONE', #4978, #9737, #5262, .T. ) ;
#3969 = DIRECTION ( 'NONE',  ( 0.000000000000000000, 0.000000000000000000, 1.000000000000000000 ) ) ;
#3970 = EDGE_LOOP ( 'NONE', ( #9899, #8333, #5211, #6992 ) ) ;
#3971 = DIRECTION ( 'NONE',  ( 0.000000000000000000, 0.000000000000000000, 1.000000000000000000 ) ) ;
#3972 = VERTEX_POINT ( 'NONE', #7671 ) ;
#3973 = CARTESIAN_POINT ( 'NONE',  ( -2.500000000000000000, 70.90000000000000568, 25.50000000000000000 ) ) ;
#3974 = VERTEX_POINT ( 'NONE', #6894 ) ;
#3975 = DIRECTION ( 'NONE',  ( 0.7071067811865474617, 0.7071067811865474617, 0.000000000000000000 ) ) ;#3976 = ORIENTED_EDGE ( 'NONE', *, *, #6223, .F. ) ;
#3977 = EDGE_CURVE ( 'NONE', #379, #10008, #10074, .T. ) ;
#3978 = DIRECTION ( 'NONE',  ( 0.000000000000000000, 1.000000000000000000, 0.000000000000000000 ) ) ;
#3979 = EDGE_CURVE ( 'NONE', #7471, #10075, #7108, .T. ) ;
#3980 = LINE ( 'NONE', #9549, #9179 ) ;
#3981 = CARTESIAN_POINT ( 'NONE',  ( -2.500000000000000000, 70.90000000000000568, 25.50000000000000000 ) ) ;
#3982 = EDGE_LOOP ( 'NONE', ( #6380, #3240, #3766, #2008 ) ) ;
#3983 = CARTESIAN_POINT ( 'NONE',  ( -63.25715662211379708, 85.00000000000000000, -42.99587695296754930 ) ) ;
#3984 = ORIENTED_EDGE ( 'NONE', *, *, #168, .F. ) ;
#3985 = EDGE_LOOP ( 'NONE', ( #2672, #9123, #9165, #520 ) ) ;
#3986 = FILL_AREA_STYLE ('',( #7315 ) ) ;
#3987 = VERTEX_POINT ( 'NONE', #7259 ) ;
#3988 = EDGE_CURVE ( 'NONE', #4070, #1398, #5942, .T. ) ;
#3989 = PRODUCT_DEFINITION_CONTEXT ( 'detailed design', #9701, 'design' ) ;
#3990 = VECTOR ( 'NONE', #498, 1000.000000000000000 ) ;
#3991 = CARTESIAN_POINT ( 'NONE',  ( -14.90117512409818090, -78.18544637155999055, -5.236488491950770374 ) ) ;
#3992 = CYLINDRICAL_SURFACE ( 'NONE', #1031, 2.250000000000000000 ) ;
#3993 = FACE_BOUND ( 'NONE', #1809, .T. ) ;
#3994 = PLANE ( 'NONE',  #10258 ) ;
#3995 = VERTEX_POINT ( 'NONE', #6471 ) ;
#3996 = DIRECTION ( 'NONE',  ( -2.775557561562890365E-16, 0.000000000000000000, -1.000000000000000000 ) ) ;
#3997 = ORIENTED_EDGE ( 'NONE', *, *, #7554, .T. ) ;
#3998 = EDGE_CURVE ( 'NONE', #5471, #9023, #7986, .T. ) ;
#3999 = CARTESIAN_POINT ( 'NONE',  ( 69.07332122148429221, 95.00000000000000000, -119.1878866990734025 ) ) ;
#4000 = FACE_BOUND ( 'NONE', #3588, .T. ) ;
#4001 = APPLICATION_PROTOCOL_DEFINITION ( 'draft international standard', 'automotive_design', 1998, #5768 ) ;
#4002 = DIRECTION ( 'NONE',  ( 0.000000000000000000, 0.000000000000000000, -1.000000000000000000 ) ) ;
#4003 = VECTOR ( 'NONE', #5557, 1000.000000000000000 ) ;
#4004 = FACE_OUTER_BOUND ( 'NONE', #5055, .T. ) ;
#4005 = ORIENTED_EDGE ( 'NONE', *, *, #8480, .F. ) ;
#4006 = ORIENTED_EDGE ( 'NONE', *, *, #3968, .T. ) ;
#4007 = FACE_OUTER_BOUND ( 'NONE', #928, .T. ) ;
#4008 = ORIENTED_EDGE ( 'NONE', *, *, #8573, .T. ) ;
#4009 = FACE_OUTER_BOUND ( 'NONE', #2092, .T. ) ;
#4010 = CARTESIAN_POINT ( 'NONE',  ( 26.31344247896045019, 14.67986544671986060, -42.59593772390965682 ) ) ;
#4011 = EDGE_CURVE ( 'NONE', #2888, #5090, #783, .T. ) ;
#4012 = CARTESIAN_POINT ( 'NONE',  ( 25.00000000000000000, 0.000000000000000000, 10.00000000000000000 ) ) ;
#4013 = DIRECTION ( 'NONE',  ( 0.000000000000000000, 1.000000000000000000, 0.000000000000000000 ) ) ;
#4014 = AXIS2_PLACEMENT_3D ( 'NONE', #9617, #835, #6481 ) ;
#4015 = ORIENTED_EDGE ( 'NONE', *, *, #4244, .T. ) ;
#4016 = CARTESIAN_POINT ( 'NONE',  ( -13.47468831681134027, 0.000000000000000000, 0.3057232255736195281 ) ) ;
#4017 = ORIENTED_EDGE ( 'NONE', *, *, #8779, .F. ) ;
#4018 = CARTESIAN_POINT ( 'NONE',  ( 5.000000000000000000, 70.90000000000000568, 25.50000000000000000 ) ) ;
#4019 = EDGE_LOOP ( 'NONE', ( #8346, #5921, #4112, #137 ) ) ;
#4020 = CARTESIAN_POINT ( 'NONE',  ( 0.000000000000000000, 0.000000000000000000, -2.250000000000000000 ) ) ;
#4021 = VERTEX_POINT ( 'NONE', #8040 ) ;
#4022 = DIRECTION ( 'NONE',  ( -3.831675488388170220E-47, -2.230244969721270219E-16, -1.000000000000000000 ) ) ;
#4023 = AXIS2_PLACEMENT_3D ( 'NONE', #3248, #3197, #10280 ) ;
#4024 = ADVANCED_FACE ( 'NONE', ( #6418 ), #8811, .F. ) ;
#4025 = FACE_OUTER_BOUND ( 'NONE', #2430, .T. ) ;
#4026 = LINE ( 'NONE', #9497, #4211 ) ;
#4027 = ORIENTED_EDGE ( 'NONE', *, *, #5481, .F. ) ;
#4028 = CARTESIAN_POINT ( 'NONE',  ( 64.46620431643840732, 10.00000000000000000, -107.8905347760014024 ) ) ;
#4029 = ORIENTED_EDGE ( 'NONE', *, *, #2247, .T. ) ;
#4030 = AXIS2_PLACEMENT_3D ( 'NONE', #7531, #3481, #429 ) ;
#4031 = ORIENTED_EDGE ( 'NONE', *, *, #3740, .F. ) ;
#4032 = FACE_OUTER_BOUND ( 'NONE', #5407, .T. ) ;
#4033 = VERTEX_POINT ( 'NONE', #4028 ) ;
#4034 = ORIENTED_EDGE ( 'NONE', *, *, #9079, .T. ) ;
#4035 = CARTESIAN_POINT ( 'NONE',  ( 5.000000000000000000, 62.39999999999999858, 17.00000000000000000 ) ) ;
#4036 = VECTOR ( 'NONE', #3458, 1000.000000000000000 ) ;
#4037 = DIRECTION ( 'NONE',  ( 0.000000000000000000, -1.000000000000000000, 0.000000000000000000 ) ) ;
#4038 = LINE ( 'NONE', #3162, #4580 ) ;
#4039 = CARTESIAN_POINT ( 'NONE',  ( -48.89087296526020054, -83.89087296526010107, 15.00000000000000000 ) ) ;
#4040 = FACE_OUTER_BOUND ( 'NONE', #10132, .T. ) ;
#4041 = ORIENTED_EDGE ( 'NONE', *, *, #779, .T. ) ;
#4042 = DIRECTION ( 'NONE',  ( 0.000000000000000000, 1.000000000000000000, 0.000000000000000000 ) ) ;
#4043 = VERTEX_POINT ( 'NONE', #4701 ) ;
#4044 = EDGE_CURVE ( 'NONE', #4463, #5994, #8263, .T. ) ;
#4045 = VECTOR ( 'NONE', #7708, 1000.000000000000000 ) ;
#4046 = AXIS2_PLACEMENT_3D ( 'NONE', #9461, #5217, #8103 ) ;
#4047 = AXIS2_PLACEMENT_3D ( 'NONE', #5394, #10150, #4914 ) ;
#4048 = FACE_OUTER_BOUND ( 'NONE', #1267, .T. ) ;
#4049 = CARTESIAN_POINT ( 'NONE',  ( 2.500000000000000000, 70.90000000000000568, 0.000000000000000000 ) ) ;
#4050 = ITEM_DEFINED_TRANSFORMATION ( 'NONE', 'NONE', #894,  #5194 ) ;
#4051 = VECTOR ( 'NONE', #1475, 1000.000000000000000 ) ;
#4052 = LINE ( 'NONE', #7131, #9688 ) ;
#4053 = DIRECTION ( 'NONE',  ( 8.673617379884039170E-17, -1.000000000000000000, 0.000000000000000000 ) ) ;
#4054 = ADVANCED_FACE ( 'NONE', ( #5578 ), #5526, .F. ) ;
#4055 = ORIENTED_EDGE ( 'NONE', *, *, #1538, .T. ) ;
#4056 = ORIENTED_EDGE ( 'NONE', *, *, #9029, .T. ) ;
#4057 = CIRCLE ( 'NONE', #1718, 2.250000000000001776 ) ;
#4058 = DIRECTION ( 'NONE',  ( 0.000000000000000000, -1.000000000000000000, 0.000000000000000000 ) ) ;
#4059 = ORIENTED_EDGE ( 'NONE', *, *, #2011, .F. ) ;
#4060 = AXIS2_PLACEMENT_3D ( 'NONE', #9371, #956, #8575 ) ;
#4061 = CYLINDRICAL_SURFACE ( 'NONE', #471, 2.250000000000000000 ) ;
#4062 = FACE_BOUND ( 'NONE', #2402, .T. ) ;
#4063 =( NAMED_UNIT ( * ) PLANE_ANGLE_UNIT ( ) SI_UNIT ( $, .RADIAN. ) );
#4064 = LINE ( 'NONE', #3183, #4724 ) ;
#4065 = CARTESIAN_POINT ( 'NONE',  ( 9.063930161978821013E-16, 55.89999999999999858, 23.99999999999999645 ) ) ;
#4066 = DIRECTION ( 'NONE',  ( 1.734723475976804876E-16, -1.000000000000000000, 0.000000000000000000 ) ) ;
#4067 = VECTOR ( 'NONE', #610, 1000.000000000000000 ) ;
#4068 = AXIS2_PLACEMENT_3D ( 'NONE', #5128, #331, #3536 ) ;
#4069 = EDGE_CURVE ( 'NONE', #1767, #9570, #2467, .T. ) ;
#4070 = VERTEX_POINT ( 'NONE', #8094 ) ;
#4071 = DIRECTION ( 'NONE',  ( 0.8425558180458873059, 0.000000000000000000, -0.5386090358293532665 ) ) ;
#4072 = EDGE_LOOP ( 'NONE', ( #4213, #6236, #4301, #5063 ) ) ;
#4073 = DIRECTION ( 'NONE',  ( -1.734723475976804876E-16, 1.000000000000000000, 0.000000000000000000 ) ) ;
#4074 = ORIENTED_EDGE ( 'NONE', *, *, #3024, .F. ) ;
#4075 = DIRECTION ( 'NONE',  ( 0.000000000000000000, 0.000000000000000000, -1.000000000000000000 ) ) ;
#4077 = EDGE_CURVE ( 'NONE', #2438, #6090, #7595, .T. ) ;
#4076 = ORIENTED_EDGE ( 'NONE', *, *, #4189, .F. ) ;
#4078 = VECTOR ( 'NONE', #8366, 1000.000000000000000 ) ;
#4079 = CARTESIAN_POINT ( 'NONE',  ( -10.00000000000000000, -15.00000000000000000, 0.000000000000000000 ) ) ;
#4080 = CARTESIAN_POINT ( 'NONE',  ( -20.90380984571844891, 0.000000000000000000, 15.61289017892626241 ) ) ;
#4081 = FACE_OUTER_BOUND ( 'NONE', #5624, .T. ) ;
#4082 = CARTESIAN_POINT ( 'NONE',  ( 2.249999999999994671, 10.00000000000000000, 5.000000000000000000 ) ) ;
#4083 = AXIS2_PLACEMENT_3D ( 'NONE', #9338, #5365, #4492 ) ;
#4084 = ORIENTED_EDGE ( 'NONE', *, *, #5674, .F. ) ;
#4085 = CARTESIAN_POINT ( 'NONE',  ( -1.141807012330692039, -48.66918367361090247, 5.000000000000000000 ) ) ;
#4086 = VERTEX_POINT ( 'NONE', #3199 ) ;
#4087 = ORIENTED_EDGE ( 'NONE', *, *, #6501, .T. ) ;
#4088 = CARTESIAN_POINT ( 'NONE',  ( -37.48849769918444963, -72.48849769918439279, 15.00000000000000000 ) ) ;
#4089 = VERTEX_POINT ( 'NONE', #7206 ) ;
#4091 = EDGE_CURVE ( 'NONE', #4550, #2136, #6096, .T. ) ;
#4090 = ORIENTED_EDGE ( 'NONE', *, *, #1900, .F. ) ;
#4092 = VECTOR ( 'NONE', #8679, 1000.000000000000000 ) ;
#4093 = UNCERTAINTY_MEASURE_WITH_UNIT (LENGTH_MEASURE( 1.000000000000000082E-05 ), #6139, 'distance_accuracy_value', 'NONE');
#4094 = LINE ( 'NONE', #5691, #6329 ) ;
#4095 = CARTESIAN_POINT ( 'NONE',  ( -25.00000000000000000, 0.000000000000000000, 20.00000000000000000 ) ) ;
#4096 = DIRECTION ( 'NONE',  ( 0.000000000000000000, 1.000000000000000000, 0.000000000000000000 ) ) ;
#4097 = LINE ( 'NONE', #3322, #2730 ) ;
#4098 = FACE_BOUND ( 'NONE', #2660, .T. ) ;
#4099 = ORIENTED_EDGE ( 'NONE', *, *, #6426, .F. ) ;
#4100 = VECTOR ( 'NONE', #3225, 1000.000000000000000 ) ;
#4101 = DIRECTION ( 'NONE',  ( 0.000000000000000000, 0.000000000000000000, -1.000000000000000000 ) ) ;
#4102 = ORIENTED_EDGE ( 'NONE', *, *, #1999, .F. ) ;
#4103 = VECTOR ( 'NONE', #1104, 1000.000000000000000 ) ;
#4104 = CARTESIAN_POINT ( 'NONE',  ( 98.00000000000000000, 85.00000000000000000, -0.2793298308826700493 ) ) ;
#4105 = CARTESIAN_POINT ( 'NONE',  ( -2.500000000000000000, 69.40000000000000568, 25.50000000000000000 ) ) ;
#4106 = APPLICATION_PROTOCOL_DEFINITION ( 'draft international standard', 'automotive_design', 1998, #5026 ) ;
#4107 = VECTOR ( 'NONE', #7427, 1000.000000000000000 ) ;
#4108 = ADVANCED_FACE ( 'NONE', ( #100 ), #3151, .F. ) ;
#4109 = PLANE ( 'NONE',  #2862 ) ;
#4110 = FACE_OUTER_BOUND ( 'NONE', #3091, .T. ) ;
#4111 = ORIENTED_EDGE ( 'NONE', *, *, #4383, .F. ) ;
#4112 = ORIENTED_EDGE ( 'NONE', *, *, #7902, .T. ) ;
#4113 = CIRCLE ( 'NONE', #2787, 5.000000000000000888 ) ;
#4114 = ORIENTED_EDGE ( 'NONE', *, *, #9816, .T. ) ;
#4115 = PLANE ( 'NONE',  #7490 ) ;
#4116 = CARTESIAN_POINT ( 'NONE',  ( -16.16773349595809606, 18.00000000000000000, -3.907055864655814226 ) ) ;
#4117 = ADVANCED_FACE ( 'NONE', ( #1612 ), #3359, .F. ) ;
#4118 = LINE ( 'NONE', #1754, #897 ) ;
#4119 = VECTOR ( 'NONE', #7458, 1000.000000000000114 ) ;
#4120 = VECTOR ( 'NONE', #5100, 1000.000000000000000 ) ;
#4121 = CARTESIAN_POINT ( 'NONE',  ( -10.00000000000000000, 10.00000000000000000, 5.000000000000000000 ) ) ;
#4122 = LINE ( 'NONE', #27, #3754 ) ;
#4123 = ORIENTED_EDGE ( 'NONE', *, *, #1217, .F. ) ;
#4124 = CARTESIAN_POINT ( 'NONE',  ( -35.00000000000000000, -3.469446951953614978E-15, 10.00000000000000000 ) ) ;
#4125 = ORIENTED_EDGE ( 'NONE', *, *, #4582, .T. ) ;
#4126 = PLANE ( 'NONE',  #8877 ) ;
#4127 = EDGE_LOOP ( 'NONE', ( #368, #6408, #9597, #4087 ) ) ;
#4128 = CARTESIAN_POINT ( 'NONE',  ( 10.00000000000000000, 0.000000000000000000, -100.0000000000000000 ) ) ;
#4129 = ORIENTED_EDGE ( 'NONE', *, *, #2159, .F. ) ;
#4130 = AXIS2_PLACEMENT_3D ( 'NONE', #9477, #9581, #8634 ) ;
#4131 = CARTESIAN_POINT ( 'NONE',  ( -12.92893218813452094, -47.92893218813450318, 0.000000000000000000 ) ) ;
#4132 = LINE ( 'NONE', #4897, #4688 ) ;
#4133 = EDGE_CURVE ( 'NONE', #1158, #4021, #8868, .T. ) ;
#4134 = CARTESIAN_POINT ( 'NONE',  ( -90.00000000000000000, 85.00000000000000000, -97.86825876601859875 ) ) ;
#4135 = DIRECTION ( 'NONE',  ( 1.734723475976805246E-17, 0.000000000000000000, 1.000000000000000000 ) ) ;
#4136 = EDGE_CURVE ( 'NONE', #9424, #8930, #103, .T. ) ;
#4137 = DIRECTION ( 'NONE',  ( -1.000000000000000000, 0.000000000000000000, 0.000000000000000000 ) ) ;
#4138 = ORIENTED_EDGE ( 'NONE', *, *, #8703, .T. ) ;
#4139 = DIRECTION ( 'NONE',  ( 0.000000000000000000, 1.000000000000000000, 0.000000000000000000 ) ) ;
#4140 = VERTEX_POINT ( 'NONE', #3983 ) ;
#4141 = ORIENTED_EDGE ( 'NONE', *, *, #3459, .T. ) ;
#4142 = FACE_OUTER_BOUND ( 'NONE', #9883, .T. ) ;
#4143 = ORIENTED_EDGE ( 'NONE', *, *, #1783, .T. ) ;
#4144 = ORIENTED_EDGE ( 'NONE', *, *, #48, .T. ) ;
#4145 = CARTESIAN_POINT ( 'NONE',  ( 39.00443338159790585, 95.00200000000000955, -42.59593772390965682 ) ) ;
#4146 = ADVANCED_FACE ( 'NONE', ( #4847 ), #7156, .F. ) ;
#4147 = DIRECTION ( 'NONE',  ( 0.000000000000000000, 1.000000000000000000, 0.000000000000000000 ) ) ;
#4148 = CYLINDRICAL_SURFACE ( 'NONE', #5904, 10.00000000000000355 ) ;
#4149 = DIRECTION ( 'NONE',  ( 7.703719777548939991E-34, -1.000000000000000000, 1.310178779456959930E-50 ) ) ;
#4150 = LINE ( 'NONE', #3323, #5591 ) ;
#4151 = VERTEX_POINT ( 'NONE', #4184 ) ;
#4152 = DIRECTION ( 'NONE',  ( 0.000000000000000000, -1.000000000000000000, 0.000000000000000000 ) ) ;
#4153 = ORIENTED_EDGE ( 'NONE', *, *, #3812, .F. ) ;
#4154 = ADVANCED_FACE ( 'NONE', ( #4334, #9081, #3409 ), #1183, .T. ) ;
#4155 = CARTESIAN_POINT ( 'NONE',  ( -3.884636300938138831, 1.908470394345719967, -2.308473824786543283 ) ) ;
#4156 = FACE_BOUND ( 'NONE', #2192, .T. ) ;
#4157 = SHAPE_DEFINITION_REPRESENTATION ( #2031, #5204 ) ;
#4158 = DIRECTION ( 'NONE',  ( 1.000000000000000000, 0.000000000000000000, -2.775557561562890365E-16 ) ) ;
#4159 = VECTOR ( 'NONE', #3652, 1000.000000000000000 ) ;
#4160 = DIRECTION ( 'NONE',  ( -1.000000000000000000, 0.000000000000000000, 1.734723475976804629E-17 ) ) ;
#4161 = ORIENTED_EDGE ( 'NONE', *, *, #4175, .F. ) ;
#4162 = EDGE_LOOP ( 'NONE', ( #6895, #4464, #5186, #1825 ) ) ;
#4163 = ORIENTED_EDGE ( 'NONE', *, *, #4767, .T. ) ;
#4164 = DIRECTION ( 'NONE',  ( 0.000000000000000000, 0.000000000000000000, -1.000000000000000000 ) ) ;
#4165 = AXIS2_PLACEMENT_3D ( 'NONE', #6397, #8903, #7236 ) ;
#4166 = CARTESIAN_POINT ( 'NONE',  ( 4.332851387010889788, 18.00000000000000000, -95.04470861319069286 ) ) ;
#4167 = DIRECTION ( 'NONE',  ( 0.000000000000000000, -1.000000000000000000, 0.000000000000000000 ) ) ;
#4168 = CARTESIAN_POINT ( 'NONE',  ( -27.68655752103954981, 14.67986544671986060, -42.59593772390965682 ) ) ;
#4169 = CARTESIAN_POINT ( 'NONE',  ( -3.882005762298081031, 6.505213034913019702E-16, 0.3331307633411422220 ) ) ;
#4170 = EDGE_LOOP ( 'NONE', ( #759, #5181, #3078, #4483 ) ) ;
#4171 = CARTESIAN_POINT ( 'NONE',  ( 59.14441049068479828, 95.00000000000000000, -100.2793298308827872 ) ) ;
#4172 = DIRECTION ( 'NONE',  ( 0.000000000000000000, 0.000000000000000000, -1.000000000000000000 ) ) ;
#4173 = VERTEX_POINT ( 'NONE', #9810 ) ;
#4174 = LINE ( 'NONE', #5984, #10276 ) ;
#4175 = EDGE_CURVE ( 'NONE', #1407, #5983, #4113, .T. ) ;
#4176 = ORIENTED_EDGE ( 'NONE', *, *, #9970, .F. ) ;
#4177 = DIRECTION ( 'NONE',  ( 1.000000000000000000, 0.000000000000000000, 0.000000000000000000 ) ) ;
#4178 = DIRECTION ( 'NONE',  ( 0.000000000000000000, -1.000000000000000000, 0.000000000000000000 ) ) ;
#4179 = FACE_OUTER_BOUND ( 'NONE', #8190, .T. ) ;
#4180 = CARTESIAN_POINT ( 'NONE',  ( -75.00000000000000000, 150.0000000000000000, -75.00000000000000000 ) ) ;
#4181 = AXIS2_PLACEMENT_3D ( 'NONE', #4104, #2486, #7279 ) ;
#4182 = DIRECTION ( 'NONE',  ( 0.000000000000000000, 0.000000000000000000, -1.000000000000000000 ) ) ;
#4183 = ORIENTED_EDGE ( 'NONE', *, *, #9421, .F. ) ;
#4184 = CARTESIAN_POINT ( 'NONE',  ( 22.31344247896045019, 34.67986544671985172, -28.54374205374395146 ) ) ;
#4185 = EDGE_LOOP ( 'NONE', ( #2173, #961, #8098, #7262 ) ) ;
#4186 = ORIENTED_EDGE ( 'NONE', *, *, #9631, .T. ) ;
#4187 = SURFACE_STYLE_FILL_AREA ( #3986 ) ;
#4188 = ORIENTED_EDGE ( 'NONE', *, *, #7637, .T. ) ;
#4189 = EDGE_CURVE ( 'NONE', #9227, #1639, #5795, .T. ) ;
#4190 = ORIENTED_EDGE ( 'NONE', *, *, #6790, .T. ) ;
#4191 = AXIS2_PLACEMENT_3D ( 'NONE', #2732, #4963, #1881 ) ;
#4192 = PRODUCT_DEFINITION_CONTEXT ( 'detailed design', #2586, 'design' ) ;
#4193 = CARTESIAN_POINT ( 'NONE',  ( 15.50000000000000000, 8.500000000000000000, 22.00000000000000000 ) ) ;
#4194 = PRESENTATION_STYLE_ASSIGNMENT (( #4342 ) ) ;
#4195 = LINE ( 'NONE', #5752, #61 ) ;
#4196 = CIRCLE ( 'NONE', #10013, 2.250000000000000000 ) ;
#4197 = DIRECTION ( 'NONE',  ( 0.000000000000000000, 0.000000000000000000, 1.000000000000000000 ) ) ;
#4198 = VERTEX_POINT ( 'NONE', #4287 ) ;
#4199 = CARTESIAN_POINT ( 'NONE',  ( 90.00000000000000000, 85.00000000000000000, -97.86825876601859875 ) ) ;
#4200 = ORIENTED_EDGE ( 'NONE', *, *, #2851, .F. ) ;
#4201 = EDGE_CURVE ( 'NONE', #9714, #563, #9432, .T. ) ;
#4202 = VECTOR ( 'NONE', #4232, 1000.000000000000000 ) ;
#4203 = EDGE_CURVE ( 'NONE', #5412, #2686, #9761, .T. ) ;
#4204 = VECTOR ( 'NONE', #7754, 1000.000000000000000 ) ;
#4205 = CARTESIAN_POINT ( 'NONE',  ( -10.00000000000000000, -12.50000000000000000, -5.000000000000000000 ) ) ;
#4206 = CARTESIAN_POINT ( 'NONE',  ( -5.000000000000000000, 67.90000000000000568, 0.5000000000000000000 ) ) ;
#4207 = APPLICATION_PROTOCOL_DEFINITION ( 'draft international standard', 'automotive_design', 1998, #3646 ) ;
#4208 = DIRECTION ( 'NONE',  ( 0.000000000000000000, -1.000000000000000000, 0.000000000000000000 ) ) ;
#4209 = CARTESIAN_POINT ( 'NONE',  ( -12.10564404198160027, -75.38991528944349341, 1.000000000000000000 ) ) ;
#4210 = VECTOR ( 'NONE', #5968, 1000.000000000000000 ) ;
#4211 = VECTOR ( 'NONE', #6417, 1000.000000000000000 ) ;
#4212 = ORIENTED_EDGE ( 'NONE', *, *, #1489, .T. ) ;
#4213 = ORIENTED_EDGE ( 'NONE', *, *, #1143, .F. ) ;
#4214 = EDGE_LOOP ( 'NONE', ( #1115, #9830 ) ) ;
#4215 = EDGE_CURVE ( 'NONE', #6042, #9824, #5053, .T. ) ;
#4216 = CIRCLE ( 'NONE', #7691, 2.250000000000001776 ) ;
#4217 = CARTESIAN_POINT ( 'NONE',  ( -2.250000000000004885, 10.00000000000000000, 5.000000000000000000 ) ) ;
#4218 = DIRECTION ( 'NONE',  ( -1.000000000000000000, -1.734723475976807094E-16, 0.000000000000000000 ) ) ;
#4219 = AXIS2_PLACEMENT_3D ( 'NONE', #5932, #9265, #3595 ) ;
#4220 = CARTESIAN_POINT ( 'NONE',  ( 25.00000000000000000, 0.000000000000000000, 10.00000000000000000 ) ) ;
#4221 = CARTESIAN_POINT ( 'NONE',  ( 0.000000000000000000, 18.00000000000000000, -14.24237984354699904 ) ) ;
#4222 = DIRECTION ( 'NONE',  ( -1.000000000000000000, 0.000000000000000000, 0.000000000000000000 ) ) ;
#4223 = VECTOR ( 'NONE', #5600, 1000.000000000000000 ) ;
#4224 = ORIENTED_EDGE ( 'NONE', *, *, #4482, .F. ) ;
#4225 = CARTESIAN_POINT ( 'NONE',  ( 85.36863799491800364, 10.00000000000000000, -96.77829855763729938 ) ) ;
#4226 = CYLINDRICAL_SURFACE ( 'NONE', #2032, 8.146642442969046272 ) ;
#4227 = ORIENTED_EDGE ( 'NONE', *, *, #2713, .F. ) ;
#4228 = VECTOR ( 'NONE', #3266, 1000.000000000000000 ) ;
#4229 = CARTESIAN_POINT ( 'NONE',  ( 0.000000000000000000, 9.000000000000000000, 0.000000000000000000 ) ) ;
#4230 = ORIENTED_EDGE ( 'NONE', *, *, #8887, .T. ) ;
#4231 = LINE ( 'NONE', #3194, #7151 ) ;
#4232 = DIRECTION ( 'NONE',  ( 0.000000000000000000, -1.000000000000000000, 0.000000000000000000 ) ) ;
#4233 = DIRECTION ( 'NONE',  ( 0.000000000000000000, 1.000000000000000000, 0.000000000000000000 ) ) ;
#4234 = AXIS2_PLACEMENT_3D ( 'NONE', #1432, #10251, #6972 ) ;
#4235 = EDGE_CURVE ( 'NONE', #3238, #1767, #6264, .T. ) ;
#4236 = FACE_OUTER_BOUND ( 'NONE', #9871, .T. ) ;
#4237 = EDGE_LOOP ( 'NONE', ( #3295, #8789, #1156, #7924 ) ) ;
#4238 = CARTESIAN_POINT ( 'NONE',  ( 58.67999999999999972, 5.000000000000000000, 10.00000000000000000 ) ) ;
#4239 = EDGE_LOOP ( 'NONE', ( #1922, #6954, #10176, #5248, #6120 ) ) ;
#4240 = ORIENTED_EDGE ( 'NONE', *, *, #7304, .T. ) ;
#4241 = SURFACE_STYLE_FILL_AREA ( #1043 ) ;
#4242 = ORIENTED_EDGE ( 'NONE', *, *, #4794, .F. ) ;
#4243 = CYLINDRICAL_SURFACE ( 'NONE', #3727, 10.00000000000000000 ) ;
#4244 = EDGE_CURVE ( 'NONE', #5985, #2991, #2102, .T. ) ;
#4245 = CARTESIAN_POINT ( 'NONE',  ( 58.67999999999999972, 5.000000000000000000, 0.000000000000000000 ) ) ;
#4246 = MECHANICAL_DESIGN_GEOMETRIC_PRESENTATION_REPRESENTATION (  '', ( #2233 ), #726 ) ;
#4247 = EDGE_CURVE ( 'NONE', #5169, #8286, #5993, .T. ) ;
#4248 = CARTESIAN_POINT ( 'NONE',  ( 2.500000000000000000, 3.000000000000000000, 22.50000000000000000 ) ) ;
#4249 = CARTESIAN_POINT ( 'NONE',  ( 0.000000000000000000, 50.00000000000000000, -3.000000000000000000 ) ) ;
#4250 = ORIENTED_EDGE ( 'NONE', *, *, #7891, .T. ) ;
#4251 = CARTESIAN_POINT ( 'NONE',  ( 4.332851387010889788, 18.00000000000000000, -97.29470861319070707 ) ) ;
#4252 = VERTEX_POINT ( 'NONE', #8978 ) ;
#4253 = CIRCLE ( 'NONE', #2416, 4.000000000000000000 ) ;
#4254 = CARTESIAN_POINT ( 'NONE',  ( 15.50000000000000000, 62.39999999999999858, 17.00000000000000000 ) ) ;
#4255 = DIRECTION ( 'NONE',  ( -0.5521351308716259121, 0.000000000000000000, -0.8337546385222528444 ) ) ;
#4256 = ITEM_DEFINED_TRANSFORMATION ( 'NONE', 'NONE', #10051,  #5194 ) ;
#4257 = ADVANCED_FACE ( 'NONE', ( #1823 ), #9911, .T. ) ;
#4258 = DIRECTION ( 'NONE',  ( 0.000000000000000000, 0.000000000000000000, 1.000000000000000000 ) ) ;
#4259 = CIRCLE ( 'NONE', #3097, 9.999999999999994671 ) ;
#4260 = EDGE_CURVE ( 'NONE', #128, #6084, #9855, .T. ) ;
#4261 = DIRECTION ( 'NONE',  ( 0.000000000000000000, 0.000000000000000000, -1.000000000000000000 ) ) ;
#4262 = ORIENTED_EDGE ( 'NONE', *, *, #3032, .T. ) ;
#4263 = ORIENTED_EDGE ( 'NONE', *, *, #657, .F. ) ;
#4264 = DIRECTION ( 'NONE',  ( 0.000000000000000000, -1.000000000000000000, 0.000000000000000000 ) ) ;
#4265 = AXIS2_PLACEMENT_3D ( 'NONE', #6550, #1745, #7230 ) ;
#4266 = LINE ( 'NONE', #9059, #2324 ) ;
#4267 = CARTESIAN_POINT ( 'NONE',  ( 30.31344247896005228, 54.67986544671990146, -28.54374205374395146 ) ) ;
#4268 = DIRECTION ( 'NONE',  ( -0.1821335681527996020, -1.102768914756866684E-17, 0.9832737987722086626 ) ) ;
#4269 = SURFACE_STYLE_USAGE ( .BOTH. , #8221 ) ;
#4270 = EDGE_CURVE ( 'NONE', #3662, #7759, #8189, .T. ) ;
#4271 = CARTESIAN_POINT ( 'NONE',  ( 30.31344247896005228, 74.67986544671991567, -28.54374205374395146 ) ) ;
#4272 = CARTESIAN_POINT ( 'NONE',  ( 0.000000000000000000, 0.000000000000000000, -3.000000000000000000 ) ) ;
#4273 = CIRCLE ( 'NONE', #10257, 3.000000000000000000 ) ;
#4274 = VERTEX_POINT ( 'NONE', #6630 ) ;
#4275 = FACE_OUTER_BOUND ( 'NONE', #1850, .T. ) ;
#4276 = EDGE_CURVE ( 'NONE', #3662, #3360, #6439, .T. ) ;
#4277 = EDGE_LOOP ( 'NONE', ( #10310, #7687, #716, #4854 ) ) ;
#4278 = CARTESIAN_POINT ( 'NONE',  ( 85.36863799491800364, 85.00000000000000000, -96.77829855763729938 ) ) ;
#4279 = VERTEX_POINT ( 'NONE', #2775 ) ;
#4280 = DIRECTION ( 'NONE',  ( 0.000000000000000000, 1.000000000000000000, 0.000000000000000000 ) ) ;
#4281 = DIRECTION ( 'NONE',  ( 0.000000000000000000, 1.000000000000000000, 0.000000000000000000 ) ) ;
#4282 = VECTOR ( 'NONE', #404, 1000.000000000000000 ) ;
#4283 = EDGE_CURVE ( 'NONE', #1520, #6673, #2723, .T. ) ;
#4284 = CYLINDRICAL_SURFACE ( 'NONE', #9049, 10.00000000000000000 ) ;
#4285 = CARTESIAN_POINT ( 'NONE',  ( -5.000000000000000000, 70.90000000000000568, -0.5000000000000000000 ) ) ;
#4286 = ORIENTED_EDGE ( 'NONE', *, *, #2601, .T. ) ;
#4287 = CARTESIAN_POINT ( 'NONE',  ( -2.250000000000004885, 10.00000000000000000, 5.000000000000000000 ) ) ;
#4288 = ORIENTED_EDGE ( 'NONE', *, *, #4586, .T. ) ;
#4289 = EDGE_CURVE ( 'NONE', #8496, #4496, #1137, .T. ) ;
#4290 = VECTOR ( 'NONE', #4892, 1000.000000000000000 ) ;
#4291 = AXIS2_PLACEMENT_3D ( 'NONE', #2503, #814, #5668 ) ;
#4292 = ORIENTED_EDGE ( 'NONE', *, *, #7583, .T. ) ;
#4293 = ORIENTED_EDGE ( 'NONE', *, *, #2797, .T. ) ;
#4294 = AXIS2_PLACEMENT_3D ( 'NONE', #4661, #685, #477 ) ;
#4295 = CARTESIAN_POINT ( 'NONE',  ( -37.48849769918444963, -72.48849769918439279, -25.00000000000000000 ) ) ;
#4296 = CYLINDRICAL_SURFACE ( 'NONE', #5522, 10.00000000000000000 ) ;
#4297 = CARTESIAN_POINT ( 'NONE',  ( -24.14213562373095101, -59.14213562373090127, 1.000000000000000000 ) ) ;
#4298 = FACE_OUTER_BOUND ( 'NONE', #4610, .T. ) ;
#4299 = VERTEX_POINT ( 'NONE', #1974 ) ;
#4300 = CARTESIAN_POINT ( 'NONE',  ( 10.00000000000000000, 2.081668171172164963E-15, -11.00000000000000000 ) ) ;
#4301 = ORIENTED_EDGE ( 'NONE', *, *, #8258, .F. ) ;
#4302 = EDGE_CURVE ( 'NONE', #9595, #6784, #8332, .T. ) ;
#4303 = DIRECTION ( 'NONE',  ( 0.000000000000000000, 0.000000000000000000, 1.000000000000000000 ) ) ;
#4304 = CARTESIAN_POINT ( 'NONE',  ( 0.000000000000000000, 0.000000000000000000, 0.000000000000000000 ) ) ;
#4305 = ITEM_DEFINED_TRANSFORMATION ( 'NONE', 'NONE', #4068,  #5194 ) ;
#4306 = FACE_OUTER_BOUND ( 'NONE', #4425, .T. ) ;
#4307 = CARTESIAN_POINT ( 'NONE',  ( 15.50000000000000000, -12.50000000000000000, 0.5000000000000000000 ) ) ;
#4308 = ORIENTED_EDGE ( 'NONE', *, *, #7569, .F. ) ;
#4309 = VERTEX_POINT ( 'NONE', #3611 ) ;
#4310 = ORIENTED_EDGE ( 'NONE', *, *, #3688, .T. ) ;
#4311 = EDGE_CURVE ( 'NONE', #2294, #5274, #1935, .T. ) ;
#4312 = PRODUCT_RELATED_PRODUCT_CATEGORY ( 'part', '', ( #158 ) ) ;
#4313 = LINE ( 'NONE', #2848, #8652 ) ;
#4314 = CARTESIAN_POINT ( 'NONE',  ( 0.000000000000000000, 39.00000000000000000, 0.000000000000000000 ) ) ;
#4315 = CARTESIAN_POINT ( 'NONE',  ( 113.4593093142062088, 18.00000000000000000, -113.8925828918406040 ) ) ;
#4316 = AXIS2_PLACEMENT_3D ( 'NONE', #397, #1913, #6771 ) ;
#4317 = PRESENTATION_STYLE_ASSIGNMENT (( #4269 ) ) ;
#4318 = DIRECTION ( 'NONE',  ( -1.000000000000000000, 0.000000000000000000, 0.000000000000000000 ) ) ;
#4319 = DIRECTION ( 'NONE',  ( 0.8660254037844383745, 0.000000000000000000, -0.5000000000000003331 ) ) ;
#4320 = ORIENTED_EDGE ( 'NONE', *, *, #511, .T. ) ;
#4321 = ORIENTED_EDGE ( 'NONE', *, *, #9316, .T. ) ;
#4322 = FACE_OUTER_BOUND ( 'NONE', #1690, .T. ) ;
#4323 = ADVANCED_FACE ( 'NONE', ( #9280, #7660 ), #6991, .T. ) ;
#4324 = ORIENTED_EDGE ( 'NONE', *, *, #4175, .T. ) ;
#4325 = EDGE_CURVE ( 'NONE', #3415, #6084, #3292, .T. ) ;
#4326 = DIRECTION ( 'NONE',  ( 0.000000000000000000, 1.000000000000000000, 0.000000000000000000 ) ) ;
#4327 = CARTESIAN_POINT ( 'NONE',  ( 10.00000000000000000, 10.00000000000000000, -16.00000000000000000 ) ) ;
#4328 = DIRECTION ( 'NONE',  ( 1.000000000000000000, -0.000000000000000000, -0.000000000000000000 ) ) ;
#4329 = CARTESIAN_POINT ( 'NONE',  ( -20.90380984571844891, 18.00000000000000000, 13.36289017892626063 ) ) ;
#4330 = ADVANCED_BREP_SHAPE_REPRESENTATION ( '', ( #8980, #5194 ), #5049 ) ;
#4331 = FACE_OUTER_BOUND ( 'NONE', #1676, .T. ) ;
#4332 = CIRCLE ( 'NONE', #4165, 2.249999999999998668 ) ;
#4333 = ORIENTED_EDGE ( 'NONE', *, *, #3664, .F. ) ;
#4334 = FACE_BOUND ( 'NONE', #2307, .T. ) ;
#4335 = ORIENTED_EDGE ( 'NONE', *, *, #4201, .T. ) ;
#4336 = ORIENTED_EDGE ( 'NONE', *, *, #911, .F. ) ;
#4337 = DIRECTION ( 'NONE',  ( -1.000000000000000000, 0.000000000000000000, 0.000000000000000000 ) ) ;
#4338 = EDGE_LOOP ( 'NONE', ( #926, #3791 ) ) ;
#4339 = ADVANCED_FACE ( 'NONE', ( #1289 ), #3863, .F. ) ;
#4340 = VECTOR ( 'NONE', #9791, 1000.000000000000000 ) ;
#4341 = DIRECTION ( 'NONE',  ( 0.000000000000000000, -1.000000000000000000, 0.000000000000000000 ) ) ;
#4342 = SURFACE_STYLE_USAGE ( .BOTH. , #5111 ) ;
#4343 = CARTESIAN_POINT ( 'NONE',  ( 0.000000000000000000, 0.000000000000000000, 0.000000000000000000 ) ) ;
#4344 = CARTESIAN_POINT ( 'NONE',  ( -4.000000000000000000, 1.500000000000000000, 25.50000000000000000 ) ) ;
#4345 = ORIENTED_EDGE ( 'NONE', *, *, #2391, .T. ) ;
#4346 = VECTOR ( 'NONE', #1568, 1000.000000000000000 ) ;
#4347 = DIRECTION ( 'NONE',  ( 1.000000000000000000, 3.421138828918010047E-49, 1.700709290173339793E-17 ) ) ;
#4348 = ORIENTED_EDGE ( 'NONE', *, *, #3484, .T. ) ;
#4349 = DIRECTION ( 'NONE',  ( 0.000000000000000000, -1.000000000000000000, 0.000000000000000000 ) ) ;
#4350 = VECTOR ( 'NONE', #10122, 1000.000000000000000 ) ;
#4351 = PLANE ( 'NONE',  #4872 ) ;
#4352 = DIRECTION ( 'NONE',  ( -1.000000000000000000, 0.000000000000000000, -8.895006672729879551E-17 ) ) ;
#4353 = EDGE_CURVE ( 'NONE', #1767, #3434, #6143, .T. ) ;
#4354 = DIRECTION ( 'NONE',  ( 0.000000000000000000, -1.000000000000000000, 0.000000000000000000 ) ) ;
#4355 = VECTOR ( 'NONE', #1915, 1000.000000000000000 ) ;
#4356 = EDGE_LOOP ( 'NONE', ( #9334, #3841 ) ) ;
#4357 = EDGE_LOOP ( 'NONE', ( #3312, #7137, #9580, #702 ) ) ;
#4358 = VERTEX_POINT ( 'NONE', #3088 ) ;
#4359 = AXIS2_PLACEMENT_3D ( 'NONE', #3009, #6178, #7804 ) ;
#4360 = ADVANCED_FACE ( 'NONE', ( #10163 ), #10219, .F. ) ;
#4361 = DIRECTION ( 'NONE',  ( 0.000000000000000000, 0.000000000000000000, 1.000000000000000000 ) ) ;
#4362 = CARTESIAN_POINT ( 'NONE',  ( 15.50000000000000000, 8.500000000000000000, 1.000000000000000000 ) ) ;
#4363 = CARTESIAN_POINT ( 'NONE',  ( 0.000000000000000000, 0.000000000000000000, 0.000000000000000000 ) ) ;
#4364 = FACE_OUTER_BOUND ( 'NONE', #7670, .T. ) ;
#4365 = DIRECTION ( 'NONE',  ( -1.000000000000000000, 0.000000000000000000, 0.000000000000000000 ) ) ;
#4366 = AXIS2_PLACEMENT_3D ( 'NONE', #5793, #148, #4137 ) ;
#4367 = ADVANCED_FACE ( 'NONE', ( #1236 ), #4531, .F. ) ;
#4368 = CARTESIAN_POINT ( 'NONE',  ( 5.000000000000000000, 18.00000000000000000, -85.14486490616360470 ) ) ;
#4369 = CARTESIAN_POINT ( 'NONE',  ( 5.000000000000000000, 70.90000000000000568, 22.00000000000000000 ) ) ;
#4370 = ORIENTED_EDGE ( 'NONE', *, *, #9457, .T. ) ;
#4371 = ORIENTED_EDGE ( 'NONE', *, *, #5524, .F. ) ;
#4372 = DIRECTION ( 'NONE',  ( -1.000000000000000000, -3.885780586188047260E-14, 3.469446951953613696E-16 ) ) ;
#4373 = EDGE_LOOP ( 'NONE', ( #8386, #8390 ) ) ;
#4374 = CIRCLE ( 'NONE', #9866, 8.750000000000000000 ) ;
#4375 = ADVANCED_FACE ( 'NONE', ( #2134 ), #8486, .T. ) ;
#4376 = DIRECTION ( 'NONE',  ( 1.000000000000000000, 0.000000000000000000, 0.000000000000000000 ) ) ;
#4377 = DIRECTION ( 'NONE',  ( 1.734723475976805246E-17, 0.000000000000000000, 1.000000000000000000 ) ) ;
#4378 = DIRECTION ( 'NONE',  ( 3.068079190820899944E-33, -1.000000000000000000, -1.816464372750584614E-16 ) ) ;
#4379 = CIRCLE ( 'NONE', #10207, 2.249999999999998668 ) ;
#4380 = EDGE_CURVE ( 'NONE', #3226, #8593, #505, .T. ) ;
#4381 = DIRECTION ( 'NONE',  ( -1.000000000000000000, -1.734723475976804876E-16, 0.000000000000000000 ) ) ;
#4382 = VECTOR ( 'NONE', #4328, 1000.000000000000000 ) ;
#4383 = EDGE_CURVE ( 'NONE', #6968, #1344, #5771, .T. ) ;
#4384 = ORIENTED_EDGE ( 'NONE', *, *, #5821, .F. ) ;
#4385 = CARTESIAN_POINT ( 'NONE',  ( 15.50000000000000000, 62.39999999999999858, 22.00000000000000000 ) ) ;
#4386 = ORIENTED_EDGE ( 'NONE', *, *, #5005, .F. ) ;
#4387 = ORIENTED_EDGE ( 'NONE', *, *, #5648, .F. ) ;
#4388 = CARTESIAN_POINT ( 'NONE',  ( 10.00000000000000000, 18.00000000000000000, -5.196013828848719098E-14 ) ) ;
#4389 = ORIENTED_EDGE ( 'NONE', *, *, #9967, .T. ) ;
#4390 = VECTOR ( 'NONE', #8284, 1000.000000000000000 ) ;
#4391 = AXIS2_PLACEMENT_3D ( 'NONE', #2057, #2116, #5280 ) ;
#4392 = CARTESIAN_POINT ( 'NONE',  ( -30.31497855141494924, 95.00000000000000000, 6.748637086761529069 ) ) ;
#4393 = DIRECTION ( 'NONE',  ( 1.000000000000000000, 0.000000000000000000, 0.000000000000000000 ) ) ;
#4394 = EDGE_CURVE ( 'NONE', #3435, #5338, #3763, .T. ) ;
#4395 = FACE_OUTER_BOUND ( 'NONE', #1875, .T. ) ;
#4396 = VERTEX_POINT ( 'NONE', #456 ) ;
#4397 = PRODUCT_DEFINITION_SHAPE ( 'NONE', 'NONE',  #6150 ) ;
#4398 = CARTESIAN_POINT ( 'NONE',  ( 25.00000000000000000, 0.000000000000000000, 0.000000000000000000 ) ) ;
#4399 = VERTEX_POINT ( 'NONE', #5408 ) ;
#4400 = VECTOR ( 'NONE', #9114, 1000.000000000000000 ) ;
#4401 = DIRECTION ( 'NONE',  ( 0.000000000000000000, 1.000000000000000000, 0.000000000000000000 ) ) ;
#4402 = CARTESIAN_POINT ( 'NONE',  ( -27.68655752103995127, 74.67986544671991567, -120.2803298308827920 ) ) ;
#4403 = DIRECTION ( 'NONE',  ( -1.000000000000000000, 0.000000000000000000, -1.700709290173339793E-17 ) ) ;
#4404 = CONTEXT_DEPENDENT_SHAPE_REPRESENTATION ( #9442, #2965 ) ;
#4405 = CARTESIAN_POINT ( 'NONE',  ( -41.81980515339470372, -90.96194077712559078, 23.00000000000000000 ) ) ;
#4406 = DIRECTION ( 'NONE',  ( -1.000000000000000000, -0.000000000000000000, -1.700709290173339793E-17 ) ) ;
#4407 = VECTOR ( 'NONE', #7218, 1000.000000000000000 ) ;
#4408 = VERTEX_POINT ( 'NONE', #5297 ) ;
#4409 = ORIENTED_EDGE ( 'NONE', *, *, #553, .F. ) ;
#4410 = EDGE_CURVE ( 'NONE', #176, #6925, #3658, .T. ) ;
#4411 = EDGE_CURVE ( 'NONE', #10067, #5529, #7716, .T. ) ;
#4412 = DIRECTION ( 'NONE',  ( 0.5521351308716259121, 0.000000000000000000, -0.8337546385222528444 ) ) ;
#4413 = CARTESIAN_POINT ( 'NONE',  ( -20.90380984571844891, 18.00000000000000000, 13.36289017892624109 ) ) ;
#4414 = DIRECTION ( 'NONE',  ( -0.09891222032017366050, -2.023675079336739071E-24, -0.9950961625246744768 ) ) ;
#4415 = AXIS2_PLACEMENT_3D ( 'NONE', #1384, #4575, #6977 ) ;
#4416 = CARTESIAN_POINT ( 'NONE',  ( 94.00000000000000000, 85.00000000000000000, -104.7964619962939992 ) ) ;
#4417 = DIRECTION ( 'NONE',  ( -1.700709290173339793E-17, 0.000000000000000000, -1.000000000000000000 ) ) ;
#4418 = DIRECTION ( 'NONE',  ( 0.000000000000000000, -1.000000000000000000, 0.000000000000000000 ) ) ;
#4419 = LINE ( 'NONE', #3596, #9751 ) ;
#4420 = ORIENTED_EDGE ( 'NONE', *, *, #465, .T. ) ;
#4421 = EDGE_LOOP ( 'NONE', ( #7535, #6246, #9910, #3178 ) ) ;
#4422 = EDGE_CURVE ( 'NONE', #139, #8215, #10009, .T. ) ;
#4423 = AXIS2_PLACEMENT_3D ( 'NONE', #4774, #2648, #1012 ) ;
#4424 = CARTESIAN_POINT ( 'NONE',  ( -37.48849769918444963, -72.48849769918439279, 23.00000000000000000 ) ) ;
#4425 = EDGE_LOOP ( 'NONE', ( #9554, #561, #3242, #316 ) ) ;
#4426 = EDGE_CURVE ( 'NONE', #1094, #857, #6936, .T. ) ;
#4427 = EDGE_CURVE ( 'NONE', #5788, #4606, #1397, .T. ) ;
#4428 = DIRECTION ( 'NONE',  ( 0.000000000000000000, 0.000000000000000000, -1.000000000000000000 ) ) ;
#4429 = CARTESIAN_POINT ( 'NONE',  ( 2.693045179146765111, 0.000000000000000000, -10.02960075331755974 ) ) ;
#4430 =( LENGTH_UNIT ( ) NAMED_UNIT ( * ) SI_UNIT ( .MILLI., .METRE. ) );
#4431 = AXIS2_PLACEMENT_3D ( 'NONE', #1459, #4655, #4552 ) ;
#4432 = VECTOR ( 'NONE', #2091, 1000.000000000000000 ) ;
#4433 = CARTESIAN_POINT ( 'NONE',  ( -27.25000000000000000, -9.500000000000000000, 10.00000000000000000 ) ) ;
#4434 = EDGE_LOOP ( 'NONE', ( #5897, #8551, #2126, #2926 ) ) ;
#4435 = DIRECTION ( 'NONE',  ( 0.000000000000000000, 0.000000000000000000, 1.000000000000000000 ) ) ;
#4436 = ORIENTED_EDGE ( 'NONE', *, *, #816, .T. ) ;
#4437 = ORIENTED_EDGE ( 'NONE', *, *, #6490, .F. ) ;
#4438 = DIRECTION ( 'NONE',  ( -1.700709290173339793E-17, 0.000000000000000000, -1.000000000000000000 ) ) ;
#4439 = ORIENTED_EDGE ( 'NONE', *, *, #7119, .T. ) ;
#4440 = VECTOR ( 'NONE', #4906, 1000.000000000000000 ) ;
#4441 = VECTOR ( 'NONE', #7607, 1000.000000000000000 ) ;
#4442 = EDGE_CURVE ( 'NONE', #8913, #1552, #4593, .T. ) ;
#4443 = EDGE_CURVE ( 'NONE', #2438, #6868, #1494, .T. ) ;
#4444 = DIRECTION ( 'NONE',  ( 0.000000000000000000, 0.000000000000000000, 1.000000000000000000 ) ) ;
#4445 = CARTESIAN_POINT ( 'NONE',  ( 4.332851387010889788, 0.000000000000000000, -95.04470861319069286 ) ) ;
#4446 = CARTESIAN_POINT ( 'NONE',  ( -15.00000000000000000, 12.50000000000000000, 0.000000000000000000 ) ) ;
#4447 = DIRECTION ( 'NONE',  ( -0.000000000000000000, -0.000000000000000000, 1.000000000000000000 ) ) ;
#4448 = ORIENTED_EDGE ( 'NONE', *, *, #746, .F. ) ;
#4449 = DIRECTION ( 'NONE',  ( -0.5386090358293528224, 0.000000000000000000, -0.8425558180458876389 ) ) ;
#4450 = ORIENTED_EDGE ( 'NONE', *, *, #5200, .T. ) ;
#4451 = VECTOR ( 'NONE', #2284, 1000.000000000000000 ) ;
#4452 = CARTESIAN_POINT ( 'NONE',  ( -2.500000000000000000, 0.000000000000000000, 25.50000000000000000 ) ) ;
#4453 = ADVANCED_FACE ( 'NONE', ( #3296 ), #5619, .T. ) ;
#4454 = CARTESIAN_POINT ( 'NONE',  ( -15.51771948742470109, 18.00000000000000000, 21.78844835938494739 ) ) ;
#4455 = CARTESIAN_POINT ( 'NONE',  ( -2.500000000000000000, 70.90000000000000568, 25.50000000000000000 ) ) ;
#4456 = CONTEXT_DEPENDENT_SHAPE_REPRESENTATION ( #3320, #701 ) ;
#4457 = PRODUCT_DEFINITION_SHAPE ( 'NONE', 'NONE',  #5708 ) ;
#4458 = CARTESIAN_POINT ( 'NONE',  ( 15.50000000000000000, -9.500000000000000000, 25.50000000000000000 ) ) ;
#4459 = DIRECTION ( 'NONE',  ( -1.000000000000000000, -1.734723475976804876E-16, 0.000000000000000000 ) ) ;
#4460 = CARTESIAN_POINT ( 'NONE',  ( 59.14441049068479828, 10.00000000000000000, -100.2793298308827872 ) ) ;
#4461 = VERTEX_POINT ( 'NONE', #10269 ) ;
#4462 = DIRECTION ( 'NONE',  ( 0.000000000000000000, 0.000000000000000000, -1.000000000000000000 ) ) ;
#4463 = VERTEX_POINT ( 'NONE', #1598 ) ;
#4464 = ORIENTED_EDGE ( 'NONE', *, *, #6800, .T. ) ;
#4465 = DIRECTION ( 'NONE',  ( 1.700709290173339793E-17, 0.000000000000000000, -1.000000000000000000 ) ) ;
#4466 = FACE_OUTER_BOUND ( 'NONE', #506, .T. ) ;
#4467 = DIRECTION ( 'NONE',  ( -0.05954863429596505414, -0.9982254054838943791, -5.344796678335675965E-22 ) ) ;
#4468 = PLANE ( 'NONE',  #1841 ) ;
#4469 = CARTESIAN_POINT ( 'NONE',  ( -23.34636207545349862, -86.63063332291528695, -25.00000000000000000 ) ) ;
#4470 = FACE_OUTER_BOUND ( 'NONE', #5209, .T. ) ;
#4471 = AXIS2_PLACEMENT_3D ( 'NONE', #6099, #573, #5257 ) ;
#4472 = DIRECTION ( 'NONE',  ( 3.068079190820899944E-33, -1.000000000000000000, -1.816464372750584614E-16 ) ) ;
#4473 = ORIENTED_EDGE ( 'NONE', *, *, #5586, .F. ) ;
#4474 = EDGE_LOOP ( 'NONE', ( #5074, #6051 ) ) ;
#4475 = DIRECTION ( 'NONE',  ( 1.846235724462869915E-15, 1.623211227490739935E-15, -1.000000000000000000 ) ) ;
#4476 = VERTEX_POINT ( 'NONE', #8800 ) ;
#4477 = VECTOR ( 'NONE', #4949, 1000.000000000000000 ) ;
#4478 = CARTESIAN_POINT ( 'NONE',  ( 0.000000000000000000, 39.00000000000000000, -7.500000000000000000 ) ) ;
#4479 = DIRECTION ( 'NONE',  ( 1.000000000000000000, 8.552847072295029866E-50, 1.700709290173339793E-17 ) ) ;
#4480 = DIRECTION ( 'NONE',  ( 0.000000000000000000, -1.000000000000000000, 0.000000000000000000 ) ) ;
#4481 = CARTESIAN_POINT ( 'NONE',  ( 25.00000000000000000, 0.000000000000000000, 0.000000000000000000 ) ) ;
#4482 = EDGE_CURVE ( 'NONE', #9661, #5620, #8851, .T. ) ;
#4483 = ORIENTED_EDGE ( 'NONE', *, *, #4755, .T. ) ;
#4484 = DIRECTION ( 'NONE',  ( -1.000000000000000000, 0.000000000000000000, 1.734723475976804629E-17 ) ) ;
#4485 = EDGE_LOOP ( 'NONE', ( #4778, #153, #2473, #3852 ) ) ;
#4486 = EDGE_LOOP ( 'NONE', ( #959, #675, #9623, #4754 ) ) ;
#4487 = DIRECTION ( 'NONE',  ( 0.000000000000000000, 0.000000000000000000, 1.000000000000000000 ) ) ;
#4488 = ORIENTED_EDGE ( 'NONE', *, *, #8264, .T. ) ;
#4489 = LINE ( 'NONE', #6945, #4350 ) ;
#4490 = SHAPE_REPRESENTATION ( 'Actuator_Crosshead-1', ( #5194 ), #10211 ) ;
#4491 = CARTESIAN_POINT ( 'NONE',  ( 35.00000000000000000, 9.500000000000000000, 20.00000000000000000 ) ) ;
#4492 = DIRECTION ( 'NONE',  ( -1.000000000000000000, 0.000000000000000000, 0.000000000000000000 ) ) ;
#4493 = EDGE_CURVE ( 'NONE', #5767, #1613, #7233, .T. ) ;
#4494 = EDGE_LOOP ( 'NONE', ( #768, #4076, #568, #5867 ) ) ;
#4495 = DIRECTION ( 'NONE',  ( 0.000000000000000000, 0.000000000000000000, -1.000000000000000000 ) ) ;
#4496 = VERTEX_POINT ( 'NONE', #9644 ) ;
#4497 = CIRCLE ( 'NONE', #1317, 2.250000000000000000 ) ;
#4498 = DIRECTION ( 'NONE',  ( 0.000000000000000000, 0.000000000000000000, -1.000000000000000000 ) ) ;
#4499 = ORIENTED_EDGE ( 'NONE', *, *, #2472, .T. ) ;
#4500 = AXIS2_PLACEMENT_3D ( 'NONE', #6328, #8726, #9572 ) ;
#4501 = APPLICATION_CONTEXT ( 'automotive_design' ) ;
#4502 = CARTESIAN_POINT ( 'NONE',  ( -19.68655752103994772, 54.67986544671990146, -120.2803298308827920 ) ) ;
#4503 = CARTESIAN_POINT ( 'NONE',  ( 27.25000000000000355, 5.500000000000000000, 10.00000000000000000 ) ) ;
#4504 = PLANE ( 'NONE',  #6957 ) ;
#4505 = CIRCLE ( 'NONE', #4191, 5.000000000000000000 ) ;
#4506 = ADVANCED_FACE ( 'NONE', ( #7923 ), #9436, .T. ) ;
#4507 = LINE ( 'NONE', #7682, #8092 ) ;
#4508 = ORIENTED_EDGE ( 'NONE', *, *, #3856, .F. ) ;
#4509 = DIRECTION ( 'NONE',  ( -0.9643930182549379504, 0.000000000000000000, -0.2644732620533329914 ) ) ;
#4510 = ORIENTED_EDGE ( 'NONE', *, *, #3602, .T. ) ;
#4511 = EDGE_CURVE ( 'NONE', #4089, #3130, #3622, .T. ) ;
#4512 = ORIENTED_EDGE ( 'NONE', *, *, #323, .T. ) ;
#4513 = AXIS2_PLACEMENT_3D ( 'NONE', #41, #96, #8035 ) ;
#4514 = LINE ( 'NONE', #7688, #7837 ) ;
#4515 = DIRECTION ( 'NONE',  ( 1.387778780781445922E-16, -1.000000000000000000, 0.000000000000000000 ) ) ;
#4516 = DIRECTION ( 'NONE',  ( 0.000000000000000000, 0.000000000000000000, 1.000000000000000000 ) ) ;
#4517 = CARTESIAN_POINT ( 'NONE',  ( -10.00000000000000000, -15.00000000000000000, 5.000000000000000000 ) ) ;
#4518 = DIRECTION ( 'NONE',  ( 1.000000000000000000, 0.000000000000000000, 1.156482317317871971E-16 ) ) ;
#4519 = CARTESIAN_POINT ( 'NONE',  ( 5.000000000000000000, 79.90000000000000568, 6.000000000000000000 ) ) ;
#4520 = DIRECTION ( 'NONE',  ( 0.5731392382913460537, 0.5731392382913449435, -0.5856815065047151769 ) ) ;
#4521 = VECTOR ( 'NONE', #7333, 1000.000000000000000 ) ;
#4522 = EDGE_LOOP ( 'NONE', ( #9814, #8165, #6581, #2628 ) ) ;
#4523 = EDGE_CURVE ( 'NONE', #5434, #3215, #7298, .T. ) ;
#4524 = ORIENTED_EDGE ( 'NONE', *, *, #4582, .F. ) ;
#4525 = CARTESIAN_POINT ( 'NONE',  ( -64.46620431643840732, 95.00000000000000000, -107.8905347760014024 ) ) ;
#4526 = EDGE_LOOP ( 'NONE', ( #6250, #8776, #6307, #3738, #4224 ) ) ;
#4527 = DIRECTION ( 'NONE',  ( 1.000000000000000000, 0.000000000000000000, 0.000000000000000000 ) ) ;
#4528 = DIRECTION ( 'NONE',  ( 0.000000000000000000, -1.000000000000000000, 0.000000000000000000 ) ) ;
#4529 = CARTESIAN_POINT ( 'NONE',  ( 35.00000000000000000, -5.500000000000000000, 20.00000000000000000 ) ) ;
#4530 = ORIENTED_EDGE ( 'NONE', *, *, #7963, .F. ) ;
#4531 = PLANE ( 'NONE',  #428 ) ;
#4532 = ORIENTED_EDGE ( 'NONE', *, *, #4779, .T. ) ;
#4533 = VECTOR ( 'NONE', #9353, 1000.000000000000000 ) ;
#4534 = ORIENTED_EDGE ( 'NONE', *, *, #8660, .T. ) ;
#4535 = AXIS2_PLACEMENT_3D ( 'NONE', #2572, #3558, #1971 ) ;
#4536 = PRESENTATION_STYLE_ASSIGNMENT (( #7663 ) ) ;
#4537 = VERTEX_POINT ( 'NONE', #927 ) ;
#4538 = ADVANCED_FACE ( 'NONE', ( #8080 ), #136, .T. ) ;
#4539 = PRODUCT_DEFINITION_SHAPE ( 'NONE', 'NONE',  #607 ) ;
#4540 = VECTOR ( 'NONE', #4403, 1000.000000000000000 ) ;
#4541 = EDGE_CURVE ( 'NONE', #7900, #6650, #6247, .T. ) ;
#4542 = VECTOR ( 'NONE', #10117, 1000.000000000000000 ) ;
#4543 = DIRECTION ( 'NONE',  ( 0.000000000000000000, 0.000000000000000000, 1.000000000000000000 ) ) ;
#4544 = AXIS2_PLACEMENT_3D ( 'NONE', #1855, #3394, #6560 ) ;
#4545 = FACE_OUTER_BOUND ( 'NONE', #6423, .T. ) ;
#4546 = LINE ( 'NONE', #9235, #6066 ) ;
#4547 = VERTEX_POINT ( 'NONE', #3917 ) ;
#4548 = CARTESIAN_POINT ( 'NONE',  ( 10.00000000000000000, 10.00000000000000000, 5.000000000000000000 ) ) ;
#4549 = VERTEX_POINT ( 'NONE', #5564 ) ;
#4550 = VERTEX_POINT ( 'NONE', #8746 ) ;
#4551 = VECTOR ( 'NONE', #300, 1000.000000000000000 ) ;
#4552 = DIRECTION ( 'NONE',  ( 1.000000000000000000, 0.000000000000000000, 0.000000000000000000 ) ) ;
#4553 = ORIENTED_EDGE ( 'NONE', *, *, #9, .T. ) ;
#4554 = EDGE_CURVE ( 'NONE', #3920, #563, #7096, .T. ) ;
#4555 = SHAPE_REPRESENTATION ( 'Jaw_Contact_Block_A-1', ( #5194 ), #5715 ) ;
#4556 = LINE ( 'NONE', #6958, #8167 ) ;
#4557 = ITEM_DEFINED_TRANSFORMATION ( 'NONE', 'NONE', #6888,  #5194 ) ;
#4558 = DIRECTION ( 'NONE',  ( -0.8337546385222528444, 0.000000000000000000, 0.5521351308716259121 ) ) ;
#4559 = DIRECTION ( 'NONE',  ( 0.000000000000000000, 0.000000000000000000, 1.000000000000000000 ) ) ;
#4560 = CARTESIAN_POINT ( 'NONE',  ( -25.00000000000000000, 5.500000000000000000, 10.00000000000000000 ) ) ;
#4561 = ORIENTED_EDGE ( 'NONE', *, *, #1318, .T. ) ;
#4562 = LINE ( 'NONE', #6170, #1095 ) ;
#4563 = ORIENTED_EDGE ( 'NONE', *, *, #382, .F. ) ;
#4564 = VERTEX_POINT ( 'NONE', #7975 ) ;
#4565 = STYLED_ITEM ( 'NONE', ( #7970 ), #1914 ) ;
#4566 = EDGE_CURVE ( 'NONE', #7954, #5366, #5104, .T. ) ;
#4567 = CYLINDRICAL_SURFACE ( 'NONE', #5484, 2.249999999999998668 ) ;
#4568 = DIRECTION ( 'NONE',  ( 0.000000000000000000, 0.000000000000000000, -1.000000000000000000 ) ) ;
#4569 = SHAPE_DEFINITION_REPRESENTATION ( #2420, #6342 ) ;
#4570 = EDGE_CURVE ( 'NONE', #2675, #8496, #4738, .T. ) ;
#4571 = CARTESIAN_POINT ( 'NONE',  ( 30.31497855141494924, 95.00000000000000000, 6.748637086761529069 ) ) ;
#4572 = DIRECTION ( 'NONE',  ( 0.4141393648650374959, 0.4141393648650364967, 0.8105412839198059549 ) ) ;
#4573 = CIRCLE ( 'NONE', #7907, 3.000000000000000000 ) ;
#4574 = CARTESIAN_POINT ( 'NONE',  ( -85.36863799491800364, 0.000000000000000000, -96.77829855763729938 ) ) ;
#4575 = DIRECTION ( 'NONE',  ( 0.000000000000000000, 1.000000000000000000, 0.000000000000000000 ) ) ;
#4576 = ORIENTED_EDGE ( 'NONE', *, *, #5824, .T. ) ;
#4577 = ORIENTED_EDGE ( 'NONE', *, *, #9797, .T. ) ;
#4578 = CARTESIAN_POINT ( 'NONE',  ( -3.250000000000000000, 3.980102097228897738E-16, 0.000000000000000000 ) ) ;
#4579 = ORIENTED_EDGE ( 'NONE', *, *, #2033, .F. ) ;
#4580 = VECTOR ( 'NONE', #6321, 1000.000000000000114 ) ;
#4581 = AXIS2_PLACEMENT_3D ( 'NONE', #6049, #9234, #4650 ) ;
#4582 = EDGE_CURVE ( 'NONE', #7148, #8898, #3187, .T. ) ;
#4583 = CARTESIAN_POINT ( 'NONE',  ( 25.00000000000000000, 0.000000000000000000, -2.250000000000000000 ) ) ;
#4584 = CARTESIAN_POINT ( 'NONE',  ( -85.36863799491800364, 85.00000000000000000, -96.77829855763729938 ) ) ;
#4585 =( NAMED_UNIT ( * ) PLANE_ANGLE_UNIT ( ) SI_UNIT ( $, .RADIAN. ) );
#4586 = EDGE_CURVE ( 'NONE', #7551, #6290, #6405, .T. ) ;
#4587 = PRESENTATION_STYLE_ASSIGNMENT (( #2131 ) ) ;
#4588 = EDGE_CURVE ( 'NONE', #3360, #9227, #9540, .T. ) ;
#4589 = LINE ( 'NONE', #1341, #2712 ) ;
#4590 = EDGE_CURVE ( 'NONE', #1546, #4547, #1269, .T. ) ;
#4591 = AXIS2_PLACEMENT_3D ( 'NONE', #1531, #5395, #600 ) ;
#4592 = ORIENTED_EDGE ( 'NONE', *, *, #9994, .F. ) ;
#4593 = LINE ( 'NONE', #84, #1086 ) ;
#4594 = ORIENTED_EDGE ( 'NONE', *, *, #5040, .T. ) ;
#4595 = LINE ( 'NONE', #2295, #7706 ) ;
#4596 = VERTEX_POINT ( 'NONE', #242 ) ;
#4597 =( NAMED_UNIT ( * ) PLANE_ANGLE_UNIT ( ) SI_UNIT ( $, .RADIAN. ) );
#4598 = ORIENTED_EDGE ( 'NONE', *, *, #5674, .T. ) ;
#4599 = ADVANCED_FACE ( 'NONE', ( #1265, #6067, #482, #292, #2706 ), #8409, .F. ) ;
#4600 = VECTOR ( 'NONE', #7113, 1000.000000000000000 ) ;
#4601 = CARTESIAN_POINT ( 'NONE',  ( -23.68655752103954981, 14.67986544671986060, -42.59593772390965682 ) ) ;
#4602 = CARTESIAN_POINT ( 'NONE',  ( 35.00000000000000000, -9.500000000000000000, 10.00000000000000000 ) ) ;
#4603 = DIRECTION ( 'NONE',  ( -0.7071067811865485719, -0.7071067811865465735, 0.000000000000000000 ) ) ;
#4604 = ORIENTED_EDGE ( 'NONE', *, *, #1394, .T. ) ;
#4605 = DIRECTION ( 'NONE',  ( -1.000000000000000000, -1.734723475976804876E-16, 0.000000000000000000 ) ) ;
#4606 = VERTEX_POINT ( 'NONE', #2613 ) ;
#4607 = AXIS2_PLACEMENT_3D ( 'NONE', #1835, #4447, #8202 ) ;
#4608 = ORIENTED_EDGE ( 'NONE', *, *, #3477, .T. ) ;
#4609 = FACE_OUTER_BOUND ( 'NONE', #4865, .T. ) ;
#4610 = EDGE_LOOP ( 'NONE', ( #9283, #2238, #2309, #3065, #729 ) ) ;
#4611 = AXIS2_PLACEMENT_3D ( 'NONE', #6717, #1964, #294 ) ;
#4612 = CARTESIAN_POINT ( 'NONE',  ( -64.46620431643840732, 85.00000000000000000, -110.1405347760014024 ) ) ;
#4613 = CARTESIAN_POINT ( 'NONE',  ( 15.00000000000000000, -12.50000000000000000, -10.00000000000000000 ) ) ;
#4614 = AXIS2_PLACEMENT_3D ( 'NONE', #9962, #205, #3560 ) ;
#4615 = DIRECTION ( 'NONE',  ( 0.000000000000000000, -1.000000000000000000, 0.000000000000000000 ) ) ;
#4616 = DIRECTION ( 'NONE',  ( 0.000000000000000000, 0.000000000000000000, -1.000000000000000000 ) ) ;
#4617 = DIRECTION ( 'NONE',  ( 0.7071067811865485719, 0.7071067811865465735, 0.000000000000000000 ) ) ;
#4618 = ORIENTED_EDGE ( 'NONE', *, *, #2923, .T. ) ;
#4619 = CYLINDRICAL_SURFACE ( 'NONE', #10082, 2.250000000000000000 ) ;
#4620 = ORIENTED_EDGE ( 'NONE', *, *, #9, .F. ) ;
#4621 = ADVANCED_FACE ( 'NONE', ( #5882 ), #9067, .F. ) ;
#4622 = EDGE_LOOP ( 'NONE', ( #8239, #4620 ) ) ;
#4623 = CIRCLE ( 'NONE', #4294, 8.146642442969046272 ) ;
#4624 = PLANE ( 'NONE',  #3006 ) ;
#4625 = DIRECTION ( 'NONE',  ( 0.000000000000000000, 1.000000000000000000, 0.000000000000000000 ) ) ;
#4626 = DIRECTION ( 'NONE',  ( -0.9999999997608040037, -1.970927843343120193E-15, -2.187217985079534864E-05 ) ) ;
#4627 = DIRECTION ( 'NONE',  ( 0.000000000000000000, 0.000000000000000000, 1.000000000000000000 ) ) ;
#4628 = CARTESIAN_POINT ( 'NONE',  ( 15.50000000000000000, 3.851859888774469653E-33, 25.50000000000000000 ) ) ;
#4629 = LINE ( 'NONE', #9474, #5400 ) ;
#4630 = EDGE_CURVE ( 'NONE', #3374, #2107, #2630, .T. ) ;
#4631 = VERTEX_POINT ( 'NONE', #10037 ) ;
#4632 = ORIENTED_EDGE ( 'NONE', *, *, #3077, .T. ) ;
#4633 = CARTESIAN_POINT ( 'NONE',  ( 30.31344247896045019, 34.67986544671985172, -120.2803298308827920 ) ) ;
#4634 = ORIENTED_EDGE ( 'NONE', *, *, #5129, .T. ) ;
#4635 = CARTESIAN_POINT ( 'NONE',  ( -20.90380984571844891, 0.000000000000000000, 13.36289017892626063 ) ) ;
#4636 = DIRECTION ( 'NONE',  ( -1.000000000000000000, -7.703719777548939991E-34, -1.264933817329265970E-17 ) ) ;
#4637 = DIRECTION ( 'NONE',  ( -0.7071067811865480168, -0.7071067811865470176, 0.000000000000000000 ) ) ;
#4638 = FACE_OUTER_BOUND ( 'NONE', #1279, .T. ) ;
#4639 = ADVANCED_FACE ( 'NONE', ( #4275 ), #7633, .F. ) ;
#4640 = ORIENTED_EDGE ( 'NONE', *, *, #7599, .T. ) ;
#4641 = CARTESIAN_POINT ( 'NONE',  ( -41.81980515339470372, -90.96194077712559078, -33.00000000000000000 ) ) ;
#4642 = ORIENTED_EDGE ( 'NONE', *, *, #9406, .F. ) ;
#4643 = DIRECTION ( 'NONE',  ( 1.000000000000000000, 0.000000000000000000, 0.000000000000000000 ) ) ;
#4644 = EDGE_LOOP ( 'NONE', ( #2504, #3670, #3564, #308 ) ) ;
#4646 = ORIENTED_EDGE ( 'NONE', *, *, #779, .F. ) ;
#4645 = EDGE_CURVE ( 'NONE', #2012, #7954, #2560, .T. ) ;
#4647 = DIRECTION ( 'NONE',  ( 0.000000000000000000, -1.000000000000000000, 0.000000000000000000 ) ) ;
#4648 = CARTESIAN_POINT ( 'NONE',  ( 15.00000000000000000, 5.500000000000000000, 20.00000000000000000 ) ) ;
#4649 = AXIS2_PLACEMENT_3D ( 'NONE', #2287, #2919, #4527 ) ;
#4650 = DIRECTION ( 'NONE',  ( -1.000000000000000000, 0.000000000000000000, 0.000000000000000000 ) ) ;
#4651 = VERTEX_POINT ( 'NONE', #7347 ) ;
#4652 = DIRECTION ( 'NONE',  ( 0.000000000000000000, -1.000000000000000000, 0.000000000000000000 ) ) ;
#4653 = EDGE_LOOP ( 'NONE', ( #903, #10140 ) ) ;
#4654 = ORIENTED_EDGE ( 'NONE', *, *, #4992, .T. ) ;
#4655 = DIRECTION ( 'NONE',  ( 0.000000000000000000, 0.000000000000000000, 1.000000000000000000 ) ) ;
#4656 = EDGE_LOOP ( 'NONE', ( #1159, #629, #4371, #3721 ) ) ;
#4657 = EDGE_CURVE ( 'NONE', #7368, #3025, #1605, .T. ) ;
#4658 = CYLINDRICAL_SURFACE ( 'NONE', #3678, 9.999999999999994671 ) ;
#4659 = CARTESIAN_POINT ( 'NONE',  ( 35.00000000000000000, 9.500000000000000000, 20.00000000000000000 ) ) ;
#4660 = LINE ( 'NONE', #2104, #8037 ) ;
#4661 = CARTESIAN_POINT ( 'NONE',  ( -65.00000000000000000, 10.00000000000000000, -112.1326873879138049 ) ) ;
#4662 = CARTESIAN_POINT ( 'NONE',  ( -44.06980515339470372, -90.96194077712559078, 23.00000000000000000 ) ) ;
#4663 = ORIENTED_EDGE ( 'NONE', *, *, #309, .F. ) ;
#4664 = VECTOR ( 'NONE', #1698, 1000.000000000000000 ) ;
#4665 = CYLINDRICAL_SURFACE ( 'NONE', #6922, 2.250000000000001776 ) ;
#4666 = ORIENTED_EDGE ( 'NONE', *, *, #1065, .F. ) ;
#4667 = DIRECTION ( 'NONE',  ( 1.000000000000000000, 0.000000000000000000, 1.700709290173339793E-17 ) ) ;
#4668 = DIRECTION ( 'NONE',  ( -0.7071067811865485719, -0.7071067811865465735, 0.000000000000000000 ) ) ;
#4669 = CARTESIAN_POINT ( 'NONE',  ( -109.1285367631912067, 19.50000000000000000, -208.9373862512019855 ) ) ;
#4670 = ADVANCED_FACE ( 'NONE', ( #8962 ), #7685, .F. ) ;
#4671 = FACE_OUTER_BOUND ( 'NONE', #1977, .T. ) ;
#4672 = CARTESIAN_POINT ( 'NONE',  ( 0.000000000000000000, 50.00000000000000000, 0.000000000000000000 ) ) ;
#4673 = ORIENTED_EDGE ( 'NONE', *, *, #1442, .T. ) ;
#4674 = EDGE_LOOP ( 'NONE', ( #5309, #641, #679, #3043, #305, #1998 ) ) ;
#4675 = AXIS2_PLACEMENT_3D ( 'NONE', #3263, #3887, #8818 ) ;
#4676 = DIRECTION ( 'NONE',  ( -1.000000000000000000, -7.703719777548939991E-34, -1.264933817329265970E-17 ) ) ;
#4677 = EDGE_LOOP ( 'NONE', ( #1812, #6651, #2766, #4262 ) ) ;
#4678 = CARTESIAN_POINT ( 'NONE',  ( 4.142135623730935023, -59.14213562373100075, 0.000000000000000000 ) ) ;
#4679 = DIRECTION ( 'NONE',  ( -1.000000000000000000, 0.000000000000000000, 0.000000000000000000 ) ) ;
#4680 = ADVANCED_FACE ( 'NONE', ( #9799 ), #3345, .F. ) ;
#4681 = VECTOR ( 'NONE', #3717, 1000.000000000000000 ) ;
#4682 = LINE ( 'NONE', #1594, #9709 ) ;
#4683 = ORIENTED_EDGE ( 'NONE', *, *, #1831, .F. ) ;
#4684 = CARTESIAN_POINT ( 'NONE',  ( -51.81980515339465398, -90.96194077712549131, -1.518151565709684780E-13 ) ) ;
#4685 = ORIENTED_EDGE ( 'NONE', *, *, #3913, .T. ) ;
#4686 = DIRECTION ( 'NONE',  ( -1.000000000000000000, 0.000000000000000000, 1.734723475976804629E-17 ) ) ;
#4687 = VERTEX_POINT ( 'NONE', #6563 ) ;
#4688 = VECTOR ( 'NONE', #299, 1000.000000000000000 ) ;
#4689 = CARTESIAN_POINT ( 'NONE',  ( -27.68655752103995127, 74.67986544671991567, -42.59593772390965682 ) ) ;
#4690 = ORIENTED_EDGE ( 'NONE', *, *, #1666, .F. ) ;
#4691 = ADVANCED_FACE ( 'NONE', ( #3496 ), #1761, .F. ) ;
#4692 = AXIS2_PLACEMENT_3D ( 'NONE', #696, #3903, #10252 ) ;
#4693 = LINE ( 'NONE', #3925, #6880 ) ;
#4694 = EDGE_CURVE ( 'NONE', #1042, #9714, #8132, .T. ) ;
#4695 = LINE ( 'NONE', #7879, #5004 ) ;
#4696 = AXIS2_PLACEMENT_3D ( 'NONE', #4584, #7139, #8739 ) ;
#4697 = EDGE_CURVE ( 'NONE', #1389, #6575, #5783, .T. ) ;
#4698 = DIRECTION ( 'NONE',  ( 0.000000000000000000, 0.000000000000000000, 1.000000000000000000 ) ) ;
#4699 = CIRCLE ( 'NONE', #1689, 2.250000000000001776 ) ;
#4700 = ORIENTED_EDGE ( 'NONE', *, *, #9584, .T. ) ;
#4701 = CARTESIAN_POINT ( 'NONE',  ( 5.000000000000000000, -12.50000000000000000, 0.5000000000000000000 ) ) ;
#4702 = ORIENTED_EDGE ( 'NONE', *, *, #9522, .T. ) ;
#4703 = VERTEX_POINT ( 'NONE', #2661 ) ;
#4704 = CARTESIAN_POINT ( 'NONE',  ( -75.00000000000000000, 150.0000000000000000, 75.00000000000000000 ) ) ;
#4705 = ORIENTED_EDGE ( 'NONE', *, *, #2555, .T. ) ;
#4706 = VECTOR ( 'NONE', #8843, 1000.000000000000000 ) ;
#4707 = CLOSED_SHELL ( 'NONE', ( #6899, #9467, #5956, #4024, #8602, #6704, #6818, #1316, #6973, #3583, #7319, #9777, #7737, #3456, #3049, #2972, #4506, #8836, #8051, #6623, #1766, #3943, #9051, #6879, #8310, #6296, #745, #257, #9896, #8140, #683, #8443, #2958, #10004, #5301, #7622, #1306, #9031, #2484, #5314, #363, #7479, #4744, #2356, #2013, #8367, #2299 ) ) ;
#4708 = AXIS2_PLACEMENT_3D ( 'NONE', #2500, #334, #976 ) ;
#4709 = DIRECTION ( 'NONE',  ( 0.000000000000000000, -1.000000000000000000, 0.000000000000000000 ) ) ;
#4710 = CARTESIAN_POINT ( 'NONE',  ( -55.96194077712559789, -90.96194077712549131, -25.00000000000000000 ) ) ;
#4711 = ADVANCED_FACE ( 'NONE', ( #188 ), #1810, .T. ) ;
#4712 = LINE ( 'NONE', #5588, #5023 ) ;
#4713 = FACE_OUTER_BOUND ( 'NONE', #9798, .T. ) ;
#4714 = AXIS2_PLACEMENT_3D ( 'NONE', #907, #9782, #9730 ) ;
#4715 = LINE ( 'NONE', #1422, #9758 ) ;
#4716 = VERTEX_POINT ( 'NONE', #6661 ) ;
#4717 = LINE ( 'NONE', #9412, #1577 ) ;
#4718 = EDGE_LOOP ( 'NONE', ( #1674, #6911 ) ) ;
#4719 = PRESENTATION_LAYER_ASSIGNMENT (  '', '', ( #5713 ) ) ;
#4720 = CARTESIAN_POINT ( 'NONE',  ( -64.46620431643840732, 0.000000000000000000, -110.1405347760014024 ) ) ;
#4721 = CARTESIAN_POINT ( 'NONE',  ( 15.50000000000000000, 3.500000000000000000, 4.586616008317650284E-16 ) ) ;
#4722 = CARTESIAN_POINT ( 'NONE',  ( -5.000000000000000000, 55.89999999999999858, 21.75000000000000000 ) ) ;
#4723 = LINE ( 'NONE', #3904, #5918 ) ;
#4724 = VECTOR ( 'NONE', #2334, 1000.000000000000000 ) ;
#4725 = ORIENTED_EDGE ( 'NONE', *, *, #7360, .F. ) ;
#4726 = EDGE_LOOP ( 'NONE', ( #3129, #6744, #10288, #7222 ) ) ;
#4727 = ORIENTED_EDGE ( 'NONE', *, *, #2043, .T. ) ;
#4728 = DIRECTION ( 'NONE',  ( 0.000000000000000000, 1.000000000000000000, 0.000000000000000000 ) ) ;
#4729 = EDGE_CURVE ( 'NONE', #8039, #9055, #1858, .T. ) ;
#4730 = ORIENTED_EDGE ( 'NONE', *, *, #3517, .T. ) ;
#4731 = CARTESIAN_POINT ( 'NONE',  ( -4.000000000000000000, 69.40000000000000568, 6.802837160693360405E-17 ) ) ;
#4732 = DIRECTION ( 'NONE',  ( 1.000000000000000000, 0.000000000000000000, 1.700709290173339793E-17 ) ) ;
#4733 = SHAPE_REPRESENTATION_RELATIONSHIP ( 'NONE' , 'NONE' ,  #4490, #5304 ) ;
#4734 = VECTOR ( 'NONE', #8052, 1000.000000000000000 ) ;
#4735 = DIRECTION ( 'NONE',  ( 0.000000000000000000, 1.000000000000000000, 0.000000000000000000 ) ) ;
#4736 = EDGE_CURVE ( 'NONE', #3636, #3399, #10246, .T. ) ;
#4737 = VERTEX_POINT ( 'NONE', #1424 ) ;
#4738 = LINE ( 'NONE', #3239, #3128 ) ;
#4739 = ORIENTED_EDGE ( 'NONE', *, *, #6657, .T. ) ;
#4740 = CARTESIAN_POINT ( 'NONE',  ( -3.000000000000000000, 70.90000000000000568, 0.5000000000000000000 ) ) ;
#4741 = ORIENTED_EDGE ( 'NONE', *, *, #2847, .F. ) ;
#4742 = VECTOR ( 'NONE', #7001, 1000.000000000000000 ) ;
#4743 = DIRECTION ( 'NONE',  ( 0.000000000000000000, 1.000000000000000000, 1.816464372750584614E-16 ) ) ;
#4744 = ADVANCED_FACE ( 'NONE', ( #3896 ), #3736, .T. ) ;
#4745 = ORIENTED_EDGE ( 'NONE', *, *, #8283, .T. ) ;
#4746 = CARTESIAN_POINT ( 'NONE',  ( 1.108192987669307739, -48.66918367361090247, 5.000000000000000000 ) ) ;
#4747 = DIRECTION ( 'NONE',  ( 0.000000000000000000, 0.000000000000000000, 1.000000000000000000 ) ) ;
#4748 = CIRCLE ( 'NONE', #7248, 2.249999999999998668 ) ;
#4749 = DIRECTION ( 'NONE',  ( -1.000000000000000000, 0.000000000000000000, 0.000000000000000000 ) ) ;
#4750 = DIRECTION ( 'NONE',  ( 1.734723475976804876E-16, -1.000000000000000000, 0.000000000000000000 ) ) ;
#4751 = VERTEX_POINT ( 'NONE', #589 ) ;
#4752 = ORIENTED_EDGE ( 'NONE', *, *, #7526, .F. ) ;
#4753 =( NAMED_UNIT ( * ) PLANE_ANGLE_UNIT ( ) SI_UNIT ( $, .RADIAN. ) );
#4754 = ORIENTED_EDGE ( 'NONE', *, *, #7580, .T. ) ;
#4755 = EDGE_CURVE ( 'NONE', #4033, #9857, #275, .T. ) ;
#4756 = AXIS2_PLACEMENT_3D ( 'NONE', #7074, #7899, #2213 ) ;
#4757 = PRODUCT_RELATED_PRODUCT_CATEGORY ( 'part', '', ( #6026 ) ) ;
#4758 = LINE ( 'NONE', #3991, #9834 ) ;
#4759 = DIRECTION ( 'NONE',  ( -1.577021341797100025E-16, 0.000000000000000000, 1.000000000000000000 ) ) ;
#4760 = CARTESIAN_POINT ( 'NONE',  ( 0.000000000000000000, 5.000000000000000000, -2.250000000000000000 ) ) ;
#4761 = CIRCLE ( 'NONE', #2939, 10.00000000000000000 ) ;
#4762 = CARTESIAN_POINT ( 'NONE',  ( 64.46620431643840732, 95.00000000000000000, -107.8905347760014024 ) ) ;
#4763 = ORIENTED_EDGE ( 'NONE', *, *, #671, .F. ) ;
#4764 = ADVANCED_FACE ( 'NONE', ( #4765 ), #4619, .F. ) ;
#4765 = FACE_OUTER_BOUND ( 'NONE', #9253, .T. ) ;
#4766 = VERTEX_POINT ( 'NONE', #1574 ) ;
#4767 = EDGE_CURVE ( 'NONE', #913, #580, #10190, .T. ) ;
#4768 =( GEOMETRIC_REPRESENTATION_CONTEXT ( 3 ) GLOBAL_UNCERTAINTY_ASSIGNED_CONTEXT ( ( #7838 ) ) GLOBAL_UNIT_ASSIGNED_CONTEXT ( ( #7160, #4753, #1780 ) ) REPRESENTATION_CONTEXT ( 'NONE', 'WORKASPACE' ) );
#4769 = AXIS2_PLACEMENT_3D ( 'NONE', #3026, #2925, #7821 ) ;
#4770 = CARTESIAN_POINT ( 'NONE',  ( 1.734723475976804925E-15, 18.00000000000000000, -6.938893903907229955E-15 ) ) ;
#4771 = FACE_BOUND ( 'NONE', #6068, .T. ) ;
#4772 = CONTEXT_DEPENDENT_SHAPE_REPRESENTATION ( #9895, #444 ) ;
#4773 = CARTESIAN_POINT ( 'NONE',  ( -55.96194077712559789, -90.96194077712549131, -25.00000000000000000 ) ) ;
#4774 = CARTESIAN_POINT ( 'NONE',  ( -41.81980515339470372, -90.96194077712559078, -33.00000000000000000 ) ) ;
#4775 = EDGE_LOOP ( 'NONE', ( #8026, #5450, #3648, #3154 ) ) ;
#4776 = ORIENTED_EDGE ( 'NONE', *, *, #8381, .T. ) ;
#4777 = LINE ( 'NONE', #3131, #4780 ) ;
#4778 = ORIENTED_EDGE ( 'NONE', *, *, #8058, .T. ) ;
#4779 = EDGE_CURVE ( 'NONE', #5767, #1975, #9465, .T. ) ;
#4780 = VECTOR ( 'NONE', #6395, 1000.000000000000000 ) ;
#4781 = DIRECTION ( 'NONE',  ( 0.000000000000000000, 1.000000000000000000, 0.000000000000000000 ) ) ;
#4782 = CARTESIAN_POINT ( 'NONE',  ( -37.48849769918444963, -72.48849769918439279, -33.00000000000000000 ) ) ;
#4783 = DIRECTION ( 'NONE',  ( -1.000000000000000000, -1.734723475976807094E-16, 0.000000000000000000 ) ) ;
#4784 = LINE ( 'NONE', #7617, #5392 ) ;
#4785 = ORIENTED_EDGE ( 'NONE', *, *, #141, .F. ) ;
#4786 = CARTESIAN_POINT ( 'NONE',  ( -75.00000000000000000, 150.0000000000000000, 75.00000000000000000 ) ) ;
#4787 = ORIENTED_EDGE ( 'NONE', *, *, #2048, .T. ) ;
#4788 = FACE_OUTER_BOUND ( 'NONE', #2383, .T. ) ;
#4789 = VERTEX_POINT ( 'NONE', #6226 ) ;
#4790 = DIRECTION ( 'NONE',  ( 1.000000000000000000, 0.000000000000000000, 0.000000000000000000 ) ) ;
#4791 = ORIENTED_EDGE ( 'NONE', *, *, #4816, .F. ) ;
#4792 = CARTESIAN_POINT ( 'NONE',  ( 59.14441049068479828, 0.000000000000000000, -90.27932983088280139 ) ) ;
#4793 = LINE ( 'NONE', #1454, #9342 ) ;
#4794 = EDGE_CURVE ( 'NONE', #2454, #7314, #4717, .T. ) ;
#4795 = FACE_OUTER_BOUND ( 'NONE', #7191, .T. ) ;
#4796 = ORIENTED_EDGE ( 'NONE', *, *, #6736, .T. ) ;
#4797 = DIRECTION ( 'NONE',  ( 0.000000000000000000, 0.000000000000000000, -1.000000000000000000 ) ) ;
#4798 = VERTEX_POINT ( 'NONE', #10088 ) ;
#4799 = ORIENTED_EDGE ( 'NONE', *, *, #8515, .T. ) ;
#4800 = DIRECTION ( 'NONE',  ( 1.224646799147353947E-16, -1.000000000000000000, 0.000000000000000000 ) ) ;
#4801 = ORIENTED_EDGE ( 'NONE', *, *, #892, .T. ) ;
#4802 = ORIENTED_EDGE ( 'NONE', *, *, #6436, .T. ) ;
#4803 = AXIS2_PLACEMENT_3D ( 'NONE', #9904, #7552, #9073 ) ;
#4804 = CARTESIAN_POINT ( 'NONE',  ( -4.000000000000000000, 69.40000000000000568, 0.000000000000000000 ) ) ;
#4805 = EDGE_CURVE ( 'NONE', #5654, #9606, #10109, .T. ) ;
#4806 = CYLINDRICAL_SURFACE ( 'NONE', #1864, 1.499999999999999556 ) ;
#4807 = CARTESIAN_POINT ( 'NONE',  ( -10.00000000000000000, -40.85786437626904188, 0.000000000000000000 ) ) ;
#4808 = CARTESIAN_POINT ( 'NONE',  ( 15.50000000000000000, 67.90000000000000568, 0.5000000000000000000 ) ) ;
#4809 = DIRECTION ( 'NONE',  ( -1.000000000000000000, -1.734723475976804876E-16, 0.000000000000000000 ) ) ;
#4810 = EDGE_LOOP ( 'NONE', ( #1584, #1937, #4931, #210 ) ) ;
#4811 =( LENGTH_UNIT ( ) NAMED_UNIT ( * ) SI_UNIT ( .MILLI., .METRE. ) );
#4812 = ORIENTED_EDGE ( 'NONE', *, *, #273, .T. ) ;
#4813 = CARTESIAN_POINT ( 'NONE',  ( -5.000000000000000888, 0.2318943177929209953, -0.6706148042814331633 ) ) ;
#4814 = PLANE ( 'NONE',  #9205 ) ;
#4815 = APPLICATION_PROTOCOL_DEFINITION ( 'draft international standard', 'automotive_design', 1998, #2586 ) ;
#4816 = EDGE_CURVE ( 'NONE', #5667, #1059, #5606, .T. ) ;
#4817 = LINE ( 'NONE', #1581, #510 ) ;
#4818 = CIRCLE ( 'NONE', #5306, 2.249999999999998668 ) ;
#4819 = EDGE_CURVE ( 'NONE', #9812, #241, #5583, .T. ) ;
#4820 = CARTESIAN_POINT ( 'NONE',  ( 0.000000000000000000, 9.000000000000000000, -10.00000000000000000 ) ) ;
#4821 = ORIENTED_EDGE ( 'NONE', *, *, #3142, .T. ) ;
#4822 = ORIENTED_EDGE ( 'NONE', *, *, #2113, .F. ) ;
#4823 = LINE ( 'NONE', #7086, #9282 ) ;
#4824 = ORIENTED_EDGE ( 'NONE', *, *, #3471, .F. ) ;
#4825 = VECTOR ( 'NONE', #318, 1000.000000000000000 ) ;
#4826 = CARTESIAN_POINT ( 'NONE',  ( 25.00000000000000000, 9.500000000000000000, 20.00000000000000000 ) ) ;
#4827 = CARTESIAN_POINT ( 'NONE',  ( 5.000000000000000000, 1.203706215242021998E-32, -2.500000000000000000 ) ) ;
#4828 = CARTESIAN_POINT ( 'NONE',  ( 9.184850993605147944E-16, 39.00000000000000000, 7.500000000000000000 ) ) ;
#4829 = EDGE_CURVE ( 'NONE', #1613, #3064, #10298, .T. ) ;
#4830 = LINE ( 'NONE', #2291, #5024 ) ;
#4831 = DIRECTION ( 'NONE',  ( -1.000000000000000000, 0.000000000000000000, 1.734723475976804629E-17 ) ) ;
#4832 = VECTOR ( 'NONE', #788, 1000.000000000000000 ) ;
#4833 = VERTEX_POINT ( 'NONE', #2316 ) ;
#4834 = DIRECTION ( 'NONE',  ( 1.000000000000000000, 0.000000000000000000, 0.000000000000000000 ) ) ;
#4835 = VERTEX_POINT ( 'NONE', #6119 ) ;
#4836 = EDGE_CURVE ( 'NONE', #6826, #7303, #3002, .T. ) ;
#4837 = CARTESIAN_POINT ( 'NONE',  ( -15.00000000000000000, -12.50000000000000000, 20.00000000000000000 ) ) ;
#4838 = ORIENTED_EDGE ( 'NONE', *, *, #1157, .F. ) ;
#4839 = CARTESIAN_POINT ( 'NONE',  ( 2.500000000000000000, 0.000000000000000000, 22.50000000000000000 ) ) ;
#4840 = ORIENTED_EDGE ( 'NONE', *, *, #3317, .T. ) ;
#4841 = CARTESIAN_POINT ( 'NONE',  ( 15.00000000000000000, -12.50000000000000000, -10.00000000000000000 ) ) ;
#4842 = AXIS2_PLACEMENT_3D ( 'NONE', #823, #8603, #7827 ) ;
#4843 = CARTESIAN_POINT ( 'NONE',  ( -53.68655752104000811, 95.00000000000000000, -28.54374205374395146 ) ) ;
#4844 = LINE ( 'NONE', #8865, #1523 ) ;
#4845 = AXIS2_PLACEMENT_3D ( 'NONE', #8919, #8139, #8861 ) ;
#4846 = VERTEX_POINT ( 'NONE', #534 ) ;
#4847 = FACE_OUTER_BOUND ( 'NONE', #8137, .T. ) ;
#4848 = ORIENTED_EDGE ( 'NONE', *, *, #2811, .T. ) ;
#4849 = EDGE_CURVE ( 'NONE', #3227, #1189, #8513, .T. ) ;
#4850 = CIRCLE ( 'NONE', #1680, 2.250000000000000000 ) ;
#4851 = VERTEX_POINT ( 'NONE', #2367 ) ;
#4852 = DIRECTION ( 'NONE',  ( 1.700709290173339793E-17, -0.000000000000000000, 1.000000000000000000 ) ) ;
#4853 = ORIENTED_EDGE ( 'NONE', *, *, #8272, .F. ) ;
#4854 = ORIENTED_EDGE ( 'NONE', *, *, #10279, .T. ) ;
#4855 = EDGE_CURVE ( 'NONE', #10064, #4358, #4562, .T. ) ;
#4856 = DIRECTION ( 'NONE',  ( -1.000000000000000000, -1.387778780781445922E-16, 0.000000000000000000 ) ) ;
#4857 = AXIS2_PLACEMENT_3D ( 'NONE', #9707, #2625, #9852 ) ;
#4858 = DIRECTION ( 'NONE',  ( 0.000000000000000000, -1.000000000000000000, 0.000000000000000000 ) ) ;
#4859 = FACE_BOUND ( 'NONE', #6159, .T. ) ;
#4860 = CARTESIAN_POINT ( 'NONE',  ( 2.249999999999994671, 10.00000000000000000, -16.00000000000000000 ) ) ;
#4861 = CARTESIAN_POINT ( 'NONE',  ( 35.00000000000000000, 5.500000000000000000, 5.204748896376249713E-16 ) ) ;
#4862 = ORIENTED_EDGE ( 'NONE', *, *, #3427, .T. ) ;
#4863 = VECTOR ( 'NONE', #9207, 1000.000000000000000 ) ;
#4864 = SURFACE_STYLE_USAGE ( .BOTH. , #904 ) ;
#4865 = EDGE_LOOP ( 'NONE', ( #5351, #2927, #755, #7912 ) ) ;
#4866 = CIRCLE ( 'NONE', #7045, 2.249999999999998668 ) ;
#4867 = CIRCLE ( 'NONE', #4708, 5.000000000000000888 ) ;
#4868 = EDGE_CURVE ( 'NONE', #6632, #9683, #5381, .T. ) ;
#4869 = CARTESIAN_POINT ( 'NONE',  ( -4.653716339295887572, 0.8927566200923185979, -1.660841586309374840 ) ) ;
#4870 = FACE_BOUND ( 'NONE', #3773, .T. ) ;
#4871 = ITEM_DEFINED_TRANSFORMATION ( 'NONE', 'NONE', #8714,  #5194 ) ;
#4872 = AXIS2_PLACEMENT_3D ( 'NONE', #4304, #3479, #1058 ) ;
#4873 = DIRECTION ( 'NONE',  ( 0.000000000000000000, 0.000000000000000000, -1.000000000000000000 ) ) ;
#4874 = VECTOR ( 'NONE', #450, 1000.000000000000000 ) ;
#4875 = DIRECTION ( 'NONE',  ( 0.000000000000000000, 0.000000000000000000, -1.000000000000000000 ) ) ;
#4876 = ORIENTED_EDGE ( 'NONE', *, *, #9137, .T. ) ;
#4877 = ORIENTED_EDGE ( 'NONE', *, *, #4270, .T. ) ;
#4878 = AXIS2_PLACEMENT_3D ( 'NONE', #7011, #7792, #526 ) ;
#4879 = EDGE_CURVE ( 'NONE', #8215, #5788, #2770, .T. ) ;
#4880 = ORIENTED_EDGE ( 'NONE', *, *, #3167, .F. ) ;
#4881 = ADVANCED_FACE ( 'NONE', ( #7846 ), #4665, .F. ) ;
#4882 = FACE_OUTER_BOUND ( 'NONE', #408, .T. ) ;
#4883 = CARTESIAN_POINT ( 'NONE',  ( 15.50000000000000000, 83.40000000000000568, 0.5000000000000000000 ) ) ;
#4884 = CARTESIAN_POINT ( 'NONE',  ( -15.00000000000000000, 12.50000000000000000, -10.00000000000000000 ) ) ;
#4885 = CARTESIAN_POINT ( 'NONE',  ( -63.94170910735129354, 5.000000000000000000, -99.05349224005489361 ) ) ;
#4886 = CYLINDRICAL_SURFACE ( 'NONE', #3592, 3.250000000000000000 ) ;
#4887 = ORIENTED_EDGE ( 'NONE', *, *, #2069, .F. ) ;
#4888 = CARTESIAN_POINT ( 'NONE',  ( -10.00000000000000000, -45.00000000000000000, 0.000000000000000000 ) ) ;
#4889 = ORIENTED_EDGE ( 'NONE', *, *, #8648, .F. ) ;
#4890 = CARTESIAN_POINT ( 'NONE',  ( 15.50000000000000000, -9.500000000000000000, 0.5000000000000000000 ) ) ;
#4891 = ORIENTED_EDGE ( 'NONE', *, *, #6635, .F. ) ;
#4892 = DIRECTION ( 'NONE',  ( -1.000000000000000000, 0.000000000000000000, 1.734723475976804629E-17 ) ) ;
#4893 = EDGE_LOOP ( 'NONE', ( #2355, #2054, #3132, #870 ) ) ;
#4894 = VECTOR ( 'NONE', #9210, 1000.000000000000000 ) ;
#4895 = EDGE_CURVE ( 'NONE', #10209, #2675, #3607, .T. ) ;
#4896 = CARTESIAN_POINT ( 'NONE',  ( 15.50000000000000000, -3.996221620051285213E-15, 22.00000000000000000 ) ) ;
#4897 = CARTESIAN_POINT ( 'NONE',  ( -13.63988578096988036, 0.000000000000000000, -4.294065530670985176 ) ) ;
#4898 = EDGE_CURVE ( 'NONE', #150, #2990, #3445, .T. ) ;
#4899 = DIRECTION ( 'NONE',  ( 0.000000000000000000, 0.000000000000000000, -1.000000000000000000 ) ) ;
#4900 = DIRECTION ( 'NONE',  ( 0.000000000000000000, 0.000000000000000000, -1.000000000000000000 ) ) ;
#4901 = LINE ( 'NONE', #884, #852 ) ;
#4902 = VECTOR ( 'NONE', #3571, 1000.000000000000000 ) ;
#4903 = DIRECTION ( 'NONE',  ( 1.000000000000000000, 0.000000000000000000, 0.000000000000000000 ) ) ;
#4904 = VERTEX_POINT ( 'NONE', #7169 ) ;
#4905 = ORIENTED_EDGE ( 'NONE', *, *, #4276, .F. ) ;
#4906 = DIRECTION ( 'NONE',  ( 0.000000000000000000, 0.000000000000000000, 1.000000000000000000 ) ) ;
#4907 = VERTEX_POINT ( 'NONE', #1624 ) ;
#4908 = ADVANCED_FACE ( 'NONE', ( #3373 ), #2591, .F. ) ;
#4909 = ORIENTED_EDGE ( 'NONE', *, *, #9347, .T. ) ;
#4910 = EDGE_CURVE ( 'NONE', #3750, #4309, #5925, .T. ) ;
#4911 = DIRECTION ( 'NONE',  ( 0.000000000000000000, 0.000000000000000000, -1.000000000000000000 ) ) ;
#4912 = DIRECTION ( 'NONE',  ( -0.000000000000000000, -1.000000000000000000, -0.000000000000000000 ) ) ;
#4913 = CARTESIAN_POINT ( 'NONE',  ( 64.46620431643840732, 0.000000000000000000, -110.1405347760014024 ) ) ;
#4914 = DIRECTION ( 'NONE',  ( 0.000000000000000000, 0.000000000000000000, -1.000000000000000000 ) ) ;
#4915 = FACE_OUTER_BOUND ( 'NONE', #3509, .T. ) ;
#4916 = EDGE_LOOP ( 'NONE', ( #220, #8618, #5747, #6288 ) ) ;
#4917 = VECTOR ( 'NONE', #2598, 1000.000000000000000 ) ;
#4918 = LINE ( 'NONE', #3271, #6757 ) ;
#4919 = ORIENTED_EDGE ( 'NONE', *, *, #9613, .T. ) ;
#4920 = VECTOR ( 'NONE', #9239, 1000.000000000000000 ) ;
#4921 = PLANE ( 'NONE',  #8826 ) ;
#4922 = CARTESIAN_POINT ( 'NONE',  ( -37.48849769918444963, -72.48849769918439279, 23.00000000000000000 ) ) ;
#4923 = PRODUCT_CONTEXT ( 'NONE', #5026, 'mechanical' ) ;
#4924 = VECTOR ( 'NONE', #4652, 1000.000000000000000 ) ;
#4925 = DIRECTION ( 'NONE',  ( 1.000000000000000000, 0.000000000000000000, 0.000000000000000000 ) ) ;
#4926 = EDGE_CURVE ( 'NONE', #3906, #7954, #8889, .T. ) ;
#4927 = FACE_OUTER_BOUND ( 'NONE', #4072, .T. ) ;
#4928 = ORIENTED_EDGE ( 'NONE', *, *, #3303, .F. ) ;
#4929 = ORIENTED_EDGE ( 'NONE', *, *, #2074, .F. ) ;
#4930 = AXIS2_PLACEMENT_3D ( 'NONE', #6728, #8145, #1090 ) ;
#4931 = ORIENTED_EDGE ( 'NONE', *, *, #5125, .T. ) ;
#4932 = CARTESIAN_POINT ( 'NONE',  ( -58.74171087241099798, 10.00000000000000000, -90.51182856389569054 ) ) ;
#4933 = CYLINDRICAL_SURFACE ( 'NONE', #7378, 2.250000000000001776 ) ;
#4934 = CARTESIAN_POINT ( 'NONE',  ( -3.764003191354607036, 70.88614373879812547, 0.1662646025331239730 ) ) ;
#4935 = AXIS2_PLACEMENT_3D ( 'NONE', #5250, #8441, #1292 ) ;
#4936 = AXIS2_PLACEMENT_3D ( 'NONE', #3790, #8722, #743 ) ;
#4937 = EDGE_CURVE ( 'NONE', #6909, #1790, #6592, .T. ) ;
#4938 = FACE_OUTER_BOUND ( 'NONE', #2579, .T. ) ;
#4939 = DIRECTION ( 'NONE',  ( -6.938893903907229610E-17, 1.000000000000000000, 0.000000000000000000 ) ) ;
#4940 = PRODUCT_RELATED_PRODUCT_CATEGORY ( 'part', '', ( #5571 ) ) ;
#4941 = ORIENTED_EDGE ( 'NONE', *, *, #5328, .T. ) ;
#4942 = DIRECTION ( 'NONE',  ( 0.000000000000000000, 0.000000000000000000, 1.000000000000000000 ) ) ;
#4943 = ORIENTED_EDGE ( 'NONE', *, *, #7066, .F. ) ;
#4944 = PLANE ( 'NONE',  #7853 ) ;
#4945 = ORIENTED_EDGE ( 'NONE', *, *, #6546, .F. ) ;
#4946 = CARTESIAN_POINT ( 'NONE',  ( -3.391807012330692039, -48.66918367361090247, 5.000000000000000000 ) ) ;
#4947 = VERTEX_POINT ( 'NONE', #8157 ) ;
#4948 = CIRCLE ( 'NONE', #4130, 2.250000000000001776 ) ;
#4949 = DIRECTION ( 'NONE',  ( 1.000000000000000000, 0.000000000000000000, 1.156482317317871971E-16 ) ) ;
#4950 = CARTESIAN_POINT ( 'NONE',  ( -10.00000000000000000, -45.00000000000000000, -11.00000000000000000 ) ) ;
#4951 = CARTESIAN_POINT ( 'NONE',  ( 0.000000000000000000, 47.50000000000000000, -120.2803298308827920 ) ) ;
#4952 = DIRECTION ( 'NONE',  ( 0.000000000000000000, -1.000000000000000000, 0.000000000000000000 ) ) ;
#4953 = ADVANCED_FACE ( 'NONE', ( #9725 ), #3325, .F. ) ;
#4954 = DIRECTION ( 'NONE',  ( 0.000000000000000000, 1.000000000000000000, 0.000000000000000000 ) ) ;
#4955 = EDGE_CURVE ( 'NONE', #8609, #9219, #4918, .T. ) ;
#4956 = DIRECTION ( 'NONE',  ( 0.000000000000000000, 0.000000000000000000, 1.000000000000000000 ) ) ;
#4957 = ORIENTED_EDGE ( 'NONE', *, *, #5663, .F. ) ;
#4958 = ORIENTED_EDGE ( 'NONE', *, *, #9535, .F. ) ;
#4959 = PRESENTATION_STYLE_ASSIGNMENT (( #8148 ) ) ;
#4960 = ORIENTED_EDGE ( 'NONE', *, *, #6887, .F. ) ;
#4961 = VERTEX_POINT ( 'NONE', #118 ) ;
#4962 = MANIFOLD_SOLID_BREP ( 'Imported1', #8522 ) ;
#4963 = DIRECTION ( 'NONE',  ( 0.000000000000000000, 1.000000000000000000, 0.000000000000000000 ) ) ;
#4964 = AXIS2_PLACEMENT_3D ( 'NONE', #2035, #2250, #5205 ) ;
#4965 = LINE ( 'NONE', #7374, #5740 ) ;
#4966 = EDGE_CURVE ( 'NONE', #8164, #2197, #8247, .T. ) ;
#4967 = CARTESIAN_POINT ( 'NONE',  ( 67.07925725763350044, 10.00000000000000000, -84.99047725517949914 ) ) ;
#4968 = VERTEX_POINT ( 'NONE', #7953 ) ;
#4969 = EDGE_LOOP ( 'NONE', ( #5842, #6906, #8070, #9200 ) ) ;
#4970 = CIRCLE ( 'NONE', #4649, 1.500000000000000000 ) ;
#4971 = DIRECTION ( 'NONE',  ( -1.000000000000000000, 0.000000000000000000, 1.734723475976804629E-17 ) ) ;
#4972 = FACE_BOUND ( 'NONE', #3855, .T. ) ;
#4973 = CONTEXT_DEPENDENT_SHAPE_REPRESENTATION ( #6638, #5108 ) ;
#4974 = CARTESIAN_POINT ( 'NONE',  ( 5.000000000000000000, 74.89999999999999147, 1.000000000000000000 ) ) ;
#4975 = CARTESIAN_POINT ( 'NONE',  ( -5.000000000000000000, 70.90000000000000568, 25.50000000000000000 ) ) ;#4976 = VERTEX_POINT ( 'NONE', #219 ) ;
#4977 = ORIENTED_EDGE ( 'NONE', *, *, #5815, .T. ) ;
#4978 = VERTEX_POINT ( 'NONE', #6487 ) ;
#4979 = ADVANCED_FACE ( 'NONE', ( #5808 ), #1736, .F. ) ;
#4980 = FACE_OUTER_BOUND ( 'NONE', #1760, .T. ) ;
#4981 = DIRECTION ( 'NONE',  ( 1.734723475976804876E-16, -1.000000000000000000, 0.000000000000000000 ) ) ;
#4982 = CARTESIAN_POINT ( 'NONE',  ( -3.647693777163325102, 70.85803989154979377, 0.000000000000000000 ) ) ;
#4983 = CARTESIAN_POINT ( 'NONE',  ( 30.31344247896045019, 34.67986544671985172, -42.59593772390965682 ) ) ;
#4984 = FACE_BOUND ( 'NONE', #4214, .T. ) ;
#4985 = ORIENTED_EDGE ( 'NONE', *, *, #10111, .T. ) ;
#4986 = DIRECTION ( 'NONE',  ( 0.000000000000000000, 0.000000000000000000, -1.000000000000000000 ) ) ;
#4987 = DIRECTION ( 'NONE',  ( -1.700709290173339793E-17, 0.000000000000000000, -1.000000000000000000 ) ) ;
#4988 = AXIS2_PLACEMENT_3D ( 'NONE', #9942, #9157, #5173 ) ;
#4989 = ORIENTED_EDGE ( 'NONE', *, *, #7463, .F. ) ;
#4990 = DIRECTION ( 'NONE',  ( 1.000000000000000000, 7.703719777548939991E-34, 1.264933817329265970E-17 ) ) ;
#4991 = ORIENTED_EDGE ( 'NONE', *, *, #2881, .T. ) ;
#4992 = EDGE_CURVE ( 'NONE', #6593, #4904, #9766, .T. ) ;
#4993 = CARTESIAN_POINT ( 'NONE',  ( -12.92893218813452094, -47.92893218813450318, 6.532236279241740882E-16 ) ) ;
#4994 = DIRECTION ( 'NONE',  ( 1.734723475976804876E-16, -1.000000000000000000, 0.000000000000000000 ) ) ;
#4995 = DIRECTION ( 'NONE',  ( 0.000000000000000000, 0.000000000000000000, 1.000000000000000000 ) ) ;
#4996 = CIRCLE ( 'NONE', #4675, 2.250000000000001776 ) ;
#4997 = DIRECTION ( 'NONE',  ( 1.000000000000000000, 0.000000000000000000, -3.231206387738609677E-17 ) ) ;
#4998 = ORIENTED_EDGE ( 'NONE', *, *, #4189, .T. ) ;
#4999 = DIRECTION ( 'NONE',  ( 0.000000000000000000, 0.000000000000000000, -1.000000000000000000 ) ) ;
#5000 = ORIENTED_EDGE ( 'NONE', *, *, #7240, .T. ) ;
#5001 = VERTEX_POINT ( 'NONE', #5064 ) ;
#5002 = CYLINDRICAL_SURFACE ( 'NONE', #5422, 3.000000000000000000 ) ;
#5003 = ORIENTED_EDGE ( 'NONE', *, *, #5051, .T. ) ;
#5004 = VECTOR ( 'NONE', #724, 1000.000000000000000 ) ;
#5005 = EDGE_CURVE ( 'NONE', #3408, #3280, #9925, .T. ) ;
#5006 = EDGE_CURVE ( 'NONE', #2244, #6042, #3625, .T. ) ;
#5007 = DIRECTION ( 'NONE',  ( -0.000000000000000000, 1.000000000000000000, -0.000000000000000000 ) ) ;
#5008 = CARTESIAN_POINT ( 'NONE',  ( 5.000000000000000000, 18.00000000000000000, -105.0000000000000142 ) ) ;
#5009 = CARTESIAN_POINT ( 'NONE',  ( -25.00000000000000000, 5.500000000000000000, 5.204748896376249713E-16 ) ) ;
#5010 = AXIS2_PLACEMENT_3D ( 'NONE', #544, #3848, #2959 ) ;
#5011 = CARTESIAN_POINT ( 'NONE',  ( -2.500000000000000000, 70.90000000000000568, -2.500000000000000000 ) ) ;
#5012 = ORIENTED_EDGE ( 'NONE', *, *, #8515, .F. ) ;
#5013 = LINE ( 'NONE', #4251, #585 ) ;
#5014 = VERTEX_POINT ( 'NONE', #5115 ) ;
#5015 = CIRCLE ( 'NONE', #7684, 4.000000000000000000 ) ;
#5016 = EDGE_CURVE ( 'NONE', #6004, #7744, #5759, .T. ) ;
#5017 = CARTESIAN_POINT ( 'NONE',  ( 2.693045179146765111, 18.00000000000000000, -10.02960075331755974 ) ) ;
#5018 = CARTESIAN_POINT ( 'NONE',  ( -15.00000000000000000, -12.50000000000000000, 20.00000000000000000 ) ) ;
#5019 = DIRECTION ( 'NONE',  ( 0.000000000000000000, 1.000000000000000000, 0.000000000000000000 ) ) ;
#5020 = EDGE_CURVE ( 'NONE', #6240, #1409, #1419, .T. ) ;
#5021 = VECTOR ( 'NONE', #9943, 1000.000000000000000 ) ;
#5022 = LINE ( 'NONE', #2049, #7254 ) ;
#5023 = VECTOR ( 'NONE', #5535, 1000.000000000000000 ) ;
#5024 = VECTOR ( 'NONE', #7734, 1000.000000000000000 ) ;
#5025 = EDGE_LOOP ( 'NONE', ( #2857, #4685, #6316, #10297, #10232 ) ) ;
#5026 = APPLICATION_CONTEXT ( 'automotive_design' ) ;
#5027 = EDGE_LOOP ( 'NONE', ( #9390, #8951, #1458, #2774 ) ) ;
#5028 = ORIENTED_EDGE ( 'NONE', *, *, #2387, .T. ) ;
#5029 = EDGE_CURVE ( 'NONE', #6092, #5076, #8398, .T. ) ;
#5030 = AXIS2_PLACEMENT_3D ( 'NONE', #5650, #1628, #12 ) ;
#5031 = CARTESIAN_POINT ( 'NONE',  ( -10.00000000000000000, -10.00000000000000000, 0.000000000000000000 ) ) ;
#5032 = FACE_BOUND ( 'NONE', #2507, .T. ) ;
#5033 = SHAPE_REPRESENTATION_RELATIONSHIP ( 'NONE' , 'NONE' ,  #1616, #1828 ) ;
#5034 = VECTOR ( 'NONE', #546, 1000.000000000000000 ) ;
#5035 = EDGE_CURVE ( 'NONE', #1345, #9913, #5210, .T. ) ;
#5036 = FILL_AREA_STYLE ('',( #5825 ) ) ;
#5037 = FACE_OUTER_BOUND ( 'NONE', #2777, .T. ) ;
#5038 = LINE ( 'NONE', #5724, #8074 ) ;
#5039 = CIRCLE ( 'NONE', #6886, 10.00000000000000000 ) ;
#5040 = EDGE_CURVE ( 'NONE', #1597, #5092, #8205, .T. ) ;
#5041 = EDGE_LOOP ( 'NONE', ( #6227, #1715 ) ) ;
#5042 = CARTESIAN_POINT ( 'NONE',  ( 85.36863799491800364, 95.00000000000000000, -96.77829855763729938 ) ) ;
#5043 = EDGE_LOOP ( 'NONE', ( #6146, #2800, #9672, #3474 ) ) ;
#5044 = DIRECTION ( 'NONE',  ( 1.000000000000000000, 0.000000000000000000, 0.000000000000000000 ) ) ;
#5045 = EDGE_LOOP ( 'NONE', ( #2535, #1748, #3819, #9327, #5472, #4029, #6742, #7224, #1468, #3146, #2443, #8805 ) ) ;
#5046 = CARTESIAN_POINT ( 'NONE',  ( 22.31344247896045019, 34.67986544671985172, -120.2803298308827920 ) ) ;
#5047 = FACE_OUTER_BOUND ( 'NONE', #6792, .T. ) ;
#5048 = LINE ( 'NONE', #9020, #8538 ) ;
#5049 =( GEOMETRIC_REPRESENTATION_CONTEXT ( 3 ) GLOBAL_UNCERTAINTY_ASSIGNED_CONTEXT ( ( #6479 ) ) GLOBAL_UNIT_ASSIGNED_CONTEXT ( ( #974, #9006, #5719 ) ) REPRESENTATION_CONTEXT ( 'NONE', 'WORKASPACE' ) );
#5050 = FACE_OUTER_BOUND ( 'NONE', #2521, .T. ) ;
#5051 = EDGE_CURVE ( 'NONE', #9803, #9711, #5909, .T. ) ;
#5052 = EDGE_LOOP ( 'NONE', ( #7606, #10153, #2386, #2122 ) ) ;
#5053 = LINE ( 'NONE', #3461, #6607 ) ;
#5054 = EDGE_LOOP ( 'NONE', ( #3344, #1290, #2693, #1226 ) ) ;
#5055 = EDGE_LOOP ( 'NONE', ( #5699, #5396, #9669, #1661 ) ) ;
#5056 = PLANE ( 'NONE',  #7268 ) ;
#5057 = EDGE_LOOP ( 'NONE', ( #7822, #3976 ) ) ;
#5058 = DIRECTION ( 'NONE',  ( 0.000000000000000000, 0.000000000000000000, 1.000000000000000000 ) ) ;
#5059 = DIRECTION ( 'NONE',  ( 0.000000000000000000, -1.000000000000000000, 0.000000000000000000 ) ) ;
#5060 = LINE ( 'NONE', #8244, #1401 ) ;
#5061 = ADVANCED_FACE ( 'NONE', ( #1938 ), #1251, .T. ) ;
#5062 = DIRECTION ( 'NONE',  ( 1.700709290173339793E-17, -0.000000000000000000, 1.000000000000000000 ) ) ;
#5063 = ORIENTED_EDGE ( 'NONE', *, *, #5451, .F. ) ;
#5064 = CARTESIAN_POINT ( 'NONE',  ( 10.00000000000000000, -15.00000000000000000, -16.00000000000000000 ) ) ;
#5065 = ORIENTED_EDGE ( 'NONE', *, *, #1681, .T. ) ;
#5066 = PRODUCT_RELATED_PRODUCT_CATEGORY ( 'part', '', ( #9578 ) ) ;
#5067 = AXIS2_PLACEMENT_3D ( 'NONE', #3772, #3666, #8172 ) ;
#5068 = CARTESIAN_POINT ( 'NONE',  ( -94.00000000000000000, 85.00000000000000000, -104.7964619962939992 ) ) ;
#5069 = DIRECTION ( 'NONE',  ( 0.000000000000000000, 0.000000000000000000, 1.000000000000000000 ) ) ;
#5070 = FACE_OUTER_BOUND ( 'NONE', #85, .T. ) ;
#5071 = AXIS2_PLACEMENT_3D ( 'NONE', #335, #9116, #1959 ) ;
#5072 = ADVANCED_FACE ( 'NONE', ( #2791 ), #1887, .F. ) ;
#5073 = FACE_OUTER_BOUND ( 'NONE', #9345, .T. ) ;
#5074 = ORIENTED_EDGE ( 'NONE', *, *, #9928, .T. ) ;
#5075 = ADVANCED_FACE ( 'NONE', ( #2040 ), #1147, .F. ) ;
#5076 = VERTEX_POINT ( 'NONE', #3669 ) ;
#5077 = VECTOR ( 'NONE', #7573, 1000.000000000000000 ) ;
#5078 = AXIS2_PLACEMENT_3D ( 'NONE', #7177, #15, #6390 ) ;
#5079 = FACE_OUTER_BOUND ( 'NONE', #9186, .T. ) ;
#5080 = CARTESIAN_POINT ( 'NONE',  ( -48.89087296526020054, -83.89087296526010107, 23.00000000000000000 ) ) ;
#5081 = CARTESIAN_POINT ( 'NONE',  ( -37.30554349572565087, 53.00000000000000000, -75.97613966697420551 ) ) ;
#5082 = DIRECTION ( 'NONE',  ( -0.7071067811865465735, 0.7071067811865485719, -0.000000000000000000 ) ) ;
#5083 = DIRECTION ( 'NONE',  ( -8.673617379884039170E-17, 1.000000000000000000, 0.000000000000000000 ) ) ;
#5084 = DIRECTION ( 'NONE',  ( -1.000000000000000000, 0.000000000000000000, 0.000000000000000000 ) ) ;
#5085 = APPLICATION_CONTEXT ( 'automotive_design' ) ;
#5086 = AXIS2_PLACEMENT_3D ( 'NONE', #2147, #9295, #5473 ) ;
#5087 = AXIS2_PLACEMENT_3D ( 'NONE', #6535, #9567, #1571 ) ;
#5088 = ORIENTED_EDGE ( 'NONE', *, *, #6855, .F. ) ;
#5089 = EDGE_CURVE ( 'NONE', #4463, #1284, #7524, .T. ) ;
#5090 = VERTEX_POINT ( 'NONE', #9873 ) ;
#5091 = CARTESIAN_POINT ( 'NONE',  ( -23.34636207545349862, -86.63063332291528695, -33.00000000000000000 ) ) ;
#5092 = VERTEX_POINT ( 'NONE', #2738 ) ;
#5093 = AXIS2_PLACEMENT_3D ( 'NONE', #9648, #6514, #8857 ) ;
#5094 = CARTESIAN_POINT ( 'NONE',  ( -90.00000000000000000, 95.00000000000000000, -97.86825876601859875 ) ) ;
#5095 = CARTESIAN_POINT ( 'NONE',  ( 3.367778697655221012E-16, 57.00000000000000000, 2.750000000000000000 ) ) ;
#5096 = AXIS2_PLACEMENT_3D ( 'NONE', #7415, #7467, #4999 ) ;
#5097 = CARTESIAN_POINT ( 'NONE',  ( 15.00000000000000000, -9.500000000000000000, 0.000000000000000000 ) ) ;
#5098 = CARTESIAN_POINT ( 'NONE',  ( 0.000000000000000000, 0.000000000000000000, -2.250000000000000000 ) ) ;
#5099 = ORIENTED_EDGE ( 'NONE', *, *, #6269, .T. ) ;
#5100 = DIRECTION ( 'NONE',  ( -1.264933817329265970E-17, 0.000000000000000000, 1.000000000000000000 ) ) ;
#5101 = ORIENTED_EDGE ( 'NONE', *, *, #250, .F. ) ;
#5102 = CIRCLE ( 'NONE', #4581, 2.250000000000001776 ) ;
#5103 = CIRCLE ( 'NONE', #3291, 10.00000000000000178 ) ;
#5104 = CIRCLE ( 'NONE', #8433, 4.000000000000000000 ) ;
#5105 = VERTEX_POINT ( 'NONE', #3576 ) ;
#5106 = DIRECTION ( 'NONE',  ( 0.000000000000000000, 0.000000000000000000, 1.000000000000000000 ) ) ;
#5107 = EDGE_LOOP ( 'NONE', ( #6794, #2469, #4977, #4031 ) ) ;
#5108 = PRODUCT_DEFINITION_SHAPE ( 'NONE', 'NONE',  #10313 ) ;
#5109 = EDGE_CURVE ( 'NONE', #3100, #7811, #6743, .T. ) ;
#5110 = CARTESIAN_POINT ( 'NONE',  ( 0.000000000000000000, 50.00000000000000000, 0.000000000000000000 ) ) ;
#5111 = SURFACE_SIDE_STYLE ('',( #1787 ) ) ;
#5112 = DIRECTION ( 'NONE',  ( 1.000000000000000000, 0.000000000000000000, 0.000000000000000000 ) ) ;
#5113 = DIRECTION ( 'NONE',  ( -1.000000000000000000, 0.000000000000000000, 0.000000000000000000 ) ) ;
#5114 = ORIENTED_EDGE ( 'NONE', *, *, #1415, .F. ) ;
#5115 = CARTESIAN_POINT ( 'NONE',  ( 0.000000000000000000, 200.0000000000000000, 8.750000000000000000 ) ) ;
#5116 = EDGE_LOOP ( 'NONE', ( #4700, #9966, #5302, #1025, #4183 ) ) ;
#5117 = EDGE_CURVE ( 'NONE', #565, #7662, #7586, .T. ) ;
#5118 = CARTESIAN_POINT ( 'NONE',  ( 3.000000000000000000, 18.00000000000000000, -85.14486490616360470 ) ) ;
#5119 = LINE ( 'NONE', #8303, #3059 ) ;
#5120 = CARTESIAN_POINT ( 'NONE',  ( 15.00000000000000000, 12.50000000000000000, 20.00000000000000000 ) ) ;
#5121 = FACE_OUTER_BOUND ( 'NONE', #4726, .T. ) ;
#5122 = ORIENTED_EDGE ( 'NONE', *, *, #3835, .F. ) ;
#5123 = EDGE_LOOP ( 'NONE', ( #8657, #7210, #2315, #5497 ) ) ;
#5124 = ORIENTED_EDGE ( 'NONE', *, *, #6489, .T. ) ;
#5125 = EDGE_CURVE ( 'NONE', #10247, #8633, #5013, .T. ) ;
#5126 = DIRECTION ( 'NONE',  ( 0.000000000000000000, 0.000000000000000000, 1.000000000000000000 ) ) ;
#5127 = FACE_OUTER_BOUND ( 'NONE', #47, .T. ) ;
#5128 = CARTESIAN_POINT ( 'NONE',  ( 64.46620431643999893, -6.000000000000000000, -81.59679272225609736 ) ) ;
#5129 = EDGE_CURVE ( 'NONE', #7619, #5551, #7431, .T. ) ;
#5130 = VECTOR ( 'NONE', #5888, 1000.000000000000000 ) ;
#5131 = CARTESIAN_POINT ( 'NONE',  ( 15.50000000000000000, 67.40000000000000568, 2.418211663346639937E-16 ) ) ;
#5132 = DIRECTION ( 'NONE',  ( 0.000000000000000000, -1.000000000000000000, 0.000000000000000000 ) ) ;
#5133 = FACE_OUTER_BOUND ( 'NONE', #2649, .T. ) ;
#5134 = DIRECTION ( 'NONE',  ( 0.000000000000000000, 1.000000000000000000, 0.000000000000000000 ) ) ;
#5135 = VERTEX_POINT ( 'NONE', #2685 ) ;
#5136 = ORIENTED_EDGE ( 'NONE', *, *, #4590, .T. ) ;
#5137 = DIRECTION ( 'NONE',  ( -1.000000000000000000, -1.734723475976804876E-16, 0.000000000000000000 ) ) ;
#5138 = ORIENTED_EDGE ( 'NONE', *, *, #6478, .T. ) ;
#5139 = DIRECTION ( 'NONE',  ( 0.000000000000000000, -1.000000000000000000, 0.000000000000000000 ) ) ;
#5140 = LINE ( 'NONE', #1286, #1350 ) ;
#5141 = CARTESIAN_POINT ( 'NONE',  ( -48.89087296526020054, -98.03300858899099524, 15.00000000000000000 ) ) ;
#5142 = ADVANCED_FACE ( 'NONE', ( #2940 ), #6953, .T. ) ;
#5143 = LINE ( 'NONE', #5989, #1207 ) ;
#5144 = LINE ( 'NONE', #7309, #2190 ) ;
#5145 = AXIS2_PLACEMENT_3D ( 'NONE', #4932, #972, #1802 ) ;
#5146 = ORIENTED_EDGE ( 'NONE', *, *, #3282, .T. ) ;
#5147 = DIRECTION ( 'NONE',  ( 0.000000000000000000, 1.000000000000000000, 0.000000000000000000 ) ) ;
#5148 = ORIENTED_EDGE ( 'NONE', *, *, #2555, .F. ) ;
#5149 = EDGE_LOOP ( 'NONE', ( #5856, #4943, #1779, #8011 ) ) ;
#5150 = DIRECTION ( 'NONE',  ( 1.000000000000000000, 0.000000000000000000, 0.000000000000000000 ) ) ;
#5151 = EDGE_LOOP ( 'NONE', ( #5463, #2170, #785, #480 ) ) ;
#5152 = CARTESIAN_POINT ( 'NONE',  ( -12.10564404198160027, -75.38991528944349341, 1.000000000000000000 ) ) ;
#5153 =( LENGTH_UNIT ( ) NAMED_UNIT ( * ) SI_UNIT ( .MILLI., .METRE. ) );
#5154 = ADVANCED_FACE ( 'NONE', ( #5312 ), #8451, .F. ) ;
#5155 = DIRECTION ( 'NONE',  ( -0.8337546385222528444, 0.000000000000000000, 0.5521351308716259121 ) ) ;
#5156 = LINE ( 'NONE', #2830, #1429 ) ;
#5157 = ORIENTED_EDGE ( 'NONE', *, *, #9003, .F. ) ;
#5158 = VECTOR ( 'NONE', #9980, 1000.000000000000000 ) ;
#5159 = DIRECTION ( 'NONE',  ( 0.000000000000000000, -1.000000000000000000, 0.000000000000000000 ) ) ;
#5160 = ORIENTED_EDGE ( 'NONE', *, *, #4380, .T. ) ;
#5161 = EDGE_CURVE ( 'NONE', #6240, #9359, #9454, .T. ) ;
#5162 = LINE ( 'NONE', #2301, #8364 ) ;
#5163 = CARTESIAN_POINT ( 'NONE',  ( -23.34636207545349862, -86.63063332291528695, 23.00000000000000000 ) ) ;
#5164 = AXIS2_PLACEMENT_3D ( 'NONE', #9113, #5175, #8418 ) ;
#5165 = DIRECTION ( 'NONE',  ( 0.000000000000000000, 0.000000000000000000, 1.000000000000000000 ) ) ;
#5166 = CONTEXT_DEPENDENT_SHAPE_REPRESENTATION ( #1832, #6289 ) ;
#5167 = DIRECTION ( 'NONE',  ( -1.000000000000000000, 0.000000000000000000, 0.000000000000000000 ) ) ;
#5168 = DIRECTION ( 'NONE',  ( 0.000000000000000000, 0.000000000000000000, -1.000000000000000000 ) ) ;
#5169 = VERTEX_POINT ( 'NONE', #8610 ) ;
#5170 = EDGE_CURVE ( 'NONE', #1294, #9922, #923, .T. ) ;
#5171 = ORIENTED_EDGE ( 'NONE', *, *, #5849, .T. ) ;
#5172 = ORIENTED_EDGE ( 'NONE', *, *, #895, .F. ) ;
#5173 = DIRECTION ( 'NONE',  ( -1.000000000000000000, 0.000000000000000000, 0.000000000000000000 ) ) ;
#5174 = CARTESIAN_POINT ( 'NONE',  ( -59.14441049068479828, 85.00000000000000000, -90.27932983088280139 ) ) ;
#5175 = DIRECTION ( 'NONE',  ( 0.000000000000000000, 0.000000000000000000, 1.000000000000000000 ) ) ;
#5176 = CARTESIAN_POINT ( 'NONE',  ( -85.36863799491800364, 0.000000000000000000, -94.52829855763729938 ) ) ;
#5177 = AXIS2_PLACEMENT_3D ( 'NONE', #5245, #2237, #3023 ) ;
#5178 = DIRECTION ( 'NONE',  ( 0.000000000000000000, 0.000000000000000000, -1.000000000000000000 ) ) ;
#5179 = LINE ( 'NONE', #6078, #1573 ) ;
#5180 = EDGE_CURVE ( 'NONE', #7457, #2251, #4273, .T. ) ;
#5181 = ORIENTED_EDGE ( 'NONE', *, *, #9395, .T. ) ;
#5182 = VERTEX_POINT ( 'NONE', #678 ) ;
#5183 = VECTOR ( 'NONE', #3083, 1000.000000000000000 ) ;
#5184 = CARTESIAN_POINT ( 'NONE',  ( 15.00000000000000000, -12.50000000000000000, 20.00000000000000000 ) ) ;
#5186 = ORIENTED_EDGE ( 'NONE', *, *, #6109, .T. ) ;
#5185 = EDGE_CURVE ( 'NONE', #1354, #3130, #3880, .T. ) ;
#5187 = VECTOR ( 'NONE', #1366, 1000.000000000000000 ) ;
#5188 = CIRCLE ( 'NONE', #3718, 10.00000000000000000 ) ;
#5189 = DIRECTION ( 'NONE',  ( 0.000000000000000000, -1.000000000000000000, 0.000000000000000000 ) ) ;
#5190 = DIRECTION ( 'NONE',  ( 1.000000000000000000, 0.000000000000000000, 0.000000000000000000 ) ) ;
#5191 = CARTESIAN_POINT ( 'NONE',  ( -15.00000000000000000, 12.50000000000000000, 20.00000000000000000 ) ) ;
#5192 = AXIS2_PLACEMENT_3D ( 'NONE', #9416, #6176, #9364 ) ;
#5193 = CARTESIAN_POINT ( 'NONE',  ( -27.25000000000000000, -10.50000000000000000, 10.00000000000000000 ) ) ;
#5194 = AXIS2_PLACEMENT_3D ( 'NONE', #2716, #10058, #345 ) ;
#5195 = VERTEX_POINT ( 'NONE', #7887 ) ;
#5196 = DIRECTION ( 'NONE',  ( 0.000000000000000000, 0.000000000000000000, 1.000000000000000000 ) ) ;
#5197 = ORIENTED_EDGE ( 'NONE', *, *, #9136, .T. ) ;
#5198 = VERTEX_POINT ( 'NONE', #519 ) ;
#5199 = FACE_OUTER_BOUND ( 'NONE', #3982, .T. ) ;
#5201 = ORIENTED_EDGE ( 'NONE', *, *, #6174, .T. ) ;
#5200 = EDGE_CURVE ( 'NONE', #9857, #4033, #10091, .T. ) ;
#5202 = AXIS2_PLACEMENT_3D ( 'NONE', #6112, #7840, #6959 ) ;
#5203 = DIRECTION ( 'NONE',  ( 0.7071067811865465735, -0.7071067811865485719, 0.000000000000000000 ) ) ;
#5204 = SHAPE_REPRESENTATION ( 'Gripper_Mounting_Frame-1', ( #5194 ), #542 ) ;
#5205 = DIRECTION ( 'NONE',  ( 0.000000000000000000, 0.000000000000000000, 1.000000000000000000 ) ) ;
#5206 = DIRECTION ( 'NONE',  ( 1.000000000000000000, 0.000000000000000000, 0.000000000000000000 ) ) ;
#5207 = EDGE_CURVE ( 'NONE', #8462, #6837, #8412, .T. ) ;
#5208 = CARTESIAN_POINT ( 'NONE',  ( 63.25715662211379708, 85.00000000000000000, -42.99587695296754930 ) ) ;
#5209 = EDGE_LOOP ( 'NONE', ( #2969, #10224, #5782, #8532 ) ) ;
#5210 = LINE ( 'NONE', #6793, #4920 ) ;
#5211 = ORIENTED_EDGE ( 'NONE', *, *, #2215, .F. ) ;
#5212 = PRESENTATION_LAYER_ASSIGNMENT (  '', '', ( #2233 ) ) ;
#5213 = DIRECTION ( 'NONE',  ( 0.000000000000000000, 0.000000000000000000, -1.000000000000000000 ) ) ;
#5214 = DIRECTION ( 'NONE',  ( 0.000000000000000000, 0.000000000000000000, -1.000000000000000000 ) ) ;
#5215 = CARTESIAN_POINT ( 'NONE',  ( 0.000000000000000000, 0.000000000000000000, 0.000000000000000000 ) ) ;
#5216 = ITEM_DEFINED_TRANSFORMATION ( 'NONE', 'NONE', #1209,  #5194 ) ;
#5217 = DIRECTION ( 'NONE',  ( -0.5000000000000003331, 0.000000000000000000, 0.8660254037844384856 ) ) ;
#5218 = DIRECTION ( 'NONE',  ( -7.703719777548939991E-34, 1.000000000000000000, -1.310178779456959930E-50 ) ) ;
#5219 = ORIENTED_EDGE ( 'NONE', *, *, #1696, .F. ) ;
#5220 = VECTOR ( 'NONE', #8447, 1000.000000000000000 ) ;
#5221 = DIRECTION ( 'NONE',  ( 0.000000000000000000, 0.000000000000000000, -1.000000000000000000 ) ) ;
#5222 = ORIENTED_EDGE ( 'NONE', *, *, #2576, .F. ) ;
#5223 = ORIENTED_EDGE ( 'NONE', *, *, #1328, .T. ) ;
#5224 = CYLINDRICAL_SURFACE ( 'NONE', #2841, 5.000000000000000888 ) ;
#5225 = DIRECTION ( 'NONE',  ( 0.000000000000000000, 0.000000000000000000, 1.000000000000000000 ) ) ;
#5226 = CARTESIAN_POINT ( 'NONE',  ( -64.46620431643769678, 96.00000000000000000, -81.59679272225810109 ) ) ;
#5227 = CIRCLE ( 'NONE', #6583, 4.000000000000000000 ) ;
#5228 = EDGE_CURVE ( 'NONE', #6318, #8911, #2095, .T. ) ;
#5229 = CARTESIAN_POINT ( 'NONE',  ( 5.000000000000000000, -9.500000000000000000, 25.50000000000000000 ) ) ;
#5230 = CARTESIAN_POINT ( 'NONE',  ( 10.00000000000000000, 12.50000000000000000, 4.770489558936220298E-15 ) ) ;
#5231 = DIRECTION ( 'NONE',  ( 0.000000000000000000, -1.000000000000000000, 0.000000000000000000 ) ) ;
#5232 = DIRECTION ( 'NONE',  ( -1.000000000000000000, -1.734723475976804876E-16, 0.000000000000000000 ) ) ;
#5233 = ORIENTED_EDGE ( 'NONE', *, *, #4201, .F. ) ;
#5234 = ORIENTED_EDGE ( 'NONE', *, *, #1862, .T. ) ;
#5235 = VECTOR ( 'NONE', #9463, 1000.000000000000000 ) ;
#5236 = DIRECTION ( 'NONE',  ( 0.000000000000000000, 0.000000000000000000, -1.000000000000000000 ) ) ;
#5237 = ORIENTED_EDGE ( 'NONE', *, *, #8615, .T. ) ;
#5238 = DIRECTION ( 'NONE',  ( 0.000000000000000000, -1.000000000000000000, 0.000000000000000000 ) ) ;
#5239 = FACE_OUTER_BOUND ( 'NONE', #8236, .T. ) ;
#5240 = SHAPE_REPRESENTATION_RELATIONSHIP ( 'NONE' , 'NONE' ,  #5204, #8185 ) ;
#5241 = EDGE_CURVE ( 'NONE', #8514, #8371, #10179, .T. ) ;
#5242 =( LENGTH_UNIT ( ) NAMED_UNIT ( * ) SI_UNIT ( .MILLI., .METRE. ) );
#5243 = AXIS2_PLACEMENT_3D ( 'NONE', #8345, #9143, #9823 ) ;
#5244 = VECTOR ( 'NONE', #9293, 1000.000000000000000 ) ;
#5245 = CARTESIAN_POINT ( 'NONE',  ( 15.50000000000000000, 8.500000000000000000, 6.000000000000000000 ) ) ;
#5246 = EDGE_LOOP ( 'NONE', ( #9699, #2725, #575, #4240 ) ) ;
#5247 = CARTESIAN_POINT ( 'NONE',  ( -20.98969858723280169, 0.000000000000000000, -5.229422174922480515 ) ) ;
#5248 = ORIENTED_EDGE ( 'NONE', *, *, #5330, .T. ) ;
#5249 = ORIENTED_EDGE ( 'NONE', *, *, #9159, .T. ) ;
#5250 = CARTESIAN_POINT ( 'NONE',  ( -41.81980515339470372, -90.96194077712559078, -25.00000000000000000 ) ) ;
#5251 = VERTEX_POINT ( 'NONE', #1509 ) ;
#5252 = CIRCLE ( 'NONE', #9615, 10.00000000000000000 ) ;
#5253 = COLOUR_RGB ( '',0.7921568627450980005, 0.8196078431372548767, 0.9333333333333333481 ) ;
#5254 = ADVANCED_FACE ( 'NONE', ( #3155 ), #7006, .F. ) ;
#5255 = CARTESIAN_POINT ( 'NONE',  ( 4.332851387010889788, 18.00000000000000000, -95.04470861319069286 ) ) ;
#5256 = EDGE_CURVE ( 'NONE', #9515, #2181, #3725, .T. ) ;
#5257 = DIRECTION ( 'NONE',  ( 0.000000000000000000, 0.000000000000000000, 1.000000000000000000 ) ) ;
#5258 = VECTOR ( 'NONE', #9122, 1000.000000000000000 ) ;
#5259 = DIRECTION ( 'NONE',  ( -1.734723475976804876E-16, 1.000000000000000000, 0.000000000000000000 ) ) ;
#5260 = AXIS2_PLACEMENT_3D ( 'NONE', #4225, #9254, #3397 ) ;
#5261 = ORIENTED_EDGE ( 'NONE', *, *, #3638, .T. ) ;
#5262 = LINE ( 'NONE', #8655, #3784 ) ;
#5263 = ORIENTED_EDGE ( 'NONE', *, *, #9770, .F. ) ;
#5264 = DIRECTION ( 'NONE',  ( 1.000000000000000000, 0.000000000000000000, 0.000000000000000000 ) ) ;
#5265 = EDGE_LOOP ( 'NONE', ( #4960, #2949, #4824, #4642 ) ) ;
#5266 = DIRECTION ( 'NONE',  ( 0.000000000000000000, 0.000000000000000000, -1.000000000000000000 ) ) ;
#5267 = LINE ( 'NONE', #8455, #3185 ) ;
#5268 = FACE_OUTER_BOUND ( 'NONE', #4893, .T. ) ;
#5269 = EDGE_CURVE ( 'NONE', #6323, #2244, #2448, .T. ) ;
#5270 = PRODUCT_DEFINITION_SHAPE ( 'NONE', 'NONE',  #10330 ) ;
#5271 = DIRECTION ( 'NONE',  ( -1.734723475976804876E-16, 1.000000000000000000, 0.000000000000000000 ) ) ;
#5272 = CARTESIAN_POINT ( 'NONE',  ( 0.1780349087250469864, 18.00000000000000000, -101.3223663102657923 ) ) ;
#5273 = CARTESIAN_POINT ( 'NONE',  ( 5.000000000000000000, 70.90000000000000568, 25.50000000000000000 ) ) ;
#5274 = VERTEX_POINT ( 'NONE', #6216 ) ;
#5275 = DIRECTION ( 'NONE',  ( -1.000000000000000000, 0.000000000000000000, 0.000000000000000000 ) ) ;
#5276 = EDGE_LOOP ( 'NONE', ( #8707, #3383, #4822, #5313 ) ) ;
#5277 = VERTEX_POINT ( 'NONE', #3934 ) ;
#5278 = DIRECTION ( 'NONE',  ( 1.000000000000000000, -5.597413005428679814E-49, 1.700709290173339793E-17 ) ) ;
#5279 = LINE ( 'NONE', #6760, #1695 ) ;
#5280 = DIRECTION ( 'NONE',  ( -0.9999999997608040037, -2.398444934063164612E-22, -2.187217985081374959E-05 ) ) ;
#5281 = CARTESIAN_POINT ( 'NONE',  ( -36.11437855969460742, -71.11437855969450084, -4.763511508049220744 ) ) ;
#5282 = DIRECTION ( 'NONE',  ( 0.7071067811865470176, -0.7071067811865480168, 1.577021341797100025E-16 ) ) ;
#5283 = LINE ( 'NONE', #9314, #7214 ) ;
#5284 = CARTESIAN_POINT ( 'NONE',  ( 22.31344247896005228, 54.67986544671990146, -120.2803298308827920 ) ) ;
#5285 = ADVANCED_FACE ( 'NONE', ( #9401 ), #9344, .F. ) ;
#5286 = VERTEX_POINT ( 'NONE', #1358 ) ;
#5287 = ORIENTED_EDGE ( 'NONE', *, *, #859, .F. ) ;
#5288 = CARTESIAN_POINT ( 'NONE',  ( 5.000000000000000000, -9.000000000000000000, 17.00000000000000000 ) ) ;
#5289 = ADVANCED_FACE ( 'NONE', ( #7735 ), #579, .F. ) ;
#5290 = ORIENTED_EDGE ( 'NONE', *, *, #5326, .T. ) ;
#5291 = CIRCLE ( 'NONE', #143, 4.000000000000000000 ) ;
#5292 = CARTESIAN_POINT ( 'NONE',  ( -15.00000000000000000, 12.50000000000000000, 20.00000000000000000 ) ) ;
#5293 = CYLINDRICAL_SURFACE ( 'NONE', #9697, 2.249999999999998668 ) ;
#5294 = LINE ( 'NONE', #6722, #1379 ) ;
#5295 = CARTESIAN_POINT ( 'NONE',  ( 26.31344247896005228, 54.67986544671990146, -42.59593772390965682 ) ) ;
#5296 = ORIENTED_EDGE ( 'NONE', *, *, #3628, .T. ) ;
#5297 = CARTESIAN_POINT ( 'NONE',  ( 2.500000000000000000, 70.90000000000000568, 0.5000000000000000000 ) ) ;
#5298 = ORIENTED_EDGE ( 'NONE', *, *, #4422, .T. ) ;
#5299 = ORIENTED_EDGE ( 'NONE', *, *, #7638, .F. ) ;
#5300 = DIRECTION ( 'NONE',  ( 0.000000000000000000, 0.000000000000000000, 1.000000000000000000 ) ) ;
#5301 = ADVANCED_FACE ( 'NONE', ( #4609 ), #105, .F. ) ;
#5302 = ORIENTED_EDGE ( 'NONE', *, *, #1746, .T. ) ;
#5303 = MANIFOLD_SOLID_BREP ( 'Imported1', #2369 ) ;
#5304 = ADVANCED_BREP_SHAPE_REPRESENTATION ( '', ( #8957, #5194 ), #10211 ) ;
#5305 = PLANE ( 'NONE',  #9842 ) ;
#5306 = AXIS2_PLACEMENT_3D ( 'NONE', #8954, #1641, #6340 ) ;
#5307 = CARTESIAN_POINT ( 'NONE',  ( -41.81980515339470372, -90.96194077712559078, 23.00000000000000000 ) ) ;
#5308 = DIRECTION ( 'NONE',  ( 0.000000000000000000, 1.000000000000000000, 0.000000000000000000 ) ) ;
#5309 = ORIENTED_EDGE ( 'NONE', *, *, #6489, .F. ) ;
#5310 = CARTESIAN_POINT ( 'NONE',  ( 35.00000000000000000, 5.500000000000000000, 20.00000000000000000 ) ) ;
#5311 = EDGE_LOOP ( 'NONE', ( #6939, #3817 ) ) ;
#5312 = FACE_OUTER_BOUND ( 'NONE', #9788, .T. ) ;
#5313 = ORIENTED_EDGE ( 'NONE', *, *, #957, .T. ) ;
#5314 = ADVANCED_FACE ( 'NONE', ( #4032 ), #8872, .T. ) ;
#5315 = VECTOR ( 'NONE', #9098, 1000.000000000000000 ) ;
#5316 = EDGE_CURVE ( 'NONE', #7123, #9359, #8104, .T. ) ;
#5317 = DIRECTION ( 'NONE',  ( 0.000000000000000000, 1.000000000000000000, 0.000000000000000000 ) ) ;
#5318 = DIRECTION ( 'NONE',  ( -1.000000000000000000, 0.000000000000000000, 0.000000000000000000 ) ) ;
#5319 = DIRECTION ( 'NONE',  ( -1.000000000000000000, 0.000000000000000000, 3.469446951953613696E-16 ) ) ;
#5320 = DIRECTION ( 'NONE',  ( 1.000000000000000000, 0.000000000000000000, 0.000000000000000000 ) ) ;
#5321 = VECTOR ( 'NONE', #4709, 1000.000000000000000 ) ;
#5322 = DIRECTION ( 'NONE',  ( 0.000000000000000000, -1.000000000000000000, 0.000000000000000000 ) ) ;
#5323 = ORIENTED_EDGE ( 'NONE', *, *, #6425, .T. ) ;
#5324 = CARTESIAN_POINT ( 'NONE',  ( 25.00000000000000000, 9.000000000000000000, 0.000000000000000000 ) ) ;
#5325 = EDGE_LOOP ( 'NONE', ( #793, #4143, #7859, #820 ) ) ;
#5326 = EDGE_CURVE ( 'NONE', #10008, #1354, #933, .T. ) ;
#5327 = ORIENTED_EDGE ( 'NONE', *, *, #986, .F. ) ;
#5328 = EDGE_CURVE ( 'NONE', #5570, #241, #6421, .T. ) ;
#5329 = CIRCLE ( 'NONE', #6517, 2.250000000000001776 ) ;
#5330 = EDGE_CURVE ( 'NONE', #905, #2283, #5581, .T. ) ;
#5331 = LINE ( 'NONE', #7078, #7498 ) ;
#5332 = PLANE ( 'NONE',  #8530 ) ;
#5333 = DIRECTION ( 'NONE',  ( 0.000000000000000000, 0.000000000000000000, 1.000000000000000000 ) ) ;
#5334 = DIRECTION ( 'NONE',  ( 1.264933817329265970E-17, 8.260587980841940012E-17, -1.000000000000000000 ) ) ;
#5335 = DIRECTION ( 'NONE',  ( 0.000000000000000000, 0.000000000000000000, 1.000000000000000000 ) ) ;
#5336 = FACE_OUTER_BOUND ( 'NONE', #9240, .T. ) ;
#5337 = DIRECTION ( 'NONE',  ( 0.000000000000000000, 0.000000000000000000, 1.000000000000000000 ) ) ;
#5338 = VERTEX_POINT ( 'NONE', #948 ) ;
#5339 = EDGE_CURVE ( 'NONE', #326, #9681, #2470, .T. ) ;
#5340 = ORIENTED_EDGE ( 'NONE', *, *, #409, .F. ) ;
#5341 = CARTESIAN_POINT ( 'NONE',  ( 15.00000000000000000, 9.500000000000000000, 20.00000000000000000 ) ) ;
#5342 = EDGE_LOOP ( 'NONE', ( #2253, #4561, #4321, #7686, #2349 ) ) ;
#5343 = ADVANCED_FACE ( 'NONE', ( #9502, #4142 ), #8712, .T. ) ;
#5344 = DIRECTION ( 'NONE',  ( 0.7071067811865470176, -0.7071067811865480168, 0.000000000000000000 ) ) ;
#5345 = DIRECTION ( 'NONE',  ( 0.000000000000000000, 1.000000000000000000, 0.000000000000000000 ) ) ;
#5346 =( LENGTH_UNIT ( ) NAMED_UNIT ( * ) SI_UNIT ( .MILLI., .METRE. ) );
#5347 = VECTOR ( 'NONE', #7203, 1000.000000000000000 ) ;
#5348 = CARTESIAN_POINT ( 'NONE',  ( -10.00000000000000000, -45.00000000000000000, -11.00000000000000000 ) ) ;
#5349 = DIRECTION ( 'NONE',  ( 1.000000000000000000, 0.000000000000000000, 0.000000000000000000 ) ) ;
#5350 = VECTOR ( 'NONE', #2698, 1000.000000000000000 ) ;
#5351 = ORIENTED_EDGE ( 'NONE', *, *, #8547, .F. ) ;
#5352 = CARTESIAN_POINT ( 'NONE',  ( -41.81980515339470372, -90.96194077712559078, 23.00000000000000000 ) ) ;
#5353 = VERTEX_POINT ( 'NONE', #8765 ) ;
#5354 = CARTESIAN_POINT ( 'NONE',  ( 5.000000000000000000, -4.000000000000000000, 1.000000000000000000 ) ) ;
#5355 = AXIS2_PLACEMENT_3D ( 'NONE', #9664, #5640, #7217 ) ;
#5356 = ORIENTED_EDGE ( 'NONE', *, *, #1440, .T. ) ;
#5357 = CIRCLE ( 'NONE', #6202, 4.000000000000000000 ) ;
#5358 = CARTESIAN_POINT ( 'NONE',  ( 5.000000000000000000, 8.500000000000000000, 17.00000000000000000 ) ) ;
#5359 = ORIENTED_EDGE ( 'NONE', *, *, #7290, .F. ) ;
#5360 = VECTOR ( 'NONE', #1793, 1000.000000000000000 ) ;
#5361 = DIRECTION ( 'NONE',  ( -1.000000000000000000, -7.703719777548939991E-34, -1.264933817329265970E-17 ) ) ;
#5362 = VECTOR ( 'NONE', #8401, 1000.000000000000000 ) ;
#5363 = EDGE_CURVE ( 'NONE', #8753, #2227, #3362, .T. ) ;
#5364 = PLANE ( 'NONE',  #2361 ) ;
#5365 = DIRECTION ( 'NONE',  ( -1.734723475976804876E-16, 1.000000000000000000, 0.000000000000000000 ) ) ;
#5366 = VERTEX_POINT ( 'NONE', #7989 ) ;
#5367 = LINE ( 'NONE', #1506, #5244 ) ;
#5368 = ORIENTED_EDGE ( 'NONE', *, *, #2889, .F. ) ;
#5369 = ORIENTED_EDGE ( 'NONE', *, *, #4805, .T. ) ;
#5370 = VECTOR ( 'NONE', #3457, 1000.000000000000000 ) ;
#5371 = DIRECTION ( 'NONE',  ( -1.000000000000000000, 0.000000000000000000, 0.000000000000000000 ) ) ;
#5372 = ORIENTED_EDGE ( 'NONE', *, *, #8376, .F. ) ;
#5373 = VECTOR ( 'NONE', #667, 1000.000000000000000 ) ;
#5374 = LINE ( 'NONE', #4454, #3016 ) ;
#5375 =( LENGTH_UNIT ( ) NAMED_UNIT ( * ) SI_UNIT ( .MILLI., .METRE. ) );
#5376 = ADVANCED_FACE ( 'NONE', ( #900 ), #6474, .F. ) ;
#5377 = DIRECTION ( 'NONE',  ( -1.000000000000000000, 0.000000000000000000, 1.040834085586093871E-16 ) ) ;
#5378 = LINE ( 'NONE', #9462, #3468 ) ;
#5379 = CARTESIAN_POINT ( 'NONE',  ( 0.000000000000000000, -10.00000000000000000, 0.000000000000000000 ) ) ;
#5380 = ORIENTED_EDGE ( 'NONE', *, *, #10217, .T. ) ;
#5381 = LINE ( 'NONE', #3840, #1918 ) ;
#5382 = ORIENTED_EDGE ( 'NONE', *, *, #7623, .T. ) ;
#5383 = ORIENTED_EDGE ( 'NONE', *, *, #3282, .F. ) ;
#5384 = AXIS2_PLACEMENT_3D ( 'NONE', #9993, #3594, #5335 ) ;
#5385 = PRODUCT_DEFINITION_FORMATION_WITH_SPECIFIED_SOURCE ( 'ANY', '', #8613, .NOT_KNOWN. ) ;
#5386 = DIRECTION ( 'NONE',  ( 0.000000000000000000, 0.000000000000000000, -1.000000000000000000 ) ) ;
#5387 = DIRECTION ( 'NONE',  ( 0.000000000000000000, 1.000000000000000000, 0.000000000000000000 ) ) ;
#5388 = DIRECTION ( 'NONE',  ( 0.9771454807441555257, 2.081668171172169130E-17, -0.2125716572388549330 ) ) ;
#5389 = EDGE_CURVE ( 'NONE', #7556, #5949, #8814, .T. ) ;
#5390 = LINE ( 'NONE', #7080, #3533 ) ;
#5391 = CARTESIAN_POINT ( 'NONE',  ( -5.000000000000000000, 0.000000000000000000, 0.5000000000000000000 ) ) ;
#5392 = VECTOR ( 'NONE', #4603, 1000.000000000000000 ) ;
#5393 = ADVANCED_FACE ( 'NONE', ( #8043 ), #890, .F. ) ;
#5394 = CARTESIAN_POINT ( 'NONE',  ( -65.00000000000000000, 95.00000000000000000, -112.1326873879138049 ) ) ;
#5395 = DIRECTION ( 'NONE',  ( 0.000000000000000000, 0.000000000000000000, -1.000000000000000000 ) ) ;
#5396 = ORIENTED_EDGE ( 'NONE', *, *, #126, .T. ) ;
#5397 = ORIENTED_EDGE ( 'NONE', *, *, #9480, .F. ) ;
#5398 = DIRECTION ( 'NONE',  ( 0.000000000000000000, -1.000000000000000000, 0.000000000000000000 ) ) ;
#5399 = VERTEX_POINT ( 'NONE', #9133 ) ;
#5400 = VECTOR ( 'NONE', #6918, 1000.000000000000000 ) ;
#5401 = DIRECTION ( 'NONE',  ( 0.000000000000000000, 0.000000000000000000, -1.000000000000000000 ) ) ;
#5402 = DIRECTION ( 'NONE',  ( 1.934429153077334903E-32, -2.230244969721270219E-16, -1.000000000000000000 ) ) ;
#5403 = SHAPE_REPRESENTATION_RELATIONSHIP ( 'NONE' , 'NONE' ,  #6628, #8791 ) ;
#5404 = ADVANCED_FACE ( 'NONE', ( #5199 ), #5002, .F. ) ;
#5405 = CARTESIAN_POINT ( 'NONE',  ( 25.00000000000000000, -5.500000000000000000, 10.00000000000000000 ) ) ;
#5406 = VECTOR ( 'NONE', #3528, 1000.000000000000000 ) ;
#5407 = EDGE_LOOP ( 'NONE', ( #6588, #5772, #7380, #5730 ) ) ;
#5408 = CARTESIAN_POINT ( 'NONE',  ( 15.50000000000000000, 80.40000000000000568, 25.50000000000000000 ) ) ;
#5409 = VERTEX_POINT ( 'NONE', #9764 ) ;
#5410 = DIRECTION ( 'NONE',  ( 0.000000000000000000, -1.000000000000000000, 0.000000000000000000 ) ) ;
#5411 = EDGE_LOOP ( 'NONE', ( #4074, #5887, #7208, #4957 ) ) ;
#5412 = VERTEX_POINT ( 'NONE', #8389 ) ;
#5413 = PRESENTATION_LAYER_ASSIGNMENT (  '', '', ( #2440 ) ) ;
#5414 = CIRCLE ( 'NONE', #1929, 2.250000000000001776 ) ;
#5415 = DIRECTION ( 'NONE',  ( -0.8660254037844383745, 0.000000000000000000, 0.5000000000000003331 ) ) ;
#5416 = DIRECTION ( 'NONE',  ( 0.000000000000000000, -1.000000000000000000, 0.000000000000000000 ) ) ;
#5417 = ORIENTED_EDGE ( 'NONE', *, *, #7390, .F. ) ;
#5418 = DIRECTION ( 'NONE',  ( 0.000000000000000000, 0.000000000000000000, 1.000000000000000000 ) ) ;
#5419 = ORIENTED_EDGE ( 'NONE', *, *, #8568, .T. ) ;
#5420 = APPLICATION_CONTEXT ( 'automotive_design' ) ;
#5421 = ADVANCED_FACE ( 'NONE', ( #1978 ), #6677, .F. ) ;
#5422 = AXIS2_PLACEMENT_3D ( 'NONE', #5844, #1140, #7418 ) ;
#5423 = ORIENTED_EDGE ( 'NONE', *, *, #1610, .F. ) ;
#5424 = DIRECTION ( 'NONE',  ( 0.000000000000000000, 0.000000000000000000, 1.000000000000000000 ) ) ;
#5425 = ORIENTED_EDGE ( 'NONE', *, *, #2215, .T. ) ;
#5426 = ADVANCED_FACE ( 'NONE', ( #6783 ), #8982, .T. ) ;
#5427 = AXIS2_PLACEMENT_3D ( 'NONE', #9846, #4990, #8322 ) ;
#5428 = CARTESIAN_POINT ( 'NONE',  ( -54.18456999314560107, 85.00000000000000000, -29.29576847887740243 ) ) ;
#5429 = FACE_OUTER_BOUND ( 'NONE', #4357, .T. ) ;
#5430 = VECTOR ( 'NONE', #4834, 1000.000000000000000 ) ;
#5431 = CYLINDRICAL_SURFACE ( 'NONE', #5865, 7.000000000000006217 ) ;
#5432 = FACE_OUTER_BOUND ( 'NONE', #872, .T. ) ;
#5433 = DIRECTION ( 'NONE',  ( -1.000000000000000000, 0.000000000000000000, 1.734723475976804629E-17 ) ) ;
#5434 = VERTEX_POINT ( 'NONE', #1826 ) ;
#5435 = CARTESIAN_POINT ( 'NONE',  ( 15.50000000000000000, -4.000000000000000000, 6.000000000000000000 ) ) ;
#5436 = ORIENTED_EDGE ( 'NONE', *, *, #9969, .T. ) ;
#5437 = ORIENTED_EDGE ( 'NONE', *, *, #8454, .T. ) ;
#5438 = VECTOR ( 'NONE', #1439, 1000.000000000000000 ) ;
#5439 = EDGE_CURVE ( 'NONE', #5195, #1304, #1928, .T. ) ;
#5440 = CARTESIAN_POINT ( 'NONE',  ( -63.94170910735129354, 0.000000000000000000, -99.05349224005489361 ) ) ;
#5441 = CARTESIAN_POINT ( 'NONE',  ( -25.00000000000000000, -3.469446951953614978E-15, 10.00000000000000000 ) ) ;
#5442 = DIRECTION ( 'NONE',  ( 0.7190942946641525335, -6.849054992089353794E-17, 0.6949125091559835710 ) ) ;
#5443 = DIRECTION ( 'NONE',  ( 1.734723475976804876E-16, -1.000000000000000000, 0.000000000000000000 ) ) ;
#5444 = CARTESIAN_POINT ( 'NONE',  ( 8.673617379884039416E-16, 55.89999999999999858, 21.75000000000000000 ) ) ;
#5445 = ORIENTED_EDGE ( 'NONE', *, *, #2913, .F. ) ;
#5446 = PRODUCT_DEFINITION_SHAPE ( 'NONE', 'NONE',  #10326 ) ;
#5447 = ORIENTED_EDGE ( 'NONE', *, *, #7449, .F. ) ;
#5448 = DIRECTION ( 'NONE',  ( -1.700709290173339793E-17, 0.000000000000000000, -1.000000000000000000 ) ) ;
#5449 = EDGE_CURVE ( 'NONE', #3190, #7674, #7470, .T. ) ;
#5450 = ORIENTED_EDGE ( 'NONE', *, *, #3824, .F. ) ;
#5451 = EDGE_CURVE ( 'NONE', #6497, #378, #3510, .T. ) ;
#5452 = DIRECTION ( 'NONE',  ( 0.000000000000000000, 0.000000000000000000, 1.000000000000000000 ) ) ;
#5453 = CARTESIAN_POINT ( 'NONE',  ( 3.673940397442059868E-16, 0.000000000000000000, 3.000000000000000000 ) ) ;
#5454 = STYLED_ITEM ( 'NONE', ( #311 ), #8980 ) ;
#5455 =( NAMED_UNIT ( * ) PLANE_ANGLE_UNIT ( ) SI_UNIT ( $, .RADIAN. ) );
#5456 = DIRECTION ( 'NONE',  ( 0.000000000000000000, 0.000000000000000000, -1.000000000000000000 ) ) ;
#5457 = ORIENTED_EDGE ( 'NONE', *, *, #7028, .T. ) ;
#5458 = DIRECTION ( 'NONE',  ( 0.8337546385222528444, 0.000000000000000000, -0.5521351308716259121 ) ) ;
#5459 = ORIENTED_EDGE ( 'NONE', *, *, #7287, .F. ) ;
#5460 = FACE_BOUND ( 'NONE', #9974, .T. ) ;
#5461 = ORIENTED_EDGE ( 'NONE', *, *, #7762, .T. ) ;
#5462 = DIRECTION ( 'NONE',  ( 0.000000000000000000, -1.000000000000000000, -3.122048140665064724E-17 ) ) ;
#5463 = ORIENTED_EDGE ( 'NONE', *, *, #5129, .F. ) ;
#5464 = EDGE_CURVE ( 'NONE', #2227, #6350, #3283, .T. ) ;
#5465 = CARTESIAN_POINT ( 'NONE',  ( 25.00000000000000000, 9.000000000000000000, 0.000000000000000000 ) ) ;
#5466 = DIRECTION ( 'NONE',  ( -1.734723475976804876E-16, 1.000000000000000000, 0.000000000000000000 ) ) ;
#5467 = VECTOR ( 'NONE', #5189, 1000.000000000000000 ) ;
#5468 = DIRECTION ( 'NONE',  ( -7.703719777548939991E-34, 1.000000000000000000, -1.310178779456959930E-50 ) ) ;
#5469 = EDGE_LOOP ( 'NONE', ( #5741, #4553, #3061, #4005 ) ) ;
#5470 = DIRECTION ( 'NONE',  ( 0.000000000000000000, -1.000000000000000000, 0.000000000000000000 ) ) ;
#5471 = VERTEX_POINT ( 'NONE', #1187 ) ;
#5472 = ORIENTED_EDGE ( 'NONE', *, *, #1076, .F. ) ;
#5473 = DIRECTION ( 'NONE',  ( 0.000000000000000000, 0.000000000000000000, 1.000000000000000000 ) ) ;
#5474 = VERTEX_POINT ( 'NONE', #4388 ) ;
#5475 = VECTOR ( 'NONE', #9740, 1000.000000000000000 ) ;
#5476 = ADVANCED_FACE ( 'NONE', ( #7564 ), #1093, .F. ) ;
#5477 = CARTESIAN_POINT ( 'NONE',  ( 2.500000000000000000, 70.90000000000000568, 25.50000000000000000 ) ) ;
#5478 = DIRECTION ( 'NONE',  ( -1.000000000000000000, 0.000000000000000000, 0.000000000000000000 ) ) ;
#5479 = DIRECTION ( 'NONE',  ( 0.000000000000000000, 0.000000000000000000, 1.000000000000000000 ) ) ;
#5480 = DIRECTION ( 'NONE',  ( 1.000000000000000000, -4.657047620516659774E-50, 1.700709290173339793E-17 ) ) ;
#5481 = EDGE_CURVE ( 'NONE', #2615, #5014, #5770, .T. ) ;
#5482 = FACE_OUTER_BOUND ( 'NONE', #5635, .T. ) ;
#5483 = ORIENTED_EDGE ( 'NONE', *, *, #8426, .F. ) ;
#5484 = AXIS2_PLACEMENT_3D ( 'NONE', #1474, #692, #10145 ) ;
#5485 = DIRECTION ( 'NONE',  ( 0.000000000000000000, -1.000000000000000000, 0.000000000000000000 ) ) ;
#5486 = ORIENTED_EDGE ( 'NONE', *, *, #3907, .T. ) ;
#5487 = ADVANCED_FACE ( 'NONE', ( #8290 ), #9813, .T. ) ;
#5488 = CYLINDRICAL_SURFACE ( 'NONE', #7168, 10.00000000000000000 ) ;
#5489 = VECTOR ( 'NONE', #8504, 1000.000000000000000 ) ;
#5490 = DIRECTION ( 'NONE',  ( 0.000000000000000000, 1.000000000000000000, 0.000000000000000000 ) ) ;
#5491 = DIRECTION ( 'NONE',  ( 0.000000000000000000, 0.000000000000000000, 1.000000000000000000 ) ) ;
#5492 = CARTESIAN_POINT ( 'NONE',  ( -10.00000000000000000, -45.00000000000000000, -11.00000000000000000 ) ) ;
#5493 = EDGE_CURVE ( 'NONE', #2914, #8164, #3614, .T. ) ;
#5494 = PLANE ( 'NONE',  #8084 ) ;
#5495 = MANIFOLD_SOLID_BREP ( 'Imported1', #6359 ) ;
#5496 = ORIENTED_EDGE ( 'NONE', *, *, #8465, .F. ) ;
#5497 = ORIENTED_EDGE ( 'NONE', *, *, #8395, .F. ) ;
#5498 = LINE ( 'NONE', #2442, #4451 ) ;
#5499 = EDGE_LOOP ( 'NONE', ( #7391, #270, #8146, #4188 ) ) ;
#5500 = DIRECTION ( 'NONE',  ( 1.000000000000000000, 0.000000000000000000, 0.000000000000000000 ) ) ;
#5501 = DIRECTION ( 'NONE',  ( 0.000000000000000000, 0.000000000000000000, -1.000000000000000000 ) ) ;
#5502 = SURFACE_SIDE_STYLE ('',( #8020 ) ) ;
#5503 = VECTOR ( 'NONE', #8315, 1000.000000000000000 ) ;
#5504 = ADVANCED_FACE ( 'NONE', ( #8489 ), #5056, .T. ) ;
#5505 = DIRECTION ( 'NONE',  ( 0.000000000000000000, 0.000000000000000000, -1.000000000000000000 ) ) ;
#5506 = PRODUCT_DEFINITION ( 'UNKNOWN', '', #9897, #1567 ) ;
#5507 = VERTEX_POINT ( 'NONE', #3661 ) ;
#5508 = DIRECTION ( 'NONE',  ( 0.000000000000000000, 0.000000000000000000, 1.000000000000000000 ) ) ;
#5509 = EDGE_LOOP ( 'NONE', ( #2285, #6755, #1224, #4499, #6348, #7661 ) ) ;
#5510 = LINE ( 'NONE', #6938, #2199 ) ;
#5511 = ORIENTED_EDGE ( 'NONE', *, *, #1801, .T. ) ;
#5512 = CIRCLE ( 'NONE', #6206, 10.00000000000000000 ) ;
#5513 = FACE_OUTER_BOUND ( 'NONE', #2412, .T. ) ;
#5514 = ORIENTED_EDGE ( 'NONE', *, *, #3523, .T. ) ;
#5515 = VECTOR ( 'NONE', #2323, 1000.000000000000000 ) ;
#5516 = MANIFOLD_SOLID_BREP ( 'Imported1', #860 ) ;
#5517 = LINE ( 'NONE', #4746, #5373 ) ;
#5518 = FACE_OUTER_BOUND ( 'NONE', #7790, .T. ) ;
#5519 = CIRCLE ( 'NONE', #6858, 2.250000000000001776 ) ;
#5520 = EDGE_CURVE ( 'NONE', #6650, #10038, #5103, .T. ) ;
#5521 = FACE_BOUND ( 'NONE', #942, .T. ) ;
#5522 = AXIS2_PLACEMENT_3D ( 'NONE', #361, #5059, #1982 ) ;
#5523 = AXIS2_PLACEMENT_3D ( 'NONE', #6824, #9325, #10160 ) ;
#5524 = EDGE_CURVE ( 'NONE', #5251, #8485, #7721, .T. ) ;
#5525 = VERTEX_POINT ( 'NONE', #3867 ) ;
#5526 = CYLINDRICAL_SURFACE ( 'NONE', #9608, 2.250000000000001776 ) ;
#5527 = ORIENTED_EDGE ( 'NONE', *, *, #7762, .F. ) ;
#5528 = ORIENTED_EDGE ( 'NONE', *, *, #3067, .T. ) ;
#5529 = VERTEX_POINT ( 'NONE', #3712 ) ;
#5530 = CIRCLE ( 'NONE', #8196, 2.249999999999998668 ) ;
#5531 = CIRCLE ( 'NONE', #868, 5.000000000000000000 ) ;
#5532 = AXIS2_PLACEMENT_3D ( 'NONE', #4574, #2808, #6917 ) ;
#5533 = PRODUCT_DEFINITION_CONTEXT ( 'detailed design', #7699, 'design' ) ;
#5534 = CARTESIAN_POINT ( 'NONE',  ( -15.00000000000000000, 9.500000000000000000, 0.000000000000000000 ) ) ;
#5535 = DIRECTION ( 'NONE',  ( -1.000000000000000000, 0.000000000000000000, 0.000000000000000000 ) ) ;
#5536 = CARTESIAN_POINT ( 'NONE',  ( 65.00000000000000000, 0.000000000000000000, -112.1326873879138049 ) ) ;
#5537 = AXIS2_PLACEMENT_3D ( 'NONE', #222, #9981, #277 ) ;
#5538 = ADVANCED_FACE ( 'NONE', ( #10066 ), #7048, .F. ) ;
#5539 = CARTESIAN_POINT ( 'NONE',  ( -4.000000000000000000, 70.90000000000000568, 6.802837160693360405E-17 ) ) ;
#5540 = VERTEX_POINT ( 'NONE', #3093 ) ;
#5541 = VECTOR ( 'NONE', #8479, 1000.000000000000000 ) ;
#5542 = DIRECTION ( 'NONE',  ( 0.000000000000000000, 1.000000000000000000, 0.000000000000000000 ) ) ;
#5543 = ORIENTED_EDGE ( 'NONE', *, *, #9919, .T. ) ;
#5544 = VECTOR ( 'NONE', #5069, 1000.000000000000000 ) ;
#5545 = DIRECTION ( 'NONE',  ( 0.000000000000000000, -1.000000000000000000, 0.000000000000000000 ) ) ;
#5546 = DIRECTION ( 'NONE',  ( 0.000000000000000000, -1.000000000000000000, 0.000000000000000000 ) ) ;
#5547 = PRODUCT_CONTEXT ( 'NONE', #10233, 'mechanical' ) ;
#5548 = AXIS2_PLACEMENT_3D ( 'NONE', #7803, #3071, #645 ) ;
#5549 = PLANE ( 'NONE',  #3034 ) ;
#5550 = LINE ( 'NONE', #2325, #2249 ) ;
#5551 = VERTEX_POINT ( 'NONE', #3818 ) ;
#5552 = ORIENTED_EDGE ( 'NONE', *, *, #4554, .T. ) ;
#5553 = DIRECTION ( 'NONE',  ( -1.700709290173339793E-17, 0.000000000000000000, 1.000000000000000000 ) ) ;
#5554 = DIRECTION ( 'NONE',  ( 1.000000000000000000, 0.000000000000000000, 1.223316414399870005E-17 ) ) ;
#5555 = ORIENTED_EDGE ( 'NONE', *, *, #3224, .F. ) ;
#5556 = EDGE_CURVE ( 'NONE', #5474, #6701, #508, .T. ) ;
#5557 = DIRECTION ( 'NONE',  ( 1.000000000000000000, 0.000000000000000000, 8.895006672729879551E-17 ) ) ;
#5558 = DIRECTION ( 'NONE',  ( 0.000000000000000000, 0.000000000000000000, -1.000000000000000000 ) ) ;
#5559 = APPLICATION_CONTEXT ( 'automotive_design' ) ;
#5560 = SURFACE_STYLE_USAGE ( .BOTH. , #3022 ) ;
#5561 = CARTESIAN_POINT ( 'NONE',  ( 0.000000000000000000, 0.000000000000000000, -6.500000000000000000 ) ) ;
#5562 = DIRECTION ( 'NONE',  ( 0.000000000000000000, 0.000000000000000000, -1.000000000000000000 ) ) ;
#5563 = ORIENTED_EDGE ( 'NONE', *, *, #5979, .F. ) ;
#5564 = CARTESIAN_POINT ( 'NONE',  ( -12.10564404198160027, -75.38991528944349341, -11.00000000000000000 ) ) ;
#5565 = ORIENTED_EDGE ( 'NONE', *, *, #6293, .T. ) ;
#5566 = CARTESIAN_POINT ( 'NONE',  ( 8.283304597789258806E-16, 55.89999999999999858, 19.50000000000000000 ) ) ;
#5567 = ORIENTED_EDGE ( 'NONE', *, *, #10229, .T. ) ;
#5568 = AXIS2_PLACEMENT_3D ( 'NONE', #574, #5259, #7973 ) ;
#5569 = CARTESIAN_POINT ( 'NONE',  ( -64.46620431643840732, 0.000000000000000000, -107.8905347760014024 ) ) ;
#5570 = VERTEX_POINT ( 'NONE', #9440 ) ;
#5571 = PRODUCT ( 'Jaw_Contact_Block_B-1', 'Jaw_Contact_Block_B-1', '', ( #5547 ) ) ;
#5572 = EDGE_CURVE ( 'NONE', #4737, #2012, #2297, .T. ) ;
#5573 = CARTESIAN_POINT ( 'NONE',  ( 22.31344247896005228, 74.67986544671991567, -28.54374205374395146 ) ) ;
#5574 = DIRECTION ( 'NONE',  ( 0.000000000000000000, 0.000000000000000000, -1.000000000000000000 ) ) ;
#5575 = VECTOR ( 'NONE', #7645, 1000.000000000000000 ) ;
#5576 = CARTESIAN_POINT ( 'NONE',  ( 5.000000000000000000, -4.000000000000000000, 22.00000000000000000 ) ) ;
#5577 = ORIENTED_EDGE ( 'NONE', *, *, #6602, .F. ) ;
#5578 = FACE_OUTER_BOUND ( 'NONE', #8476, .T. ) ;
#5579 = ORIENTED_EDGE ( 'NONE', *, *, #3013, .T. ) ;
#5580 = ORIENTED_EDGE ( 'NONE', *, *, #1640, .F. ) ;
#5581 = LINE ( 'NONE', #5686, #10265 ) ;
#5582 = ORIENTED_EDGE ( 'NONE', *, *, #4482, .T. ) ;
#5583 = CIRCLE ( 'NONE', #1778, 4.000000000000000000 ) ;
#5584 = AXIS2_PLACEMENT_3D ( 'NONE', #5970, #5433, #9252 ) ;
#5585 = ADVANCED_FACE ( 'NONE', ( #2928 ), #2980, .T. ) ;
#5586 = EDGE_CURVE ( 'NONE', #9760, #6027, #1436, .T. ) ;
#5587 = CARTESIAN_POINT ( 'NONE',  ( 46.58206385166879926, 10.00000000000000000, -54.03857957040010263 ) ) ;
#5588 = CARTESIAN_POINT ( 'NONE',  ( 61.82390241499599881, 0.000000000000000000, -100.2793298308827872 ) ) ;
#5589 = AXIS2_PLACEMENT_3D ( 'NONE', #2534, #7327, #3424 ) ;
#5590 = CARTESIAN_POINT ( 'NONE',  ( -25.00000000000000000, -5.500000000000000000, 0.000000000000000000 ) ) ;
#5591 = VECTOR ( 'NONE', #8885, 1000.000000000000000 ) ;
#5592 = DIRECTION ( 'NONE',  ( 0.000000000000000000, 0.000000000000000000, 1.000000000000000000 ) ) ;
#5593 = CARTESIAN_POINT ( 'NONE',  ( -25.00000000000000000, -9.500000000000000000, 10.00000000000000000 ) ) ;
#5594 = ORIENTED_EDGE ( 'NONE', *, *, #9118, .F. ) ;
#5595 = SURFACE_STYLE_FILL_AREA ( #2482 ) ;
#5596 = ORIENTED_EDGE ( 'NONE', *, *, #6281, .T. ) ;
#5597 = VECTOR ( 'NONE', #8925, 1000.000000000000000 ) ;
#5598 = EDGE_CURVE ( 'NONE', #3100, #4961, #775, .T. ) ;
#5599 = FACE_OUTER_BOUND ( 'NONE', #9285, .T. ) ;
#5600 = DIRECTION ( 'NONE',  ( 1.000000000000000000, 0.000000000000000000, 0.000000000000000000 ) ) ;
#5601 = CONTEXT_DEPENDENT_SHAPE_REPRESENTATION ( #2029, #2875 ) ;
#5602 = DIRECTION ( 'NONE',  ( 0.000000000000000000, 1.000000000000000000, 0.000000000000000000 ) ) ;
#5603 = EDGE_CURVE ( 'NONE', #8324, #6617, #3620, .T. ) ;
#5604 = DIRECTION ( 'NONE',  ( 1.734723475976805246E-17, 0.000000000000000000, 1.000000000000000000 ) ) ;
#5605 = VECTOR ( 'NONE', #10273, 1000.000000000000000 ) ;
#5606 = CIRCLE ( 'NONE', #9780, 2.250000000000001776 ) ;
#5607 = EDGE_LOOP ( 'NONE', ( #5425, #7170, #4409, #3684 ) ) ;
#5608 = VERTEX_POINT ( 'NONE', #8804 ) ;
#5609 = CARTESIAN_POINT ( 'NONE',  ( 85.36863799491800364, 0.000000000000000000, -96.77829855763729938 ) ) ;
#5610 = VERTEX_POINT ( 'NONE', #4839 ) ;
#5611 = AXIS2_PLACEMENT_3D ( 'NONE', #758, #7136, #6338 ) ;
#5612 = LINE ( 'NONE', #6555, #4003 ) ;
#5613 = DIRECTION ( 'NONE',  ( 0.000000000000000000, 0.000000000000000000, 1.000000000000000000 ) ) ;
#5614 = CARTESIAN_POINT ( 'NONE',  ( -10.00000000000000000, -45.00000000000000000, -11.00000000000000000 ) ) ;
#5615 = DIRECTION ( 'NONE',  ( 1.264933817329265970E-17, 0.000000000000000000, -1.000000000000000000 ) ) ;
#5616 = CARTESIAN_POINT ( 'NONE',  ( -3.647693777163360185, 0.04196010845019170626, 0.000000000000000000 ) ) ;
#5617 = ADVANCED_FACE ( 'NONE', ( #5513 ), #1602, .T. ) ;
#5618 = ORIENTED_EDGE ( 'NONE', *, *, #347, .F. ) ;
#5619 = PLANE ( 'NONE',  #8743 ) ;
#5620 = VERTEX_POINT ( 'NONE', #7979 ) ;
#5621 = DIRECTION ( 'NONE',  ( 0.000000000000000000, 0.000000000000000000, -1.000000000000000000 ) ) ;
#5622 = VERTEX_POINT ( 'NONE', #8750 ) ;
#5623 = CARTESIAN_POINT ( 'NONE',  ( 25.00000000000000000, 9.500000000000000000, 0.000000000000000000 ) ) ;
#5624 = EDGE_LOOP ( 'NONE', ( #10087, #231, #29, #34 ) ) ;
#5625 = DIRECTION ( 'NONE',  ( 0.000000000000000000, 0.000000000000000000, 1.000000000000000000 ) ) ;
#5626 = EDGE_CURVE ( 'NONE', #1996, #8710, #2953, .T. ) ;
#5627 = DIRECTION ( 'NONE',  ( 0.000000000000000000, 0.000000000000000000, 1.000000000000000000 ) ) ;
#5628 = FACE_BOUND ( 'NONE', #3923, .T. ) ;
#5629 = ADVANCED_FACE ( 'NONE', ( #5672 ), #3300, .F. ) ;
#5630 = ORIENTED_EDGE ( 'NONE', *, *, #1442, .F. ) ;
#5631 = DIRECTION ( 'NONE',  ( 0.000000000000000000, 1.000000000000000000, 0.000000000000000000 ) ) ;
#5632 = ORIENTED_EDGE ( 'NONE', *, *, #911, .T. ) ;
#5633 = VERTEX_POINT ( 'NONE', #7927 ) ;
#5634 = DIRECTION ( 'NONE',  ( 0.8660254037844384856, 0.000000000000000000, -0.5000000000000003331 ) ) ;
#5635 = EDGE_LOOP ( 'NONE', ( #3351, #4008, #1081, #1652 ) ) ;
#5636 = ORIENTED_EDGE ( 'NONE', *, *, #6228, .F. ) ;
#5637 = UNCERTAINTY_MEASURE_WITH_UNIT (LENGTH_MEASURE( 1.000000000000000082E-05 ), #1001, 'distance_accuracy_value', 'NONE');
#5638 = AXIS2_PLACEMENT_3D ( 'NONE', #6516, #2511, #4177 ) ;
#5639 = DIRECTION ( 'NONE',  ( -1.000000000000000000, -0.000000000000000000, -0.000000000000000000 ) ) ;
#5640 = DIRECTION ( 'NONE',  ( -1.000000000000000000, -7.703719777548939991E-34, -1.264933817329265970E-17 ) ) ;
#5641 = CARTESIAN_POINT ( 'NONE',  ( 2.500000000000000000, 3.000000000000000000, 25.50000000000000000 ) ) ;
#5642 = CARTESIAN_POINT ( 'NONE',  ( 85.36863799491800364, 0.000000000000000000, -99.02829855763729938 ) ) ;
#5643 = EDGE_CURVE ( 'NONE', #3696, #8397, #874, .T. ) ;
#5644 = CARTESIAN_POINT ( 'NONE',  ( -30.31497855141494924, 0.000000000000000000, 6.748637086761529069 ) ) ;
#5645 = EDGE_LOOP ( 'NONE', ( #3659, #2083, #9736, #6660, #6053, #8654 ) ) ;
#5646 =( NAMED_UNIT ( * ) PLANE_ANGLE_UNIT ( ) SI_UNIT ( $, .RADIAN. ) );
#5647 = VERTEX_POINT ( 'NONE', #1765 ) ;
#5648 = EDGE_CURVE ( 'NONE', #6352, #1639, #3243, .T. ) ;
#5649 = CARTESIAN_POINT ( 'NONE',  ( -3.000000000000000000, 3.000000000000000000, -2.500000000000000000 ) ) ;
#5650 = CARTESIAN_POINT ( 'NONE',  ( -5.204170427930419706E-15, 10.00000000000000000, 5.000000000000000000 ) ) ;
#5651 = CARTESIAN_POINT ( 'NONE',  ( 0.000000000000000000, 9.000000000000000000, 0.000000000000000000 ) ) ;
#5652 = VECTOR ( 'NONE', #8016, 1000.000000000000000 ) ;
#5653 = LINE ( 'NONE', #4820, #7913 ) ;
#5654 = VERTEX_POINT ( 'NONE', #1653 ) ;
#5655 = ADVANCED_FACE ( 'NONE', ( #9545 ), #6306, .F. ) ;
#5656 = ORIENTED_EDGE ( 'NONE', *, *, #1364, .F. ) ;
#5657 = EDGE_LOOP ( 'NONE', ( #2216, #4785 ) ) ;
#5658 = EDGE_CURVE ( 'NONE', #2651, #58, #2565, .T. ) ;
#5659 = AXIS2_PLACEMENT_3D ( 'NONE', #2743, #5914, #1991 ) ;
#5660 = CYLINDRICAL_SURFACE ( 'NONE', #1484, 4.000000000000000000 ) ;
#5661 = DIRECTION ( 'NONE',  ( -1.000000000000000000, -1.734723475976804876E-16, 0.000000000000000000 ) ) ;
#5662 = CARTESIAN_POINT ( 'NONE',  ( 2.500000000000000000, 70.90000000000000568, 0.000000000000000000 ) ) ;
#5663 = EDGE_CURVE ( 'NONE', #913, #119, #140, .T. ) ;
#5664 = DIRECTION ( 'NONE',  ( -1.000000000000000000, 0.000000000000000000, 0.000000000000000000 ) ) ;
#5665 = DIRECTION ( 'NONE',  ( 1.000000000000000000, 0.000000000000000000, 0.000000000000000000 ) ) ;
#5666 = AXIS2_PLACEMENT_3D ( 'NONE', #9032, #1000, #1098 ) ;
#5667 = VERTEX_POINT ( 'NONE', #5569 ) ;
#5668 = DIRECTION ( 'NONE',  ( 1.000000000000000000, 0.000000000000000000, 0.000000000000000000 ) ) ;
#5669 = ORIENTED_EDGE ( 'NONE', *, *, #117, .T. ) ;
#5670 = CARTESIAN_POINT ( 'NONE',  ( 65.00000000000000000, 95.00000000000000000, -112.1326873879138049 ) ) ;
#5671 = EDGE_LOOP ( 'NONE', ( #5511, #9188, #2041, #5711 ) ) ;
#5672 = FACE_OUTER_BOUND ( 'NONE', #5246, .T. ) ;
#5673 = ORIENTED_EDGE ( 'NONE', *, *, #4091, .T. ) ;
#5674 = EDGE_CURVE ( 'NONE', #9659, #2917, #1714, .T. ) ;
#5675 = FACE_OUTER_BOUND ( 'NONE', #5025, .T. ) ;
#5676 = AXIS2_PLACEMENT_3D ( 'NONE', #2187, #5361, #7202 ) ;
#5677 = DIRECTION ( 'NONE',  ( 0.000000000000000000, 1.000000000000000000, 0.000000000000000000 ) ) ;
#5678 = CARTESIAN_POINT ( 'NONE',  ( 75.00000000000000000, 150.0000000000000000, 75.00000000000000000 ) ) ;
#5679 = FACE_OUTER_BOUND ( 'NONE', #10205, .T. ) ;
#5680 = DIRECTION ( 'NONE',  ( 0.000000000000000000, 1.000000000000000000, 0.000000000000000000 ) ) ;
#5681 = VECTOR ( 'NONE', #5889, 1000.000000000000000 ) ;
#5682 = DIRECTION ( 'NONE',  ( 1.734723475976804876E-16, -1.000000000000000000, 0.000000000000000000 ) ) ;
#5683 = ORIENTED_EDGE ( 'NONE', *, *, #8777, .T. ) ;
#5684 = AXIS2_PLACEMENT_3D ( 'NONE', #7024, #8523, #1477 ) ;
#5685 = VERTEX_POINT ( 'NONE', #5623 ) ;
#5686 = CARTESIAN_POINT ( 'NONE',  ( 35.00000000000000000, -9.500000000000000000, 20.00000000000000000 ) ) ;
#5687 = ORIENTED_EDGE ( 'NONE', *, *, #5493, .T. ) ;
#5688 = VERTEX_POINT ( 'NONE', #9596 ) ;
#5689 = VECTOR ( 'NONE', #4479, 1000.000000000000000 ) ;
#5690 = EDGE_CURVE ( 'NONE', #6701, #772, #8030, .T. ) ;
#5691 = CARTESIAN_POINT ( 'NONE',  ( 15.50000000000000000, -3.122048140665065340E-17, 1.000000000000000000 ) ) ;
#5692 = CARTESIAN_POINT ( 'NONE',  ( -25.00000000000000000, 9.500000000000000000, 0.000000000000000000 ) ) ;
#5693 = DIRECTION ( 'NONE',  ( 0.000000000000000000, 0.000000000000000000, -1.000000000000000000 ) ) ;
#5694 = CARTESIAN_POINT ( 'NONE',  ( 2.500000000000000000, 70.90000000000000568, 0.000000000000000000 ) ) ;
#5695 = LINE ( 'NONE', #3268, #8581 ) ;
#5696 = EDGE_LOOP ( 'NONE', ( #2494, #5960, #5222, #8732 ) ) ;
#5697 = AXIS2_PLACEMENT_3D ( 'NONE', #1018, #6504, #2497 ) ;
#5698 = DIRECTION ( 'NONE',  ( -1.000000000000000000, 0.000000000000000000, 2.775557561562890365E-16 ) ) ;
#5699 = ORIENTED_EDGE ( 'NONE', *, *, #422, .F. ) ;
#5700 = AXIS2_PLACEMENT_3D ( 'NONE', #7925, #6145, #771 ) ;
#5701 = CIRCLE ( 'NONE', #697, 2.250000000000001776 ) ;
#5702 = VECTOR ( 'NONE', #8107, 1000.000000000000000 ) ;
#5703 = EDGE_CURVE ( 'NONE', #2888, #6853, #3463, .T. ) ;
#5704 = CYLINDRICAL_SURFACE ( 'NONE', #7658, 2.250000000000001776 ) ;
#5705 = CYLINDRICAL_SURFACE ( 'NONE', #5537, 4.000000000000000000 ) ;
#5706 = PRODUCT_CONTEXT ( 'NONE', #7767, 'mechanical' ) ;
#5707 = VECTOR ( 'NONE', #6913, 1000.000000000000000 ) ;
#5708 = PRODUCT_DEFINITION ( 'UNKNOWN', '', #5902, #2417 ) ;
#5709 = FACE_OUTER_BOUND ( 'NONE', #6214, .T. ) ;
#5710 = CARTESIAN_POINT ( 'NONE',  ( 0.000000000000000000, 50.00000000000000000, 8.750000000000000000 ) ) ;
#5711 = ORIENTED_EDGE ( 'NONE', *, *, #9739, .T. ) ;
#5712 = ORIENTED_EDGE ( 'NONE', *, *, #1489, .F. ) ;
#5713 = STYLED_ITEM ( 'NONE', ( #9351 ), #1516 ) ;
#5714 = CYLINDRICAL_SURFACE ( 'NONE', #6871, 2.249999999999998668 ) ;
#5715 =( GEOMETRIC_REPRESENTATION_CONTEXT ( 3 ) GLOBAL_UNCERTAINTY_ASSIGNED_CONTEXT ( ( #3158 ) ) GLOBAL_UNIT_ASSIGNED_CONTEXT ( ( #8794, #4063, #235 ) ) REPRESENTATION_CONTEXT ( 'NONE', 'WORKASPACE' ) );
#5716 = EDGE_CURVE ( 'NONE', #1304, #6968, #8915, .T. ) ;
#5717 = DIRECTION ( 'NONE',  ( 0.000000000000000000, 0.000000000000000000, 1.000000000000000000 ) ) ;
#5718 = DIRECTION ( 'NONE',  ( 0.000000000000000000, 0.000000000000000000, -1.000000000000000000 ) ) ;
#5719 =( NAMED_UNIT ( * ) SI_UNIT ( $, .STERADIAN. ) SOLID_ANGLE_UNIT ( ) );
#5720 = ADVANCED_FACE ( 'NONE', ( #719 ), #7100, .T. ) ;
#5721 = DIRECTION ( 'NONE',  ( 0.000000000000000000, 0.000000000000000000, 1.000000000000000000 ) ) ;
#5722 = MECHANICAL_DESIGN_GEOMETRIC_PRESENTATION_REPRESENTATION (  '', ( #6723 ), #6558 ) ;
#5723 = DIRECTION ( 'NONE',  ( -1.223316414399870005E-17, 0.000000000000000000, 1.000000000000000000 ) ) ;
#5724 = CARTESIAN_POINT ( 'NONE',  ( -10.00000000000000000, -6.938893903907230350E-16, -11.00000000000000000 ) ) ;
#5725 = PRODUCT_DEFINITION_FORMATION_WITH_SPECIFIED_SOURCE ( 'ANY', '', #6694, .NOT_KNOWN. ) ;
#5726 = ORIENTED_EDGE ( 'NONE', *, *, #2421, .F. ) ;
#5727 = CARTESIAN_POINT ( 'NONE',  ( 0.000000000000000000, 9.000000000000000000, 0.000000000000000000 ) ) ;
#5728 = ORIENTED_EDGE ( 'NONE', *, *, #7500, .F. ) ;
#5729 = DIRECTION ( 'NONE',  ( 1.000000000000000000, 7.703719777548939991E-34, 1.264933817329265970E-17 ) ) ;
#5730 = ORIENTED_EDGE ( 'NONE', *, *, #3810, .F. ) ;
#5731 = DIRECTION ( 'NONE',  ( 1.000000000000000000, 0.000000000000000000, 0.000000000000000000 ) ) ;
#5732 = VERTEX_POINT ( 'NONE', #4020 ) ;
#5733 = CIRCLE ( 'NONE', #228, 2.000000000000001776 ) ;
#5734 = CARTESIAN_POINT ( 'NONE',  ( 0.000000000000000000, 200.0000000000000000, 0.000000000000000000 ) ) ;
#5735 = DIRECTION ( 'NONE',  ( 1.000000000000000000, 0.000000000000000000, 0.000000000000000000 ) ) ;
#5736 = EDGE_CURVE ( 'NONE', #4846, #754, #773, .T. ) ;
#5737 = CARTESIAN_POINT ( 'NONE',  ( -10.00000000000000000, -15.00000000000000000, -11.00000000000000000 ) ) ;
#5738 = DIRECTION ( 'NONE',  ( 0.000000000000000000, 0.000000000000000000, 1.000000000000000000 ) ) ;
#5739 = LINE ( 'NONE', #5946, #25 ) ;
#5740 = VECTOR ( 'NONE', #1100, 1000.000000000000000 ) ;
#5741 = ORIENTED_EDGE ( 'NONE', *, *, #2077, .F. ) ;
#5742 = CARTESIAN_POINT ( 'NONE',  ( -2.500000000000000000, 70.90000000000000568, -2.500000000000000000 ) ) ;
#5743 = ORIENTED_EDGE ( 'NONE', *, *, #1024, .F. ) ;
#5744 = EDGE_LOOP ( 'NONE', ( #10011, #10129, #2707, #1300, #6055 ) ) ;
#5745 = DIRECTION ( 'NONE',  ( 0.000000000000000000, 1.000000000000000000, -1.846235724462870310E-15 ) ) ;
#5746 = ORIENTED_EDGE ( 'NONE', *, *, #4442, .F. ) ;
#5747 = ORIENTED_EDGE ( 'NONE', *, *, #4794, .T. ) ;
#5748 = VECTOR ( 'NONE', #1756, 1000.000000000000000 ) ;
#5749 = PRODUCT_DEFINITION_CONTEXT ( 'detailed design', #2372, 'design' ) ;
#5750 = DIRECTION ( 'NONE',  ( 0.000000000000000000, 1.000000000000000000, 0.000000000000000000 ) ) ;
#5751 = FILL_AREA_STYLE_COLOUR ( '', #6123 ) ;
#5752 = CARTESIAN_POINT ( 'NONE',  ( 15.50000000000000000, 83.40000000000000568, 22.50000000000000000 ) ) ;
#5753 = DIRECTION ( 'NONE',  ( -0.7071067811865480168, -0.7071067811865470176, 0.000000000000000000 ) ) ;
#5754 = ORIENTED_EDGE ( 'NONE', *, *, #4697, .F. ) ;
#5755 = CIRCLE ( 'NONE', #1414, 2.999999999999999112 ) ;
#5756 = CARTESIAN_POINT ( 'NONE',  ( 0.000000000000000000, 57.00000000000000000, 0.000000000000000000 ) ) ;
#5757 = ORIENTED_EDGE ( 'NONE', *, *, #2343, .F. ) ;
#5758 = EDGE_CURVE ( 'NONE', #7389, #7664, #36, .T. ) ;
#5759 = CIRCLE ( 'NONE', #5243, 2.250000000000001776 ) ;
#5760 = CARTESIAN_POINT ( 'NONE',  ( 0.000000000000000000, 39.00000000000000000, -7.500000000000000000 ) ) ;
#5761 = CARTESIAN_POINT ( 'NONE',  ( 0.000000000000000000, 85.00000000000000000, -117.2793298308826166 ) ) ;
#5762 = SHAPE_DEFINITION_REPRESENTATION ( #3056, #7424 ) ;
#5763 = AXIS2_PLACEMENT_3D ( 'NONE', #7475, #3623, #6791 ) ;
#5764 = DIRECTION ( 'NONE',  ( 0.000000000000000000, 1.000000000000000000, 0.000000000000000000 ) ) ;
#5765 = DIRECTION ( 'NONE',  ( -1.000000000000000000, 0.000000000000000000, 0.000000000000000000 ) ) ;
#5766 = ADVANCED_FACE ( 'NONE', ( #1029 ), #2709, .T. ) ;
#5767 = VERTEX_POINT ( 'NONE', #6620 ) ;
#5768 = APPLICATION_CONTEXT ( 'automotive_design' ) ;
#5769 = EDGE_LOOP ( 'NONE', ( #99, #432 ) ) ;
#5770 = CIRCLE ( 'NONE', #8762, 8.750000000000000000 ) ;
#5771 = CIRCLE ( 'NONE', #2623, 2.250000000000000444 ) ;
#5772 = ORIENTED_EDGE ( 'NONE', *, *, #3077, .F. ) ;
#5773 = LINE ( 'NONE', #7914, #4664 ) ;
#5774 = CARTESIAN_POINT ( 'NONE',  ( 64.46620431643840732, 0.000000000000000000, -110.1405347760014024 ) ) ;
#5775 = CARTESIAN_POINT ( 'NONE',  ( -41.81980515339470372, -90.96194077712559078, -33.00000000000000000 ) ) ;
#5776 = EDGE_CURVE ( 'NONE', #6826, #1728, #1268, .T. ) ;
#5777 = VECTOR ( 'NONE', #5553, 1000.000000000000000 ) ;
#5778 = AXIS2_PLACEMENT_3D ( 'NONE', #4888, #7144, #2338 ) ;
#5779 = CARTESIAN_POINT ( 'NONE',  ( 10.00000000000000000, 10.00000000000000000, -11.00000000000000000 ) ) ;
#5780 = CARTESIAN_POINT ( 'NONE',  ( -25.00000000000000000, -10.50000000000000000, 10.00000000000000000 ) ) ;
#5781 = ADVANCED_FACE ( 'NONE', ( #4322 ), #3450, .F. ) ;
#5782 = ORIENTED_EDGE ( 'NONE', *, *, #1634, .F. ) ;
#5783 = LINE ( 'NONE', #4171, #776 ) ;
#5784 = DIRECTION ( 'NONE',  ( 0.000000000000000000, 0.000000000000000000, -1.000000000000000000 ) ) ;
#5785 = ORIENTED_EDGE ( 'NONE', *, *, #4895, .F. ) ;
#5786 = LINE ( 'NONE', #5091, #5258 ) ;
#5788 = VERTEX_POINT ( 'NONE', #9014 ) ;
#5787 = EDGE_CURVE ( 'NONE', #2327, #10067, #9616, .T. ) ;
#5789 = CIRCLE ( 'NONE', #2961, 10.00000000000000000 ) ;
#5790 = DIRECTION ( 'NONE',  ( 0.000000000000000000, 0.000000000000000000, -1.000000000000000000 ) ) ;
#5791 = CARTESIAN_POINT ( 'NONE',  ( -15.00000000000000000, 12.50000000000000000, -10.00000000000000000 ) ) ;
#5792 = DIRECTION ( 'NONE',  ( 0.000000000000000000, 1.000000000000000000, 0.000000000000000000 ) ) ;
#5793 = CARTESIAN_POINT ( 'NONE',  ( 26.31344247896005228, 74.67986544671991567, -42.59593772390965682 ) ) ;
#5794 = ORIENTED_EDGE ( 'NONE', *, *, #10156, .T. ) ;
#5795 = LINE ( 'NONE', #4238, #9109 ) ;
#5796 = EDGE_LOOP ( 'NONE', ( #1692, #1798 ) ) ;
#5797 = ORIENTED_EDGE ( 'NONE', *, *, #6098, .T. ) ;
#5798 = DIRECTION ( 'NONE',  ( 1.000000000000000000, 0.000000000000000000, 1.700709290173339793E-17 ) ) ;
#5800 = EDGE_CURVE ( 'NONE', #2602, #6488, #4174, .T. ) ;
#5799 = ORIENTED_EDGE ( 'NONE', *, *, #224, .F. ) ;
#5801 = ADVANCED_FACE ( 'NONE', ( #8228 ), #7406, .T. ) ;
#5802 = CARTESIAN_POINT ( 'NONE',  ( 64.46620431643840732, 85.00000000000000000, -107.8905347760014024 ) ) ;
#5803 = CARTESIAN_POINT ( 'NONE',  ( 0.000000000000000000, 50.00000000000000000, 0.000000000000000000 ) ) ;
#5804 = CARTESIAN_POINT ( 'NONE',  ( 25.00000000000000000, 9.500000000000000000, 10.00000000000000000 ) ) ;
#5805 = EDGE_CURVE ( 'NONE', #10119, #128, #9607, .T. ) ;
#5806 = CARTESIAN_POINT ( 'NONE',  ( 15.50000000000000000, 3.500000000000000000, 17.00000000000000000 ) ) ;
#5807 = ORIENTED_EDGE ( 'NONE', *, *, #5389, .T. ) ;
#5808 = FACE_OUTER_BOUND ( 'NONE', #5107, .T. ) ;
#5809 = ORIENTED_EDGE ( 'NONE', *, *, #8414, .F. ) ;
#5810 = CIRCLE ( 'NONE', #7480, 9.999999999999994671 ) ;
#5811 = EDGE_CURVE ( 'NONE', #4907, #6605, #1080, .T. ) ;
#5812 = DIRECTION ( 'NONE',  ( 0.000000000000000000, 0.000000000000000000, 1.000000000000000000 ) ) ;
#5813 = CARTESIAN_POINT ( 'NONE',  ( 4.332851387010889788, 18.00000000000000000, -95.04470861319069286 ) ) ;
#5814 = CONTEXT_DEPENDENT_SHAPE_REPRESENTATION ( #2520, #8276 ) ;
#5815 = EDGE_CURVE ( 'NONE', #3025, #7368, #6438, .T. ) ;
#5816 = LINE ( 'NONE', #5120, #3069 ) ;
#5817 = DIRECTION ( 'NONE',  ( -1.000000000000000000, 0.000000000000000000, 0.000000000000000000 ) ) ;
#5818 = ORIENTED_EDGE ( 'NONE', *, *, #8484, .F. ) ;
#5819 = ORIENTED_EDGE ( 'NONE', *, *, #4077, .F. ) ;
#5820 = ORIENTED_EDGE ( 'NONE', *, *, #1538, .F. ) ;
#5821 = EDGE_CURVE ( 'NONE', #8097, #10244, #102, .T. ) ;
#5822 = CARTESIAN_POINT ( 'NONE',  ( 0.000000000000000000, 57.00000000000000000, 0.000000000000000000 ) ) ;
#5823 = CARTESIAN_POINT ( 'NONE',  ( 75.00000000000000000, 0.000000000000000000, -75.00000000000000000 ) ) ;
#5824 = EDGE_CURVE ( 'NONE', #4173, #630, #8942, .T. ) ;
#5825 = FILL_AREA_STYLE_COLOUR ( '', #6056 ) ;
#5826 = LINE ( 'NONE', #8171, #3223 ) ;
#5827 = PLANE ( 'NONE',  #2428 ) ;
#5828 = ORIENTED_EDGE ( 'NONE', *, *, #6087, .F. ) ;
#5829 = DIRECTION ( 'NONE',  ( 1.000000000000000000, 0.000000000000000000, 0.000000000000000000 ) ) ;
#5830 = CARTESIAN_POINT ( 'NONE',  ( -25.00000000000000000, -5.500000000000000000, 10.00000000000000000 ) ) ;
#5831 = VECTOR ( 'NONE', #9415, 1000.000000000000000 ) ;
#5832 = DIRECTION ( 'NONE',  ( 0.000000000000000000, 0.000000000000000000, 1.000000000000000000 ) ) ;
#5833 = ORIENTED_EDGE ( 'NONE', *, *, #6532, .T. ) ;
#5834 = FACE_OUTER_BOUND ( 'NONE', #3512, .T. ) ;
#5835 = DIRECTION ( 'NONE',  ( 0.000000000000000000, 1.000000000000000000, 0.000000000000000000 ) ) ;
#5836 = EDGE_CURVE ( 'NONE', #2914, #3238, #339, .T. ) ;
#5837 = LINE ( 'NONE', #937, #4390 ) ;
#5838 = AXIS2_PLACEMENT_3D ( 'NONE', #4804, #7946, #680 ) ;
#5839 = FACE_BOUND ( 'NONE', #9647, .T. ) ;
#5840 = ORIENTED_EDGE ( 'NONE', *, *, #999, .T. ) ;
#5841 = CARTESIAN_POINT ( 'NONE',  ( 5.000000000000000000, -4.000000000000000000, 17.00000000000000000 ) ) ;
#5842 = ORIENTED_EDGE ( 'NONE', *, *, #4091, .F. ) ;
#5843 = ORIENTED_EDGE ( 'NONE', *, *, #4736, .T. ) ;
#5844 = CARTESIAN_POINT ( 'NONE',  ( 0.000000000000000000, 0.000000000000000000, -6.500000000000000000 ) ) ;
#5845 = ORIENTED_EDGE ( 'NONE', *, *, #167, .T. ) ;
#5846 = AXIS2_PLACEMENT_3D ( 'NONE', #3618, #8391, #6787 ) ;
#5847 = EDGE_CURVE ( 'NONE', #129, #4596, #5885, .T. ) ;
#5848 = CARTESIAN_POINT ( 'NONE',  ( -39.00443338159790585, 95.00200000000000955, -42.59593772390965682 ) ) ;
#5849 = EDGE_CURVE ( 'NONE', #291, #8279, #5786, .T. ) ;
#5850 = DIRECTION ( 'NONE',  ( 0.000000000000000000, 0.000000000000000000, -1.000000000000000000 ) ) ;
#5851 = LINE ( 'NONE', #414, #3092 ) ;
#5852 = CIRCLE ( 'NONE', #4030, 2.250000000000001776 ) ;
#5853 = CARTESIAN_POINT ( 'NONE',  ( -4.000000000000000000, 0.000000000000000000, 25.50000000000000000 ) ) ;
#5854 = VERTEX_POINT ( 'NONE', #2010 ) ;
#5855 = DIRECTION ( 'NONE',  ( 0.000000000000000000, 1.000000000000000000, 0.000000000000000000 ) ) ;
#5856 = ORIENTED_EDGE ( 'NONE', *, *, #9631, .F. ) ;
#5857 = VECTOR ( 'NONE', #8327, 1000.000000000000000 ) ;
#5858 = CARTESIAN_POINT ( 'NONE',  ( -5.204170427930419706E-15, 10.00000000000000000, 5.000000000000000000 ) ) ;
#5859 = DIRECTION ( 'NONE',  ( 0.000000000000000000, 0.000000000000000000, 1.000000000000000000 ) ) ;
#5860 = EDGE_CURVE ( 'NONE', #5620, #9964, #9939, .T. ) ;
#5861 = CARTESIAN_POINT ( 'NONE',  ( -30.54774002826775003, 0.000000000000000000, 10.71815755839264028 ) ) ;
#5862 = AXIS2_PLACEMENT_3D ( 'NONE', #7766, #4636, #5501 ) ;
#5863 = CLOSED_SHELL ( 'NONE', ( #16, #6999, #2458, #7064, #1962, #1657, #3800, #4154, #1485, #9333, #8495, #9492, #8127, #6803, #3691, #2634, #3098, #3193, #5154, #478, #6388, #3153, #3915, #5504, #4323, #1521, #6161, #2318, #7033, #1844, #1566, #3249, #7355 ) ) ;
#5864 = LINE ( 'NONE', #7630, #252 ) ;
#5865 = AXIS2_PLACEMENT_3D ( 'NONE', #6962, #2997, #7070 ) ;
#5866 = AXIS2_PLACEMENT_3D ( 'NONE', #7358, #3407, #6573 ) ;
#5867 = ORIENTED_EDGE ( 'NONE', *, *, #2847, .T. ) ;
#5868 = ORIENTED_EDGE ( 'NONE', *, *, #511, .F. ) ;
#5869 = CARTESIAN_POINT ( 'NONE',  ( -10.00000000000000000, 10.00000000000000000, 0.000000000000000000 ) ) ;
#5870 = CIRCLE ( 'NONE', #2208, 3.000000000000000000 ) ;
#5871 = AXIS2_PLACEMENT_3D ( 'NONE', #2695, #1899, #7044 ) ;
#5872 = CARTESIAN_POINT ( 'NONE',  ( -41.81980515339470372, -90.96194077712559078, -33.00000000000000000 ) ) ;
#5873 = CYLINDRICAL_SURFACE ( 'NONE', #6696, 10.00000000000000000 ) ;
#5874 = CARTESIAN_POINT ( 'NONE',  ( 24.99999999995335287, 43.00000000000000000, -52.92007128540620187 ) ) ;
#5875 = CIRCLE ( 'NONE', #2879, 2.999999999999999112 ) ;
#5876 = CARTESIAN_POINT ( 'NONE',  ( 94.00000000000000000, 85.00000000000000000, -104.7964619962939992 ) ) ;
#5877 = DIRECTION ( 'NONE',  ( 0.000000000000000000, -1.000000000000000000, 0.000000000000000000 ) ) ;
#5878 = LINE ( 'NONE', #7454, #67 ) ;
#5879 = EDGE_CURVE ( 'NONE', #950, #7900, #945, .T. ) ;
#5880 = AXIS2_PLACEMENT_3D ( 'NONE', #5348, #8328, #10110 ) ;
#5881 = ORIENTED_EDGE ( 'NONE', *, *, #4244, .F. ) ;
#5882 = FACE_OUTER_BOUND ( 'NONE', #1371, .T. ) ;
#5883 = ORIENTED_EDGE ( 'NONE', *, *, #7982, .F. ) ;
#5884 = AXIS2_PLACEMENT_3D ( 'NONE', #5191, #4480, #9906 ) ;
#5885 = LINE ( 'NONE', #9752, #8430 ) ;
#5886 = EDGE_CURVE ( 'NONE', #6688, #5090, #781, .T. ) ;
#5887 = ORIENTED_EDGE ( 'NONE', *, *, #6657, .F. ) ;
#5888 = DIRECTION ( 'NONE',  ( 0.000000000000000000, 0.000000000000000000, -1.000000000000000000 ) ) ;
#5889 = DIRECTION ( 'NONE',  ( -1.264933817329265970E-17, 0.000000000000000000, 1.000000000000000000 ) ) ;
#5890 = LINE ( 'NONE', #1230, #5541 ) ;
#5891 = DIRECTION ( 'NONE',  ( 0.000000000000000000, 0.000000000000000000, 1.000000000000000000 ) ) ;
#5892 =( GEOMETRIC_REPRESENTATION_CONTEXT ( 3 ) GLOBAL_UNCERTAINTY_ASSIGNED_CONTEXT ( ( #9506 ) ) GLOBAL_UNIT_ASSIGNED_CONTEXT ( ( #9417, #6284, #2957 ) ) REPRESENTATION_CONTEXT ( 'NONE', 'WORKASPACE' ) );
#5893 = CARTESIAN_POINT ( 'NONE',  ( -96.67003710817799345, 95.00000000000000000, -93.45117771904560300 ) ) ;
#5894 = VERTEX_POINT ( 'NONE', #3601 ) ;
#5895 = CARTESIAN_POINT ( 'NONE',  ( 5.000000000000000000, 67.40000000000000568, 6.324669086646330619E-17 ) ) ;
#5896 = ORIENTED_EDGE ( 'NONE', *, *, #844, .F. ) ;
#5897 = ORIENTED_EDGE ( 'NONE', *, *, #8853, .F. ) ;
#5898 = VECTOR ( 'NONE', #7544, 1000.000000000000000 ) ;
#5899 = DIRECTION ( 'NONE',  ( 0.000000000000000000, 1.000000000000000000, 0.000000000000000000 ) ) ;
#5900 = EDGE_CURVE ( 'NONE', #1344, #6968, #6445, .T. ) ;
#5901 = ORIENTED_EDGE ( 'NONE', *, *, #5029, .F. ) ;
#5902 = PRODUCT_DEFINITION_FORMATION_WITH_SPECIFIED_SOURCE ( 'ANY', '', #7530, .NOT_KNOWN. ) ;
#5903 = LINE ( 'NONE', #9719, #8831 ) ;
#5904 = AXIS2_PLACEMENT_3D ( 'NONE', #9721, #3265, #6431 ) ;
#5905 =( NAMED_UNIT ( * ) SI_UNIT ( $, .STERADIAN. ) SOLID_ANGLE_UNIT ( ) );
#5906 = LINE ( 'NONE', #3621, #7745 ) ;
#5907 = CARTESIAN_POINT ( 'NONE',  ( -4.000000000000000000, 69.40000000000000568, 0.000000000000000000 ) ) ;
#5908 = ORIENTED_EDGE ( 'NONE', *, *, #3459, .F. ) ;
#5909 = LINE ( 'NONE', #4300, #7264 ) ;
#5910 = VERTEX_POINT ( 'NONE', #4424 ) ;
#5911 = EDGE_CURVE ( 'NONE', #5001, #2133, #2916, .T. ) ;
#5912 = VECTOR ( 'NONE', #9065, 1000.000000000000000 ) ;
#5913 = EDGE_CURVE ( 'NONE', #9476, #3974, #3649, .T. ) ;
#5914 = DIRECTION ( 'NONE',  ( 0.000000000000000000, 0.000000000000000000, 1.000000000000000000 ) ) ;
#5915 = DIRECTION ( 'NONE',  ( -1.000000000000000000, 0.000000000000000000, 0.000000000000000000 ) ) ;
#5916 = CONTEXT_DEPENDENT_SHAPE_REPRESENTATION ( #2168, #2205 ) ;
#5917 = CARTESIAN_POINT ( 'NONE',  ( -4.978594282455823361, 70.59419491983766193, -0.8310842202524976186 ) ) ;
#5918 = VECTOR ( 'NONE', #1479, 1000.000000000000000 ) ;
#5919 = CYLINDRICAL_SURFACE ( 'NONE', #2258, 2.250000000000001776 ) ;
#5920 = ORIENTED_EDGE ( 'NONE', *, *, #9320, .T. ) ;
#5921 = ORIENTED_EDGE ( 'NONE', *, *, #3831, .F. ) ;
#5922 = EDGE_LOOP ( 'NONE', ( #5419, #5845, #3735, #4989 ) ) ;
#5923 = EDGE_CURVE ( 'NONE', #4274, #3226, #6083, .T. ) ;
#5924 = CIRCLE ( 'NONE', #245, 2.250000000000001776 ) ;
#5925 = CIRCLE ( 'NONE', #756, 3.000000000000000000 ) ;
#5926 = VECTOR ( 'NONE', #8214, 1000.000000000000000 ) ;
#5927 = DIRECTION ( 'NONE',  ( 3.068079190820899944E-33, -1.000000000000000000, -1.816464372750584614E-16 ) ) ;
#5928 = FACE_OUTER_BOUND ( 'NONE', #3414, .T. ) ;
#5929 = DIRECTION ( 'NONE',  ( 0.9950961625246744768, 1.096595142714945422E-24, -0.09891222032017366050 ) ) ;
#5930 = CARTESIAN_POINT ( 'NONE',  ( -26.24777966571249976, -61.24777966571249976, -11.00000000000000000 ) ) ;
#5931 = LINE ( 'NONE', #2118, #3251 ) ;
#5932 = CARTESIAN_POINT ( 'NONE',  ( -25.00000000000000000, -3.469446951953614978E-15, 10.00000000000000000 ) ) ;
#5933 = CARTESIAN_POINT ( 'NONE',  ( 2.755455298081544285E-16, 0.000000000000000000, 2.250000000000000000 ) ) ;
#5934 = AXIS2_PLACEMENT_3D ( 'NONE', #8938, #9512, #8108 ) ;
#5935 = ORIENTED_EDGE ( 'NONE', *, *, #4729, .T. ) ;
#5936 = ORIENTED_EDGE ( 'NONE', *, *, #1038, .T. ) ;
#5937 = DIRECTION ( 'NONE',  ( 0.000000000000000000, 0.000000000000000000, 1.000000000000000000 ) ) ;
#5938 = ORIENTED_EDGE ( 'NONE', *, *, #6602, .T. ) ;
#5939 = AXIS2_PLACEMENT_3D ( 'NONE', #9166, #6768, #6664 ) ;
#5940 = CARTESIAN_POINT ( 'NONE',  ( -2.500000000000000000, 1.500000000000000000, 25.50000000000000000 ) ) ;
#5941 = DIRECTION ( 'NONE',  ( -1.000000000000000000, 0.000000000000000000, 1.734723475976804629E-17 ) ) ;
#5942 = CIRCLE ( 'NONE', #8106, 3.000000000000000000 ) ;
#5943 = LINE ( 'NONE', #7654, #4874 ) ;
#5944 = FACE_OUTER_BOUND ( 'NONE', #841, .T. ) ;
#5945 = EDGE_CURVE ( 'NONE', #3164, #1611, #1275, .T. ) ;
#5946 = CARTESIAN_POINT ( 'NONE',  ( -24.14213562373095101, -59.14213562373090127, 1.000000000000000000 ) ) ;
#5947 = ORIENTED_EDGE ( 'NONE', *, *, #10275, .F. ) ;
#5948 = CARTESIAN_POINT ( 'NONE',  ( -5.000000000000000000, 70.90000000000000568, 25.50000000000000000 ) ) ;
#5949 = VERTEX_POINT ( 'NONE', #7810 ) ;
#5950 = VECTOR ( 'NONE', #10033, 1000.000000000000000 ) ;
#5951 = ORIENTED_EDGE ( 'NONE', *, *, #4353, .T. ) ;
#5952 = DIRECTION ( 'NONE',  ( 0.000000000000000000, -1.000000000000000000, 0.000000000000000000 ) ) ;
#5953 = ORIENTED_EDGE ( 'NONE', *, *, #8116, .T. ) ;
#5954 = PRODUCT_DEFINITION_SHAPE ( 'NONE', 'NONE',  #10336 ) ;
#5955 = DIRECTION ( 'NONE',  ( 0.000000000000000000, -1.000000000000000000, 0.000000000000000000 ) ) ;
#5956 = ADVANCED_FACE ( 'NONE', ( #7761 ), #9217, .T. ) ;
#5957 =( NAMED_UNIT ( * ) PLANE_ANGLE_UNIT ( ) SI_UNIT ( $, .RADIAN. ) );
#5958 = DIRECTION ( 'NONE',  ( 1.000000000000000000, 0.000000000000000000, 0.000000000000000000 ) ) ;
#5959 = LINE ( 'NONE', #9037, #4107 ) ;
#5960 = ORIENTED_EDGE ( 'NONE', *, *, #7795, .T. ) ;
#5961 = DIRECTION ( 'NONE',  ( 0.000000000000000000, -1.000000000000000000, 0.000000000000000000 ) ) ;
#5962 = VERTEX_POINT ( 'NONE', #446 ) ;
#5963 = CYLINDRICAL_SURFACE ( 'NONE', #6208, 9.999999999999994671 ) ;
#5964 = APPLICATION_CONTEXT ( 'automotive_design' ) ;
#5965 = DIRECTION ( 'NONE',  ( -1.000000000000000000, 0.000000000000000000, -2.602085213965209656E-16 ) ) ;
#5966 = LINE ( 'NONE', #9099, #4540 ) ;
#5967 = EDGE_CURVE ( 'NONE', #4596, #1790, #5789, .T. ) ;
#5968 = DIRECTION ( 'NONE',  ( -0.2644732620533329914, 0.000000000000000000, 0.9643930182549379504 ) ) ;
#5969 = ADVANCED_FACE ( 'NONE', ( #1388 ), #8374, .F. ) ;
#5970 = CARTESIAN_POINT ( 'NONE',  ( -5.000000000000000000, 7.500000000000000000, 21.75000000000000000 ) ) ;
#5971 = ORIENTED_EDGE ( 'NONE', *, *, #3870, .F. ) ;
#5972 = VERTEX_POINT ( 'NONE', #5341 ) ;
#5973 = VERTEX_POINT ( 'NONE', #4525 ) ;
#5974 = DIRECTION ( 'NONE',  ( 0.000000000000000000, 0.000000000000000000, -1.000000000000000000 ) ) ;
#5975 = LINE ( 'NONE', #8416, #3715 ) ;#5976 = AXIS2_PLACEMENT_3D ( 'NONE', #4896, #8088, #934 ) ;
#5977 = FACE_OUTER_BOUND ( 'NONE', #9375, .T. ) ;
#5978 = CARTESIAN_POINT ( 'NONE',  ( 58.67999999999999972, 5.000000000000000000, 2.250000000000000000 ) ) ;
#5979 = EDGE_CURVE ( 'NONE', #6700, #8753, #10052, .T. ) ;
#5980 = CARTESIAN_POINT ( 'NONE',  ( 6.735557395310442023E-16, 57.00000000000000000, 5.500000000000000000 ) ) ;
#5981 = CARTESIAN_POINT ( 'NONE',  ( -48.89087296526020054, -83.89087296526010107, -25.00000000000000000 ) ) ;
#5982 = EDGE_LOOP ( 'NONE', ( #8149, #3962, #4853, #7976 ) ) ;
#5983 = VERTEX_POINT ( 'NONE', #5288 ) ;
#5984 = CARTESIAN_POINT ( 'NONE',  ( 96.67003710817799345, 95.00000000000000000, -93.45117771904560300 ) ) ;
#5985 = VERTEX_POINT ( 'NONE', #4578 ) ;
#5986 = DIRECTION ( 'NONE',  ( 0.000000000000000000, 0.000000000000000000, 1.000000000000000000 ) ) ;
#5987 = DIRECTION ( 'NONE',  ( 0.000000000000000000, -1.000000000000000000, 0.000000000000000000 ) ) ;
#5988 = ADVANCED_FACE ( 'NONE', ( #2066, #7649 ), #8475, .F. ) ;
#5989 = CARTESIAN_POINT ( 'NONE',  ( 63.94170910735159907, 5.000000000000000000, -99.05349224005480835 ) ) ;
#5990 = LINE ( 'NONE', #3811, #6191 ) ;
#5991 = AXIS2_PLACEMENT_3D ( 'NONE', #6610, #329, #3488 ) ;
#5992 = EDGE_LOOP ( 'NONE', ( #4929, #1764, #2559, #5580 ) ) ;
#5993 = LINE ( 'NONE', #7508, #1101 ) ;
#5994 = VERTEX_POINT ( 'NONE', #3805 ) ;
#5995 = EDGE_LOOP ( 'NONE', ( #10010, #8309, #9028, #552 ) ) ;
#5996 = ORIENTED_EDGE ( 'NONE', *, *, #3339, .T. ) ;
#5997 = DIRECTION ( 'NONE',  ( 0.4141393648650378845, 0.4141393648650363857, -0.8105412839198057329 ) ) ;
#5998 =( NAMED_UNIT ( * ) SI_UNIT ( $, .STERADIAN. ) SOLID_ANGLE_UNIT ( ) );
#5999 = CARTESIAN_POINT ( 'NONE',  ( -26.24777966571249976, -61.24777966571249976, -11.00000000000000000 ) ) ;
#6000 = CARTESIAN_POINT ( 'NONE',  ( -15.51771948742470109, 0.000000000000000000, 21.78844835938494739 ) ) ;
#6001 = ORIENTED_EDGE ( 'NONE', *, *, #3252, .F. ) ;
#6002 = AXIS2_PLACEMENT_3D ( 'NONE', #6007, #6111, #2100 ) ;
#6003 = DIRECTION ( 'NONE',  ( 1.000000000000000000, 0.000000000000000000, 1.700709290173339793E-17 ) ) ;
#6004 = VERTEX_POINT ( 'NONE', #8427 ) ;
#6005 = ADVANCED_FACE ( 'NONE', ( #6981, #6133 ), #1282, .F. ) ;
#6006 = FACE_OUTER_BOUND ( 'NONE', #3466, .T. ) ;
#6007 = CARTESIAN_POINT ( 'NONE',  ( 0.000000000000000000, 5.000000000000000000, 0.000000000000000000 ) ) ;
#6008 = AXIS2_PLACEMENT_3D ( 'NONE', #5930, #9945, #2514 ) ;
#6009 = CARTESIAN_POINT ( 'NONE',  ( -2.500000000000000000, 63.39999999999999858, 21.75000000000000000 ) ) ;
#6010 = CARTESIAN_POINT ( 'NONE',  ( -4.653721820859911595, 70.00725151701024629, -1.660833245891869758 ) ) ;
#6011 = CARTESIAN_POINT ( 'NONE',  ( -20.98969858723280169, 0.000000000000000000, -5.229422174922490285 ) ) ;
#6012 = EDGE_LOOP ( 'NONE', ( #4017, #8010, #3462, #5552, #5233, #7150, #9485 ) ) ;
#6013 = ORIENTED_EDGE ( 'NONE', *, *, #5879, .T. ) ;
#6014 = CIRCLE ( 'NONE', #4359, 9.999999999999994671 ) ;
#6015 = ADVANCED_FACE ( 'NONE', ( #6239, #10154, #3080, #3017, #3854 ), #9377, .T. ) ;
#6016 = DIRECTION ( 'NONE',  ( -1.000000000000000000, 0.000000000000000000, 0.000000000000000000 ) ) ;
#6017 = FACE_OUTER_BOUND ( 'NONE', #4434, .T. ) ;
#6018 = DIRECTION ( 'NONE',  ( 0.8349199897369937728, 3.440669451303884146E-22, -0.5503713389499659270 ) ) ;
#6019 = VECTOR ( 'NONE', #6138, 1000.000000000000000 ) ;
#6020 = CARTESIAN_POINT ( 'NONE',  ( 0.000000000000000000, 5.000000000000000000, 0.000000000000000000 ) ) ;
#6021 = CARTESIAN_POINT ( 'NONE',  ( -10.00000000000000000, -15.00000000000000000, -16.00000000000000000 ) ) ;
#6022 = VECTOR ( 'NONE', #253, 1000.000000000000000 ) ;
#6023 = DIRECTION ( 'NONE',  ( -0.7071067811865485719, -0.7071067811865464625, 0.000000000000000000 ) ) ;
#6024 = CARTESIAN_POINT ( 'NONE',  ( -2.500000000000000000, 7.500000000000000000, 21.75000000000000000 ) ) ;
#6025 = VERTEX_POINT ( 'NONE', #7032 ) ;
#6026 = PRODUCT ( 'Coupler_Link-1', 'Coupler_Link-1', '', ( #1580 ) ) ;
#6027 = VERTEX_POINT ( 'NONE', #10208 ) ;
#6028 = CARTESIAN_POINT ( 'NONE',  ( 0.000000000000000000, 0.000000000000000000, 0.000000000000000000 ) ) ;
#6029 = EDGE_CURVE ( 'NONE', #8873, #1495, #9427, .T. ) ;
#6030 = ORIENTED_EDGE ( 'NONE', *, *, #7638, .T. ) ;
#6031 = CLOSED_SHELL ( 'NONE', ( #8234, #4339, #1976, #5061, #9102, #226, #5801, #833, #7318, #97, #8948, #3173, #9214, #8834, #3196, #3441, #591, #5629, #7182, #5617, #7132, #9361, #1981, #8194, #3615, #4621, #6268, #5075, #5393, #4711, #3137, #5142, #6594 ) ) ;
#6032 = VECTOR ( 'NONE', #8640, 1000.000000000000000 ) ;
#6033 = EDGE_CURVE ( 'NONE', #6753, #2739, #1940, .T. ) ;
#6034 = FACE_OUTER_BOUND ( 'NONE', #5607, .T. ) ;
#6035 = DIRECTION ( 'NONE',  ( 0.000000000000000000, 0.000000000000000000, -1.000000000000000000 ) ) ;
#6036 = CYLINDRICAL_SURFACE ( 'NONE', #3062, 10.00000000000000000 ) ;
#6037 = CARTESIAN_POINT ( 'NONE',  ( -10.00000000000000000, 47.50000000000000000, -28.54374205374395146 ) ) ;
#6038 = AXIS2_PLACEMENT_3D ( 'NONE', #2218, #8674, #10250 ) ;
#6039 = DIRECTION ( 'NONE',  ( 0.000000000000000000, 0.000000000000000000, 1.000000000000000000 ) ) ;
#6040 = ORIENTED_EDGE ( 'NONE', *, *, #5800, .F. ) ;
#6041 = DIRECTION ( 'NONE',  ( -1.000000000000000000, 0.000000000000000000, 0.000000000000000000 ) ) ;
#6042 = VERTEX_POINT ( 'NONE', #3961 ) ;
#6043 = ORIENTED_EDGE ( 'NONE', *, *, #6347, .F. ) ;
#6044 = CARTESIAN_POINT ( 'NONE',  ( 30.31344247896045019, 34.67986544671985172, -120.2803298308827920 ) ) ;
#6045 = EDGE_LOOP ( 'NONE', ( #6577, #256, #1635, #3894 ) ) ;
#6046 = EDGE_CURVE ( 'NONE', #4399, #3636, #5498, .T. ) ;
#6047 = EDGE_CURVE ( 'NONE', #1342, #4789, #71, .T. ) ;
#6048 = FACE_OUTER_BOUND ( 'NONE', #6718, .T. ) ;
#6049 = CARTESIAN_POINT ( 'NONE',  ( -41.81980515339470372, -90.96194077712559078, -25.00000000000000000 ) ) ;
#6050 = LINE ( 'NONE', #6101, #6738 ) ;
#6051 = ORIENTED_EDGE ( 'NONE', *, *, #5481, .T. ) ;
#6052 = DIRECTION ( 'NONE',  ( -0.7071067811865470176, 0.7071067811865480168, -1.577021341797100025E-16 ) ) ;
#6053 = ORIENTED_EDGE ( 'NONE', *, *, #4426, .T. ) ;
#6054 = DIRECTION ( 'NONE',  ( 0.000000000000000000, 1.000000000000000000, 0.000000000000000000 ) ) ;
#6055 = ORIENTED_EDGE ( 'NONE', *, *, #9346, .F. ) ;
#6056 = COLOUR_RGB ( '',0.7921568627450980005, 0.8196078431372548767, 0.9333333333333333481 ) ;
#6057 = CARTESIAN_POINT ( 'NONE',  ( -44.06980515339470372, -90.96194077712559078, 15.00000000000000000 ) ) ;
#6058 = ADVANCED_FACE ( 'NONE', ( #7234 ), #6448, .F. ) ;
#6059 = DIRECTION ( 'NONE',  ( 1.734723475976810053E-15, 1.734723475976805122E-15, -1.000000000000000000 ) ) ;
#6060 = CARTESIAN_POINT ( 'NONE',  ( -67.07925725763350044, 95.00000000000000000, -84.99047725517949914 ) ) ;
#6061 = DIRECTION ( 'NONE',  ( -1.000000000000000000, 0.000000000000000000, 0.000000000000000000 ) ) ;
#6062 = DIRECTION ( 'NONE',  ( 0.000000000000000000, 1.000000000000000000, 0.000000000000000000 ) ) ;
#6063 = EDGE_CURVE ( 'NONE', #2710, #700, #8439, .T. ) ;
#6064 = DIRECTION ( 'NONE',  ( 0.000000000000000000, 0.000000000000000000, 1.000000000000000000 ) ) ;
#6065 = VERTEX_POINT ( 'NONE', #10309 ) ;
#6066 = VECTOR ( 'NONE', #5206, 1000.000000000000000 ) ;
#6067 = FACE_BOUND ( 'NONE', #7788, .T. ) ;
#6068 = EDGE_LOOP ( 'NONE', ( #687, #8135 ) ) ;
#6069 = EDGE_LOOP ( 'NONE', ( #8308, #588, #930, #1623, #2814, #6217, #1548, #9402, #458, #5996, #3775, #193, #6767, #3309, #306, #2612, #887, #2580 ) ) ;
#6070 = AXIS2_PLACEMENT_3D ( 'NONE', #9655, #5680, #4698 ) ;
#6071 = DIRECTION ( 'NONE',  ( 0.000000000000000000, -1.000000000000000000, 0.000000000000000000 ) ) ;
#6072 = CARTESIAN_POINT ( 'NONE',  ( -5.000000000000000000, 70.72842712474620441, -0.5000000000000000000 ) ) ;
#6073 = DIRECTION ( 'NONE',  ( 1.000000000000000000, 0.000000000000000000, 0.000000000000000000 ) ) ;
#6074 = AXIS2_PLACEMENT_3D ( 'NONE', #9894, #10047, #2121 ) ;
#6075 = CARTESIAN_POINT ( 'NONE',  ( 5.000000000000000000, 3.500000000000000000, 6.000000000000000000 ) ) ;
#6076 = EDGE_CURVE ( 'NONE', #6108, #1240, #4948, .T. ) ;
#6077 = CARTESIAN_POINT ( 'NONE',  ( -65.00000000000000000, 95.00000000000000000, -112.1326873879138049 ) ) ;
#6078 = CARTESIAN_POINT ( 'NONE',  ( -142.2579957929710019, 85.00000000000000000, -76.93469513467040599 ) ) ;
#6079 = ORIENTED_EDGE ( 'NONE', *, *, #9016, .T. ) ;
#6080 = VERTEX_POINT ( 'NONE', #2385 ) ;
#6081 = VECTOR ( 'NONE', #6302, 1000.000000000000000 ) ;
#6082 = CIRCLE ( 'NONE', #6923, 5.000000000000000888 ) ;
#6083 = LINE ( 'NONE', #7598, #5438 ) ;
#6084 = VERTEX_POINT ( 'NONE', #3176 ) ;
#6085 = CARTESIAN_POINT ( 'NONE',  ( 5.000000000000000000, 3.500000000000000000, 17.00000000000000000 ) ) ;
#6086 = DIRECTION ( 'NONE',  ( 0.000000000000000000, 0.000000000000000000, 1.000000000000000000 ) ) ;
#6087 = EDGE_CURVE ( 'NONE', #1776, #8177, #1114, .T. ) ;
#6088 = CARTESIAN_POINT ( 'NONE',  ( 9.184850993605147944E-16, 0.000000000000000000, 7.500000000000000000 ) ) ;
#6089 = EDGE_CURVE ( 'NONE', #3695, #5973, #6622, .T. ) ;
#6090 = VERTEX_POINT ( 'NONE', #3908 ) ;
#6091 = CARTESIAN_POINT ( 'NONE',  ( 65.00000000000000000, 95.00000000000000000, -120.2793298308828014 ) ) ;
#6092 = VERTEX_POINT ( 'NONE', #1587 ) ;
#6093 = ORIENTED_EDGE ( 'NONE', *, *, #120, .T. ) ;
#6094 = EDGE_LOOP ( 'NONE', ( #2067, #4796 ) ) ;
#6095 = COLOUR_RGB ( '',0.7921568627450980005, 0.8196078431372548767, 0.9333333333333333481 ) ;
#6096 = CIRCLE ( 'NONE', #9940, 2.999999999999999112 ) ;
#6097 = DIRECTION ( 'NONE',  ( 0.000000000000000000, 0.000000000000000000, -1.000000000000000000 ) ) ;
#6098 = EDGE_CURVE ( 'NONE', #4907, #6802, #3229, .T. ) ;
#6099 = CARTESIAN_POINT ( 'NONE',  ( 0.000000000000000000, 18.00000000000000000, 0.000000000000000000 ) ) ;
#6100 = AXIS2_PLACEMENT_3D ( 'NONE', #7874, #2082, #5300 ) ;
#6101 = CARTESIAN_POINT ( 'NONE',  ( -63.94170910735129354, 90.00000000000000000, -99.05349224005489361 ) ) ;
#6102 = VECTOR ( 'NONE', #4071, 1000.000000000000000 ) ;
#6103 = EDGE_CURVE ( 'NONE', #8787, #8334, #4823, .T. ) ;
#6104 = ORIENTED_EDGE ( 'NONE', *, *, #7257, .T. ) ;
#6105 = LINE ( 'NONE', #7058, #9601 ) ;
#6106 = EDGE_LOOP ( 'NONE', ( #7720, #2674, #1575, #1146 ) ) ;
#6107 = DIRECTION ( 'NONE',  ( 1.000000000000000000, 7.703719777548939991E-34, 1.264933817329265970E-17 ) ) ;
#6108 = VERTEX_POINT ( 'NONE', #8734 ) ;
#6109 = EDGE_CURVE ( 'NONE', #3813, #673, #4777, .T. ) ;
#6110 = VECTOR ( 'NONE', #704, 1000.000000000000000 ) ;
#6111 = DIRECTION ( 'NONE',  ( 0.000000000000000000, 1.000000000000000000, 0.000000000000000000 ) ) ;
#6112 = CARTESIAN_POINT ( 'NONE',  ( 0.000000000000000000, 57.00000000000000000, 0.000000000000000000 ) ) ;
#6113 = EDGE_CURVE ( 'NONE', #9501, #5962, #6291, .T. ) ;
#6114 = CARTESIAN_POINT ( 'NONE',  ( 4.332851387010889788, 0.000000000000000000, -97.29470861319070707 ) ) ;
#6115 =( GEOMETRIC_REPRESENTATION_CONTEXT ( 3 ) GLOBAL_UNCERTAINTY_ASSIGNED_CONTEXT ( ( #6271 ) ) GLOBAL_UNIT_ASSIGNED_CONTEXT ( ( #5153, #5957, #5905 ) ) REPRESENTATION_CONTEXT ( 'NONE', 'WORKASPACE' ) );
#6116 = CARTESIAN_POINT ( 'NONE',  ( 15.50000000000000000, 8.500000000000000000, 17.00000000000000000 ) ) ;
#6117 = LINE ( 'NONE', #8510, #6591 ) ;
#6118 = EDGE_LOOP ( 'NONE', ( #8502, #8375, #2779, #2599 ) ) ;
#6119 = CARTESIAN_POINT ( 'NONE',  ( -30.38298617678109892, -65.38298617678108826, -11.09330355699791859 ) ) ;
#6120 = ORIENTED_EDGE ( 'NONE', *, *, #9728, .F. ) ;
#6121 = ORIENTED_EDGE ( 'NONE', *, *, #7554, .F. ) ;
#6122 = EDGE_CURVE ( 'NONE', #4833, #5647, #2119, .T. ) ;
#6123 = COLOUR_RGB ( '',0.7921568627450980005, 0.8196078431372548767, 0.9333333333333333481 ) ;
#6124 = CARTESIAN_POINT ( 'NONE',  ( -3.250000000000000000, 3.980102097228897738E-16, 20.00000000000000000 ) ) ;
#6125 = DIRECTION ( 'NONE',  ( 0.000000000000000000, 0.000000000000000000, 1.000000000000000000 ) ) ;
#6126 = DIRECTION ( 'NONE',  ( 1.000000000000000000, 0.000000000000000000, 0.000000000000000000 ) ) ;
#6127 = DIRECTION ( 'NONE',  ( -0.7071067811865489050, -0.7071067811865461294, 0.000000000000000000 ) ) ;
#6128 = CARTESIAN_POINT ( 'NONE',  ( -5.204170427930419706E-15, 10.00000000000000000, -16.00000000000000000 ) ) ;
#6129 = DIRECTION ( 'NONE',  ( 0.000000000000000000, -1.000000000000000000, 0.000000000000000000 ) ) ;
#6130 = DIRECTION ( 'NONE',  ( -1.000000000000000000, 0.000000000000000000, 1.700709290173339793E-17 ) ) ;
#6131 = EDGE_LOOP ( 'NONE', ( #6643, #7231, #804, #1847 ) ) ;
#6132 = ORIENTED_EDGE ( 'NONE', *, *, #7146, .T. ) ;
#6133 = FACE_OUTER_BOUND ( 'NONE', #9296, .T. ) ;
#6134 = ORIENTED_EDGE ( 'NONE', *, *, #3824, .T. ) ;
#6135 = ADVANCED_FACE ( 'NONE', ( #4007 ), #8788, .T. ) ;
#6136 = AXIS2_PLACEMENT_3D ( 'NONE', #2897, #6062, #9250 ) ;
#6137 = CARTESIAN_POINT ( 'NONE',  ( 10.00000000000000000, 0.000000000000000000, -5.196013828848719098E-14 ) ) ;
#6138 = DIRECTION ( 'NONE',  ( 0.000000000000000000, -1.000000000000000000, 0.000000000000000000 ) ) ;
#6139 =( LENGTH_UNIT ( ) NAMED_UNIT ( * ) SI_UNIT ( .MILLI., .METRE. ) );
#6140 = FILL_AREA_STYLE_COLOUR ( '', #889 ) ;
#6141 = DIRECTION ( 'NONE',  ( 0.000000000000000000, -1.000000000000000000, 0.000000000000000000 ) ) ;
#6142 = ORIENTED_EDGE ( 'NONE', *, *, #2801, .T. ) ;
#6143 = LINE ( 'NONE', #6091, #7111 ) ;
#6144 = ORIENTED_EDGE ( 'NONE', *, *, #1666, .T. ) ;
#6145 = DIRECTION ( 'NONE',  ( 0.000000000000000000, 1.000000000000000000, 0.000000000000000000 ) ) ;
#6146 = ORIENTED_EDGE ( 'NONE', *, *, #7718, .F. ) ;
#6147 = CARTESIAN_POINT ( 'NONE',  ( -85.36863799491800364, 85.00000000000000000, -96.77829855763729938 ) ) ;
#6148 = ORIENTED_EDGE ( 'NONE', *, *, #4283, .F. ) ;
#6149 = EDGE_CURVE ( 'NONE', #1240, #6108, #3629, .T. ) ;
#6150 = PRODUCT_DEFINITION ( 'UNKNOWN', '', #9732, #5533 ) ;
#6151 = CARTESIAN_POINT ( 'NONE',  ( -51.81980515339469662, -90.96194077712551973, 23.00000000000000355 ) ) ;
#6152 = DIRECTION ( 'NONE',  ( -1.000000000000000000, 0.000000000000000000, 1.734723475976804629E-17 ) ) ;
#6153 = CARTESIAN_POINT ( 'NONE',  ( 5.000000000000000000, 18.00000000000000000, -105.0000000000000142 ) ) ;
#6154 = ORIENTED_EDGE ( 'NONE', *, *, #5787, .T. ) ;
#6155 = LINE ( 'NONE', #9340, #8756 ) ;
#6156 = ORIENTED_EDGE ( 'NONE', *, *, #4570, .T. ) ;
#6157 = VERTEX_POINT ( 'NONE', #9408 ) ;
#6158 = CARTESIAN_POINT ( 'NONE',  ( 65.00000000000000000, 10.00000000000000000, -112.1326873879138049 ) ) ;
#6159 = EDGE_LOOP ( 'NONE', ( #10286, #4640 ) ) ;
#6160 = VECTOR ( 'NONE', #3068, 1000.000000000000000 ) ;
#6161 = ADVANCED_FACE ( 'NONE', ( #3837 ), #637, .F. ) ;
#6162 = EDGE_CURVE ( 'NONE', #8999, #7232, #3133, .T. ) ;
#6163 = LINE ( 'NONE', #10183, #7344 ) ;
#6164 = SURFACE_STYLE_FILL_AREA ( #10080 ) ;
#6165 = CARTESIAN_POINT ( 'NONE',  ( 0.1780349087250469864, 0.000000000000000000, -101.3223663102657923 ) ) ;
#6166 = CARTESIAN_POINT ( 'NONE',  ( 0.000000000000000000, 0.000000000000000000, -6.500000000000000000 ) ) ;
#6167 = AXIS2_PLACEMENT_3D ( 'NONE', #3367, #5007, #6636 ) ;
#6168 = CYLINDRICAL_SURFACE ( 'NONE', #8248, 3.000000000000000000 ) ;
#6169 = ORIENTED_EDGE ( 'NONE', *, *, #6463, .T. ) ;
#6170 = CARTESIAN_POINT ( 'NONE',  ( 2.500000000000000000, 70.90000000000000568, 0.000000000000000000 ) ) ;
#6171 = ORIENTED_EDGE ( 'NONE', *, *, #971, .T. ) ;
#6172 = VERTEX_POINT ( 'NONE', #3786 ) ;
#6173 = AXIS2_PLACEMENT_3D ( 'NONE', #4245, #5955, #4911 ) ;
#6174 = EDGE_CURVE ( 'NONE', #1329, #6673, #7014, .T. ) ;
#6175 = CYLINDRICAL_SURFACE ( 'NONE', #3575, 2.250000000000000444 ) ;
#6176 = DIRECTION ( 'NONE',  ( 0.000000000000000000, 0.000000000000000000, 1.000000000000000000 ) ) ;
#6177 = CARTESIAN_POINT ( 'NONE',  ( -113.4593093142052140, 19.50000000000000000, -113.8925828918420109 ) ) ;
#6178 = DIRECTION ( 'NONE',  ( -0.000000000000000000, -1.000000000000000000, -0.000000000000000000 ) ) ;
#6179 = CARTESIAN_POINT ( 'NONE',  ( -3.000000000000000000, 3.000000000000000000, -2.500000000000000000 ) ) ;
#6180 = CIRCLE ( 'NONE', #7517, 10.00000000000000178 ) ;
#6181 = CYLINDRICAL_SURFACE ( 'NONE', #4060, 5.000000000000004441 ) ;
#6182 = LINE ( 'NONE', #10253, #6241 ) ;
#6183 = CIRCLE ( 'NONE', #8342, 2.000000000000000000 ) ;
#6184 = VERTEX_POINT ( 'NONE', #10187 ) ;
#6185 = ORIENTED_EDGE ( 'NONE', *, *, #2289, .F. ) ;
#6186 = DIRECTION ( 'NONE',  ( 0.000000000000000000, 1.000000000000000000, 0.000000000000000000 ) ) ;
#6187 = VERTEX_POINT ( 'NONE', #1465 ) ;
#6188 = VECTOR ( 'NONE', #3135, 1000.000000000000000 ) ;
#6189 = DIRECTION ( 'NONE',  ( -2.775557561562892929E-15, 0.000000000000000000, 1.000000000000000000 ) ) ;
#6190 = CARTESIAN_POINT ( 'NONE',  ( -2.250000000000004885, 10.00000000000000000, 0.000000000000000000 ) ) ;
#6191 = VECTOR ( 'NONE', #6933, 1000.000000000000000 ) ;
#6192 = EDGE_CURVE ( 'NONE', #6187, #8710, #3058, .T. ) ;
#6193 = FACE_OUTER_BOUND ( 'NONE', #3253, .T. ) ;
#6194 = AXIS2_PLACEMENT_3D ( 'NONE', #8266, #3687, #6806 ) ;
#6195 = EDGE_CURVE ( 'NONE', #4396, #854, #8508, .T. ) ;
#6196 = ORIENTED_EDGE ( 'NONE', *, *, #168, .T. ) ;
#6197 = CARTESIAN_POINT ( 'NONE',  ( -64.46620431643840732, 0.000000000000000000, -110.1405347760014024 ) ) ;
#6198 = EDGE_LOOP ( 'NONE', ( #5099, #1615, #9763, #8229, #4163, #420, #8681, #5673 ) ) ;
#6199 = CARTESIAN_POINT ( 'NONE',  ( -10.00000000000000000, 12.50000000000000000, -5.000000000000000000 ) ) ;
#6200 = CIRCLE ( 'NONE', #1360, 3.250000000000000000 ) ;
#6201 = ORIENTED_EDGE ( 'NONE', *, *, #9452, .T. ) ;
#6202 = AXIS2_PLACEMENT_3D ( 'NONE', #9666, #5592, #839 ) ;
#6203 = DIRECTION ( 'NONE',  ( 1.000000000000000000, -1.387778780781445478E-15, 0.000000000000000000 ) ) ;
#6204 = ORIENTED_EDGE ( 'NONE', *, *, #9231, .T. ) ;
#6205 = AXIS2_PLACEMENT_3D ( 'NONE', #2101, #474, #5165 ) ;
#6206 = AXIS2_PLACEMENT_3D ( 'NONE', #2568, #5677, #3353 ) ;
#6207 = DIRECTION ( 'NONE',  ( 0.000000000000000000, 0.000000000000000000, 1.000000000000000000 ) ) ;
#6208 = AXIS2_PLACEMENT_3D ( 'NONE', #3147, #6255, #1500 ) ;
#6209 = DIRECTION ( 'NONE',  ( 0.000000000000000000, -1.000000000000000000, 0.000000000000000000 ) ) ;
#6210 = EDGE_CURVE ( 'NONE', #1235, #9541, #8950, .T. ) ;
#6211 = ORIENTED_EDGE ( 'NONE', *, *, #6149, .F. ) ;
#6212 = DIRECTION ( 'NONE',  ( -0.7071067811865480168, -0.7071067811865470176, 0.000000000000000000 ) ) ;
#6213 = EDGE_LOOP ( 'NONE', ( #1385, #7884, #4598, #2924 ) ) ;
#6214 = EDGE_LOOP ( 'NONE', ( #7928, #8554, #4608, #615, #9464 ) ) ;
#6215 = VECTOR ( 'NONE', #6901, 1000.000000000000000 ) ;
#6216 = CARTESIAN_POINT ( 'NONE',  ( -39.56980515339469662, -90.96194077712559078, -33.00000000000000000 ) ) ;
#6217 = ORIENTED_EDGE ( 'NONE', *, *, #1478, .T. ) ;
#6218 = LINE ( 'NONE', #5428, #832 ) ;
#6219 = CYLINDRICAL_SURFACE ( 'NONE', #2046, 2.999999999999999112 ) ;
#6220 = FACE_OUTER_BOUND ( 'NONE', #6536, .T. ) ;
#6221 = CARTESIAN_POINT ( 'NONE',  ( 30.31344247896005228, 54.67986544671990146, -120.2803298308827920 ) ) ;
#6222 = ORIENTED_EDGE ( 'NONE', *, *, #2671, .T. ) ;
#6223 = EDGE_CURVE ( 'NONE', #7700, #5135, #7956, .T. ) ;
#6224 = DIRECTION ( 'NONE',  ( 0.000000000000000000, 1.000000000000000000, 0.000000000000000000 ) ) ;
#6225 = ORIENTED_EDGE ( 'NONE', *, *, #3370, .F. ) ;
#6226 = CARTESIAN_POINT ( 'NONE',  ( -2.500000000000000000, 1.500000000000000000, 0.000000000000000000 ) ) ;
#6227 = ORIENTED_EDGE ( 'NONE', *, *, #4910, .T. ) ;
#6228 = EDGE_CURVE ( 'NONE', #7523, #4651, #2105, .T. ) ;
#6229 = EDGE_LOOP ( 'NONE', ( #2452, #4186, #893, #4840, #9750, #3905, #782, #1480 ) ) ;
#6230 = VECTOR ( 'NONE', #545, 1000.000000000000000 ) ;
#6231 = DIRECTION ( 'NONE',  ( -1.734723475976804876E-16, 1.000000000000000000, 0.000000000000000000 ) ) ;
#6232 = DIRECTION ( 'NONE',  ( 0.7071067811865484609, 0.7071067811865466846, 0.000000000000000000 ) ) ;
#6233 = FACE_OUTER_BOUND ( 'NONE', #5992, .T. ) ;
#6234 = CIRCLE ( 'NONE', #2922, 2.250000000000000000 ) ;
#6235 = FACE_OUTER_BOUND ( 'NONE', #7414, .T. ) ;
#6236 = ORIENTED_EDGE ( 'NONE', *, *, #5389, .F. ) ;
#6237 = ADVANCED_FACE ( 'NONE', ( #2998, #5432 ), #4504, .T. ) ;
#6238 = ORIENTED_EDGE ( 'NONE', *, *, #7084, .T. ) ;
#6239 = FACE_BOUND ( 'NONE', #6292, .T. ) ;
#6240 = VERTEX_POINT ( 'NONE', #2207 ) ;
#6241 = VECTOR ( 'NONE', #6287, 1000.000000000000000 ) ;
#6242 = PLANE ( 'NONE',  #462 ) ;
#6243 = DIRECTION ( 'NONE',  ( 0.000000000000000000, 1.000000000000000000, -2.230244969721269233E-16 ) ) ;
#6244 = PLANE ( 'NONE',  #8222 ) ;
#6245 = PLANE ( 'NONE',  #3711 ) ;
#6246 = ORIENTED_EDGE ( 'NONE', *, *, #6122, .T. ) ;
#6247 = LINE ( 'NONE', #4684, #2954 ) ;
#6248 = ORIENTED_EDGE ( 'NONE', *, *, #7830, .F. ) ;
#6249 = DIRECTION ( 'NONE',  ( 0.000000000000000000, 1.000000000000000000, 0.000000000000000000 ) ) ;
#6250 = ORIENTED_EDGE ( 'NONE', *, *, #6428, .F. ) ;
#6251 =( NAMED_UNIT ( * ) SI_UNIT ( $, .STERADIAN. ) SOLID_ANGLE_UNIT ( ) );
#6252 = EDGE_LOOP ( 'NONE', ( #5101, #9912, #818, #1199 ) ) ;
#6253 = EDGE_CURVE ( 'NONE', #8291, #4408, #5378, .T. ) ;
#6254 = VECTOR ( 'NONE', #6054, 1000.000000000000000 ) ;
#6255 = DIRECTION ( 'NONE',  ( 0.000000000000000000, 1.000000000000000000, 0.000000000000000000 ) ) ;
#6256 = CIRCLE ( 'NONE', #3942, 10.00000000000000178 ) ;
#6257 = EDGE_CURVE ( 'NONE', #8487, #8927, #4623, .T. ) ;
#6258 = CARTESIAN_POINT ( 'NONE',  ( 35.00000000000000000, -5.500000000000000000, 10.00000000000000000 ) ) ;
#6259 = DIRECTION ( 'NONE',  ( 0.8337546385222528444, 0.000000000000000000, 0.5521351308716259121 ) ) ;
#6260 = EDGE_LOOP ( 'NONE', ( #4776, #2493, #7974, #5746 ) ) ;
#6261 = DIRECTION ( 'NONE',  ( -1.000000000000000000, 0.000000000000000000, 0.000000000000000000 ) ) ;
#6262 = VERTEX_POINT ( 'NONE', #6275 ) ;
#6263 = VECTOR ( 'NONE', #3465, 1000.000000000000114 ) ;
#6264 = CIRCLE ( 'NONE', #10101, 8.146642442969046272 ) ;
#6265 = ORIENTED_EDGE ( 'NONE', *, *, #7199, .T. ) ;
#6266 = DIRECTION ( 'NONE',  ( 1.387778780781445922E-16, -1.000000000000000000, 0.000000000000000000 ) ) ;
#6267 = ORIENTED_EDGE ( 'NONE', *, *, #9241, .F. ) ;
#6268 = ADVANCED_FACE ( 'NONE', ( #2313 ), #3677, .F. ) ;
#6269 = EDGE_CURVE ( 'NONE', #2136, #7457, #1262, .T. ) ;
#6270 = EDGE_CURVE ( 'NONE', #6678, #7898, #1632, .T. ) ;
#6271 = UNCERTAINTY_MEASURE_WITH_UNIT (LENGTH_MEASURE( 1.000000000000000082E-05 ), #5153, 'distance_accuracy_value', 'NONE');
#6272 = FACE_OUTER_BOUND ( 'NONE', #2858, .T. ) ;
#6273 = AXIS2_PLACEMENT_3D ( 'NONE', #7404, #4942, #3448 ) ;
#6274 = PLANE ( 'NONE',  #4046 ) ;
#6275 = CARTESIAN_POINT ( 'NONE',  ( -25.00000000000000000, 5.500000000000000000, 20.00000000000000000 ) ) ;
#6276 = CARTESIAN_POINT ( 'NONE',  ( 85.36863799491800364, 95.00000000000000000, -94.52829855763729938 ) ) ;
#6277 = EDGE_LOOP ( 'NONE', ( #6267, #351, #6156, #3668, #9953, #2824 ) ) ;
#6278 = CARTESIAN_POINT ( 'NONE',  ( 75.00000000000000000, 150.0000000000000000, 75.00000000000000000 ) ) ;
#6279 = VERTEX_POINT ( 'NONE', #1310 ) ;
#6280 = AXIS2_PLACEMENT_3D ( 'NONE', #6816, #4475, #2968 ) ;
#6281 = EDGE_CURVE ( 'NONE', #8279, #3804, #6644, .T. ) ;
#6282 = CARTESIAN_POINT ( 'NONE',  ( 46.58206385166879926, 95.00200000000000955, -54.03857957040010263 ) ) ;
#6283 = FACE_BOUND ( 'NONE', #7428, .T. ) ;
#6284 =( NAMED_UNIT ( * ) PLANE_ANGLE_UNIT ( ) SI_UNIT ( $, .RADIAN. ) );
#6285 = PRODUCT_RELATED_PRODUCT_CATEGORY ( 'part', '', ( #821 ) ) ;
#6286 = CARTESIAN_POINT ( 'NONE',  ( 15.50000000000000000, 70.90000000000000568, 0.5000000000000000000 ) ) ;
#6287 = DIRECTION ( 'NONE',  ( 0.000000000000000000, -1.000000000000000000, 0.000000000000000000 ) ) ;
#6288 = ORIENTED_EDGE ( 'NONE', *, *, #8973, .T. ) ;
#6289 = PRODUCT_DEFINITION_SHAPE ( 'NONE', 'NONE',  #10321 ) ;
#6290 = VERTEX_POINT ( 'NONE', #7200 ) ;
#6291 = LINE ( 'NONE', #10259, #3302 ) ;
#6292 = EDGE_LOOP ( 'NONE', ( #2179, #1625 ) ) ;
#6293 = EDGE_CURVE ( 'NONE', #45, #6675, #5810, .T. ) ;
#6294 = DIRECTION ( 'NONE',  ( -0.000000000000000000, -1.000000000000000000, -0.000000000000000000 ) ) ;
#6295 = CYLINDRICAL_SURFACE ( 'NONE', #695, 10.00000000000000178 ) ;
#6296 = ADVANCED_FACE ( 'NONE', ( #39 ), #7983, .T. ) ;
#6297 =( REPRESENTATION_RELATIONSHIP ('NONE','NONE', #8752, #7424 ) REPRESENTATION_RELATIONSHIP_WITH_TRANSFORMATION ( #4871 )SHAPE_REPRESENTATION_RELATIONSHIP( ) );
#6298 = SURFACE_STYLE_USAGE ( .BOTH. , #5502 ) ;
#6299 = VECTOR ( 'NONE', #3807, 1000.000000000000000 ) ;
#6300 = CARTESIAN_POINT ( 'NONE',  ( -2.500000000000000000, 55.89999999999999858, 23.99999999999999645 ) ) ;
#6301 = ORIENTED_EDGE ( 'NONE', *, *, #7580, .F. ) ;
#6302 = DIRECTION ( 'NONE',  ( 1.000000000000000000, -0.000000000000000000, -0.000000000000000000 ) ) ;
#6303 = ORIENTED_EDGE ( 'NONE', *, *, #3167, .T. ) ;
#6304 = DIRECTION ( 'NONE',  ( 0.000000000000000000, 1.000000000000000000, 0.000000000000000000 ) ) ;
#6305 = VERTEX_POINT ( 'NONE', #7251 ) ;
#6306 = CYLINDRICAL_SURFACE ( 'NONE', #5093, 9.999999999999994671 ) ;
#6307 = ORIENTED_EDGE ( 'NONE', *, *, #7651, .T. ) ;
#6308 = VECTOR ( 'NONE', #5139, 1000.000000000000000 ) ;
#6309 = FACE_BOUND ( 'NONE', #46, .T. ) ;
#6310 = CYLINDRICAL_SURFACE ( 'NONE', #7848, 2.250000000000000444 ) ;
#6311 = DIRECTION ( 'NONE',  ( 0.000000000000000000, 1.000000000000000000, 0.000000000000000000 ) ) ;
#6312 = ADVANCED_FACE ( 'NONE', ( #8138 ), #2567, .T. ) ;
#6313 = ORIENTED_EDGE ( 'NONE', *, *, #9598, .F. ) ;
#6314 = CARTESIAN_POINT ( 'NONE',  ( 75.00000000000000000, 150.0000000000000000, -75.00000000000000000 ) ) ;
#6315 = ORIENTED_EDGE ( 'NONE', *, *, #9136, .F. ) ;
#6316 = ORIENTED_EDGE ( 'NONE', *, *, #1862, .F. ) ;
#6317 = DIRECTION ( 'NONE',  ( 1.000000000000000000, 0.000000000000000000, 0.000000000000000000 ) ) ;
#6318 = VERTEX_POINT ( 'NONE', #7409 ) ;
#6319 = FACE_OUTER_BOUND ( 'NONE', #8250, .T. ) ;
#6320 = CARTESIAN_POINT ( 'NONE',  ( -37.48849769918444963, -72.48849769918439279, 15.00000000000000000 ) ) ;
#6321 = DIRECTION ( 'NONE',  ( -0.8660254037844383745, 0.000000000000000000, -0.5000000000000003331 ) ) ;
#6322 = LINE ( 'NONE', #7273, #418 ) ;
#6323 = VERTEX_POINT ( 'NONE', #92 ) ;
#6324 = VECTOR ( 'NONE', #10302, 1000.000000000000114 ) ;
#6325 = CARTESIAN_POINT ( 'NONE',  ( 53.68655752104000811, 95.00200000000000955, -28.54374205374395146 ) ) ;
#6326 = ORIENTED_EDGE ( 'NONE', *, *, #9224, .F. ) ;
#6327 = EDGE_CURVE ( 'NONE', #6350, #7797, #6465, .T. ) ;
#6328 = CARTESIAN_POINT ( 'NONE',  ( 15.50000000000000000, -12.50000000000000000, 2.418211663346639937E-16 ) ) ;
#6329 = VECTOR ( 'NONE', #8880, 1000.000000000000000 ) ;
#6330 = LINE ( 'NONE', #2321, #9538 ) ;
#6331 = APPLICATION_PROTOCOL_DEFINITION ( 'draft international standard', 'automotive_design', 1998, #7373 ) ;
#6332 = CARTESIAN_POINT ( 'NONE',  ( 0.000000000000000000, 0.000000000000000000, 0.000000000000000000 ) ) ;
#6333 = PLANE ( 'NONE',  #4591 ) ;
#6334 = EDGE_CURVE ( 'NONE', #5647, #4833, #2655, .T. ) ;
#6335 = ORIENTED_EDGE ( 'NONE', *, *, #2801, .F. ) ;
#6336 = ORIENTED_EDGE ( 'NONE', *, *, #1553, .T. ) ;
#6337 = AXIS2_PLACEMENT_3D ( 'NONE', #1773, #8142, #1218 ) ;
#6338 = DIRECTION ( 'NONE',  ( 0.000000000000000000, 0.000000000000000000, 1.000000000000000000 ) ) ;
#6339 = ORIENTED_EDGE ( 'NONE', *, *, #5016, .T. ) ;
#6340 = DIRECTION ( 'NONE',  ( 1.000000000000000000, 0.000000000000000000, 0.000000000000000000 ) ) ;
#6341 = DIRECTION ( 'NONE',  ( -7.703719777548939991E-34, 1.000000000000000000, -1.310178779456959930E-50 ) ) ;
#6342 = SHAPE_REPRESENTATION ( 'Jaw_Contact_Block_B-1', ( #5194 ), #7889 ) ;
#6343 = FACE_OUTER_BOUND ( 'NONE', #9593, .T. ) ;
#6344 = AXIS2_PLACEMENT_3D ( 'NONE', #7960, #909, #7176 ) ;
#6345 = LINE ( 'NONE', #4065, #8199 ) ;
#6346 = DIRECTION ( 'NONE',  ( 0.000000000000000000, -1.000000000000000000, 0.000000000000000000 ) ) ;
#6347 = EDGE_CURVE ( 'NONE', #8930, #9424, #1296, .T. ) ;
#6348 = ORIENTED_EDGE ( 'NONE', *, *, #7623, .F. ) ;
#6349 = DIRECTION ( 'NONE',  ( 0.000000000000000000, -1.000000000000000000, 0.000000000000000000 ) ) ;
#6350 = VERTEX_POINT ( 'NONE', #4131 ) ;
#6351 = CARTESIAN_POINT ( 'NONE',  ( -24.14213562373095101, -59.14213562373090127, 1.000000000000000000 ) ) ;
#6352 = VERTEX_POINT ( 'NONE', #1768 ) ;
#6353 = CARTESIAN_POINT ( 'NONE',  ( 63.25715662211379708, 95.00200000000000955, -42.99587695296754930 ) ) ;
#6355 = ORIENTED_EDGE ( 'NONE', *, *, #8268, .T. ) ;
#6354 = EDGE_CURVE ( 'NONE', #5854, #8567, #6413, .T. ) ;
#6356 = DIRECTION ( 'NONE',  ( 1.734723475976804876E-16, -1.000000000000000000, 0.000000000000000000 ) ) ;
#6357 = CYLINDRICAL_SURFACE ( 'NONE', #4, 7.500000000000000000 ) ;
#6358 = CIRCLE ( 'NONE', #6194, 2.249999999999998668 ) ;
#6359 = CLOSED_SHELL ( 'NONE', ( #10136, #297, #8125, #5254, #7861, #669 ) ) ;
#6360 = LINE ( 'NONE', #7056, #572 ) ;
#6361 = VECTOR ( 'NONE', #4912, 1000.000000000000000 ) ;
#6362 = AXIS2_PLACEMENT_3D ( 'NONE', #2450, #3861, #5505 ) ;
#6363 = CARTESIAN_POINT ( 'NONE',  ( 13.63988578096988036, 85.00000000000000000, -4.294065530670990505 ) ) ;
#6364 = ORIENTED_EDGE ( 'NONE', *, *, #9787, .T. ) ;
#6365 = ORIENTED_EDGE ( 'NONE', *, *, #2247, .F. ) ;
#6366 = DIRECTION ( 'NONE',  ( 0.000000000000000000, 0.000000000000000000, -1.000000000000000000 ) ) ;
#6367 = ORIENTED_EDGE ( 'NONE', *, *, #9838, .F. ) ;
#6368 = EDGE_CURVE ( 'NONE', #6084, #3415, #8144, .T. ) ;
#6369 = CIRCLE ( 'NONE', #9039, 9.999999999999996447 ) ;
#6370 = CIRCLE ( 'NONE', #201, 2.250000000000000000 ) ;
#6371 = EDGE_CURVE ( 'NONE', #9358, #10244, #8860, .T. ) ;
#6372 = CIRCLE ( 'NONE', #2201, 8.000000000000007105 ) ;
#6373 = UNCERTAINTY_MEASURE_WITH_UNIT (LENGTH_MEASURE( 1.000000000000000082E-05 ), #2018, 'distance_accuracy_value', 'NONE');
#6374 = DIRECTION ( 'NONE',  ( 0.000000000000000000, 1.000000000000000000, 0.000000000000000000 ) ) ;
#6375 = CARTESIAN_POINT ( 'NONE',  ( -19.68655752103954981, 34.67986544671985172, -42.59593772390965682 ) ) ;
#6376 = LINE ( 'NONE', #4760, #7901 ) ;
#6377 = VECTOR ( 'NONE', #3526, 1000.000000000000000 ) ;
#6378 = CARTESIAN_POINT ( 'NONE',  ( 75.00000000000000000, 0.000000000000000000, -75.00000000000000000 ) ) ;
#6379 = DIRECTION ( 'NONE',  ( -1.734723475976804876E-16, 1.000000000000000000, 0.000000000000000000 ) ) ;
#6380 = ORIENTED_EDGE ( 'NONE', *, *, #9504, .F. ) ;
#6381 = CIRCLE ( 'NONE', #9379, 8.146642442969046272 ) ;
#6382 = CARTESIAN_POINT ( 'NONE',  ( 0.000000000000000000, 0.000000000000000000, 0.000000000000000000 ) ) ;
#6383 = ORIENTED_EDGE ( 'NONE', *, *, #6564, .T. ) ;
#6384 = EDGE_CURVE ( 'NONE', #8042, #1495, #8181, .T. ) ;
#6385 = PLANE ( 'NONE',  #4500 ) ;
#6386 = FACE_OUTER_BOUND ( 'NONE', #8192, .T. ) ;
#6387 = APPLICATION_PROTOCOL_DEFINITION ( 'draft international standard', 'automotive_design', 1998, #8821 ) ;
#6388 = ADVANCED_FACE ( 'NONE', ( #5675 ), #1716, .T. ) ;
#6389 = DIRECTION ( 'NONE',  ( 0.000000000000000000, 1.000000000000000000, 0.000000000000000000 ) ) ;
#6390 = DIRECTION ( 'NONE',  ( 0.000000000000000000, 0.000000000000000000, -1.000000000000000000 ) ) ;
#6391 = VECTOR ( 'NONE', #4378, 1000.000000000000000 ) ;
#6392 = ORIENTED_EDGE ( 'NONE', *, *, #1427, .T. ) ;
#6393 = ORIENTED_EDGE ( 'NONE', *, *, #7841, .F. ) ;
#6394 = DIRECTION ( 'NONE',  ( 0.000000000000000000, 0.000000000000000000, 1.000000000000000000 ) ) ;
#6395 = DIRECTION ( 'NONE',  ( -1.734723475976804876E-16, 1.000000000000000000, 0.000000000000000000 ) ) ;
#6396 = ORIENTED_EDGE ( 'NONE', *, *, #200, .F. ) ;
#6397 = CARTESIAN_POINT ( 'NONE',  ( -2.500000000000000000, 7.500000000000000000, 21.75000000000000000 ) ) ;
#6398 = CARTESIAN_POINT ( 'NONE',  ( 5.000000000000000000, 0.000000000000000000, 25.50000000000000000 ) ) ;
#6399 =( NAMED_UNIT ( * ) SI_UNIT ( $, .STERADIAN. ) SOLID_ANGLE_UNIT ( ) );
#6400 = ADVANCED_FACE ( 'NONE', ( #144 ), #3352, .F. ) ;
#6401 = CARTESIAN_POINT ( 'NONE',  ( 0.000000000000000000, 3.000000000000000000, 0.5000000000000000000 ) ) ;
#6402 = CARTESIAN_POINT ( 'NONE',  ( -22.75000000000000355, -5.500000000000000000, 10.00000000000000000 ) ) ;
#6403 = CARTESIAN_POINT ( 'NONE',  ( -15.00000000000000000, -9.500000000000000000, 20.00000000000000000 ) ) ;
#6404 = ORIENTED_EDGE ( 'NONE', *, *, #10181, .T. ) ;
#6405 = LINE ( 'NONE', #2397, #2281 ) ;
#6406 = ORIENTED_EDGE ( 'NONE', *, *, #6746, .T. ) ;
#6407 = LINE ( 'NONE', #8176, #8503 ) ;
#6408 = ORIENTED_EDGE ( 'NONE', *, *, #7028, .F. ) ;
#6409 = CIRCLE ( 'NONE', #1904, 2.249999999999998668 ) ;
#6410 = CARTESIAN_POINT ( 'NONE',  ( 9.063930161978821013E-16, 7.500000000000000000, 23.99999999999999645 ) ) ;
#6411 = EDGE_LOOP ( 'NONE', ( #6303, #1044 ) ) ;
#6412 = PRODUCT_DEFINITION_SHAPE ( 'NONE', 'NONE',  #1232 ) ;
#6413 = LINE ( 'NONE', #987, #6808 ) ;
#6414 = ADVANCED_FACE ( 'NONE', ( #196 ), #3403, .T. ) ;
#6415 = FACE_OUTER_BOUND ( 'NONE', #394, .T. ) ;
#6416 = EDGE_CURVE ( 'NONE', #241, #9854, #1815, .T. ) ;
#6417 = DIRECTION ( 'NONE',  ( 0.000000000000000000, -1.000000000000000000, 0.000000000000000000 ) ) ;
#6418 = FACE_OUTER_BOUND ( 'NONE', #9080, .T. ) ;
#6419 = ORIENTED_EDGE ( 'NONE', *, *, #4523, .F. ) ;
#6420 = ORIENTED_EDGE ( 'NONE', *, *, #9689, .F. ) ;
#6421 = LINE ( 'NONE', #1726, #4440 ) ;
#6422 = ORIENTED_EDGE ( 'NONE', *, *, #3638, .F. ) ;
#6423 = EDGE_LOOP ( 'NONE', ( #1013, #3115, #9204 ) ) ;
#6424 = CIRCLE ( 'NONE', #1750, 2.999999999999999112 ) ;
#6425 = EDGE_CURVE ( 'NONE', #1105, #9951, #4231, .T. ) ;
#6426 = EDGE_CURVE ( 'NONE', #7700, #4904, #1606, .T. ) ;
#6427 = PLANE ( 'NONE',  #6508 ) ;
#6428 = EDGE_CURVE ( 'NONE', #8081, #9661, #9017, .T. ) ;
#6429 = LINE ( 'NONE', #2528, #522 ) ;
#6430 = AXIS2_PLACEMENT_3D ( 'NONE', #9557, #6366, #6526 ) ;
#6431 = DIRECTION ( 'NONE',  ( -0.7071067811865489050, -0.7071067811865461294, 0.000000000000000000 ) ) ;
#6432 = AXIS2_PLACEMENT_3D ( 'NONE', #4344, #364, #2789 ) ;
#6433 = DIRECTION ( 'NONE',  ( 0.000000000000000000, -1.000000000000000000, 0.000000000000000000 ) ) ;
#6434 = LINE ( 'NONE', #2588, #924 ) ;
#6435 = EDGE_LOOP ( 'NONE', ( #8109, #7250, #4663, #9790, #8045, #6525, #7016 ) ) ;
#6436 = EDGE_CURVE ( 'NONE', #8813, #787, #2821, .T. ) ;
#6437 = ORIENTED_EDGE ( 'NONE', *, *, #1453, .T. ) ;
#6438 = CIRCLE ( 'NONE', #1933, 2.250000000000001776 ) ;
#6439 = CIRCLE ( 'NONE', #4930, 10.00000000000000000 ) ;
#6440 = EDGE_CURVE ( 'NONE', #9066, #9356, #7981, .T. ) ;
#6441 = DIRECTION ( 'NONE',  ( 0.000000000000000000, 0.000000000000000000, 1.000000000000000000 ) ) ;
#6442 = CARTESIAN_POINT ( 'NONE',  ( -3.391807012330692039, -48.66918367361090247, 0.000000000000000000 ) ) ;
#6443 = CARTESIAN_POINT ( 'NONE',  ( 0.000000000000000000, 0.000000000000000000, 0.000000000000000000 ) ) ;
#6444 = PLANE ( 'NONE',  #1919 ) ;
#6445 = CIRCLE ( 'NONE', #2465, 2.250000000000000444 ) ;
#6446 = ORIENTED_EDGE ( 'NONE', *, *, #881, .F. ) ;
#6447 = VERTEX_POINT ( 'NONE', #7461 ) ;
#6448 = PLANE ( 'NONE',  #7783 ) ;
#6449 = DIRECTION ( 'NONE',  ( 0.000000000000000000, 1.000000000000000000, 0.000000000000000000 ) ) ;
#6450 = LINE ( 'NONE', #2496, #8817 ) ;
#6451 = CARTESIAN_POINT ( 'NONE',  ( -53.68655752104000811, 0.000000000000000000, -28.54374205374395146 ) ) ;
#6452 = EDGE_CURVE ( 'NONE', #8166, #6475, #7812, .T. ) ;
#6453 = FACE_OUTER_BOUND ( 'NONE', #8989, .T. ) ;
#6454 = LINE ( 'NONE', #8741, #6032 ) ;
#6455 = DIRECTION ( 'NONE',  ( -1.000000000000000000, 0.000000000000000000, 0.000000000000000000 ) ) ;
#6456 = ADVANCED_FACE ( 'NONE', ( #8281, #5834 ), #2767, .T. ) ;
#6457 = ORIENTED_EDGE ( 'NONE', *, *, #6368, .T. ) ;
#6458 = DIRECTION ( 'NONE',  ( -1.165290405000613937E-33, 1.000000000000000000, 3.122048140665064724E-17 ) ) ;
#6459 = ORIENTED_EDGE ( 'NONE', *, *, #110, .T. ) ;
#6460 = CARTESIAN_POINT ( 'NONE',  ( -15.00000000000000000, 12.50000000000000000, 20.00000000000000000 ) ) ;
#6461 = ORIENTED_EDGE ( 'NONE', *, *, #5556, .F. ) ;
#6462 = CARTESIAN_POINT ( 'NONE',  ( 8.673617379884039416E-16, 15.00000000000000000, 21.75000000000000000 ) ) ;
#6463 = EDGE_CURVE ( 'NONE', #3505, #8642, #8463, .T. ) ;
#6464 = ORIENTED_EDGE ( 'NONE', *, *, #7272, .F. ) ;
#6465 = LINE ( 'NONE', #4993, #9307 ) ;
#6466 = LINE ( 'NONE', #879, #3030 ) ;
#6467 =( NAMED_UNIT ( * ) PLANE_ANGLE_UNIT ( ) SI_UNIT ( $, .RADIAN. ) );
#6468 = CARTESIAN_POINT ( 'NONE',  ( 58.67999999999999972, 5.000000000000000000, 2.250000000000000000 ) ) ;
#6469 = CARTESIAN_POINT ( 'NONE',  ( -85.36863799491800364, 0.000000000000000000, -96.77829855763729938 ) ) ;
#6470 = ORIENTED_EDGE ( 'NONE', *, *, #1231, .F. ) ;
#6471 = CARTESIAN_POINT ( 'NONE',  ( 15.50000000000000000, 67.90000000000000568, -2.500000000000000000 ) ) ;
#6472 = ORIENTED_EDGE ( 'NONE', *, *, #7387, .F. ) ;
#6473 = ORIENTED_EDGE ( 'NONE', *, *, #2030, .F. ) ;
#6474 = PLANE ( 'NONE',  #3776 ) ;
#6475 = VERTEX_POINT ( 'NONE', #9168 ) ;
#6476 = ADVANCED_FACE ( 'NONE', ( #6034 ), #1129, .F. ) ;
#6477 = ORIENTED_EDGE ( 'NONE', *, *, #4819, .F. ) ;
#6478 = EDGE_CURVE ( 'NONE', #2602, #10105, #6983, .T. ) ;
#6479 = UNCERTAINTY_MEASURE_WITH_UNIT (LENGTH_MEASURE( 1.000000000000000082E-05 ), #974, 'distance_accuracy_value', 'NONE');
#6480 = VECTOR ( 'NONE', #1033, 1000.000000000000000 ) ;
#6481 = DIRECTION ( 'NONE',  ( 1.000000000000000000, 0.000000000000000000, 2.775557561562890365E-16 ) ) ;
#6482 = DIRECTION ( 'NONE',  ( 1.000000000000000000, 0.000000000000000000, 0.000000000000000000 ) ) ;
#6483 = FACE_BOUND ( 'NONE', #338, .T. ) ;
#6484 = DIRECTION ( 'NONE',  ( 0.000000000000000000, 0.000000000000000000, 1.000000000000000000 ) ) ;
#6485 = FACE_OUTER_BOUND ( 'NONE', #6511, .T. ) ;
#6486 = VERTEX_POINT ( 'NONE', #3551 ) ;
#6487 = CARTESIAN_POINT ( 'NONE',  ( -27.68655752103954981, 34.67986544671985172, -42.59593772390965682 ) ) ;
#6488 = VERTEX_POINT ( 'NONE', #3604 ) ;
#6489 = EDGE_CURVE ( 'NONE', #6080, #155, #8377, .T. ) ;
#6490 = EDGE_CURVE ( 'NONE', #3215, #2456, #8301, .T. ) ;
#6491 = LINE ( 'NONE', #9674, #9999 ) ;
#6492 = PLANE ( 'NONE',  #5030 ) ;
#6493 = PRODUCT_CONTEXT ( 'NONE', #90, 'mechanical' ) ;
#6494 = LINE ( 'NONE', #9677, #184 ) ;
#6495 = AXIS2_PLACEMENT_3D ( 'NONE', #5872, #7446, #1901 ) ;
#6496 = DIRECTION ( 'NONE',  ( -1.000000000000000000, 0.000000000000000000, 0.000000000000000000 ) ) ;
#6497 = VERTEX_POINT ( 'NONE', #5940 ) ;
#6498 = APPLICATION_CONTEXT ( 'automotive_design' ) ;
#6499 = EDGE_LOOP ( 'NONE', ( #2727, #2664 ) ) ;
#6500 = CARTESIAN_POINT ( 'NONE',  ( 58.67999999999999972, 5.000000000000000000, 0.000000000000000000 ) ) ;
#6501 = EDGE_CURVE ( 'NONE', #4537, #8964, #248, .T. ) ;
#6502 = AXIS2_PLACEMENT_3D ( 'NONE', #5858, #7481, #3524 ) ;
#6503 = DIRECTION ( 'NONE',  ( 0.000000000000000000, 0.000000000000000000, -1.000000000000000000 ) ) ;
#6504 = DIRECTION ( 'NONE',  ( -1.000000000000000000, 0.000000000000000000, 1.700709290173339793E-17 ) ) ;
#6505 = DIRECTION ( 'NONE',  ( 1.000000000000000000, 0.000000000000000000, 1.700709290173339793E-17 ) ) ;
#6506 = CARTESIAN_POINT ( 'NONE',  ( -5.204170427930419706E-15, 10.00000000000000000, -11.00000000000000000 ) ) ;
#6507 = DIRECTION ( 'NONE',  ( -1.000000000000000000, 0.000000000000000000, 0.000000000000000000 ) ) ;
#6508 = AXIS2_PLACEMENT_3D ( 'NONE', #1668, #4856, #8715 ) ;
#6509 = ORIENTED_EDGE ( 'NONE', *, *, #7345, .T. ) ;
#6510 = CARTESIAN_POINT ( 'NONE',  ( -20.98969858723280169, 18.00000000000000000, -5.229422174922480515 ) ) ;
#6511 = EDGE_LOOP ( 'NONE', ( #6315, #9397, #4333, #469, #4534, #4324, #3485, #5436, #1876, #10230, #9437, #3175 ) ) ;
#6512 = DIRECTION ( 'NONE',  ( 1.000000000000000000, 0.000000000000000000, 0.000000000000000000 ) ) ;
#6513 = ORIENTED_EDGE ( 'NONE', *, *, #4260, .T. ) ;
#6514 = DIRECTION ( 'NONE',  ( 0.000000000000000000, 1.000000000000000000, 0.000000000000000000 ) ) ;
#6515 = VERTEX_POINT ( 'NONE', #7502 ) ;
#6516 = CARTESIAN_POINT ( 'NONE',  ( -41.81980515339470372, -90.96194077712559078, 23.00000000000000000 ) ) ;
#6517 = AXIS2_PLACEMENT_3D ( 'NONE', #5255, #8548, #6097 ) ;
#6518 = LINE ( 'NONE', #1867, #3205 ) ;
#6519 = DIRECTION ( 'NONE',  ( 1.000000000000000000, 0.000000000000000000, 0.000000000000000000 ) ) ;
#6520 = DIRECTION ( 'NONE',  ( 0.000000000000000000, 1.000000000000000000, 0.000000000000000000 ) ) ;
#6521 = EDGE_CURVE ( 'NONE', #1238, #5540, #2319, .T. ) ;
#6522 = CARTESIAN_POINT ( 'NONE',  ( 2.249999999999994671, 10.00000000000000000, -16.00000000000000000 ) ) ;
#6523 = DIRECTION ( 'NONE',  ( 1.734723475976804876E-16, -1.000000000000000000, 0.000000000000000000 ) ) ;
#6524 = ORIENTED_EDGE ( 'NONE', *, *, #6987, .F. ) ;
#6525 = ORIENTED_EDGE ( 'NONE', *, *, #8587, .F. ) ;
#6526 = DIRECTION ( 'NONE',  ( 1.000000000000000000, 0.000000000000000000, 0.000000000000000000 ) ) ;
#6527 = ORIENTED_EDGE ( 'NONE', *, *, #2178, .T. ) ;
#6528 = ORIENTED_EDGE ( 'NONE', *, *, #7515, .F. ) ;
#6529 = AXIS2_PLACEMENT_3D ( 'NONE', #3605, #3653, #1178 ) ;
#6530 = LINE ( 'NONE', #5848, #2846 ) ;
#6531 = AXIS2_PLACEMENT_3D ( 'NONE', #3198, #3099, #6259 ) ;
#6532 = EDGE_CURVE ( 'NONE', #2353, #2471, #6720, .T. ) ;
#6533 = CARTESIAN_POINT ( 'NONE',  ( -10.00000000000000000, -12.50000000000000000, 0.000000000000000000 ) ) ;
#6534 = CARTESIAN_POINT ( 'NONE',  ( -67.07925725763350044, 0.000000000000000000, -84.99047725517949914 ) ) ;
#6535 = CARTESIAN_POINT ( 'NONE',  ( 10.00000000000000000, 10.00000000000000000, 5.000000000000000000 ) ) ;
#6536 = EDGE_LOOP ( 'NONE', ( #662, #10144, #6, #443 ) ) ;
#6537 = AXIS2_PLACEMENT_3D ( 'NONE', #8169, #1803, #5613 ) ;
#6538 = DIRECTION ( 'NONE',  ( 0.000000000000000000, 1.000000000000000000, 0.000000000000000000 ) ) ;
#6539 = ORIENTED_EDGE ( 'NONE', *, *, #4955, .T. ) ;
#6540 = CLOSED_SHELL ( 'NONE', ( #3343, #28, #7012, #1082, #10040, #4599, #6015, #7106, #1889, #1007, #5072, #7141, #8716, #195, #7993, #8002, #4639, #856, #4538, #9850, #6058, #920 ) ) ;
#6541 = VECTOR ( 'NONE', #5664, 1000.000000000000000 ) ;
#6542 = DIRECTION ( 'NONE',  ( 0.000000000000000000, -1.000000000000000000, 0.000000000000000000 ) ) ;
#6543 = DIRECTION ( 'NONE',  ( -1.000000000000000000, 0.000000000000000000, 1.878072721644629807E-16 ) ) ;
#6544 = APPLICATION_PROTOCOL_DEFINITION ( 'draft international standard', 'automotive_design', 1998, #8624 ) ;
#6545 = VECTOR ( 'NONE', #1009, 1000.000000000000000 ) ;
#6546 = EDGE_CURVE ( 'NONE', #9449, #9132, #448, .T. ) ;
#6547 = CARTESIAN_POINT ( 'NONE',  ( -64.46620431643840732, 0.000000000000000000, -112.3905347760014024 ) ) ;
#6548 = AXIS2_PLACEMENT_3D ( 'NONE', #2531, #7324, #161 ) ;
#6549 = ADVANCED_FACE ( 'NONE', ( #6820 ), #10002, .T. ) ;
#6550 = CARTESIAN_POINT ( 'NONE',  ( 8.673617379884039416E-16, 7.500000000000000000, 21.75000000000000000 ) ) ;
#6551 = VERTEX_POINT ( 'NONE', #9804 ) ;
#6552 = ORIENTED_EDGE ( 'NONE', *, *, #8268, .F. ) ;
#6553 =( GEOMETRIC_REPRESENTATION_CONTEXT ( 3 ) GLOBAL_UNCERTAINTY_ASSIGNED_CONTEXT ( ( #951 ) ) GLOBAL_UNIT_ASSIGNED_CONTEXT ( ( #5375, #6467, #3938 ) ) REPRESENTATION_CONTEXT ( 'NONE', 'WORKASPACE' ) );
#6554 = VERTEX_POINT ( 'NONE', #4478 ) ;
#6555 = CARTESIAN_POINT ( 'NONE',  ( -39.00443338159790585, 0.000000000000000000, -42.59593772390965682 ) ) ;
#6556 = LINE ( 'NONE', #5823, #2549 ) ;
#6557 = FACE_OUTER_BOUND ( 'NONE', #1749, .T. ) ;
#6558 =( GEOMETRIC_REPRESENTATION_CONTEXT ( 3 ) GLOBAL_UNCERTAINTY_ASSIGNED_CONTEXT ( ( #7009 ) ) GLOBAL_UNIT_ASSIGNED_CONTEXT ( ( #5242, #6775, #8380 ) ) REPRESENTATION_CONTEXT ( 'NONE', 'WORKASPACE' ) );
#6559 = EDGE_CURVE ( 'NONE', #8371, #8042, #9848, .T. ) ;
#6560 = DIRECTION ( 'NONE',  ( -1.000000000000000000, 0.000000000000000000, 0.000000000000000000 ) ) ;
#6561 = CARTESIAN_POINT ( 'NONE',  ( -85.36863799491800364, 0.000000000000000000, -94.52829855763729938 ) ) ;
#6562 = ORIENTED_EDGE ( 'NONE', *, *, #7950, .F. ) ;
#6563 = CARTESIAN_POINT ( 'NONE',  ( -37.48849769918444963, -72.48849769918439279, 15.00000000000000000 ) ) ;
#6564 = EDGE_CURVE ( 'NONE', #6025, #7235, #9145, .T. ) ;
#6565 = DIRECTION ( 'NONE',  ( 0.000000000000000000, -1.000000000000000000, 0.000000000000000000 ) ) ;
#6566 = VERTEX_POINT ( 'NONE', #2231 ) ;
#6567 = DIRECTION ( 'NONE',  ( 0.000000000000000000, 0.000000000000000000, -1.000000000000000000 ) ) ;
#6568 = ORIENTED_EDGE ( 'NONE', *, *, #2864, .T. ) ;
#6569 = AXIS2_PLACEMENT_3D ( 'NONE', #7450, #5721, #8075 ) ;
#6570 = CARTESIAN_POINT ( 'NONE',  ( 13.63988578096988036, 95.00000000000000000, -4.294065530670990505 ) ) ;
#6571 = DIRECTION ( 'NONE',  ( -0.7071067811865470176, 0.7071067811865480168, -0.000000000000000000 ) ) ;
#6572 = LINE ( 'NONE', #1772, #3228 ) ;
#6573 = DIRECTION ( 'NONE',  ( 0.000000000000000000, 0.000000000000000000, -1.000000000000000000 ) ) ;
#6574 = CIRCLE ( 'NONE', #7081, 5.000000000000004441 ) ;
#6575 = VERTEX_POINT ( 'NONE', #1444 ) ;
#6576 = DIRECTION ( 'NONE',  ( 1.000000000000000000, 7.703719777548939991E-34, 1.264933817329265970E-17 ) ) ;
#6577 = ORIENTED_EDGE ( 'NONE', *, *, #3899, .F. ) ;
#6578 = EDGE_CURVE ( 'NONE', #3750, #2710, #2174, .T. ) ;
#6579 = ORIENTED_EDGE ( 'NONE', *, *, #3998, .F. ) ;
#6580 = DIRECTION ( 'NONE',  ( 0.000000000000000000, 0.000000000000000000, -1.000000000000000000 ) ) ;
#6581 = ORIENTED_EDGE ( 'NONE', *, *, #4805, .F. ) ;
#6582 = EDGE_CURVE ( 'NONE', #1116, #1342, #4970, .T. ) ;
#6583 = AXIS2_PLACEMENT_3D ( 'NONE', #1796, #68, #5817 ) ;
#6584 = DIRECTION ( 'NONE',  ( 0.000000000000000000, 0.000000000000000000, 1.000000000000000000 ) ) ;
#6585 = CYLINDRICAL_SURFACE ( 'NONE', #2370, 8.750000000000000000 ) ;
#6586 = CARTESIAN_POINT ( 'NONE',  ( -53.68655752104000811, 0.000000000000000000, -28.54374205374395146 ) ) ;
#6587 = DIRECTION ( 'NONE',  ( -1.000000000000000000, 0.000000000000000000, 0.000000000000000000 ) ) ;
#6588 = ORIENTED_EDGE ( 'NONE', *, *, #2942, .F. ) ;
#6589 = EDGE_CURVE ( 'NONE', #3726, #403, #9473, .T. ) ;
#6590 = VECTOR ( 'NONE', #3165, 1000.000000000000000 ) ;
#6591 = VECTOR ( 'NONE', #1370, 1000.000000000000000 ) ;
#6592 = LINE ( 'NONE', #2429, #9425 ) ;
#6593 = VERTEX_POINT ( 'NONE', #4583 ) ;
#6594 = ADVANCED_FACE ( 'NONE', ( #1335 ), #7090, .T. ) ;
#6595 = CIRCLE ( 'NONE', #7918, 2.249999999999998668 ) ;
#6596 = VECTOR ( 'NONE', #6642, 1000.000000000000000 ) ;
#6597 = LINE ( 'NONE', #8253, #6663 ) ;
#6598 = FACE_OUTER_BOUND ( 'NONE', #8359, .T. ) ;
#6599 = AXIS2_PLACEMENT_3D ( 'NONE', #9398, #3826, #4495 ) ;
#6600 = CARTESIAN_POINT ( 'NONE',  ( 30.31344247896045019, 14.67986544671986060, -42.59593772390965682 ) ) ;
#6601 = DIRECTION ( 'NONE',  ( -8.895006672729879551E-17, -0.000000000000000000, 1.000000000000000000 ) ) ;
#6602 = EDGE_CURVE ( 'NONE', #827, #2977, #5291, .T. ) ;
#6603 = ORIENTED_EDGE ( 'NONE', *, *, #8721, .T. ) ;
#6604 = B_SPLINE_CURVE_WITH_KNOTS ( 'NONE', 3,
 ( #4982, #4934, #9687, #975 ),
 .UNSPECIFIED., .F., .F.,
 ( 4, 4 ),
 ( 0.000000000000000000, 0.0006131160441195682717 ),
 .UNSPECIFIED. ) ;
#6605 = VERTEX_POINT ( 'NONE', #7036 ) ;
#6606 = VECTOR ( 'NONE', #731, 1000.000000000000000 ) ;
#6607 = VECTOR ( 'NONE', #993, 1000.000000000000000 ) ;
#6608 = EDGE_CURVE ( 'NONE', #4476, #3792, #7320, .T. ) ;
#6609 = ORIENTED_EDGE ( 'NONE', *, *, #5911, .F. ) ;
#6610 = CARTESIAN_POINT ( 'NONE',  ( -2.500000000000000000, 55.89999999999999858, 21.75000000000000000 ) ) ;
#6611 = CARTESIAN_POINT ( 'NONE',  ( 35.00000000000000000, -9.500000000000000000, 4.592425496802579889E-16 ) ) ;
#6612 = DIRECTION ( 'NONE',  ( -1.404885872131211930E-33, 1.000000000000000000, 8.260587980841940012E-17 ) ) ;
#6613 = VECTOR ( 'NONE', #7302, 1000.000000000000000 ) ;
#6614 = VECTOR ( 'NONE', #9514, 1000.000000000000000 ) ;
#6615 = DIRECTION ( 'NONE',  ( 0.000000000000000000, 0.000000000000000000, -1.000000000000000000 ) ) ;
#6616 = CARTESIAN_POINT ( 'NONE',  ( -4.000000000000000000, 70.90000000000000568, 25.50000000000000000 ) ) ;
#6617 = VERTEX_POINT ( 'NONE', #6085 ) ;
#6618 = DIRECTION ( 'NONE',  ( -0.000000000000000000, 1.000000000000000000, -0.000000000000000000 ) ) ;
#6619 = CARTESIAN_POINT ( 'NONE',  ( 15.00000000000000000, 12.50000000000000000, -10.00000000000000000 ) ) ;
#6620 = CARTESIAN_POINT ( 'NONE',  ( -75.00000000000000000, 150.0000000000000000, 75.00000000000000000 ) ) ;
#6621 = ORIENTED_EDGE ( 'NONE', *, *, #9787, .F. ) ;
#6622 = CIRCLE ( 'NONE', #9947, 2.250000000000001776 ) ;
#6623 = ADVANCED_FACE ( 'NONE', ( #6926 ), #6242, .T. ) ;
#6624 = DIRECTION ( 'NONE',  ( 0.000000000000000000, 0.000000000000000000, 1.000000000000000000 ) ) ;
#6625 = CARTESIAN_POINT ( 'NONE',  ( 35.00000000000000000, -9.500000000000000000, 20.00000000000000000 ) ) ;
#6626 = DIRECTION ( 'NONE',  ( -0.8660254037844383745, 0.000000000000000000, -0.5000000000000003331 ) ) ;
#6627 = LINE ( 'NONE', #5893, #8859 ) ;
#6628 = SHAPE_REPRESENTATION ( 'Jaw_Guide_Link-1', ( #5194 ), #2220 ) ;
#6629 = EDGE_LOOP ( 'NONE', ( #6641, #3144, #6621, #7820 ) ) ;
#6630 = CARTESIAN_POINT ( 'NONE',  ( -20.98969858723280169, 18.00000000000000000, -5.229422174922490285 ) ) ;
#6631 = ORIENTED_EDGE ( 'NONE', *, *, #666, .F. ) ;
#6632 = VERTEX_POINT ( 'NONE', #708 ) ;
#6633 = DIRECTION ( 'NONE',  ( 1.000000000000000000, 0.000000000000000000, 0.000000000000000000 ) ) ;
#6634 = ORIENTED_EDGE ( 'NONE', *, *, #7272, .T. ) ;
#6635 = EDGE_CURVE ( 'NONE', #1059, #5667, #7635, .T. ) ;
#6636 = DIRECTION ( 'NONE',  ( 0.000000000000000000, 0.000000000000000000, -1.000000000000000000 ) ) ;
#6637 = PLANE ( 'NONE',  #6862 ) ;
#6638 =( REPRESENTATION_RELATIONSHIP ('NONE','NONE', #8752, #4490 ) REPRESENTATION_RELATIONSHIP_WITH_TRANSFORMATION ( #7332 )SHAPE_REPRESENTATION_RELATIONSHIP( ) );
#6639 = DIRECTION ( 'NONE',  ( 1.000000000000000000, 0.000000000000000000, 0.000000000000000000 ) ) ;
#6640 = DIRECTION ( 'NONE',  ( 0.000000000000000000, 1.000000000000000000, 0.000000000000000000 ) ) ;
#6641 = ORIENTED_EDGE ( 'NONE', *, *, #9159, .F. ) ;
#6642 = DIRECTION ( 'NONE',  ( 0.000000000000000000, -1.000000000000000000, 0.000000000000000000 ) ) ;
#6643 = ORIENTED_EDGE ( 'NONE', *, *, #6281, .F. ) ;
#6644 = CIRCLE ( 'NONE', #802, 10.00000000000000178 ) ;
#6645 = CARTESIAN_POINT ( 'NONE',  ( -3.000000000000000000, 3.673940397442059868E-16, -5.000000000000000000 ) ) ;
#6646 = CARTESIAN_POINT ( 'NONE',  ( 3.000000000000000000, 0.000000000000000000, -6.500000000000000000 ) ) ;
#6647 = DIRECTION ( 'NONE',  ( 0.000000000000000000, 0.000000000000000000, 1.000000000000000000 ) ) ;
#6648 = EDGE_CURVE ( 'NONE', #3192, #5014, #7814, .T. ) ;
#6649 = DIRECTION ( 'NONE',  ( -1.000000000000000000, -0.000000000000000000, -1.700709290173339793E-17 ) ) ;
#6650 = VERTEX_POINT ( 'NONE', #9273 ) ;
#6651 = ORIENTED_EDGE ( 'NONE', *, *, #633, .T. ) ;
#6652 = CYLINDRICAL_SURFACE ( 'NONE', #5871, 2.250000000000001776 ) ;
#6653 = FACE_BOUND ( 'NONE', #6830, .T. ) ;
#6654 = CARTESIAN_POINT ( 'NONE',  ( 22.31344247896045019, 14.67986544671986060, -28.54374205374395146 ) ) ;
#6655 = DIRECTION ( 'NONE',  ( 9.710196063122618724E-18, -1.000000000000000000, -9.416641125483620058E-18 ) ) ;
#6656 = CARTESIAN_POINT ( 'NONE',  ( 0.000000000000000000, 0.000000000000000000, 0.000000000000000000 ) ) ;
#6657 = EDGE_CURVE ( 'NONE', #4631, #6065, #3020, .T. ) ;
#6658 = CARTESIAN_POINT ( 'NONE',  ( 22.31344247896005228, 54.67986544671990146, -28.54374205374395146 ) ) ;
#6659 = LINE ( 'NONE', #2704, #5575 ) ;
#6660 = ORIENTED_EDGE ( 'NONE', *, *, #8584, .T. ) ;
#6661 = CARTESIAN_POINT ( 'NONE',  ( 15.00000000000000000, -5.500000000000000000, 0.000000000000000000 ) ) ;
#6662 = ORIENTED_EDGE ( 'NONE', *, *, #3177, .T. ) ;
#6663 = VECTOR ( 'NONE', #7528, 1000.000000000000000 ) ;
#6664 = DIRECTION ( 'NONE',  ( 1.000000000000000000, 1.734723475976806848E-16, 0.000000000000000000 ) ) ;
#6665 = ORIENTED_EDGE ( 'NONE', *, *, #1877, .F. ) ;
#6666 = CARTESIAN_POINT ( 'NONE',  ( -53.68655752104000811, 95.00200000000000955, -28.54374205374395146 ) ) ;
#6667 = CARTESIAN_POINT ( 'NONE',  ( 0.000000000000000000, 50.00000000000000000, 0.000000000000000000 ) ) ;
#6668 = CARTESIAN_POINT ( 'NONE',  ( -23.34636207545349862, -86.63063332291528695, 15.00000000000000000 ) ) ;
#6669 = AXIS2_PLACEMENT_3D ( 'NONE', #4035, #52, #7892 ) ;
#6670 = EDGE_CURVE ( 'NONE', #9475, #7600, #2128, .T. ) ;
#6671 = FACE_BOUND ( 'NONE', #1039, .T. ) ;
#6672 = EDGE_CURVE ( 'NONE', #4976, #2615, #8534, .T. ) ;
#6673 = VERTEX_POINT ( 'NONE', #1486 ) ;
#6674 = DIRECTION ( 'NONE',  ( -0.7071067811865485719, -0.7071067811865465735, -2.655995914072782963E-16 ) ) ;
#6675 = VERTEX_POINT ( 'NONE', #6984 ) ;
#6676 = EDGE_LOOP ( 'NONE', ( #9915, #604, #9612, #10308 ) ) ;
#6677 = PLANE ( 'NONE',  #765 ) ;
#6678 = VERTEX_POINT ( 'NONE', #8585 ) ;
#6679 = VECTOR ( 'NONE', #5203, 1000.000000000000000 ) ;
#6680 = CARTESIAN_POINT ( 'NONE',  ( -12.92893218813452094, -47.92893218813450318, -11.00000000000000000 ) ) ;
#6681 = AXIS2_PLACEMENT_3D ( 'NONE', #4890, #5729, #7348 ) ;
#6682 = DIRECTION ( 'NONE',  ( -1.000000000000000000, 0.000000000000000000, 0.000000000000000000 ) ) ;
#6683 = CIRCLE ( 'NONE', #8021, 4.000000000000000000 ) ;
#6684 = EDGE_CURVE ( 'NONE', #3202, #2227, #3756, .T. ) ;
#6685 = PLANE ( 'NONE',  #7270 ) ;
#6686 = ORIENTED_EDGE ( 'NONE', *, *, #1166, .T. ) ;
#6687 = DIRECTION ( 'NONE',  ( -1.734723475976804876E-16, 1.000000000000000000, 0.000000000000000000 ) ) ;
#6688 = VERTEX_POINT ( 'NONE', #655 ) ;
#6689 = ADVANCED_BREP_SHAPE_REPRESENTATION ( '', ( #1914, #5194 ), #5715 ) ;
#6690 = VECTOR ( 'NONE', #9077, 1000.000000000000000 ) ;
#6691 = CARTESIAN_POINT ( 'NONE',  ( 10.00000000000000000, 10.00000000000000000, 0.000000000000000000 ) ) ;
#6692 = LINE ( 'NONE', #6060, #6377 ) ;
#6693 = CONTEXT_DEPENDENT_SHAPE_REPRESENTATION ( #2780, #7051 ) ;
#6694 = PRODUCT ( 'Jaw_Guide_Link-1', 'Jaw_Guide_Link-1', '', ( #4923 ) ) ;
#6695 = DIRECTION ( 'NONE',  ( -0.4141393648650372183, -0.4141393648650362191, 0.8105412839198062880 ) ) ;
#6696 = AXIS2_PLACEMENT_3D ( 'NONE', #4413, #9060, #2002 ) ;
#6697 = AXIS2_PLACEMENT_3D ( 'NONE', #8217, #4264, #9833 ) ;
#6698 = LINE ( 'NONE', #9103, #3437 ) ;
#6699 = VERTEX_POINT ( 'NONE', #3910 ) ;
#6700 = VERTEX_POINT ( 'NONE', #2970 ) ;
#6701 = VERTEX_POINT ( 'NONE', #6137 ) ;
#6702 = EDGE_CURVE ( 'NONE', #2991, #5507, #3857, .T. ) ;
#6703 = CIRCLE ( 'NONE', #9716, 10.00000000000000000 ) ;
#6704 = ADVANCED_FACE ( 'NONE', ( #9430 ), #4061, .F. ) ;
#6705 = CARTESIAN_POINT ( 'NONE',  ( 13.63988578096988036, 10.00000000000000000, -4.294065530670990505 ) ) ;
#6706 = CARTESIAN_POINT ( 'NONE',  ( -15.00000000000000000, -5.500000000000000000, 20.00000000000000000 ) ) ;
#6707 = DIRECTION ( 'NONE',  ( 0.5503713389499659270, 4.781815735585648667E-22, 0.8349199897369937728 ) ) ;
#6708 = VECTOR ( 'NONE', #8453, 1000.000000000000000 ) ;
#6709 = DIRECTION ( 'NONE',  ( -1.850371707708594809E-16, 0.000000000000000000, -1.000000000000000000 ) ) ;
#6710 = CARTESIAN_POINT ( 'NONE',  ( -36.11437855969460742, -71.11437855969450084, -4.763511508049220744 ) ) ;
#6711 = CARTESIAN_POINT ( 'NONE',  ( 15.00000000000000000, -9.500000000000000000, 20.00000000000000000 ) ) ;
#6712 = LINE ( 'NONE', #8318, #3431 ) ;
#6713 = AXIS2_PLACEMENT_3D ( 'NONE', #1917, #7464, #6519 ) ;
#6714 = VERTEX_POINT ( 'NONE', #7291 ) ;
#6715 = ORIENTED_EDGE ( 'NONE', *, *, #5228, .T. ) ;
#6716 = AXIS2_PLACEMENT_3D ( 'NONE', #9784, #5019, #4258 ) ;
#6717 = CARTESIAN_POINT ( 'NONE',  ( -2.500000000000000000, 15.00000000000000000, 21.75000000000000000 ) ) ;
#6718 = EDGE_LOOP ( 'NONE', ( #627, #2296, #4862, #3935 ) ) ;
#6719 = ADVANCED_FACE ( 'NONE', ( #4009 ), #5660, .F. ) ;
#6720 = LINE ( 'NONE', #6666, #9650 ) ;
#6721 = DIRECTION ( 'NONE',  ( 0.000000000000000000, 1.000000000000000000, 0.000000000000000000 ) ) ;
#6722 = CARTESIAN_POINT ( 'NONE',  ( -69.07332122148429221, 95.00000000000000000, -119.1878866990734025 ) ) ;
#6723 = STYLED_ITEM ( 'NONE', ( #400 ), #1834 ) ;
#6724 = DIRECTION ( 'NONE',  ( 0.000000000000000000, 0.000000000000000000, 1.000000000000000000 ) ) ;
#6725 = AXIS2_PLACEMENT_3D ( 'NONE', #8314, #1163, #4467 ) ;
#6726 = DIRECTION ( 'NONE',  ( 0.000000000000000000, 0.000000000000000000, -1.000000000000000000 ) ) ;
#6727 = EDGE_LOOP ( 'NONE', ( #2575, #9634, #8608, #5263 ) ) ;
#6728 = CARTESIAN_POINT ( 'NONE',  ( 0.000000000000000000, 5.000000000000000000, 0.000000000000000000 ) ) ;
#6729 = ORIENTED_EDGE ( 'NONE', *, *, #3316, .F. ) ;
#6730 = ORIENTED_EDGE ( 'NONE', *, *, #859, .T. ) ;
#6731 = AXIS2_PLACEMENT_3D ( 'NONE', #1854, #4167, #7239 ) ;
#6732 = CARTESIAN_POINT ( 'NONE',  ( 94.00000000000000000, 95.00000000000000000, -104.7964619962939992 ) ) ;
#6733 = VERTEX_POINT ( 'NONE', #3288 ) ;
#6734 = PRODUCT_DEFINITION_FORMATION_WITH_SPECIFIED_SOURCE ( 'ANY', '', #6026, .NOT_KNOWN. ) ;
#6735 = EDGE_CURVE ( 'NONE', #7674, #6092, #7185, .T. ) ;
#6736 = EDGE_CURVE ( 'NONE', #5105, #9659, #4332, .T. ) ;
#6737 = CARTESIAN_POINT ( 'NONE',  ( -85.36863799491800364, 0.000000000000000000, -96.77829855763729938 ) ) ;
#6738 = VECTOR ( 'NONE', #2829, 1000.000000000000000 ) ;
#6739 = CARTESIAN_POINT ( 'NONE',  ( 0.000000000000000000, 0.000000000000000000, -7.500000000000000000 ) ) ;
#6740 = DIRECTION ( 'NONE',  ( 0.000000000000000000, -1.000000000000000000, 0.000000000000000000 ) ) ;
#6741 = DIRECTION ( 'NONE',  ( 1.000000000000000000, 1.734723475976807094E-16, 0.000000000000000000 ) ) ;
#6742 = ORIENTED_EDGE ( 'NONE', *, *, #454, .F. ) ;
#6743 = LINE ( 'NONE', #10023, #6254 ) ;
#6744 = ORIENTED_EDGE ( 'NONE', *, *, #8325, .T. ) ;
#6745 = CIRCLE ( 'NONE', #7088, 2.750000000000000000 ) ;
#6746 = EDGE_CURVE ( 'NONE', #665, #8609, #5612, .T. ) ;
#6747 = DIRECTION ( 'NONE',  ( 0.000000000000000000, 0.000000000000000000, -1.000000000000000000 ) ) ;
#6748 = DIRECTION ( 'NONE',  ( 0.000000000000000000, 0.000000000000000000, 1.000000000000000000 ) ) ;
#6749 = CARTESIAN_POINT ( 'NONE',  ( 35.00000000000000000, 5.500000000000000000, 5.204748896376249713E-16 ) ) ;
#6750 = ADVANCED_FACE ( 'NONE', ( #7339, #2444, #7138 ), #75, .T. ) ;
#6751 = CIRCLE ( 'NONE', #5584, 2.249999999999998668 ) ;
#6752 = CARTESIAN_POINT ( 'NONE',  ( 3.000000000000000000, 0.000000000000000000, -87.14486490616360470 ) ) ;
#6753 = VERTEX_POINT ( 'NONE', #2605 ) ;
#6754 = ORIENTED_EDGE ( 'NONE', *, *, #8676, .T. ) ;
#6755 = ORIENTED_EDGE ( 'NONE', *, *, #5945, .T. ) ;
#6756 = EDGE_CURVE ( 'NONE', #2651, #3190, #8124, .T. ) ;
#6757 = VECTOR ( 'NONE', #1838, 1000.000000000000000 ) ;
#6758 = CIRCLE ( 'NONE', #9100, 2.750000000000000000 ) ;
#6759 = CARTESIAN_POINT ( 'NONE',  ( -5.000000000000000000, 7.500000000000000000, 21.75000000000000000 ) ) ;
#6760 = CARTESIAN_POINT ( 'NONE',  ( -10.00000000000000000, -45.00000000000000000, -11.00000000000000000 ) ) ;
#6761 = DIRECTION ( 'NONE',  ( -0.9999999997608040037, 3.170412930003569999E-23, -2.187217985995229996E-05 ) ) ;
#6762 = CYLINDRICAL_SURFACE ( 'NONE', #9018, 2.249999999999998668 ) ;
#6763 = CARTESIAN_POINT ( 'NONE',  ( 0.000000000000000000, 200.0000000000000000, 0.000000000000000000 ) ) ;
#6764 = DIRECTION ( 'NONE',  ( 0.000000000000000000, 0.000000000000000000, 1.000000000000000000 ) ) ;
#6765 = VECTOR ( 'NONE', #4438, 1000.000000000000000 ) ;
#6766 = ORIENTED_EDGE ( 'NONE', *, *, #3728, .F. ) ;
#6767 = ORIENTED_EDGE ( 'NONE', *, *, #5658, .T. ) ;
#6768 = DIRECTION ( 'NONE',  ( 1.734723475976804876E-16, -1.000000000000000000, 0.000000000000000000 ) ) ;
#6769 = EDGE_LOOP ( 'NONE', ( #2820, #1185, #9439, #6951, #1314, #8277 ) ) ;
#6770 = VECTOR ( 'NONE', #10120, 1000.000000000000000 ) ;
#6771 = DIRECTION ( 'NONE',  ( 1.000000000000000000, 1.734723475976804876E-16, 0.000000000000000000 ) ) ;
#6772 = LINE ( 'NONE', #1229, #9022 ) ;
#6773 = AXIS2_PLACEMENT_3D ( 'NONE', #2051, #9844, #5221 ) ;
#6774 = CARTESIAN_POINT ( 'NONE',  ( 5.386090358293499136, 18.00000000000000000, 8.425558180458891044 ) ) ;
#6775 =( NAMED_UNIT ( * ) PLANE_ANGLE_UNIT ( ) SI_UNIT ( $, .RADIAN. ) );
#6776 = CARTESIAN_POINT ( 'NONE',  ( -41.81980515339470372, -90.96194077712559078, -33.00000000000000000 ) ) ;
#6777 = EDGE_CURVE ( 'NONE', #2456, #8646, #6450, .T. ) ;
#6778 = EDGE_LOOP ( 'NONE', ( #2415, #1481 ) ) ;
#6779 = DIRECTION ( 'NONE',  ( 0.000000000000000000, -1.000000000000000000, 0.000000000000000000 ) ) ;
#6780 = ORIENTED_EDGE ( 'NONE', *, *, #6076, .F. ) ;
#6781 = VECTOR ( 'NONE', #529, 1000.000000000000000 ) ;
#6782 = ORIENTED_EDGE ( 'NONE', *, *, #1473, .T. ) ;
#6783 = FACE_OUTER_BOUND ( 'NONE', #5043, .T. ) ;
#6784 = VERTEX_POINT ( 'NONE', #9585 ) ;
#6785 = PRODUCT ( 'Gripper_Mounting_Frame-1', 'Gripper_Mounting_Frame-1', '', ( #5706 ) ) ;
#6786 = PRODUCT_DEFINITION_CONTEXT ( 'detailed design', #8969, 'design' ) ;
#6787 = DIRECTION ( 'NONE',  ( -3.469446951953615175E-16, 0.000000000000000000, 1.000000000000000000 ) ) ;
#6788 = DIRECTION ( 'NONE',  ( 1.000000000000000000, 0.000000000000000000, 1.700709290173339793E-17 ) ) ;
#6789 = PLANE ( 'NONE',  #3261 ) ;
#6790 = EDGE_CURVE ( 'NONE', #8215, #1735, #5773, .T. ) ;
#6791 = DIRECTION ( 'NONE',  ( -1.000000000000000000, 0.000000000000000000, 0.000000000000000000 ) ) ;
#6792 = EDGE_LOOP ( 'NONE', ( #718, #5543, #7034, #7825 ) ) ;
#6793 = CARTESIAN_POINT ( 'NONE',  ( -35.00000000000000000, -3.469446951953614978E-15, 10.00000000000000000 ) ) ;
#6794 = ORIENTED_EDGE ( 'NONE', *, *, #6334, .T. ) ;
#6795 = CARTESIAN_POINT ( 'NONE',  ( 35.00000000000000000, 5.500000000000000000, 5.204748896376249713E-16 ) ) ;
#6796 = CIRCLE ( 'NONE', #4964, 2.249999999999998668 ) ;
#6797 = CARTESIAN_POINT ( 'NONE',  ( 15.50000000000000000, 74.89999999999999147, 22.00000000000000000 ) ) ;
#6798 = DIRECTION ( 'NONE',  ( -7.703719777548939991E-34, 1.000000000000000000, -1.310178779456959930E-50 ) ) ;
#6799 = DIRECTION ( 'NONE',  ( -3.469446951953616161E-15, 0.000000000000000000, -1.000000000000000000 ) ) ;
#6800 = EDGE_CURVE ( 'NONE', #8736, #3813, #4818, .T. ) ;
#6801 = CARTESIAN_POINT ( 'NONE',  ( 15.50000000000000000, -3.900007814696055360E-17, -2.500000000000000000 ) ) ;
#6802 = VERTEX_POINT ( 'NONE', #4826 ) ;
#6803 = ADVANCED_FACE ( 'NONE', ( #4882 ), #3389, .T. ) ;
#6804 = ORIENTED_EDGE ( 'NONE', *, *, #5035, .T. ) ;
#6805 = LINE ( 'NONE', #6705, #6819 ) ;
#6806 = DIRECTION ( 'NONE',  ( -1.000000000000000000, 0.000000000000000000, 0.000000000000000000 ) ) ;
#6807 = DIRECTION ( 'NONE',  ( 1.000000000000000000, 0.000000000000000000, 0.000000000000000000 ) ) ;
#6808 = VECTOR ( 'NONE', #6356, 1000.000000000000000 ) ;
#6809 = LINE ( 'NONE', #3642, #502 ) ;
#6810 = LINE ( 'NONE', #9161, #6230 ) ;
#6811 = CARTESIAN_POINT ( 'NONE',  ( 30.31497855141494924, 0.000000000000000000, 6.748637086761529069 ) ) ;
#6812 = LINE ( 'NONE', #5284, #5912 ) ;
#6813 = ORIENTED_EDGE ( 'NONE', *, *, #5900, .T. ) ;
#6814 = EDGE_CURVE ( 'NONE', #5169, #291, #762, .T. ) ;
#6815 = ORIENTED_EDGE ( 'NONE', *, *, #789, .F. ) ;
#6816 = CARTESIAN_POINT ( 'NONE',  ( -41.81980515339465398, -90.96194077712549131, -1.333527993263397804E-13 ) ) ;
#6817 = EDGE_LOOP ( 'NONE', ( #3909, #7778, #7167, #10270 ) ) ;
#6818 = ADVANCED_FACE ( 'NONE', ( #9564 ), #4115, .T. ) ;
#6819 = VECTOR ( 'NONE', #4412, 1000.000000000000000 ) ;
#6820 = FACE_OUTER_BOUND ( 'NONE', #2871, .T. ) ;
#6821 = CARTESIAN_POINT ( 'NONE',  ( 15.50000000000000000, -9.500000000000000000, 25.50000000000000000 ) ) ;
#6822 = CARTESIAN_POINT ( 'NONE',  ( -4.000000000000000000, 0.000000000000000000, 0.000000000000000000 ) ) ;
#6823 = CARTESIAN_POINT ( 'NONE',  ( 65.00000000000000000, 95.00000000000000000, -120.2793298308828014 ) ) ;
#6824 = CARTESIAN_POINT ( 'NONE',  ( 30.31344247896005228, 74.67986544671991567, -120.2803298308827920 ) ) ;
#6825 = AXIS2_PLACEMENT_3D ( 'NONE', #10249, #6071, #6912 ) ;
#6826 = VERTEX_POINT ( 'NONE', #9529 ) ;
#6827 = DIRECTION ( 'NONE',  ( 0.7071067811865465735, -0.7071067811865485719, 0.000000000000000000 ) ) ;
#6828 = EDGE_LOOP ( 'NONE', ( #10256, #831, #2952, #7316 ) ) ;
#6829 = EDGE_LOOP ( 'NONE', ( #4055, #8632, #5114, #7525 ) ) ;
#6830 = EDGE_LOOP ( 'NONE', ( #4230, #4802 ) ) ;
#6831 = VECTOR ( 'NONE', #5317, 1000.000000000000000 ) ;
#6832 = ADVANCED_FACE ( 'NONE', ( #1589 ), #21, .F. ) ;
#6833 = CARTESIAN_POINT ( 'NONE',  ( 98.00000000000000000, 10.00000000000000000, -0.2793298308826700493 ) ) ;
#6834 = FACE_BOUND ( 'NONE', #4338, .T. ) ;
#6835 = LINE ( 'NONE', #6153, #735 ) ;
#6836 = LINE ( 'NONE', #7832, #757 ) ;
#6837 = VERTEX_POINT ( 'NONE', #1751 ) ;
#6838 = CIRCLE ( 'NONE', #5676, 2.999999999999999112 ) ;
#6839 = CARTESIAN_POINT ( 'NONE',  ( 64.46620431643840732, 85.00000000000000000, -110.1405347760014024 ) ) ;
#6840 = EDGE_LOOP ( 'NONE', ( #9175, #8599, #8671, #7402, #8384, #1425, #967, #8556, #744, #4690, #5555 ) ) ;
#6841 = CARTESIAN_POINT ( 'NONE',  ( -65.00000000000000000, 0.000000000000000000, -112.1326873879138049 ) ) ;
#6842 = EDGE_CURVE ( 'NONE', #4968, #8527, #9825, .T. ) ;
#6843 = LINE ( 'NONE', #7675, #9675 ) ;
#6844 = DIRECTION ( 'NONE',  ( 0.000000000000000000, 1.000000000000000000, 0.000000000000000000 ) ) ;
#6845 = ITEM_DEFINED_TRANSFORMATION ( 'NONE', 'NONE', #6725,  #5194 ) ;
#6846 = FACE_OUTER_BOUND ( 'NONE', #207, .T. ) ;
#6847 = CARTESIAN_POINT ( 'NONE',  ( 15.50000000000000000, 0.000000000000000000, 2.418211663346639937E-16 ) ) ;
#6848 = CARTESIAN_POINT ( 'NONE',  ( -2.250000000000004885, 10.00000000000000000, -11.00000000000000000 ) ) ;
#6849 = ORIENTED_EDGE ( 'NONE', *, *, #9914, .T. ) ;
#6850 = AXIS2_PLACEMENT_3D ( 'NONE', #3404, #6571, #9755 ) ;
#6851 = DIRECTION ( 'NONE',  ( 0.000000000000000000, 0.000000000000000000, 1.000000000000000000 ) ) ;
#6852 = ORIENTED_EDGE ( 'NONE', *, *, #3484, .F. ) ;
#6853 = VERTEX_POINT ( 'NONE', #7395 ) ;
#6854 = CIRCLE ( 'NONE', #681, 2.250000000000000000 ) ;
#6855 = EDGE_CURVE ( 'NONE', #7549, #3530, #6805, .T. ) ;
#6856 = CARTESIAN_POINT ( 'NONE',  ( 5.000000000000000000, 70.90000000000000568, 4.251773225433349791E-17 ) ) ;
#6857 = CARTESIAN_POINT ( 'NONE',  ( 2.500000000000000000, 0.000000000000000000, 0.000000000000000000 ) ) ;
#6858 = AXIS2_PLACEMENT_3D ( 'NONE', #9125, #8478, #10057 ) ;
#6859 = EDGE_CURVE ( 'NONE', #5688, #254, #992, .T. ) ;
#6860 = DIRECTION ( 'NONE',  ( 0.000000000000000000, 0.000000000000000000, 1.000000000000000000 ) ) ;
#6861 = DIRECTION ( 'NONE',  ( 1.000000000000000000, 0.000000000000000000, 0.000000000000000000 ) ) ;
#6862 = AXIS2_PLACEMENT_3D ( 'NONE', #8340, #2784, #3470 ) ;
#6863 = CIRCLE ( 'NONE', #9533, 3.000000000000000000 ) ;
#6864 = CARTESIAN_POINT ( 'NONE',  ( -4.000000000000000000, 70.90000000000000568, 25.50000000000000000 ) ) ;
#6865 = CARTESIAN_POINT ( 'NONE',  ( -20.90380984571844891, 18.00000000000000000, 13.36289017892624109 ) ) ;
#6866 = ORIENTED_EDGE ( 'NONE', *, *, #3988, .T. ) ;
#6867 = PRODUCT_DEFINITION_SHAPE ( 'NONE', 'NONE',  #10312 ) ;
#6868 = VERTEX_POINT ( 'NONE', #2001 ) ;
#6869 = DIRECTION ( 'NONE',  ( -5.204170427930419311E-16, 1.000000000000000000, 0.000000000000000000 ) ) ;
#6870 = ORIENTED_EDGE ( 'NONE', *, *, #9241, .T. ) ;
#6871 = AXIS2_PLACEMENT_3D ( 'NONE', #8122, #7337, #1067 ) ;
#6872 = CIRCLE ( 'NONE', #9544, 2.250000000000000000 ) ;
#6873 = CARTESIAN_POINT ( 'NONE',  ( 0.000000000000000000, 50.00000000000000000, 8.750000000000000000 ) ) ;
#6874 = DIRECTION ( 'NONE',  ( 1.000000000000000000, 0.000000000000000000, 0.000000000000000000 ) ) ;
#6875 =( NAMED_UNIT ( * ) SI_UNIT ( $, .STERADIAN. ) SOLID_ANGLE_UNIT ( ) );
#6876 = EDGE_CURVE ( 'NONE', #9606, #2938, #4266, .T. ) ;
#6877 = CIRCLE ( 'NONE', #3724, 5.500000000000000000 ) ;
#6878 = DIRECTION ( 'NONE',  ( 0.7071067811865485719, 0.7071067811865465735, -2.655995914072782963E-16 ) ) ;
#6879 = ADVANCED_FACE ( 'NONE', ( #1068 ), #1851, .T. ) ;
#6880 = VECTOR ( 'NONE', #7103, 1000.000000000000000 ) ;
#6881 = ORIENTED_EDGE ( 'NONE', *, *, #2048, .F. ) ;
#6882 = CARTESIAN_POINT ( 'NONE',  ( 8.673617379884039416E-16, 63.39999999999999858, 21.75000000000000000 ) ) ;
#6883 = ORIENTED_EDGE ( 'NONE', *, *, #5520, .T. ) ;
#6884 = ORIENTED_EDGE ( 'NONE', *, *, #4069, .T. ) ;
#6885 = ORIENTED_EDGE ( 'NONE', *, *, #6416, .T. ) ;
#6886 = AXIS2_PLACEMENT_3D ( 'NONE', #635, #9299, #5318 ) ;
#6887 = EDGE_CURVE ( 'NONE', #9449, #9926, #9835, .T. ) ;
#6888 = AXIS2_PLACEMENT_3D ( 'NONE', #1476, #10147, #694 ) ;
#6889 = DIRECTION ( 'NONE',  ( 1.000000000000000000, 0.000000000000000000, 0.000000000000000000 ) ) ;
#6890 = DIRECTION ( 'NONE',  ( -0.5731392382913460537, -0.5731392382913449435, -0.5856815065047151769 ) ) ;
#6891 = EDGE_CURVE ( 'NONE', #8733, #37, #7588, .T. ) ;
#6892 = DIRECTION ( 'NONE',  ( 0.000000000000000000, 1.000000000000000000, 0.000000000000000000 ) ) ;
#6893 = EDGE_LOOP ( 'NONE', ( #10114, #6132, #9998, #8440 ) ) ;
#6894 = CARTESIAN_POINT ( 'NONE',  ( -67.07925725763350044, 85.00000000000000000, -84.99047725517949914 ) ) ;
#6895 = ORIENTED_EDGE ( 'NONE', *, *, #1440, .F. ) ;
#6896 = ORIENTED_EDGE ( 'NONE', *, *, #5776, .T. ) ;
#6897 = DIRECTION ( 'NONE',  ( 0.000000000000000000, 1.000000000000000000, 0.000000000000000000 ) ) ;
#6898 = ORIENTED_EDGE ( 'NONE', *, *, #4566, .T. ) ;
#6899 = ADVANCED_FACE ( 'NONE', ( #4980 ), #3439, .F. ) ;
#6900 = CARTESIAN_POINT ( 'NONE',  ( -2.500000000000000000, 69.40000000000000568, 25.50000000000000000 ) ) ;
#6901 = DIRECTION ( 'NONE',  ( 0.5521351308716259121, 0.000000000000000000, 0.8337546385222528444 ) ) ;
#6902 = DIRECTION ( 'NONE',  ( 3.068079190820899944E-33, -1.000000000000000000, -1.816464372750584614E-16 ) ) ;
#6903 = VECTOR ( 'NONE', #10227, 1000.000000000000000 ) ;
#6904 = DIRECTION ( 'NONE',  ( 0.000000000000000000, 0.000000000000000000, 1.000000000000000000 ) ) ;
#6905 = PLANE ( 'NONE',  #7430 ) ;
#6906 = ORIENTED_EDGE ( 'NONE', *, *, #799, .F. ) ;
#6907 = CIRCLE ( 'NONE', #5568, 10.00000000000000178 ) ;
#6908 = DIRECTION ( 'NONE',  ( 0.000000000000000000, 0.000000000000000000, -1.000000000000000000 ) ) ;
#6909 = VERTEX_POINT ( 'NONE', #7489 ) ;
#6910 = EDGE_CURVE ( 'NONE', #5277, #2917, #481, .T. ) ;
#6911 = ORIENTED_EDGE ( 'NONE', *, *, #6635, .T. ) ;
#6912 = DIRECTION ( 'NONE',  ( 0.000000000000000000, 0.000000000000000000, -1.000000000000000000 ) ) ;
#6913 = DIRECTION ( 'NONE',  ( -5.204170427930419311E-16, 1.000000000000000000, 0.000000000000000000 ) ) ;
#6914 = CIRCLE ( 'NONE', #5071, 8.146642442969046272 ) ;
#6915 = DIRECTION ( 'NONE',  ( -0.7071067811865465735, 0.7071067811865485719, 1.800483230470878501E-16 ) ) ;
#6916 = LINE ( 'NONE', #387, #1392 ) ;
#6917 = DIRECTION ( 'NONE',  ( 0.000000000000000000, 0.000000000000000000, 1.000000000000000000 ) ) ;
#6918 = DIRECTION ( 'NONE',  ( -1.000000000000000000, 0.000000000000000000, 0.000000000000000000 ) ) ;
#6919 = ADVANCED_FACE ( 'NONE', ( #5079 ), #286, .F. ) ;
#6920 = ORIENTED_EDGE ( 'NONE', *, *, #8958, .F. ) ;
#6921 = VERTEX_POINT ( 'NONE', #8361 ) ;
#6922 = AXIS2_PLACEMENT_3D ( 'NONE', #842, #4042, #59 ) ;
#6923 = AXIS2_PLACEMENT_3D ( 'NONE', #9152, #479, #9053 ) ;
#6924 = CARTESIAN_POINT ( 'NONE',  ( 0.000000000000000000, 50.00000000000000000, 0.000000000000000000 ) ) ;
#6925 = VERTEX_POINT ( 'NONE', #233 ) ;
#6926 = FACE_OUTER_BOUND ( 'NONE', #7785, .T. ) ;
#6927 = LINE ( 'NONE', #7653, #5857 ) ;
#6928 = CARTESIAN_POINT ( 'NONE',  ( -64.46620431643840732, 0.000000000000000000, -112.3905347760014024 ) ) ;
#6929 = LINE ( 'NONE', #1393, #6391 ) ;
#6930 = MECHANICAL_DESIGN_GEOMETRIC_PRESENTATION_REPRESENTATION (  '', ( #2440 ), #8931 ) ;
#6931 = AXIS2_PLACEMENT_3D ( 'NONE', #3573, #269, #9921 ) ;
#6932 = ADVANCED_BREP_SHAPE_REPRESENTATION ( '', ( #5495, #5194 ), #7724 ) ;
#6933 = DIRECTION ( 'NONE',  ( 0.000000000000000000, 0.000000000000000000, 1.000000000000000000 ) ) ;
#6934 = EDGE_CURVE ( 'NONE', #9633, #7043, #654, .T. ) ;
#6935 = ORIENTED_EDGE ( 'NONE', *, *, #7229, .T. ) ;
#6936 = LINE ( 'NONE', #3707, #2112 ) ;
#6937 = ORIENTED_EDGE ( 'NONE', *, *, #10069, .F. ) ;
#6938 = CARTESIAN_POINT ( 'NONE',  ( -12.10564404198160027, -75.38991528944349341, -11.00000000000000000 ) ) ;
#6939 = ORIENTED_EDGE ( 'NONE', *, *, #1038, .F. ) ;
#6940 = CARTESIAN_POINT ( 'NONE',  ( 10.00000000000000000, 18.00000000000000000, -5.196013828848719098E-14 ) ) ;
#6942 = ORIENTED_EDGE ( 'NONE', *, *, #5603, .T. ) ;
#6941 = EDGE_CURVE ( 'NONE', #6279, #3974, #8992, .T. ) ;
#6943 = AXIS2_PLACEMENT_3D ( 'NONE', #4088, #7941, #2414 ) ;
#6944 = AXIS2_PLACEMENT_3D ( 'NONE', #2574, #44, #4750 ) ;
#6945 = CARTESIAN_POINT ( 'NONE',  ( -10.00000000000000000, 12.50000000000000000, -2.919778432960205056E-15 ) ) ;
#6946 = PLANE ( 'NONE',  #9097 ) ;
#6947 = CARTESIAN_POINT ( 'NONE',  ( 2.755455298081544285E-16, 9.000000000000000000, 2.250000000000000000 ) ) ;
#6948 = VECTOR ( 'NONE', #5485, 1000.000000000000000 ) ;
#6949 = EDGE_LOOP ( 'NONE', ( #9271, #353 ) ) ;
#6950 = CARTESIAN_POINT ( 'NONE',  ( 10.00000000000000000, 10.00000000000000000, 5.000000000000000000 ) ) ;
#6951 = ORIENTED_EDGE ( 'NONE', *, *, #760, .F. ) ;
#6952 = VERTEX_POINT ( 'NONE', #7538 ) ;
#6953 = CYLINDRICAL_SURFACE ( 'NONE', #8100, 2.999999999999999112 ) ;
#6954 = ORIENTED_EDGE ( 'NONE', *, *, #7162, .T. ) ;
#6955 = EDGE_CURVE ( 'NONE', #6187, #5608, #4313, .T. ) ;
#6956 = COLOUR_RGB ( '',0.7921568627450980005, 0.8196078431372548767, 0.9333333333333333481 ) ;
#6957 = AXIS2_PLACEMENT_3D ( 'NONE', #8616, #10241, #9354 ) ;
#6958 = CARTESIAN_POINT ( 'NONE',  ( -29.04331074782909994, -64.04331074782909639, -4.763511508049220744 ) ) ;
#6959 = DIRECTION ( 'NONE',  ( 0.000000000000000000, 0.000000000000000000, -1.000000000000000000 ) ) ;
#6960 = ITEM_DEFINED_TRANSFORMATION ( 'NONE', 'NONE', #5548,  #5194 ) ;
#6961 = PRODUCT ( 'Gripper_Jaw_Plate-1', 'Gripper_Jaw_Plate-1', '', ( #9574 ) ) ;
#6962 = CARTESIAN_POINT ( 'NONE',  ( 0.000000000000000000, 95.00200000000000955, -110.2793298308826024 ) ) ;
#6963 = DIRECTION ( 'NONE',  ( -1.000000000000000000, 0.000000000000000000, -1.700709290173339793E-17 ) ) ;
#6964 = LINE ( 'NONE', #7743, #8922 ) ;
#6965 = ORIENTED_EDGE ( 'NONE', *, *, #3393, .T. ) ;
#6966 = CARTESIAN_POINT ( 'NONE',  ( 5.000000000000000000, 74.89999999999999147, 17.00000000000000000 ) ) ;
#6967 = ORIENTED_EDGE ( 'NONE', *, *, #1626, .T. ) ;
#6968 = VERTEX_POINT ( 'NONE', #8168 ) ;
#6969 = EDGE_CURVE ( 'NONE', #9898, #7063, #1821, .T. ) ;
#6970 = DIRECTION ( 'NONE',  ( -1.000000000000000000, 0.000000000000000000, 1.734723475976804629E-17 ) ) ;#6971 = CYLINDRICAL_SURFACE ( 'NONE', #3556, 10.00000000000000000 ) ;
#6972 = DIRECTION ( 'NONE',  ( 0.9999999997608040037, 1.702472351933004896E-17, -2.187217990943475179E-05 ) ) ;
#6973 = ADVANCED_FACE ( 'NONE', ( #383, #6653 ), #3589, .T. ) ;
#6974 = PLANE ( 'NONE',  #7029 ) ;
#6975 = DIRECTION ( 'NONE',  ( 0.5521351308716259121, 0.000000000000000000, -0.8337546385222528444 ) ) ;
#6976 = LINE ( 'NONE', #3209, #4228 ) ;
#6977 = DIRECTION ( 'NONE',  ( 0.000000000000000000, 0.000000000000000000, 1.000000000000000000 ) ) ;
#6978 =( REPRESENTATION_RELATIONSHIP ('NONE','NONE', #8752, #9211 ) REPRESENTATION_RELATIONSHIP_WITH_TRANSFORMATION ( #4557 )SHAPE_REPRESENTATION_RELATIONSHIP( ) );
#6979 = ORIENTED_EDGE ( 'NONE', *, *, #8323, .T. ) ;
#6980 = ORIENTED_EDGE ( 'NONE', *, *, #2590, .T. ) ;
#6981 = FACE_BOUND ( 'NONE', #5041, .T. ) ;
#6982 = ORIENTED_EDGE ( 'NONE', *, *, #2601, .F. ) ;
#6983 = CIRCLE ( 'NONE', #2490, 8.000000000000007105 ) ;
#6984 = CARTESIAN_POINT ( 'NONE',  ( 59.14441049068479828, 0.000000000000000000, -100.2793298308827872 ) ) ;
#6985 = CARTESIAN_POINT ( 'NONE',  ( -75.00000000000000000, 0.000000000000000000, -75.00000000000000000 ) ) ;
#6986 =( NAMED_UNIT ( * ) PLANE_ANGLE_UNIT ( ) SI_UNIT ( $, .RADIAN. ) );
#6987 = EDGE_CURVE ( 'NONE', #4198, #787, #3639, .T. ) ;
#6988 = FILL_AREA_STYLE ('',( #6140 ) ) ;
#6989 = FACE_OUTER_BOUND ( 'NONE', #3411, .T. ) ;
#6990 = VERTEX_POINT ( 'NONE', #2652 ) ;
#6991 = PLANE ( 'NONE',  #3617 ) ;
#6992 = ORIENTED_EDGE ( 'NONE', *, *, #1801, .F. ) ;
#6993 = CARTESIAN_POINT ( 'NONE',  ( 0.000000000000000000, 0.000000000000000000, 0.000000000000000000 ) ) ;
#6994 = ORIENTED_EDGE ( 'NONE', *, *, #8829, .F. ) ;
#6995 = EDGE_LOOP ( 'NONE', ( #3543, #1091, #1264, #7258, #532, #7597, #6222, #1647, #1423, #5807, #6404 ) ) ;
#6996 = ADVANCED_FACE ( 'NONE', ( #9004, #594 ), #9309, .T. ) ;
#6997 = ADVANCED_FACE ( 'NONE', ( #10093 ), #3121, .F. ) ;
#6998 = DIRECTION ( 'NONE',  ( -8.895006672729879551E-17, -0.000000000000000000, 1.000000000000000000 ) ) ;
#6999 = ADVANCED_FACE ( 'NONE', ( #2114 ), #8415, .F. ) ;
#7000 = FACE_OUTER_BOUND ( 'NONE', #4674, .T. ) ;
#7001 = DIRECTION ( 'NONE',  ( -1.000000000000000000, 0.000000000000000000, 0.000000000000000000 ) ) ;
#7002 = ORIENTED_EDGE ( 'NONE', *, *, #263, .F. ) ;
#7003 = CARTESIAN_POINT ( 'NONE',  ( -13.47468831681134027, 0.000000000000000000, 0.3057232255736195281 ) ) ;
#7004 = EDGE_LOOP ( 'NONE', ( #4891, #7469, #8336, #7155 ) ) ;
#7005 = EDGE_LOOP ( 'NONE', ( #6420, #3046, #5197, #5486 ) ) ;
#7006 = PLANE ( 'NONE',  #2272 ) ;
#7007 = VERTEX_POINT ( 'NONE', #6124 ) ;
#7008 = AXIS2_PLACEMENT_3D ( 'NONE', #1008, #2794, #8944 ) ;
#7009 = UNCERTAINTY_MEASURE_WITH_UNIT (LENGTH_MEASURE( 1.000000000000000082E-05 ), #5242, 'distance_accuracy_value', 'NONE');
#7010 = DIRECTION ( 'NONE',  ( -0.7071067811865465735, 0.7071067811865485719, 1.800483230470878501E-16 ) ) ;
#7011 = CARTESIAN_POINT ( 'NONE',  ( 15.50000000000000000, 8.500000000000000000, 6.000000000000000000 ) ) ;
#7012 = ADVANCED_FACE ( 'NONE', ( #9206 ), #6175, .F. ) ;
#7013 = CARTESIAN_POINT ( 'NONE',  ( -10.00000000000000000, 10.00000000000000000, 5.000000000000000000 ) ) ;
#7014 = LINE ( 'NONE', #10083, #108 ) ;
#7015 = DIRECTION ( 'NONE',  ( 0.000000000000000000, 0.000000000000000000, -1.000000000000000000 ) ) ;
#7016 = ORIENTED_EDGE ( 'NONE', *, *, #5626, .F. ) ;
#7017 = CARTESIAN_POINT ( 'NONE',  ( 26.31344247896005228, 74.67986544671991567, -28.54374205374395146 ) ) ;
#7018 = EDGE_LOOP ( 'NONE', ( #1125, #416, #5840, #3433 ) ) ;
#7019 = ORIENTED_EDGE ( 'NONE', *, *, #5911, .T. ) ;
#7020 = VECTOR ( 'NONE', #3538, 1000.000000000000000 ) ;
#7021 = CARTESIAN_POINT ( 'NONE',  ( 94.00000000000000000, 95.00000000000000000, -104.7964619962939992 ) ) ;
#7022 = DIRECTION ( 'NONE',  ( 0.000000000000000000, 1.000000000000000000, 0.000000000000000000 ) ) ;
#7023 = DIRECTION ( 'NONE',  ( 0.2125716572388549330, -1.126334128596275562E-16, 0.9771454807441555257 ) ) ;
#7024 = CARTESIAN_POINT ( 'NONE',  ( -5.204170427930419706E-15, 10.00000000000000000, -16.00000000000000000 ) ) ;
#7025 = AXIS2_PLACEMENT_3D ( 'NONE', #3286, #8027, #4172 ) ;
#7026 = CYLINDRICAL_SURFACE ( 'NONE', #7223, 8.000000000000007105 ) ;
#7027 = DIRECTION ( 'NONE',  ( 1.000000000000000000, 7.703719777548939991E-34, 1.264933817329265970E-17 ) ) ;
#7028 = EDGE_CURVE ( 'NONE', #4299, #6305, #5331, .T. ) ;
#7029 = AXIS2_PLACEMENT_3D ( 'NONE', #5492, #10148, #3744 ) ;
#7030 = ORIENTED_EDGE ( 'NONE', *, *, #9170, .T. ) ;
#7031 = ORIENTED_EDGE ( 'NONE', *, *, #4868, .T. ) ;
#7032 = CARTESIAN_POINT ( 'NONE',  ( 63.94170910735159907, 95.00000000000000000, -99.05349224005480835 ) ) ;
#7033 = ADVANCED_FACE ( 'NONE', ( #486 ), #5224, .F. ) ;
#7034 = ORIENTED_EDGE ( 'NONE', *, *, #9673, .F. ) ;
#7035 = AXIS2_PLACEMENT_3D ( 'NONE', #4782, #611, #7037 ) ;
#7036 = CARTESIAN_POINT ( 'NONE',  ( 15.00000000000000000, 5.500000000000000000, 20.00000000000000000 ) ) ;
#7037 = DIRECTION ( 'NONE',  ( 1.000000000000000000, 0.000000000000000000, 1.878072721644629807E-16 ) ) ;
#7038 = VECTOR ( 'NONE', #5349, 1000.000000000000000 ) ;
#7039 = CARTESIAN_POINT ( 'NONE',  ( -23.68655752103954981, 34.67986544671985172, -28.54374205374395146 ) ) ;
#7040 = EDGE_CURVE ( 'NONE', #1611, #5610, #8570, .T. ) ;
#7041 = ORIENTED_EDGE ( 'NONE', *, *, #3554, .T. ) ;
#7042 = DIRECTION ( 'NONE',  ( -1.000000000000000000, 0.000000000000000000, 1.734723475976804629E-17 ) ) ;
#7043 = VERTEX_POINT ( 'NONE', #1376 ) ;
#7044 = DIRECTION ( 'NONE',  ( 0.000000000000000000, 0.000000000000000000, 1.000000000000000000 ) ) ;
#7045 = AXIS2_PLACEMENT_3D ( 'NONE', #7628, #476, #1464 ) ;
#7046 = ORIENTED_EDGE ( 'NONE', *, *, #9927, .F. ) ;
#7047 = VECTOR ( 'NONE', #8129, 1000.000000000000000 ) ;
#7048 = CYLINDRICAL_SURFACE ( 'NONE', #2460, 2.250000000000001776 ) ;
#7049 = ADVANCED_FACE ( 'NONE', ( #3686 ), #4567, .F. ) ;
#7050 = ORIENTED_EDGE ( 'NONE', *, *, #5439, .T. ) ;
#7051 = PRODUCT_DEFINITION_SHAPE ( 'NONE', 'NONE',  #10319 ) ;
#7052 = DIRECTION ( 'NONE',  ( -1.000000000000000000, 0.000000000000000000, 0.000000000000000000 ) ) ;
#7053 = AXIS2_PLACEMENT_3D ( 'NONE', #9245, #2893, #9827 ) ;
#7054 = DIRECTION ( 'NONE',  ( 0.000000000000000000, -1.000000000000000000, 0.000000000000000000 ) ) ;
#7055 = VECTOR ( 'NONE', #648, 1000.000000000000000 ) ;
#7056 = CARTESIAN_POINT ( 'NONE',  ( -15.00000000000000000, 12.50000000000000000, 20.00000000000000000 ) ) ;
#7057 = ORIENTED_EDGE ( 'NONE', *, *, #7542, .T. ) ;
#7058 = CARTESIAN_POINT ( 'NONE',  ( -10.00000000000000000, -45.00000000000000000, 0.000000000000000000 ) ) ;
#7059 = ORIENTED_EDGE ( 'NONE', *, *, #4493, .F. ) ;
#7060 = ORIENTED_EDGE ( 'NONE', *, *, #9863, .T. ) ;
#7061 = VECTOR ( 'NONE', #7711, 1000.000000000000000 ) ;
#7062 = DIRECTION ( 'NONE',  ( -1.000000000000000000, 0.000000000000000000, 0.000000000000000000 ) ) ;
#7063 = VERTEX_POINT ( 'NONE', #3005 ) ;
#7064 = ADVANCED_FACE ( 'NONE', ( #1430 ), #4624, .T. ) ;
#7065 = AXIS2_PLACEMENT_3D ( 'NONE', #4669, #7690, #8572 ) ;
#7066 = EDGE_CURVE ( 'NONE', #6617, #3723, #7801, .T. ) ;
#7067 = LINE ( 'NONE', #1, #9335 ) ;
#7068 = CYLINDRICAL_SURFACE ( 'NONE', #4878, 5.000000000000000000 ) ;
#7069 = CIRCLE ( 'NONE', #7723, 1.499999999999999556 ) ;
#7070 = DIRECTION ( 'NONE',  ( 0.000000000000000000, 0.000000000000000000, -1.000000000000000000 ) ) ;
#7071 = DIRECTION ( 'NONE',  ( 0.000000000000000000, 0.000000000000000000, 1.000000000000000000 ) ) ;
#7072 = DIRECTION ( 'NONE',  ( 0.000000000000000000, -1.000000000000000000, 0.000000000000000000 ) ) ;
#7073 = ORIENTED_EDGE ( 'NONE', *, *, #6672, .T. ) ;
#7074 = CARTESIAN_POINT ( 'NONE',  ( -41.81980515339465398, -90.96194077712549131, -1.333527993263397804E-13 ) ) ;
#7075 = ORIENTED_EDGE ( 'NONE', *, *, #7713, .T. ) ;
#7076 = CIRCLE ( 'NONE', #10065, 8.146642442969046272 ) ;
#7077 = EDGE_CURVE ( 'NONE', #5570, #7748, #10195, .T. ) ;
#7078 = CARTESIAN_POINT ( 'NONE',  ( 0.000000000000000000, 9.000000000000000000, 10.00000000000000000 ) ) ;
#7079 = FACE_BOUND ( 'NONE', #4622, .T. ) ;
#7080 = CARTESIAN_POINT ( 'NONE',  ( 4.332851387010889788, 18.00000000000000000, -92.79470861319069286 ) ) ;
#7081 = AXIS2_PLACEMENT_3D ( 'NONE', #626, #3720, #5562 ) ;
#7082 = CARTESIAN_POINT ( 'NONE',  ( -5.000000000000000000, 3.000000000000000000, 0.5000000000000000000 ) ) ;
#7083 = ORIENTED_EDGE ( 'NONE', *, *, #5269, .T. ) ;
#7084 = EDGE_CURVE ( 'NONE', #8166, #150, #7639, .T. ) ;
#7085 = ORIENTED_EDGE ( 'NONE', *, *, #9118, .T. ) ;
#7086 = CARTESIAN_POINT ( 'NONE',  ( 15.00000000000000000, 0.000000000000000000, 0.000000000000000000 ) ) ;
#7087 = ORIENTED_EDGE ( 'NONE', *, *, #3438, .T. ) ;
#7088 = AXIS2_PLACEMENT_3D ( 'NONE', #547, #8576, #9315 ) ;
#7089 = EDGE_CURVE ( 'NONE', #5688, #741, #2275, .T. ) ;
#7090 = CYLINDRICAL_SURFACE ( 'NONE', #1805, 3.000000000000000000 ) ;
#7091 = CARTESIAN_POINT ( 'NONE',  ( -5.000000000000000000, 70.90000000000000568, 25.50000000000000000 ) ) ;
#7092 = CARTESIAN_POINT ( 'NONE',  ( -30.38298617678109892, -65.38298617678108826, -11.09330355699791859 ) ) ;
#7093 = CARTESIAN_POINT ( 'NONE',  ( 15.50000000000000000, -12.50000000000000000, 2.418211663346639937E-16 ) ) ;
#7094 = VECTOR ( 'NONE', #1517, 1000.000000000000000 ) ;
#7095 = ORIENTED_EDGE ( 'NONE', *, *, #7515, .T. ) ;
#7096 = LINE ( 'NONE', #4016, #6102 ) ;
#7097 = VERTEX_POINT ( 'NONE', #5440 ) ;
#7098 = PLANE ( 'NONE',  #1528 ) ;
#7099 = EDGE_LOOP ( 'NONE', ( #1182, #10236, #8289, #6144, #5234, #6942 ) ) ;
#7100 = CYLINDRICAL_SURFACE ( 'NONE', #3127, 10.00000000000000000 ) ;
#7101 = ORIENTED_EDGE ( 'NONE', *, *, #3998, .T. ) ;
#7102 = AXIS2_PLACEMENT_3D ( 'NONE', #631, #1412, #10235 ) ;
#7103 = DIRECTION ( 'NONE',  ( 1.734723475976804876E-16, -1.000000000000000000, 0.000000000000000000 ) ) ;
#7104 = VECTOR ( 'NONE', #4809, 1000.000000000000000 ) ;
#7105 = DIRECTION ( 'NONE',  ( 0.000000000000000000, 0.000000000000000000, -1.000000000000000000 ) ) ;
#7106 = ADVANCED_FACE ( 'NONE', ( #3900 ), #3741, .T. ) ;
#7107 = DIRECTION ( 'NONE',  ( -1.000000000000000000, 0.000000000000000000, 0.000000000000000000 ) ) ;
#7108 = LINE ( 'NONE', #6314, #9773 ) ;
#7109 = EDGE_LOOP ( 'NONE', ( #3385, #1949, #4530, #9144 ) ) ;
#7110 = VECTOR ( 'NONE', #6266, 1000.000000000000000 ) ;
#7111 = VECTOR ( 'NONE', #616, 1000.000000000000000 ) ;
#7112 = ORIENTED_EDGE ( 'NONE', *, *, #957, .F. ) ;
#7113 = DIRECTION ( 'NONE',  ( 0.000000000000000000, -1.000000000000000000, 0.000000000000000000 ) ) ;
#7114 = ORIENTED_EDGE ( 'NONE', *, *, #4133, .T. ) ;
#7115 = UNCERTAINTY_MEASURE_WITH_UNIT (LENGTH_MEASURE( 1.000000000000000082E-05 ), #1070, 'distance_accuracy_value', 'NONE');
#7116 = AXIS2_PLACEMENT_3D ( 'NONE', #4278, #9952, #6567 ) ;
#7117 = LINE ( 'NONE', #3160, #4346 ) ;
#7118 = AXIS2_PLACEMENT_3D ( 'NONE', #8461, #9693, #1077 ) ;
#7119 = EDGE_CURVE ( 'NONE', #3130, #4751, #4514, .T. ) ;
#7120 = DIRECTION ( 'NONE',  ( 0.000000000000000000, 0.000000000000000000, 1.000000000000000000 ) ) ;
#7121 = CARTESIAN_POINT ( 'NONE',  ( 15.50000000000000000, 74.89999999999999147, 22.00000000000000000 ) ) ;
#7122 = DIRECTION ( 'NONE',  ( 0.7071067811865465735, -0.7071067811865485719, 0.000000000000000000 ) ) ;
#7123 = VERTEX_POINT ( 'NONE', #1578 ) ;
#7124 = DIRECTION ( 'NONE',  ( 0.8425558180458873059, 0.000000000000000000, -0.5386090358293532665 ) ) ;
#7125 = ORIENTED_EDGE ( 'NONE', *, *, #2277, .T. ) ;
#7126 = VECTOR ( 'NONE', #8013, 1000.000000000000000 ) ;
#7127 = LINE ( 'NONE', #3999, #1320 ) ;
#7128 = CARTESIAN_POINT ( 'NONE',  ( 0.000000000000000000, 5.000000000000000000, 0.000000000000000000 ) ) ;
#7129 = CARTESIAN_POINT ( 'NONE',  ( 134.3628268793862048, 27.50000000000000000, -100.5292355042235926 ) ) ;
#7130 = EDGE_CURVE ( 'NONE', #8927, #326, #2320, .T. ) ;
#7131 = CARTESIAN_POINT ( 'NONE',  ( -85.36863799491800364, 0.000000000000000000, -99.02829855763729938 ) ) ;
#7132 = ADVANCED_FACE ( 'NONE', ( #1524 ), #4921, .T. ) ;
#7133 = DIRECTION ( 'NONE',  ( 0.000000000000000000, 0.000000000000000000, -1.000000000000000000 ) ) ;
#7134 = EDGE_LOOP ( 'NONE', ( #209, #9738, #9696, #5457 ) ) ;
#7135 = VERTEX_POINT ( 'NONE', #62 ) ;
#7136 = DIRECTION ( 'NONE',  ( 0.000000000000000000, 1.000000000000000000, 0.000000000000000000 ) ) ;
#7137 = ORIENTED_EDGE ( 'NONE', *, *, #3047, .T. ) ;
#7138 = FACE_BOUND ( 'NONE', #8246, .T. ) ;
#7139 = DIRECTION ( 'NONE',  ( 0.000000000000000000, 1.000000000000000000, 0.000000000000000000 ) ) ;
#7140 = CARTESIAN_POINT ( 'NONE',  ( -14.90117512409818090, -78.18544637155999055, -5.236488491950770374 ) ) ;
#7141 = ADVANCED_FACE ( 'NONE', ( #748 ), #5488, .T. ) ;
#7142 = CARTESIAN_POINT ( 'NONE',  ( 10.00000000000000000, -15.00000000000000000, 0.000000000000000000 ) ) ;
#7143 = ORIENTED_EDGE ( 'NONE', *, *, #7229, .F. ) ;
#7144 = DIRECTION ( 'NONE',  ( 0.000000000000000000, 0.000000000000000000, -1.000000000000000000 ) ) ;
#7145 = ORIENTED_EDGE ( 'NONE', *, *, #5598, .T. ) ;
#7146 = EDGE_CURVE ( 'NONE', #6323, #1550, #7127, .T. ) ;
#7147 = DIRECTION ( 'NONE',  ( 0.000000000000000000, 0.000000000000000000, 1.000000000000000000 ) ) ;
#7148 = VERTEX_POINT ( 'NONE', #7173 ) ;
#7149 = CARTESIAN_POINT ( 'NONE',  ( 5.000000000000000000, 0.000000000000000000, 4.251773225433349791E-17 ) ) ;
#7150 = ORIENTED_EDGE ( 'NONE', *, *, #1817, .F. ) ;
#7151 = VECTOR ( 'NONE', #9547, 1000.000000000000000 ) ;
#7152 = DIRECTION ( 'NONE',  ( 0.000000000000000000, 0.000000000000000000, -1.000000000000000000 ) ) ;
#7153 = LINE ( 'NONE', #4843, #2007 ) ;
#7154 = LINE ( 'NONE', #3981, #3040 ) ;
#7155 = ORIENTED_EDGE ( 'NONE', *, *, #3567, .F. ) ;
#7156 = PLANE ( 'NONE',  #7278 ) ;
#7157 = ORIENTED_EDGE ( 'NONE', *, *, #7433, .T. ) ;
#7158 = ADVANCED_FACE ( 'NONE', ( #4048 ), #5704, .F. ) ;
#7159 = ORIENTED_EDGE ( 'NONE', *, *, #3339, .F. ) ;
#7160 =( LENGTH_UNIT ( ) NAMED_UNIT ( * ) SI_UNIT ( .MILLI., .METRE. ) );
#7161 = ORIENTED_EDGE ( 'NONE', *, *, #2495, .F. ) ;
#7162 = EDGE_CURVE ( 'NONE', #1171, #9055, #9496, .T. ) ;
#7163 = DIRECTION ( 'NONE',  ( 0.000000000000000000, 0.000000000000000000, 1.000000000000000000 ) ) ;
#7164 = DIRECTION ( 'NONE',  ( -1.700709290173339793E-17, 0.000000000000000000, -1.000000000000000000 ) ) ;
#7165 = CARTESIAN_POINT ( 'NONE',  ( -15.00000000000000000, 5.500000000000000000, 20.00000000000000000 ) ) ;
#7166 = CARTESIAN_POINT ( 'NONE',  ( 5.000000000000000000, 3.851859888774469653E-33, 6.324669086646330619E-17 ) ) ;
#7167 = ORIENTED_EDGE ( 'NONE', *, *, #7500, .T. ) ;
#7168 = AXIS2_PLACEMENT_3D ( 'NONE', #4770, #9469, #8673 ) ;
#7169 = CARTESIAN_POINT ( 'NONE',  ( 25.00000000000000000, 0.000000000000000000, 2.250000000000000000 ) ) ;
#7170 = ORIENTED_EDGE ( 'NONE', *, *, #10255, .T. ) ;
#7171 = EDGE_CURVE ( 'NONE', #2157, #885, #1333, .T. ) ;
#7172 =( REPRESENTATION_RELATIONSHIP ('NONE','NONE', #8752, #9551 ) REPRESENTATION_RELATIONSHIP_WITH_TRANSFORMATION ( #4050 )SHAPE_REPRESENTATION_RELATIONSHIP( ) );
#7173 = CARTESIAN_POINT ( 'NONE',  ( -10.00000000000000000, -12.50000000000000000, -5.000000000000000000 ) ) ;
#7174 = AXIS2_PLACEMENT_3D ( 'NONE', #4612, #2944, #7739 ) ;
#7175 = CARTESIAN_POINT ( 'NONE',  ( -19.68655752103994772, 74.67986544671991567, -120.2803298308827920 ) ) ;
#7176 = DIRECTION ( 'NONE',  ( -1.000000000000000000, 0.000000000000000000, 0.000000000000000000 ) ) ;
#7177 = CARTESIAN_POINT ( 'NONE',  ( 58.67999999999999972, 5.000000000000000000, 0.000000000000000000 ) ) ;
#7178 = VERTEX_POINT ( 'NONE', #8830 ) ;
#7179 = ORIENTED_EDGE ( 'NONE', *, *, #3508, .F. ) ;
#7180 = AXIS2_PLACEMENT_3D ( 'NONE', #2140, #2983, #9336 ) ;
#7181 = DIRECTION ( 'NONE',  ( -1.000000000000000000, -7.703719777548939991E-34, -1.264933817329265970E-17 ) ) ;
#7182 = ADVANCED_FACE ( 'NONE', ( #3168 ), #6385, .F. ) ;
#7183 = ORIENTED_EDGE ( 'NONE', *, *, #9000, .F. ) ;
#7184 = ADVANCED_FACE ( 'NONE', ( #5599, #8781, #1627, #7226, #1682, #8004 ), #3275, .T. ) ;
#7185 = LINE ( 'NONE', #3337, #5475 ) ;
#7186 = LINE ( 'NONE', #3232, #191 ) ;
#7187 = CIRCLE ( 'NONE', #6681, 3.000000000000000000 ) ;
#7188 = CIRCLE ( 'NONE', #5010, 2.250000000000001776 ) ;
#7189 = DIRECTION ( 'NONE',  ( 0.000000000000000000, -1.000000000000000000, 0.000000000000000000 ) ) ;
#7190 = DIRECTION ( 'NONE',  ( 0.000000000000000000, 0.000000000000000000, 1.000000000000000000 ) ) ;
#7191 = EDGE_LOOP ( 'NONE', ( #1510, #6994, #653, #3272 ) ) ;
#7192 = DIRECTION ( 'NONE',  ( -1.000000000000000000, 0.000000000000000000, 0.000000000000000000 ) ) ;
#7193 = VERTEX_POINT ( 'NONE', #121 ) ;
#7194 = FACE_OUTER_BOUND ( 'NONE', #2975, .T. ) ;
#7195 = ORIENTED_EDGE ( 'NONE', *, *, #524, .T. ) ;
#7196 = DIRECTION ( 'NONE',  ( 1.000000000000000000, 0.000000000000000000, 1.700709290173339793E-17 ) ) ;
#7197 = EDGE_LOOP ( 'NONE', ( #3087, #4034 ) ) ;
#7198 = EDGE_CURVE ( 'NONE', #1398, #8999, #6491, .T. ) ;
#7199 = EDGE_CURVE ( 'NONE', #9023, #7549, #2538, .T. ) ;
#7200 = CARTESIAN_POINT ( 'NONE',  ( -96.67003710817799345, 0.000000000000000000, -93.45117771904560300 ) ) ;
#7201 = EDGE_CURVE ( 'NONE', #5353, #8953, #487, .T. ) ;
#7202 = DIRECTION ( 'NONE',  ( 0.000000000000000000, 0.000000000000000000, -1.000000000000000000 ) ) ;
#7203 = DIRECTION ( 'NONE',  ( 0.000000000000000000, 0.000000000000000000, -1.000000000000000000 ) ) ;
#7204 = CIRCLE ( 'NONE', #5355, 3.000000000000000000 ) ;
#7205 = VECTOR ( 'NONE', #3609, 1000.000000000000000 ) ;
#7206 = CARTESIAN_POINT ( 'NONE',  ( 10.00000000000000000, -45.00000000000000000, 0.000000000000000000 ) ) ;
#7207 = ORIENTED_EDGE ( 'NONE', *, *, #5161, .F. ) ;
#7208 = ORIENTED_EDGE ( 'NONE', *, *, #8078, .F. ) ;
#7209 = CARTESIAN_POINT ( 'NONE',  ( -41.81980515339465398, -90.96194077712549131, 1.365068420099338076E-13 ) ) ;
#7210 = ORIENTED_EDGE ( 'NONE', *, *, #7171, .T. ) ;
#7211 = EDGE_CURVE ( 'NONE', #6554, #8930, #7435, .T. ) ;
#7212 = ORIENTED_EDGE ( 'NONE', *, *, #5117, .T. ) ;
#7213 = AXIS2_PLACEMENT_3D ( 'NONE', #8832, #8006, #2539 ) ;
#7214 = VECTOR ( 'NONE', #5231, 1000.000000000000000 ) ;
#7215 = EDGE_CURVE ( 'NONE', #2641, #4198, #10161, .T. ) ;
#7216 = CARTESIAN_POINT ( 'NONE',  ( -19.68655752103994772, 74.67986544671991567, -42.59593772390965682 ) ) ;
#7217 = DIRECTION ( 'NONE',  ( 0.000000000000000000, 0.000000000000000000, -1.000000000000000000 ) ) ;
#7218 = DIRECTION ( 'NONE',  ( -1.000000000000000000, 0.000000000000000000, 0.000000000000000000 ) ) ;
#7219 = PRESENTATION_LAYER_ASSIGNMENT (  '', '', ( #9722 ) ) ;
#7220 = PLANE ( 'NONE',  #10202 ) ;
#7221 = DIRECTION ( 'NONE',  ( 1.000000000000000000, 0.000000000000000000, 0.000000000000000000 ) ) ;
#7222 = ORIENTED_EDGE ( 'NONE', *, *, #5125, .F. ) ;
#7223 = AXIS2_PLACEMENT_3D ( 'NONE', #1672, #6433, #1434 ) ;
#7224 = ORIENTED_EDGE ( 'NONE', *, *, #9346, .T. ) ;
#7225 =( GEOMETRIC_REPRESENTATION_CONTEXT ( 3 ) GLOBAL_UNCERTAINTY_ASSIGNED_CONTEXT ( ( #8768 ) ) GLOBAL_UNIT_ASSIGNED_CONTEXT ( ( #2290, #1592, #2392 ) ) REPRESENTATION_CONTEXT ( 'NONE', 'WORKASPACE' ) );
#7226 = FACE_BOUND ( 'NONE', #2751, .T. ) ;
#7227 = CARTESIAN_POINT ( 'NONE',  ( -27.68655752103954981, 14.67986544671986060, -120.2803298308827920 ) ) ;
#7228 = DIRECTION ( 'NONE',  ( -1.000000000000000000, 0.000000000000000000, 0.000000000000000000 ) ) ;
#7229 = EDGE_CURVE ( 'NONE', #9683, #5894, #8000, .T. ) ;
#7230 = DIRECTION ( 'NONE',  ( 1.734723475976805246E-17, 0.000000000000000000, 1.000000000000000000 ) ) ;
#7231 = ORIENTED_EDGE ( 'NONE', *, *, #646, .F. ) ;
#7232 = VERTEX_POINT ( 'NONE', #6645 ) ;
#7233 = LINE ( 'NONE', #4786, #9618 ) ;
#7234 = FACE_OUTER_BOUND ( 'NONE', #2081, .T. ) ;
#7235 = VERTEX_POINT ( 'NONE', #1891 ) ;
#7236 = DIRECTION ( 'NONE',  ( 0.000000000000000000, 0.000000000000000000, 1.000000000000000000 ) ) ;
#7237 = FACE_OUTER_BOUND ( 'NONE', #5342, .T. ) ;
#7238 = AXIS2_PLACEMENT_3D ( 'NONE', #4343, #6740, #8201 ) ;
#7239 = DIRECTION ( 'NONE',  ( -1.000000000000000000, 0.000000000000000000, 0.000000000000000000 ) ) ;
#7240 = EDGE_CURVE ( 'NONE', #8111, #7148, #9047, .T. ) ;
#7241 = DIRECTION ( 'NONE',  ( -0.000000000000000000, -0.000000000000000000, -1.000000000000000000 ) ) ;
#7242 = CARTESIAN_POINT ( 'NONE',  ( -3.764003191354647004, 0.01385626120187048727, 0.1662646025331129540 ) ) ;
#7243 = ORIENTED_EDGE ( 'NONE', *, *, #6672, .F. ) ;
#7244 = DIRECTION ( 'NONE',  ( 0.000000000000000000, 1.000000000000000000, 0.000000000000000000 ) ) ;
#7245 = ORIENTED_EDGE ( 'NONE', *, *, #6223, .T. ) ;
#7246 = DIRECTION ( 'NONE',  ( -1.000000000000000000, -1.734723475976806848E-16, 0.000000000000000000 ) ) ;
#7247 = ORIENTED_EDGE ( 'NONE', *, *, #9457, .F. ) ;
#7248 = AXIS2_PLACEMENT_3D ( 'NONE', #6024, #491, #9841 ) ;
#7249 = CARTESIAN_POINT ( 'NONE',  ( 5.000000000000000000, 0.000000000000000000, -100.0000000000000000 ) ) ;
#7250 = ORIENTED_EDGE ( 'NONE', *, *, #5690, .F. ) ;
#7251 = CARTESIAN_POINT ( 'NONE',  ( 0.000000000000000000, 0.000000000000000000, 10.00000000000000000 ) ) ;
#7252 = PLANE ( 'NONE',  #2184 ) ;
#7253 = DIRECTION ( 'NONE',  ( 0.000000000000000000, 1.000000000000000000, 0.000000000000000000 ) ) ;
#7254 = VECTOR ( 'NONE', #5218, 1000.000000000000000 ) ;
#7255 = EDGE_CURVE ( 'NONE', #9595, #8753, #7382, .T. ) ;
#7256 = CARTESIAN_POINT ( 'NONE',  ( 10.00000000000000000, -10.00000000000000000, 0.000000000000000000 ) ) ;
#7257 = EDGE_CURVE ( 'NONE', #6350, #5076, #9781, .T. ) ;
#7258 = ORIENTED_EDGE ( 'NONE', *, *, #8900, .T. ) ;
#7259 = CARTESIAN_POINT ( 'NONE',  ( -16.24085055305020120, -79.52512180051199664, 1.093303556997920145 ) ) ;
#7260 = EDGE_LOOP ( 'NONE', ( #7824, #9269 ) ) ;
#7261 = VERTEX_POINT ( 'NONE', #9877 ) ;
#7262 = ORIENTED_EDGE ( 'NONE', *, *, #7830, .T. ) ;
#7263 = ORIENTED_EDGE ( 'NONE', *, *, #2930, .F. ) ;
#7264 = VECTOR ( 'NONE', #9040, 1000.000000000000000 ) ;
#7265 = CIRCLE ( 'NONE', #9418, 4.000000000000000000 ) ;
#7266 = DIRECTION ( 'NONE',  ( 0.000000000000000000, 0.000000000000000000, 1.000000000000000000 ) ) ;
#7267 = CARTESIAN_POINT ( 'NONE',  ( -64.46620431643840732, 0.000000000000000000, -112.3905347760014024 ) ) ;
#7268 = AXIS2_PLACEMENT_3D ( 'NONE', #2137, #1346, #5462 ) ;
#7269 = CARTESIAN_POINT ( 'NONE',  ( 15.00000000000000000, -9.500000000000000000, 20.00000000000000000 ) ) ;
#7270 = AXIS2_PLACEMENT_3D ( 'NONE', #5011, #1051, #6587 ) ;
#7271 = DIRECTION ( 'NONE',  ( -1.700709290173339793E-17, 0.000000000000000000, -1.000000000000000000 ) ) ;
#7272 = EDGE_CURVE ( 'NONE', #5474, #5353, #8302, .T. ) ;
#7273 = CARTESIAN_POINT ( 'NONE',  ( 5.000000000000000000, 70.90000000000000568, 4.251773225433349791E-17 ) ) ;
#7274 = ORIENTED_EDGE ( 'NONE', *, *, #1278, .T. ) ;
#7275 = PRESENTATION_STYLE_ASSIGNMENT (( #4864 ) ) ;
#7276 = ORIENTED_EDGE ( 'NONE', *, *, #2562, .T. ) ;
#7277 = AXIS2_PLACEMENT_3D ( 'NONE', #7249, #2457, #88 ) ;
#7278 = AXIS2_PLACEMENT_3D ( 'NONE', #2236, #4956, #8287 ) ;
#7279 = DIRECTION ( 'NONE',  ( 0.000000000000000000, 0.000000000000000000, -1.000000000000000000 ) ) ;
#7280 = DIRECTION ( 'NONE',  ( 0.000000000000000000, -1.000000000000000000, 0.000000000000000000 ) ) ;
#7281 = APPLICATION_PROTOCOL_DEFINITION ( 'draft international standard', 'automotive_design', 1998, #5559 ) ;
#7282 = CARTESIAN_POINT ( 'NONE',  ( -5.000000000000000000, 70.90000000000000568, 25.50000000000000000 ) ) ;
#7283 = LINE ( 'NONE', #4975, #4100 ) ;
#7284 = AXIS2_PLACEMENT_3D ( 'NONE', #9070, #8965, #8278 ) ;
#7285 = ORIENTED_EDGE ( 'NONE', *, *, #2418, .F. ) ;
#7286 = ORIENTED_EDGE ( 'NONE', *, *, #7732, .T. ) ;
#7287 = EDGE_CURVE ( 'NONE', #2244, #8487, #6597, .T. ) ;
#7288 = ORIENTED_EDGE ( 'NONE', *, *, #2061, .F. ) ;
#7289 = PRESENTATION_LAYER_ASSIGNMENT (  '', '', ( #9120 ) ) ;
#7290 = EDGE_CURVE ( 'NONE', #2686, #1329, #2161, .T. ) ;
#7291 = CARTESIAN_POINT ( 'NONE',  ( -46.58206385166879926, 10.00000000000000000, -54.03857957040010263 ) ) ;
#7292 = CARTESIAN_POINT ( 'NONE',  ( 25.00000000000000000, 9.500000000000000000, 10.00000000000000000 ) ) ;
#7293 =( NAMED_UNIT ( * ) SI_UNIT ( $, .STERADIAN. ) SOLID_ANGLE_UNIT ( ) );
#7294 = CARTESIAN_POINT ( 'NONE',  ( -4.000000000000000000, 70.90000000000000568, 0.5000000000000000000 ) ) ;
#7295 = DIRECTION ( 'NONE',  ( 0.000000000000000000, 0.000000000000000000, -1.000000000000000000 ) ) ;
#7296 = FACE_OUTER_BOUND ( 'NONE', #107, .T. ) ;
#7297 = ORIENTED_EDGE ( 'NONE', *, *, #6859, .F. ) ;
#7298 = LINE ( 'NONE', #7870, #6081 ) ;
#7299 = VERTEX_POINT ( 'NONE', #9148 ) ;
#7300 = CARTESIAN_POINT ( 'NONE',  ( 15.50000000000000000, 74.89999999999999147, 1.000000000000000000 ) ) ;
#7301 = ORIENTED_EDGE ( 'NONE', *, *, #1076, .T. ) ;
#7302 = DIRECTION ( 'NONE',  ( -1.040834085586093871E-16, 0.000000000000000000, -1.000000000000000000 ) ) ;
#7303 = VERTEX_POINT ( 'NONE', #5068 ) ;
#7304 = EDGE_CURVE ( 'NONE', #8372, #5529, #9670, .T. ) ;
#7305 = DIRECTION ( 'NONE',  ( 1.000000000000000000, 1.387778780781445478E-15, 0.000000000000000000 ) ) ;
#7306 = CARTESIAN_POINT ( 'NONE',  ( -41.81980515339470372, -90.96194077712559078, -33.00000000000000000 ) ) ;
#7307 = DIRECTION ( 'NONE',  ( -5.204170427930419311E-16, 1.000000000000000000, 0.000000000000000000 ) ) ;
#7308 = LINE ( 'NONE', #9472, #2352 ) ;
#7309 = CARTESIAN_POINT ( 'NONE',  ( -48.89087296526020054, -98.03300858899099524, -33.00000000000000000 ) ) ;
#7310 = CARTESIAN_POINT ( 'NONE',  ( 0.000000000000000000, 0.000000000000000000, -6.500000000000000000 ) ) ;
#7311 = VERTEX_POINT ( 'NONE', #5163 ) ;
#7312 =( REPRESENTATION_RELATIONSHIP ('NONE','NONE', #8752, #1678 ) REPRESENTATION_RELATIONSHIP_WITH_TRANSFORMATION ( #8352 )SHAPE_REPRESENTATION_RELATIONSHIP( ) );
#7313 = EDGE_CURVE ( 'NONE', #9595, #4089, #8993, .T. ) ;
#7314 = VERTEX_POINT ( 'NONE', #5017 ) ;
#7315 = FILL_AREA_STYLE_COLOUR ( '', #5253 ) ;
#7316 = ORIENTED_EDGE ( 'NONE', *, *, #3899, .T. ) ;
#7317 = ORIENTED_EDGE ( 'NONE', *, *, #9927, .T. ) ;
#7318 = ADVANCED_FACE ( 'NONE', ( #1109 ), #276, .T. ) ;
#7319 = ADVANCED_FACE ( 'NONE', ( #1151 ), #1205, .T. ) ;
#7320 = CIRCLE ( 'NONE', #3657, 9.999999999999998224 ) ;
#7321 = DIRECTION ( 'NONE',  ( 0.000000000000000000, 1.000000000000000000, 0.000000000000000000 ) ) ;
#7322 = FACE_OUTER_BOUND ( 'NONE', #8890, .T. ) ;
#7323 = DIRECTION ( 'NONE',  ( 0.000000000000000000, 1.000000000000000000, 0.000000000000000000 ) ) ;
#7324 = DIRECTION ( 'NONE',  ( 0.000000000000000000, 1.000000000000000000, 0.000000000000000000 ) ) ;
#7325 = CARTESIAN_POINT ( 'NONE',  ( 58.74171087241099798, 85.00000000000000000, -90.51182856389580422 ) ) ;
#7326 = EDGE_LOOP ( 'NONE', ( #1563, #1497, #2225, #8540 ) ) ;
#7327 = DIRECTION ( 'NONE',  ( 0.000000000000000000, 0.000000000000000000, 1.000000000000000000 ) ) ;
#7328 = VERTEX_POINT ( 'NONE', #6691 ) ;
#7329 = ADVANCED_FACE ( 'NONE', ( #8350 ), #7577, .F. ) ;
#7330 = CARTESIAN_POINT ( 'NONE',  ( -4.978593902481658340, 0.3058064118600898884, -0.8310871186964500223 ) ) ;
#7331 = FACE_BOUND ( 'NONE', #1747, .T. ) ;
#7332 = ITEM_DEFINED_TRANSFORMATION ( 'NONE', 'NONE', #3237,  #5194 ) ;
#7333 = DIRECTION ( 'NONE',  ( -1.000000000000000000, 0.000000000000000000, -1.700709290173339793E-17 ) ) ;
#7334 = FACE_OUTER_BOUND ( 'NONE', #6213, .T. ) ;
#7335 = ORIENTED_EDGE ( 'NONE', *, *, #8621, .F. ) ;
#7336 = ORIENTED_EDGE ( 'NONE', *, *, #4657, .F. ) ;
#7337 = DIRECTION ( 'NONE',  ( -1.000000000000000000, 0.000000000000000000, 1.734723475976804629E-17 ) ) ;
#7338 = VECTOR ( 'NONE', #1270, 1000.000000000000000 ) ;
#7339 = FACE_BOUND ( 'NONE', #5057, .T. ) ;
#7340 = DIRECTION ( 'NONE',  ( -0.000000000000000000, -1.000000000000000000, -0.000000000000000000 ) ) ;
#7341 = CARTESIAN_POINT ( 'NONE',  ( 25.00000000000000000, 9.000000000000000000, 10.00000000000000000 ) ) ;
#7342 = DIRECTION ( 'NONE',  ( 0.000000000000000000, 1.000000000000000000, 0.000000000000000000 ) ) ;
#7343 = CARTESIAN_POINT ( 'NONE',  ( -5.204170427930419706E-15, 10.00000000000000000, -16.00000000000000000 ) ) ;
#7344 = VECTOR ( 'NONE', #9298, 1000.000000000000000 ) ;
#7345 = EDGE_CURVE ( 'NONE', #5622, #2964, #1994, .T. ) ;
#7346 = ORIENTED_EDGE ( 'NONE', *, *, #2696, .T. ) ;
#7347 = CARTESIAN_POINT ( 'NONE',  ( -25.00000000000000000, 9.500000000000000000, 0.000000000000000000 ) ) ;
#7348 = DIRECTION ( 'NONE',  ( 0.000000000000000000, 0.000000000000000000, -1.000000000000000000 ) ) ;
#7349 = EDGE_LOOP ( 'NONE', ( #6392, #4348, #135, #6365, #3423 ) ) ;
#7350 = DIRECTION ( 'NONE',  ( -1.000000000000000000, 0.000000000000000000, 0.000000000000000000 ) ) ;
#7351 = ORIENTED_EDGE ( 'NONE', *, *, #4302, .T. ) ;
#7352 = DIRECTION ( 'NONE',  ( 0.8660254037844384856, 0.000000000000000000, -0.5000000000000003331 ) ) ;
#7353 = CIRCLE ( 'NONE', #2346, 2.250000000000001776 ) ;
#7354 = DIRECTION ( 'NONE',  ( 0.000000000000000000, 0.000000000000000000, 1.000000000000000000 ) ) ;
#7355 = ADVANCED_FACE ( 'NONE', ( #9930 ), #10134, .T. ) ;
#7356 = CARTESIAN_POINT ( 'NONE',  ( 2.500000000000000000, 0.000000000000000000, 0.5000000000000000000 ) ) ;
#7357 = DIRECTION ( 'NONE',  ( 1.000000000000000000, 7.703719777548939991E-34, 1.264933817329265970E-17 ) ) ;
#7358 = CARTESIAN_POINT ( 'NONE',  ( 64.46620431643840732, 0.000000000000000000, -110.1405347760014024 ) ) ;
#7359 = CIRCLE ( 'NONE', #7025, 5.000000000000004441 ) ;
#7360 = EDGE_CURVE ( 'NONE', #8464, #2256, #8491, .T. ) ;
#7361 = ORIENTED_EDGE ( 'NONE', *, *, #2896, .T. ) ;
#7362 = CARTESIAN_POINT ( 'NONE',  ( 0.000000000000000000, 0.000000000000000000, 0.000000000000000000 ) ) ;
#7363 = ORIENTED_EDGE ( 'NONE', *, *, #126, .F. ) ;
#7364 = VECTOR ( 'NONE', #4158, 1000.000000000000000 ) ;
#7365 = ORIENTED_EDGE ( 'NONE', *, *, #2536, .T. ) ;
#7366 = CARTESIAN_POINT ( 'NONE',  ( 0.000000000000000000, 0.000000000000000000, 0.000000000000000000 ) ) ;
#7367 = ORIENTED_EDGE ( 'NONE', *, *, #2103, .F. ) ;
#7368 = VERTEX_POINT ( 'NONE', #8402 ) ;
#7369 = DIRECTION ( 'NONE',  ( -0.000000000000000000, -1.000000000000000000, -0.000000000000000000 ) ) ;
#7370 = CIRCLE ( 'NONE', #3883, 2.000000000000001776 ) ;
#7371 = CIRCLE ( 'NONE', #5866, 2.250000000000001776 ) ;
#7372 = CARTESIAN_POINT ( 'NONE',  ( 2.693045179146765111, 18.00000000000000000, -10.02960075331755974 ) ) ;
#7373 = APPLICATION_CONTEXT ( 'automotive_design' ) ;
#7374 = CARTESIAN_POINT ( 'NONE',  ( 10.00000000000000000, 2.081668171172164963E-15, -16.00000000000000000 ) ) ;
#7375 = EDGE_CURVE ( 'NONE', #4279, #7990, #3853, .T. ) ;
#7376 = LINE ( 'NONE', #5539, #7587 ) ;
#7377 = ORIENTED_EDGE ( 'NONE', *, *, #3471, .T. ) ;
#7378 = AXIS2_PLACEMENT_3D ( 'NONE', #5774, #3289, #9685 ) ;
#7379 = DIRECTION ( 'NONE',  ( 0.000000000000000000, -1.000000000000000000, 0.000000000000000000 ) ) ;
#7380 = ORIENTED_EDGE ( 'NONE', *, *, #9362, .F. ) ;
#7381 = VECTOR ( 'NONE', #7872, 1000.000000000000000 ) ;
#7382 = LINE ( 'NONE', #1792, #5315 ) ;
#7383 = CARTESIAN_POINT ( 'NONE',  ( 15.50000000000000000, 67.40000000000000568, 17.00000000000000000 ) ) ;
#7384 = SHAPE_DEFINITION_REPRESENTATION ( #9195, #8881 ) ;
#7385 = AXIS2_PLACEMENT_3D ( 'NONE', #3070, #7802, #644 ) ;
#7386 = CARTESIAN_POINT ( 'NONE',  ( -5.000000000000000000, 70.72842712474620441, -0.5000000000000000000 ) ) ;
#7387 = EDGE_CURVE ( 'NONE', #5274, #9760, #3631, .T. ) ;
#7388 = DIRECTION ( 'NONE',  ( 1.000000000000000000, 0.000000000000000000, 0.000000000000000000 ) ) ;
#7389 = VERTEX_POINT ( 'NONE', #6797 ) ;
#7390 = EDGE_CURVE ( 'NONE', #828, #378, #6163, .T. ) ;
#7391 = ORIENTED_EDGE ( 'NONE', *, *, #7199, .F. ) ;
#7392 = CIRCLE ( 'NONE', #3565, 9.999999999999994671 ) ;
#7393 = ORIENTED_EDGE ( 'NONE', *, *, #7696, .T. ) ;
#7394 = AXIS2_PLACEMENT_3D ( 'NONE', #7641, #9944, #7492 ) ;
#7395 = CARTESIAN_POINT ( 'NONE',  ( -27.25000000000000000, 5.500000000000000000, 10.00000000000000000 ) ) ;
#7396 = CARTESIAN_POINT ( 'NONE',  ( -2.500000000000000000, 69.40000000000000568, 0.000000000000000000 ) ) ;
#7397 = SHAPE_REPRESENTATION_RELATIONSHIP ( 'NONE' , 'NONE' ,  #4555, #6689 ) ;
#7398 = DIRECTION ( 'NONE',  ( 0.000000000000000000, -1.000000000000000000, 0.000000000000000000 ) ) ;
#7399 = FACE_OUTER_BOUND ( 'NONE', #3897, .T. ) ;
#7400 = CARTESIAN_POINT ( 'NONE',  ( 15.50000000000000000, 3.500000000000000000, 6.000000000000000000 ) ) ;
#7401 = PRODUCT_DEFINITION_FORMATION_WITH_SPECIFIED_SOURCE ( 'ANY', '', #6961, .NOT_KNOWN. ) ;
#7402 = ORIENTED_EDGE ( 'NONE', *, *, #2696, .F. ) ;
#7403 = EDGE_CURVE ( 'NONE', #7261, #5366, #1256, .T. ) ;
#7404 = CARTESIAN_POINT ( 'NONE',  ( 26.31344247896045019, 14.67986544671986060, -120.2803298308827920 ) ) ;
#7405 = LINE ( 'NONE', #2505, #3529 ) ;
#7406 = PLANE ( 'NONE',  #9108 ) ;
#7407 = EDGE_LOOP ( 'NONE', ( #947, #4015 ) ) ;
#7408 = AXIS2_PLACEMENT_3D ( 'NONE', #6710, #5282, #1219 ) ;
#7409 = CARTESIAN_POINT ( 'NONE',  ( 59.14441049068479828, 10.00000000000000000, -100.2793298308827872 ) ) ;
#7410 = CARTESIAN_POINT ( 'NONE',  ( 25.00000000000000000, -9.500000000000000000, 10.00000000000000000 ) ) ;
#7411 = LINE ( 'NONE', #2667, #215 ) ;
#7412 = FACE_BOUND ( 'NONE', #5657, .T. ) ;
#7413 = AXIS2_PLACEMENT_3D ( 'NONE', #2189, #1299, #2882 ) ;
#7414 = EDGE_LOOP ( 'NONE', ( #9331, #163, #3029, #9388 ) ) ;
#7415 = CARTESIAN_POINT ( 'NONE',  ( 0.000000000000000000, 0.000000000000000000, -14.24237984354699904 ) ) ;
#7416 = ORIENTED_EDGE ( 'NONE', *, *, #6029, .F. ) ;
#7417 = ORIENTED_EDGE ( 'NONE', *, *, #7403, .F. ) ;
#7418 = DIRECTION ( 'NONE',  ( 1.000000000000000000, 0.000000000000000000, 0.000000000000000000 ) ) ;
#7419 = ORIENTED_EDGE ( 'NONE', *, *, #5860, .F. ) ;
#7420 = CIRCLE ( 'NONE', #6074, 2.250000000000000000 ) ;
#7421 = EDGE_CURVE ( 'NONE', #932, #4789, #7791, .T. ) ;
#7422 = UNCERTAINTY_MEASURE_WITH_UNIT (LENGTH_MEASURE( 1.000000000000000082E-05 ), #567, 'distance_accuracy_value', 'NONE');
#7423 = CARTESIAN_POINT ( 'NONE',  ( 25.00000000000000000, 9.000000000000000000, 2.250000000000000000 ) ) ;
#7424 = SHAPE_REPRESENTATION ( 'Gripper_Jaw_Plate-1', ( #5194 ), #9888 ) ;
#7425 = CARTESIAN_POINT ( 'NONE',  ( 0.000000000000000000, 5.000000000000000000, 0.000000000000000000 ) ) ;
#7426 = DIRECTION ( 'NONE',  ( -1.000000000000000000, -0.000000000000000000, -1.700709290173339793E-17 ) ) ;
#7427 = DIRECTION ( 'NONE',  ( 0.000000000000000000, 0.000000000000000000, -1.000000000000000000 ) ) ;
#7428 = EDGE_LOOP ( 'NONE', ( #3451, #1791 ) ) ;
#7429 = AXIS2_PLACEMENT_3D ( 'NONE', #8175, #5829, #9012 ) ;
#7430 = AXIS2_PLACEMENT_3D ( 'NONE', #5379, #7072, #7015 ) ;
#7431 = LINE ( 'NONE', #3475, #6596 ) ;
#7432 = ORIENTED_EDGE ( 'NONE', *, *, #2576, .T. ) ;
#7433 = EDGE_CURVE ( 'NONE', #507, #10268, #5374, .T. ) ;
#7434 = AXIS2_PLACEMENT_3D ( 'NONE', #9187, #6003, #1054 ) ;
#7435 = LINE ( 'NONE', #5760, #3671 ) ;
#7436 = DIRECTION ( 'NONE',  ( 0.000000000000000000, -1.000000000000000000, 0.000000000000000000 ) ) ;
#7437 = VECTOR ( 'NONE', #162, 1000.000000000000000 ) ;
#7438 = FACE_BOUND ( 'NONE', #1873, .T. ) ;
#7439 = CARTESIAN_POINT ( 'NONE',  ( 2.500000000000000000, 67.90000000000000568, 0.5000000000000000000 ) ) ;
#7440 = VERTEX_POINT ( 'NONE', #2044 ) ;
#7441 = VERTEX_POINT ( 'NONE', #3673 ) ;
#7442 = PRESENTATION_LAYER_ASSIGNMENT (  '', '', ( #8935 ) ) ;
#7443 = AXIS2_PLACEMENT_3D ( 'NONE', #6882, #7042, #2022 ) ;
#7444 = FACE_OUTER_BOUND ( 'NONE', #10024, .T. ) ;
#7445 = EDGE_CURVE ( 'NONE', #5366, #1848, #6843, .T. ) ;
#7446 = DIRECTION ( 'NONE',  ( 0.000000000000000000, 0.000000000000000000, 1.000000000000000000 ) ) ;
#7447 = LINE ( 'NONE', #8126, #4706 ) ;
#7448 =( LENGTH_UNIT ( ) NAMED_UNIT ( * ) SI_UNIT ( .MILLI., .METRE. ) );
#7449 = EDGE_CURVE ( 'NONE', #932, #1294, #2203, .T. ) ;
#7450 = CARTESIAN_POINT ( 'NONE',  ( -23.68655752103995127, 74.67986544671991567, -120.2803298308827920 ) ) ;
#7451 = AXIS2_PLACEMENT_3D ( 'NONE', #931, #2508, #4743 ) ;
#7452 = AXIS2_PLACEMENT_3D ( 'NONE', #8025, #7244, #6851 ) ;
#7453 = CARTESIAN_POINT ( 'NONE',  ( 25.00000000000000000, 5.500000000000000000, 10.00000000000000000 ) ) ;
#7454 = CARTESIAN_POINT ( 'NONE',  ( -20.90380984571844891, 18.00000000000000000, 15.61289017892626241 ) ) ;
#7455 = ORIENTED_EDGE ( 'NONE', *, *, #10025, .F. ) ;
#7456 = DIRECTION ( 'NONE',  ( -1.734723475976804876E-16, 1.000000000000000000, 0.000000000000000000 ) ) ;
#7457 = VERTEX_POINT ( 'NONE', #10079 ) ;
#7458 = DIRECTION ( 'NONE',  ( -0.8660254037844383745, 0.000000000000000000, -0.5000000000000003331 ) ) ;
#7459 = ORIENTED_EDGE ( 'NONE', *, *, #2657, .T. ) ;
#7460 = AXIS2_PLACEMENT_3D ( 'NONE', #6116, #1367, #7843 ) ;
#7461 = CARTESIAN_POINT ( 'NONE',  ( -29.04331074782909994, -64.04331074782909639, -5.236488491950770374 ) ) ;
#7462 = LINE ( 'NONE', #9703, #4202 ) ;
#7463 = EDGE_CURVE ( 'NONE', #7662, #3598, #3054, .T. ) ;
#7464 = DIRECTION ( 'NONE',  ( 0.000000000000000000, 0.000000000000000000, 1.000000000000000000 ) ) ;
#7465 = CARTESIAN_POINT ( 'NONE',  ( -53.68655752104000811, 95.00000000000000000, -28.54374205374395146 ) ) ;
#7466 = ORIENTED_EDGE ( 'NONE', *, *, #3494, .T. ) ;
#7467 = DIRECTION ( 'NONE',  ( 0.000000000000000000, -1.000000000000000000, 0.000000000000000000 ) ) ;
#7468 = ORIENTED_EDGE ( 'NONE', *, *, #1065, .T. ) ;
#7469 = ORIENTED_EDGE ( 'NONE', *, *, #8870, .T. ) ;
#7470 = LINE ( 'NONE', #1239, #6263 ) ;
#7471 = VERTEX_POINT ( 'NONE', #2892 ) ;
#7472 = LINE ( 'NONE', #3514, #8667 ) ;
#7473 = SURFACE_STYLE_FILL_AREA ( #8934 ) ;
#7474 = DIRECTION ( 'NONE',  ( 0.000000000000000000, 0.000000000000000000, -1.000000000000000000 ) ) ;
#7475 = CARTESIAN_POINT ( 'NONE',  ( -25.00000000000000000, 9.500000000000000000, 10.00000000000000000 ) ) ;
#7476 = ORIENTED_EDGE ( 'NONE', *, *, #5847, .F. ) ;
#7477 = DIRECTION ( 'NONE',  ( 0.000000000000000000, 1.000000000000000000, 0.000000000000000000 ) ) ;
#7478 = ORIENTED_EDGE ( 'NONE', *, *, #1174, .T. ) ;
#7479 = ADVANCED_FACE ( 'NONE', ( #634 ), #3782, .T. ) ;
#7480 = AXIS2_PLACEMENT_3D ( 'NONE', #4792, #878, #2462 ) ;
#7481 = DIRECTION ( 'NONE',  ( 0.000000000000000000, 0.000000000000000000, -1.000000000000000000 ) ) ;
#7482 = CARTESIAN_POINT ( 'NONE',  ( -5.000000000000000000, 70.90000000000000568, -0.5000000000000000000 ) ) ;
#7483 = FACE_BOUND ( 'NONE', #8850, .T. ) ;
#7484 = CARTESIAN_POINT ( 'NONE',  ( -48.89087296526020054, -83.89087296526010107, 23.00000000000000000 ) ) ;
#7485 = ORIENTED_EDGE ( 'NONE', *, *, #9815, .T. ) ;
#7486 = EDGE_CURVE ( 'NONE', #1354, #4549, #5267, .T. ) ;
#7487 = ORIENTED_EDGE ( 'NONE', *, *, #4630, .F. ) ;
#7488 = ORIENTED_EDGE ( 'NONE', *, *, #7495, .F. ) ;
#7489 = CARTESIAN_POINT ( 'NONE',  ( -10.00000000000000000, 47.50000000000000000, -42.59593772390965682 ) ) ;
#7490 = AXIS2_PLACEMENT_3D ( 'NONE', #130, #861, #6503 ) ;
#7491 = DIRECTION ( 'NONE',  ( 0.000000000000000000, -1.000000000000000000, 0.000000000000000000 ) ) ;
#7492 = DIRECTION ( 'NONE',  ( 0.9999999997608040037, 1.763061759675609932E-20, -2.187217990944695245E-05 ) ) ;
#7493 = FACE_OUTER_BOUND ( 'NONE', #3117, .T. ) ;
#7494 = CARTESIAN_POINT ( 'NONE',  ( -5.000000000000000000, 7.500000000000000000, 23.99999999999999645 ) ) ;
#7495 = EDGE_CURVE ( 'NONE', #1141, #9812, #2994, .T. ) ;
#7496 = ORIENTED_EDGE ( 'NONE', *, *, #7732, .F. ) ;
#7497 = ORIENTED_EDGE ( 'NONE', *, *, #5006, .T. ) ;
#7498 = VECTOR ( 'NONE', #8518, 1000.000000000000000 ) ;
#7499 = DIRECTION ( 'NONE',  ( 0.000000000000000000, 1.000000000000000000, 0.000000000000000000 ) ) ;
#7501 = ORIENTED_EDGE ( 'NONE', *, *, #9994, .T. ) ;
#7500 = EDGE_CURVE ( 'NONE', #2138, #4564, #1416, .T. ) ;
#7502 = CARTESIAN_POINT ( 'NONE',  ( -48.89087296526020054, -83.89087296526010107, -25.00000000000000000 ) ) ;
#7503 = DIRECTION ( 'NONE',  ( 1.000000000000000000, -0.000000000000000000, -0.000000000000000000 ) ) ;
#7504 = DIRECTION ( 'NONE',  ( 0.000000000000000000, 0.000000000000000000, 1.000000000000000000 ) ) ;
#7505 = AXIS2_PLACEMENT_3D ( 'NONE', #6737, #5750, #5058 ) ;
#7506 = PLANE ( 'NONE',  #4535 ) ;
#7507 = ORIENTED_EDGE ( 'NONE', *, *, #4289, .F. ) ;
#7508 = CARTESIAN_POINT ( 'NONE',  ( -37.48849769918444963, -72.48849769918439279, -33.00000000000000000 ) ) ;
#7509 = VERTEX_POINT ( 'NONE', #3832 ) ;
#7510 = ORIENTED_EDGE ( 'NONE', *, *, #2731, .T. ) ;
#7511 = DIRECTION ( 'NONE',  ( 0.000000000000000000, 0.000000000000000000, -1.000000000000000000 ) ) ;
#7513 = ORIENTED_EDGE ( 'NONE', *, *, #2485, .T. ) ;
#7512 = EDGE_CURVE ( 'NONE', #8319, #6486, #4556, .T. ) ;
#7514 = AXIS2_PLACEMENT_3D ( 'NONE', #4180, #8921, #6709 ) ;
#7515 = EDGE_CURVE ( 'NONE', #4140, #7178, #6218, .T. ) ;
#7516 = LINE ( 'NONE', #4145, #381 ) ;
#7517 = AXIS2_PLACEMENT_3D ( 'NONE', #7410, #4994, #249 ) ;
#7518 = LINE ( 'NONE', #7372, #8780 ) ;
#7519 = CARTESIAN_POINT ( 'NONE',  ( -2.500000000000000000, 15.00000000000000000, 23.99999999999999645 ) ) ;
#7520 = VECTOR ( 'NONE', #2436, 1000.000000000000000 ) ;
#7521 = ADVANCED_FACE ( 'NONE', ( #1462 ), #4658, .F. ) ;
#7522 = CARTESIAN_POINT ( 'NONE',  ( -10.00000000000000000, 12.50000000000000000, -2.919778432960205056E-15 ) ) ;
#7523 = VERTEX_POINT ( 'NONE', #5534 ) ;
#7524 = LINE ( 'NONE', #2887, #2264 ) ;
#7525 = ORIENTED_EDGE ( 'NONE', *, *, #3870, .T. ) ;
#7526 = EDGE_CURVE ( 'NONE', #2327, #8372, #109, .T. ) ;
#7527 = AXIS2_PLACEMENT_3D ( 'NONE', #3149, #6311, #2348 ) ;
#7528 = DIRECTION ( 'NONE',  ( -1.000000000000000000, 0.000000000000000000, 0.000000000000000000 ) ) ;
#7529 = FACE_OUTER_BOUND ( 'NONE', #2904, .T. ) ;
#7530 = PRODUCT ( 'Actuation_Link-1', 'Actuation_Link-1', '', ( #13 ) ) ;
#7531 = CARTESIAN_POINT ( 'NONE',  ( 64.46620431643840732, 85.00000000000000000, -110.1405347760014024 ) ) ;
#7532 = VECTOR ( 'NONE', #1953, 1000.000000000000000 ) ;
#7533 = DIRECTION ( 'NONE',  ( 0.000000000000000000, 0.000000000000000000, -1.000000000000000000 ) ) ;
#7534 = VERTEX_POINT ( 'NONE', #3318 ) ;
#7535 = ORIENTED_EDGE ( 'NONE', *, *, #10085, .F. ) ;
#7536 = ORIENTED_EDGE ( 'NONE', *, *, #3963, .F. ) ;
#7537 = VECTOR ( 'NONE', #2689, 1000.000000000000000 ) ;
#7538 = CARTESIAN_POINT ( 'NONE',  ( -34.74873734152924953, -98.03300858899099524, 23.00000000000000000 ) ) ;
#7539 = CYLINDRICAL_SURFACE ( 'NONE', #2366, 2.750000000000000000 ) ;
#7540 = DIRECTION ( 'NONE',  ( 1.000000000000000000, 0.000000000000000000, 0.000000000000000000 ) ) ;
#7541 = AXIS2_PLACEMENT_3D ( 'NONE', #2042, #4647, #5213 ) ;
#7542 = EDGE_CURVE ( 'NONE', #7261, #6566, #8049, .T. ) ;
#7543 = PLANE ( 'NONE',  #1169 ) ;
#7544 = DIRECTION ( 'NONE',  ( 0.2644732620533329914, 0.000000000000000000, -0.9643930182549379504 ) ) ;
#7545 = DIRECTION ( 'NONE',  ( 0.000000000000000000, 0.000000000000000000, 1.000000000000000000 ) ) ;
#7546 = PLANE ( 'NONE',  #1910 ) ;
#7547 = AXIS2_PLACEMENT_3D ( 'NONE', #198, #5792, #4899 ) ;
#7548 = ORIENTED_EDGE ( 'NONE', *, *, #5821, .T. ) ;
#7549 = VERTEX_POINT ( 'NONE', #5587 ) ;
#7550 = CARTESIAN_POINT ( 'NONE',  ( -41.81980515339470372, -90.96194077712559078, 23.00000000000000000 ) ) ;
#7551 = VERTEX_POINT ( 'NONE', #1617 ) ;
#7552 = DIRECTION ( 'NONE',  ( 0.000000000000000000, 1.000000000000000000, 0.000000000000000000 ) ) ;
#7553 = LINE ( 'NONE', #9956, #5689 ) ;
#7554 = EDGE_CURVE ( 'NONE', #664, #5633, #7839, .T. ) ;
#7555 = SURFACE_STYLE_USAGE ( .BOTH. , #9958 ) ;
#7556 = VERTEX_POINT ( 'NONE', #6822 ) ;
#7557 = PRODUCT_DEFINITION ( 'UNKNOWN', '', #55, #1784 ) ;
#7558 = DIRECTION ( 'NONE',  ( 0.000000000000000000, 1.000000000000000000, 0.000000000000000000 ) ) ;
#7559 = ORIENTED_EDGE ( 'NONE', *, *, #7313, .F. ) ;
#7560 = CARTESIAN_POINT ( 'NONE',  ( 10.00000000000000000, -15.00000000000000000, 0.000000000000000000 ) ) ;
#7561 = ORIENTED_EDGE ( 'NONE', *, *, #7130, .T. ) ;
#7562 = ORIENTED_EDGE ( 'NONE', *, *, #6746, .F. ) ;
#7563 = PRESENTATION_LAYER_ASSIGNMENT (  '', '', ( #4565 ) ) ;
#7564 = FACE_OUTER_BOUND ( 'NONE', #9306, .T. ) ;
#7565 = ORIENTED_EDGE ( 'NONE', *, *, #8258, .T. ) ;
#7566 = ADVANCED_FACE ( 'NONE', ( #10291 ), #2475, .F. ) ;
#7567 = DIRECTION ( 'NONE',  ( -1.000000000000000000, 0.000000000000000000, 1.734723475976804629E-17 ) ) ;
#7568 = VECTOR ( 'NONE', #8936, 1000.000000000000000 ) ;
#7569 = EDGE_CURVE ( 'NONE', #2251, #2157, #2419, .T. ) ;
#7570 = CARTESIAN_POINT ( 'NONE',  ( 0.000000000000000000, 5.000000000000000000, -10.00000000000000000 ) ) ;
#7571 = DIRECTION ( 'NONE',  ( 0.000000000000000000, 1.000000000000000000, 0.000000000000000000 ) ) ;
#7572 = ORIENTED_EDGE ( 'NONE', *, *, #1817, .T. ) ;
#7573 = DIRECTION ( 'NONE',  ( 0.000000000000000000, -1.000000000000000000, 0.000000000000000000 ) ) ;
#7574 = EDGE_LOOP ( 'NONE', ( #2337, #3507, #3269, #3299 ) ) ;
#7575 = AXIS2_PLACEMENT_3D ( 'NONE', #4672, #10204, #5337 ) ;
#7576 = LINE ( 'NONE', #1204, #9052 ) ;
#7577 = PLANE ( 'NONE',  #659 ) ;
#7578 = CARTESIAN_POINT ( 'NONE',  ( -5.204170427930419706E-15, 10.00000000000000000, 5.000000000000000000 ) ) ;
#7579 = CONTEXT_DEPENDENT_SHAPE_REPRESENTATION ( #7312, #2123 ) ;
#7580 = EDGE_CURVE ( 'NONE', #6447, #1857, #4758, .T. ) ;
#7581 = DIRECTION ( 'NONE',  ( -0.000000000000000000, 1.000000000000000000, -0.000000000000000000 ) ) ;
#7582 = DIRECTION ( 'NONE',  ( 0.000000000000000000, 0.000000000000000000, -1.000000000000000000 ) ) ;
#7583 = EDGE_CURVE ( 'NONE', #9038, #828, #9505, .T. ) ;
#7584 = ORIENTED_EDGE ( 'NONE', *, *, #3675, .T. ) ;
#7585 = ORIENTED_EDGE ( 'NONE', *, *, #2226, .F. ) ;
#7586 = CIRCLE ( 'NONE', #3111, 2.250000000000001776 ) ;
#7587 = VECTOR ( 'NONE', #3371, 1000.000000000000000 ) ;
#7588 = LINE ( 'NONE', #2697, #2506 ) ;
#7589 = CARTESIAN_POINT ( 'NONE',  ( 15.00000000000000000, 12.50000000000000000, 20.00000000000000000 ) ) ;
#7590 = FACE_OUTER_BOUND ( 'NONE', #5151, .T. ) ;
#7591 = LINE ( 'NONE', #5978, #4400 ) ;
#7592 = PLANE ( 'NONE',  #1037 ) ;
#7593 = CARTESIAN_POINT ( 'NONE',  ( -5.000000000000000000, 63.39999999999999858, 23.99999999999999645 ) ) ;
#7594 = AXIS2_PLACEMENT_3D ( 'NONE', #1562, #786, #152 ) ;
#7595 = CIRCLE ( 'NONE', #1259, 10.00000000000000000 ) ;
#7596 = ORIENTED_EDGE ( 'NONE', *, *, #6109, .F. ) ;
#7597 = ORIENTED_EDGE ( 'NONE', *, *, #5736, .T. ) ;
#7598 = CARTESIAN_POINT ( 'NONE',  ( -20.98969858723280169, 18.00000000000000000, -5.229422174922490285 ) ) ;
#7599 = EDGE_CURVE ( 'NONE', #4947, #3598, #4996, .T. ) ;
#7600 = VERTEX_POINT ( 'NONE', #3107 ) ;
#7601 = DIRECTION ( 'NONE',  ( 0.000000000000000000, -1.000000000000000000, 0.000000000000000000 ) ) ;
#7602 = DIRECTION ( 'NONE',  ( 0.000000000000000000, -6.195440985631459015E-17, 1.000000000000000000 ) ) ;
#7603 = VECTOR ( 'NONE', #2156, 1000.000000000000000 ) ;
#7604 = LINE ( 'NONE', #8481, #7061 ) ;
#7605 = PLANE ( 'NONE',  #5523 ) ;
#7606 = ORIENTED_EDGE ( 'NONE', *, *, #7040, .F. ) ;
#7607 = DIRECTION ( 'NONE',  ( 0.2644732620533329914, 0.000000000000000000, -0.9643930182549379504 ) ) ;
#7608 = ORIENTED_EDGE ( 'NONE', *, *, #4353, .F. ) ;
#7609 = AXIS2_PLACEMENT_3D ( 'NONE', #855, #4676, #8683 ) ;
#7610 = ORIENTED_EDGE ( 'NONE', *, *, #8087, .T. ) ;
#7611 = CARTESIAN_POINT ( 'NONE',  ( -20.00000000000000000, -40.85786437626904188, 0.000000000000000000 ) ) ;
#7612 = EDGE_CURVE ( 'NONE', #8291, #3215, #7067, .T. ) ;
#7613 = ORIENTED_EDGE ( 'NONE', *, *, #6257, .T. ) ;
#7614 = PRODUCT_DEFINITION_SHAPE ( 'NONE', 'NONE',  #7557 ) ;
#7615 = CARTESIAN_POINT ( 'NONE',  ( 25.00000000000000000, -5.500000000000000000, 10.00000000000000000 ) ) ;
#7616 = DIRECTION ( 'NONE',  ( 0.000000000000000000, 0.000000000000000000, -1.000000000000000000 ) ) ;
#7617 = CARTESIAN_POINT ( 'NONE',  ( -55.96194077712559789, -90.96194077712549131, 15.00000000000000000 ) ) ;
#7618 = FACE_OUTER_BOUND ( 'NONE', #8838, .T. ) ;
#7619 = VERTEX_POINT ( 'NONE', #3206 ) ;
#7620 = DIRECTION ( 'NONE',  ( 0.000000000000000000, 0.000000000000000000, 1.000000000000000000 ) ) ;
#7621 = ORIENTED_EDGE ( 'NONE', *, *, #7982, .T. ) ;
#7622 = ADVANCED_FACE ( 'NONE', ( #8770, #6272 ), #8663, .F. ) ;
#7623 = EDGE_CURVE ( 'NONE', #4358, #2211, #7994, .T. ) ;
#7624 = CARTESIAN_POINT ( 'NONE',  ( -3.000000000000000000, 0.000000000000000000, -0.5000000000000000000 ) ) ;
#7625 = AXIS2_PLACEMENT_3D ( 'NONE', #7726, #1352, #7782 ) ;
#7626 = DIRECTION ( 'NONE',  ( 1.000000000000000000, 0.000000000000000000, 0.000000000000000000 ) ) ;
#7627 = CARTESIAN_POINT ( 'NONE',  ( 4.142135623730940353, -59.14213562373100075, -11.00000000000000000 ) ) ;
#7628 = CARTESIAN_POINT ( 'NONE',  ( -25.00000000000000000, -9.500000000000000000, 10.00000000000000000 ) ) ;
#7629 = CARTESIAN_POINT ( 'NONE',  ( 15.50000000000000000, -4.000000000000000000, 17.00000000000000000 ) ) ;
#7630 = CARTESIAN_POINT ( 'NONE',  ( -2.500000000000000000, 70.90000000000000568, 25.50000000000000000 ) ) ;
#7631 = ORIENTED_EDGE ( 'NONE', *, *, #3013, .F. ) ;
#7632 = EDGE_CURVE ( 'NONE', #6673, #5412, #495, .T. ) ;
#7633 = PLANE ( 'NONE',  #3957 ) ;
#7634 = ORIENTED_EDGE ( 'NONE', *, *, #1364, .T. ) ;
#7635 = CIRCLE ( 'NONE', #1679, 2.250000000000001776 ) ;
#7636 = ORIENTED_EDGE ( 'NONE', *, *, #3177, .F. ) ;
#7637 = EDGE_CURVE ( 'NONE', #8397, #7549, #9663, .T. ) ;
#7638 = EDGE_CURVE ( 'NONE', #2456, #6080, #7117, .T. ) ;
#7639 = LINE ( 'NONE', #8466, #5831 ) ;
#7640 = CARTESIAN_POINT ( 'NONE',  ( 63.94170910735159907, 10.00000000000000000, -99.05349224005480835 ) ) ;
#7641 = CARTESIAN_POINT ( 'NONE',  ( -113.4593093142128026, 77.00000000000000000, -113.8925828918338112 ) ) ;
#7642 = CARTESIAN_POINT ( 'NONE',  ( 0.000000000000000000, 10.00000000000000000, -110.2793298308826024 ) ) ;
#7643 = CARTESIAN_POINT ( 'NONE',  ( 30.31344247896005228, 74.67986544671991567, -42.59593772390965682 ) ) ;
#7644 = DIRECTION ( 'NONE',  ( 1.000000000000000000, 7.703719777548939991E-34, 1.264933817329265970E-17 ) ) ;
#7645 = DIRECTION ( 'NONE',  ( 0.000000000000000000, 0.000000000000000000, 1.000000000000000000 ) ) ;
#7646 = ORIENTED_EDGE ( 'NONE', *, *, #5363, .F. ) ;
#7647 = ADVANCED_FACE ( 'NONE', ( #6319 ), #6427, .F. ) ;
#7648 = ORIENTED_EDGE ( 'NONE', *, *, #6910, .F. ) ;
#7649 = FACE_OUTER_BOUND ( 'NONE', #8079, .T. ) ;
#7650 = ORIENTED_EDGE ( 'NONE', *, *, #1636, .F. ) ;
#7651 = EDGE_CURVE ( 'NONE', #1089, #254, #4094, .T. ) ;
#7652 = CARTESIAN_POINT ( 'NONE',  ( -64.46620431643840732, 0.000000000000000000, -110.1405347760014024 ) ) ;
#7653 = CARTESIAN_POINT ( 'NONE',  ( -65.00000000000000000, 95.00000000000000000, -120.2793298308828014 ) ) ;
#7654 = CARTESIAN_POINT ( 'NONE',  ( -19.68655752103994772, 74.67986544671991567, -120.2803298308827920 ) ) ;
#7655 = SURFACE_STYLE_FILL_AREA ( #7768 ) ;
#7656 = EDGE_CURVE ( 'NONE', #5105, #5277, #9508, .T. ) ;
#7657 = DIRECTION ( 'NONE',  ( 0.000000000000000000, 0.000000000000000000, -1.000000000000000000 ) ) ;
#7658 = AXIS2_PLACEMENT_3D ( 'NONE', #4720, #7957, #6441 ) ;
#7659 = ORIENTED_EDGE ( 'NONE', *, *, #8958, .T. ) ;
#7660 = FACE_BOUND ( 'NONE', #6229, .T. ) ;
#7661 = ORIENTED_EDGE ( 'NONE', *, *, #4855, .F. ) ;
#7662 = VERTEX_POINT ( 'NONE', #5802 ) ;
#7663 = SURFACE_STYLE_USAGE ( .BOTH. , #10167 ) ;
#7664 = VERTEX_POINT ( 'NONE', #4193 ) ;
#7665 = VECTOR ( 'NONE', #9193, 1000.000000000000000 ) ;
#7666 = FACE_OUTER_BOUND ( 'NONE', #994, .T. ) ;
#7667 = EDGE_CURVE ( 'NONE', #17, #6262, #310, .T. ) ;
#7668 = FACE_OUTER_BOUND ( 'NONE', #6260, .T. ) ;
#7669 = DIRECTION ( 'NONE',  ( 1.000000000000000000, 0.000000000000000000, 0.000000000000000000 ) ) ;
#7670 = EDGE_LOOP ( 'NONE', ( #7087, #8747, #1727, #9491 ) ) ;
#7671 = CARTESIAN_POINT ( 'NONE',  ( -25.00000000000000000, -5.500000000000000000, 20.00000000000000000 ) ) ;
#7672 = EDGE_LOOP ( 'NONE', ( #504, #2481, #5383, #9378 ) ) ;
#7673 = CARTESIAN_POINT ( 'NONE',  ( -15.00000000000000000, 12.50000000000000000, 20.00000000000000000 ) ) ;
#7674 = VERTEX_POINT ( 'NONE', #264 ) ;
#7675 = CARTESIAN_POINT ( 'NONE',  ( -19.68655752103994772, 74.67986544671991567, -28.54374205374395146 ) ) ;
#7676 = CIRCLE ( 'NONE', #10019, 2.250000000000000000 ) ;
#7677 = CARTESIAN_POINT ( 'NONE',  ( 4.332851387010889788, 0.000000000000000000, -95.04470861319069286 ) ) ;
#7678 = CONTEXT_DEPENDENT_SHAPE_REPRESENTATION ( #9638, #10031 ) ;
#7679 = EDGE_CURVE ( 'NONE', #3226, #3920, #4505, .T. ) ;
#7680 = FACE_OUTER_BOUND ( 'NONE', #9294, .T. ) ;
#7681 = CARTESIAN_POINT ( 'NONE',  ( -41.81980515339470372, -90.96194077712559078, -33.00000000000000000 ) ) ;
#7682 = CARTESIAN_POINT ( 'NONE',  ( -14.90117512409818090, -78.18544637155999055, -1.528669465471104827 ) ) ;
#7683 = EDGE_LOOP ( 'NONE', ( #536, #4512, #7776, #166 ) ) ;
#7684 = AXIS2_PLACEMENT_3D ( 'NONE', #4010, #3911, #4679 ) ;
#7685 = CYLINDRICAL_SURFACE ( 'NONE', #433, 2.249999999999998668 ) ;
#7686 = ORIENTED_EDGE ( 'NONE', *, *, #2111, .F. ) ;
#7687 = ORIENTED_EDGE ( 'NONE', *, *, #4836, .F. ) ;
#7688 = CARTESIAN_POINT ( 'NONE',  ( -10.00000000000000000, -45.00000000000000000, 0.000000000000000000 ) ) ;
#7689 = DIRECTION ( 'NONE',  ( 0.000000000000000000, 0.000000000000000000, -1.000000000000000000 ) ) ;
#7690 = DIRECTION ( 'NONE',  ( 0.02461493868887850572, -1.604619215278545022E-17, 0.9996970064941391731 ) ) ;
#7691 = AXIS2_PLACEMENT_3D ( 'NONE', #2115, #1119, #10043 ) ;
#7692 = CARTESIAN_POINT ( 'NONE',  ( 5.000000000000000000, 8.500000000000000000, 22.00000000000000000 ) ) ;
#7693 = DIRECTION ( 'NONE',  ( 0.000000000000000000, 1.000000000000000000, 0.000000000000000000 ) ) ;
#7694 = AXIS2_PLACEMENT_3D ( 'NONE', #2263, #2152, #4558 ) ;
#7695 = CIRCLE ( 'NONE', #8524, 4.000000000000000000 ) ;
#7696 = EDGE_CURVE ( 'NONE', #4976, #3192, #2000, .T. ) ;
#7697 = FACE_OUTER_BOUND ( 'NONE', #7326, .T. ) ;
#7698 = CARTESIAN_POINT ( 'NONE',  ( 3.367778697655221012E-16, 0.000000000000000000, 2.750000000000000000 ) ) ;
#7699 = APPLICATION_CONTEXT ( 'automotive_design' ) ;
#7700 = VERTEX_POINT ( 'NONE', #7423 ) ;
#7701 = PRODUCT_DEFINITION_SHAPE ( 'NONE', 'NONE',  #10334 ) ;
#7702 = ORIENTED_EDGE ( 'NONE', *, *, #4767, .F. ) ;
#7703 = VECTOR ( 'NONE', #7436, 1000.000000000000000 ) ;
#7704 = CARTESIAN_POINT ( 'NONE',  ( 0.000000000000000000, -15.00000000000000000, -16.00000000000000000 ) ) ;
#7705 = ORIENTED_EDGE ( 'NONE', *, *, #4697, .T. ) ;
#7706 = VECTOR ( 'NONE', #3865, 1000.000000000000000 ) ;
#7707 = AXIS2_PLACEMENT_3D ( 'NONE', #6077, #2120, #3644 ) ;
#7708 = DIRECTION ( 'NONE',  ( 1.387778780781445922E-16, -1.000000000000000000, 0.000000000000000000 ) ) ;
#7709 = LINE ( 'NONE', #709, #6188 ) ;
#7710 = DIRECTION ( 'NONE',  ( 0.000000000000000000, 0.000000000000000000, 1.000000000000000000 ) ) ;
#7711 = DIRECTION ( 'NONE',  ( 0.000000000000000000, -1.000000000000000000, 0.000000000000000000 ) ) ;
#7712 = AXIS2_PLACEMENT_3D ( 'NONE', #2570, #146, #1720 ) ;
#7713 = EDGE_CURVE ( 'NONE', #9951, #8609, #7516, .T. ) ;
#7714 = CARTESIAN_POINT ( 'NONE',  ( -46.58206385166879926, 85.00000000000000000, -54.03857957040010263 ) ) ;
#7715 = ORIENTED_EDGE ( 'NONE', *, *, #1170, .T. ) ;
#7716 = LINE ( 'NONE', #562, #3794 ) ;
#7717 = ORIENTED_EDGE ( 'NONE', *, *, #2421, .T. ) ;
#7718 = EDGE_CURVE ( 'NONE', #326, #7551, #2171, .T. ) ;
#7719 = FACE_BOUND ( 'NONE', #9317, .T. ) ;
#7720 = ORIENTED_EDGE ( 'NONE', *, *, #9170, .F. ) ;
#7721 = LINE ( 'NONE', #6044, #9443 ) ;
#7722 = ORIENTED_EDGE ( 'NONE', *, *, #1719, .T. ) ;
#7723 = AXIS2_PLACEMENT_3D ( 'NONE', #9171, #3809, #2176 ) ;
#7724 =( GEOMETRIC_REPRESENTATION_CONTEXT ( 3 ) GLOBAL_UNCERTAINTY_ASSIGNED_CONTEXT ( ( #2525 ) ) GLOBAL_UNIT_ASSIGNED_CONTEXT ( ( #7448, #3641, #2907 ) ) REPRESENTATION_CONTEXT ( 'NONE', 'WORKASPACE' ) );
#7725 = FACE_BOUND ( 'NONE', #8442, .T. ) ;
#7726 = CARTESIAN_POINT ( 'NONE',  ( 26.31344247896045019, 34.67986544671985172, -28.54374205374395146 ) ) ;
#7727 = DIRECTION ( 'NONE',  ( 0.000000000000000000, 0.000000000000000000, 1.000000000000000000 ) ) ;
#7728 = CIRCLE ( 'NONE', #7408, 9.999999999999994671 ) ;
#7729 = ORIENTED_EDGE ( 'NONE', *, *, #1188, .F. ) ;
#7730 = CARTESIAN_POINT ( 'NONE',  ( -27.68655752103995127, 74.67986544671991567, -28.54374205374395146 ) ) ;
#7731 = ORIENTED_EDGE ( 'NONE', *, *, #553, .T. ) ;
#7732 = EDGE_CURVE ( 'NONE', #1105, #665, #6530, .T. ) ;
#7733 = ORIENTED_EDGE ( 'NONE', *, *, #2923, .F. ) ;
#7734 = DIRECTION ( 'NONE',  ( -1.000000000000000000, 0.000000000000000000, 0.000000000000000000 ) ) ;
#7735 = FACE_OUTER_BOUND ( 'NONE', #4162, .T. ) ;
#7736 = ORIENTED_EDGE ( 'NONE', *, *, #6532, .F. ) ;
#7737 = ADVANCED_FACE ( 'NONE', ( #212 ), #1786, .F. ) ;
#7738 = AXIS2_PLACEMENT_3D ( 'NONE', #2165, #7693, #9264 ) ;
#7739 = DIRECTION ( 'NONE',  ( 0.000000000000000000, 0.000000000000000000, 1.000000000000000000 ) ) ;
#7740 = CARTESIAN_POINT ( 'NONE',  ( 58.67999999999999972, 0.000000000000000000, -2.250000000000000000 ) ) ;
#7741 = FACE_OUTER_BOUND ( 'NONE', #8424, .T. ) ;
#7742 = CARTESIAN_POINT ( 'NONE',  ( -85.36863799491800364, 10.00000000000000000, -96.77829855763729938 ) ) ;
#7743 = CARTESIAN_POINT ( 'NONE',  ( -54.18456999314560107, 10.00000000000000000, -29.29576847887740243 ) ) ;
#7744 = VERTEX_POINT ( 'NONE', #1930 ) ;
#7745 = VECTOR ( 'NONE', #1983, 1000.000000000000000 ) ;
#7746 = DIRECTION ( 'NONE',  ( 1.000000000000000000, 7.703719777548939991E-34, 1.264933817329265970E-17 ) ) ;
#7747 = VERTEX_POINT ( 'NONE', #2583 ) ;
#7748 = VERTEX_POINT ( 'NONE', #8984 ) ;
#7749 = ADVANCED_FACE ( 'NONE', ( #8933 ), #359, .F. ) ;
#7750 = CARTESIAN_POINT ( 'NONE',  ( 35.00000000000000000, -5.500000000000000000, -1.925929944387234977E-31 ) ) ;
#7751 = LINE ( 'NONE', #1431, #1534 ) ;
#7752 = PRODUCT_CONTEXT ( 'NONE', #5420, 'mechanical' ) ;
#7753 = VECTOR ( 'NONE', #9746, 1000.000000000000000 ) ;
#7754 = DIRECTION ( 'NONE',  ( 0.5521351308716259121, 0.000000000000000000, -0.8337546385222528444 ) ) ;
#7755 = LINE ( 'NONE', #2222, #2584 ) ;
#7756 = CARTESIAN_POINT ( 'NONE',  ( 85.36863799491800364, 85.00000000000000000, -96.77829855763729938 ) ) ;
#7757 = CARTESIAN_POINT ( 'NONE',  ( 5.000000000000000000, 18.00000000000000000, -85.14486490616360470 ) ) ;
#7758 = ORIENTED_EDGE ( 'NONE', *, *, #5316, .F. ) ;
#7759 = VERTEX_POINT ( 'NONE', #8294 ) ;
#7760 = VECTOR ( 'NONE', #9986, 1000.000000000000000 ) ;
#7761 = FACE_OUTER_BOUND ( 'NONE', #6828, .T. ) ;
#7762 = EDGE_CURVE ( 'NONE', #8927, #5525, #5903, .T. ) ;
#7763 = ORIENTED_EDGE ( 'NONE', *, *, #5836, .T. ) ;
#7764 = EDGE_CURVE ( 'NONE', #8527, #8911, #1160, .T. ) ;
#7765 = DIRECTION ( 'NONE',  ( 0.000000000000000000, 1.000000000000000000, 0.000000000000000000 ) ) ;
#7766 = CARTESIAN_POINT ( 'NONE',  ( 15.50000000000000000, 62.39999999999999858, 6.000000000000000000 ) ) ;
#7767 = APPLICATION_CONTEXT ( 'automotive_design' ) ;
#7768 = FILL_AREA_STYLE ('',( #2865 ) ) ;
#7769 = AXIS2_PLACEMENT_3D ( 'NONE', #2255, #3779, #5371 ) ;
#7770 = CIRCLE ( 'NONE', #3608, 1.499999999999999556 ) ;
#7771 = LINE ( 'NONE', #4529, #2545 ) ;
#7772 = ORIENTED_EDGE ( 'NONE', *, *, #9815, .F. ) ;
#7773 = DIRECTION ( 'NONE',  ( 1.000000000000000000, 0.000000000000000000, 0.000000000000000000 ) ) ;
#7774 = EDGE_LOOP ( 'NONE', ( #8408, #405, #9026, #1762, #8411, #1896, #9054, #5088, #3737, #1103, #5138, #9095, #7083, #1457, #7613, #7561, #296, #9645 ) ) ;
#7775 = LINE ( 'NONE', #6199, #9706 ) ;
#7776 = ORIENTED_EDGE ( 'NONE', *, *, #2516, .F. ) ;
#7777 = DIRECTION ( 'NONE',  ( -0.000000000000000000, -0.000000000000000000, -1.000000000000000000 ) ) ;
#7778 = ORIENTED_EDGE ( 'NONE', *, *, #2647, .F. ) ;
#7779 = AXIS2_PLACEMENT_3D ( 'NONE', #4085, #826, #1559 ) ;
#7780 = EDGE_CURVE ( 'NONE', #176, #4835, #953, .T. ) ;
#7781 = FACE_BOUND ( 'NONE', #4373, .T. ) ;
#7782 = DIRECTION ( 'NONE',  ( 1.000000000000000000, 0.000000000000000000, 0.000000000000000000 ) ) ;
#7783 = AXIS2_PLACEMENT_3D ( 'NONE', #3285, #5554, #9526 ) ;
#7784 = LINE ( 'NONE', #5999, #9576 ) ;
#7785 = EDGE_LOOP ( 'NONE', ( #2240, #2341, #2271, #20, #8941, #60, #5514, #3326, #642, #10155, #5397, #9479, #1030, #10130, #4420, #2426, #8044, #3710 ) ) ;
#7786 = CARTESIAN_POINT ( 'NONE',  ( -5.000000000000000000, 0.000000000000000000, 25.50000000000000000 ) ) ;
#7787 = ORIENTED_EDGE ( 'NONE', *, *, #1944, .T. ) ;
#7788 = EDGE_LOOP ( 'NONE', ( #1693, #8815, #6509, #4114, #7485, #4242, #10178 ) ) ;
#7789 = DIRECTION ( 'NONE',  ( 1.264933817329265970E-17, 0.000000000000000000, -1.000000000000000000 ) ) ;
#7790 = EDGE_LOOP ( 'NONE', ( #7510, #714, #651, #7019 ) ) ;
#7791 = LINE ( 'NONE', #2837, #1005 ) ;
#7792 = DIRECTION ( 'NONE',  ( 1.000000000000000000, 7.485140541509500515E-50, 1.700709290173339793E-17 ) ) ;
#7793 = CARTESIAN_POINT ( 'NONE',  ( 58.74171087241099798, 10.00000000000000000, -90.51182856389580422 ) ) ;
#7794 = DIRECTION ( 'NONE',  ( 0.000000000000000000, 1.000000000000000000, 0.000000000000000000 ) ) ;
#7795 = EDGE_CURVE ( 'NONE', #7990, #1546, #7472, .T. ) ;
#7796 = DIRECTION ( 'NONE',  ( 1.734723475976804876E-16, -1.000000000000000000, 0.000000000000000000 ) ) ;
#7797 = VERTEX_POINT ( 'NONE', #6680 ) ;
#7798 = DIRECTION ( 'NONE',  ( 0.000000000000000000, 0.000000000000000000, -1.000000000000000000 ) ) ;
#7799 = ORIENTED_EDGE ( 'NONE', *, *, #4729, .F. ) ;
#7800 = ORIENTED_EDGE ( 'NONE', *, *, #9395, .F. ) ;
#7801 = LINE ( 'NONE', #10042, #8483 ) ;
#7802 = DIRECTION ( 'NONE',  ( 0.000000000000000000, 1.000000000000000000, 0.000000000000000000 ) ) ;
#7803 = CARTESIAN_POINT ( 'NONE',  ( 105.9596113352213962, 18.00000000000000000, -127.7011201629483992 ) ) ;
#7804 = DIRECTION ( 'NONE',  ( 0.000000000000000000, 0.000000000000000000, 1.000000000000000000 ) ) ;
#7805 = EDGE_CURVE ( 'NONE', #8828, #4846, #8151, .T. ) ;
#7806 = FACE_OUTER_BOUND ( 'NONE', #467, .T. ) ;
#7807 = DIRECTION ( 'NONE',  ( 0.000000000000000000, 0.000000000000000000, -1.000000000000000000 ) ) ;
#7808 = ORIENTED_EDGE ( 'NONE', *, *, #10182, .F. ) ;
#7809 = VERTEX_POINT ( 'NONE', #9817 ) ;
#7810 = CARTESIAN_POINT ( 'NONE',  ( -4.000000000000000000, 0.000000000000000000, 25.50000000000000000 ) ) ;
#7811 = VERTEX_POINT ( 'NONE', #9138 ) ;
#7812 = CIRCLE ( 'NONE', #3651, 2.750000000000000000 ) ;
#7813 = ADVANCED_FACE ( 'NONE', ( #2783 ), #1047, .F. ) ;
#7814 = LINE ( 'NONE', #6873, #50 ) ;
#7815 = LINE ( 'NONE', #656, #5183 ) ;
#7816 = DIRECTION ( 'NONE',  ( 0.000000000000000000, -1.000000000000000000, 0.000000000000000000 ) ) ;
#7817 = ADVANCED_FACE ( 'NONE', ( #3418 ), #9768, .F. ) ;
#7818 = DIRECTION ( 'NONE',  ( 0.000000000000000000, 1.000000000000000000, 0.000000000000000000 ) ) ;
#7819 = EDGE_CURVE ( 'NONE', #9737, #6990, #2688, .T. ) ;
#7820 = ORIENTED_EDGE ( 'NONE', *, *, #8003, .F. ) ;
#7821 = DIRECTION ( 'NONE',  ( -1.000000000000000000, 0.000000000000000000, -1.156482317317871971E-16 ) ) ;
#7822 = ORIENTED_EDGE ( 'NONE', *, *, #8058, .F. ) ;
#7823 = DIRECTION ( 'NONE',  ( 0.000000000000000000, 0.000000000000000000, 1.000000000000000000 ) ) ;
#7824 = ORIENTED_EDGE ( 'NONE', *, *, #7841, .T. ) ;
#7825 = ORIENTED_EDGE ( 'NONE', *, *, #7066, .T. ) ;
#7826 = DIRECTION ( 'NONE',  ( 0.000000000000000000, 0.000000000000000000, 1.000000000000000000 ) ) ;
#7827 = DIRECTION ( 'NONE',  ( 0.000000000000000000, 0.000000000000000000, -1.000000000000000000 ) ) ;
#7828 = AXIS2_PLACEMENT_3D ( 'NONE', #1214, #9889, #2754 ) ;
#7829 = DIRECTION ( 'NONE',  ( 0.000000000000000000, 0.000000000000000000, -1.000000000000000000 ) ) ;
#7830 = EDGE_CURVE ( 'NONE', #7135, #2078, #412, .T. ) ;
#7831 = EDGE_LOOP ( 'NONE', ( #3613, #7145 ) ) ;
#7832 = CARTESIAN_POINT ( 'NONE',  ( -48.89087296526020054, -98.03300858899099524, 23.00000000000000000 ) ) ;
#7833 = ORIENTED_EDGE ( 'NONE', *, *, #5643, .F. ) ;
#7834 = ORIENTED_EDGE ( 'NONE', *, *, #7819, .F. ) ;
#7835 = CARTESIAN_POINT ( 'NONE',  ( 0.000000000000000000, 9.000000000000000000, -2.250000000000000000 ) ) ;
#7836 = ORIENTED_EDGE ( 'NONE', *, *, #224, .T. ) ;
#7837 = VECTOR ( 'NONE', #2432, 1000.000000000000000 ) ;
#7838 = UNCERTAINTY_MEASURE_WITH_UNIT (LENGTH_MEASURE( 1.000000000000000082E-05 ), #7160, 'distance_accuracy_value', 'NONE');
#7839 = LINE ( 'NONE', #2359, #4832 ) ;
#7840 = DIRECTION ( 'NONE',  ( 0.000000000000000000, -1.000000000000000000, 0.000000000000000000 ) ) ;
#7841 = EDGE_CURVE ( 'NONE', #128, #10119, #7353, .T. ) ;
#7842 = CARTESIAN_POINT ( 'NONE',  ( 2.500000000000000000, 70.85803989154979377, 0.000000000000000000 ) ) ;
#7843 = DIRECTION ( 'NONE',  ( 0.000000000000000000, 0.000000000000000000, -1.000000000000000000 ) ) ;
#7844 = LINE ( 'NONE', #8562, #2603 ) ;
#7845 = VERTEX_POINT ( 'NONE', #2933 ) ;
#7846 = FACE_OUTER_BOUND ( 'NONE', #4421, .T. ) ;
#7847 = ORIENTED_EDGE ( 'NONE', *, *, #7390, .T. ) ;
#7848 = AXIS2_PLACEMENT_3D ( 'NONE', #9394, #2407, #7105 ) ;
#7849 = DIRECTION ( 'NONE',  ( -1.264933817329265970E-17, 0.000000000000000000, 1.000000000000000000 ) ) ;
#7850 = PLANE ( 'NONE',  #2558 ) ;
#7851 = DIRECTION ( 'NONE',  ( 0.000000000000000000, 0.000000000000000000, 1.000000000000000000 ) ) ;
#7852 = CARTESIAN_POINT ( 'NONE',  ( -5.000000000000000000, 15.00000000000000000, 23.99999999999999645 ) ) ;
#7853 = AXIS2_PLACEMENT_3D ( 'NONE', #4837, #9749, #2563 ) ;
#7854 = DIRECTION ( 'NONE',  ( -5.204170427930419311E-16, 1.000000000000000000, 0.000000000000000000 ) ) ;
#7855 = EDGE_LOOP ( 'NONE', ( #6204, #9015 ) ) ;
#7856 = AXIS2_PLACEMENT_3D ( 'NONE', #9337, #2188, #7829 ) ;
#7857 = ORIENTED_EDGE ( 'NONE', *, *, #7084, .F. ) ;
#7858 = CARTESIAN_POINT ( 'NONE',  ( 25.00000000000000000, 9.500000000000000000, 20.00000000000000000 ) ) ;
#7859 = ORIENTED_EDGE ( 'NONE', *, *, #120, .F. ) ;
#7860 = CIRCLE ( 'NONE', #4696, 2.250000000000001776 ) ;
#7861 = ADVANCED_FACE ( 'NONE', ( #6048 ), #5305, .T. ) ;
#7862 = DIRECTION ( 'NONE',  ( 0.000000000000000000, 1.000000000000000000, 0.000000000000000000 ) ) ;
#7863 = CARTESIAN_POINT ( 'NONE',  ( 22.75000000000000355, 9.500000000000000000, 10.00000000000000000 ) ) ;
#7864 = SHAPE_REPRESENTATION_RELATIONSHIP ( 'NONE' , 'NONE' ,  #7424, #1694 ) ;
#7865 = AXIS2_PLACEMENT_3D ( 'NONE', #4481, #7558, #8330 ) ;
#7866 = DIRECTION ( 'NONE',  ( 0.000000000000000000, 0.000000000000000000, -1.000000000000000000 ) ) ;
#7867 = CYLINDRICAL_SURFACE ( 'NONE', #9370, 10.00000000000000000 ) ;
#7868 = AXIS2_PLACEMENT_3D ( 'NONE', #4116, #2445, #3440 ) ;
#7869 = EDGE_LOOP ( 'NONE', ( #4437, #6419, #2109, #5299 ) ) ;
#7870 = CARTESIAN_POINT ( 'NONE',  ( 15.50000000000000000, 70.90000000000000568, 22.50000000000000000 ) ) ;
#7871 = ORIENTED_EDGE ( 'NONE', *, *, #392, .F. ) ;
#7872 = DIRECTION ( 'NONE',  ( -2.602085213965209656E-16, 1.000000000000000000, 0.000000000000000000 ) ) ;
#7873 = ORIENTED_EDGE ( 'NONE', *, *, #7599, .F. ) ;
#7874 = CARTESIAN_POINT ( 'NONE',  ( 0.000000000000000000, 200.0000000000000000, 0.000000000000000000 ) ) ;
#7875 = ORIENTED_EDGE ( 'NONE', *, *, #6384, .F. ) ;
#7876 = EDGE_CURVE ( 'NONE', #1728, #2353, #8492, .T. ) ;
#7877 = CYLINDRICAL_SURFACE ( 'NONE', #7541, 5.500000000000000000 ) ;
#7878 = CIRCLE ( 'NONE', #8702, 5.500000000000000000 ) ;
#7879 = CARTESIAN_POINT ( 'NONE',  ( 67.07925725763350044, 0.000000000000000000, -84.99047725517949914 ) ) ;
#7880 = CIRCLE ( 'NONE', #883, 3.000000000000000000 ) ;
#7881 = DIRECTION ( 'NONE',  ( 0.000000000000000000, 0.000000000000000000, 1.000000000000000000 ) ) ;
#7882 = ORIENTED_EDGE ( 'NONE', *, *, #6582, .T. ) ;
#7883 = CARTESIAN_POINT ( 'NONE',  ( -10.00000000000000000, -45.00000000000000000, -11.00000000000000000 ) ) ;
#7884 = ORIENTED_EDGE ( 'NONE', *, *, #2836, .F. ) ;
#7885 = ORIENTED_EDGE ( 'NONE', *, *, #8676, .F. ) ;
#7886 = VECTOR ( 'NONE', #3055, 1000.000000000000000 ) ;
#7887 = CARTESIAN_POINT ( 'NONE',  ( 1.108192987669307739, -48.66918367361090247, 0.000000000000000000 ) ) ;
#7888 = ORIENTED_EDGE ( 'NONE', *, *, #705, .F. ) ;
#7889 =( GEOMETRIC_REPRESENTATION_CONTEXT ( 3 ) GLOBAL_UNCERTAINTY_ASSIGNED_CONTEXT ( ( #3366 ) ) GLOBAL_UNIT_ASSIGNED_CONTEXT ( ( #918, #2498, #7293 ) ) REPRESENTATION_CONTEXT ( 'NONE', 'WORKASPACE' ) );
#7890 = EDGE_CURVE ( 'NONE', #6699, #10247, #5329, .T. ) ;
#7891 = EDGE_CURVE ( 'NONE', #7311, #3190, #3770, .T. ) ;
#7892 = DIRECTION ( 'NONE',  ( 0.000000000000000000, 0.000000000000000000, -1.000000000000000000 ) ) ;
#7893 = DIRECTION ( 'NONE',  ( 0.000000000000000000, 0.000000000000000000, 1.000000000000000000 ) ) ;
#7894 = DIRECTION ( 'NONE',  ( 1.000000000000000000, 0.000000000000000000, 0.000000000000000000 ) ) ;
#7895 = LINE ( 'NONE', #7121, #2068 ) ;
#7896 = CARTESIAN_POINT ( 'NONE',  ( 5.000000000000000000, -3.996221620051285213E-15, 22.00000000000000000 ) ) ;
#7897 = CARTESIAN_POINT ( 'NONE',  ( 15.00000000000000000, 12.50000000000000000, -10.00000000000000000 ) ) ;
#7898 = VERTEX_POINT ( 'NONE', #8445 ) ;
#7899 = DIRECTION ( 'NONE',  ( 1.846235724462869915E-15, 1.623211227490739935E-15, -1.000000000000000000 ) ) ;
#7900 = VERTEX_POINT ( 'NONE', #6151 ) ;
#7901 = VECTOR ( 'NONE', #8718, 1000.000000000000000 ) ;
#7902 = EDGE_CURVE ( 'NONE', #7193, #2902, #9968, .T. ) ;
#7903 = DIRECTION ( 'NONE',  ( 1.734723475976804876E-16, -1.000000000000000000, 0.000000000000000000 ) ) ;
#7904 = DIRECTION ( 'NONE',  ( 0.000000000000000000, 0.000000000000000000, 1.000000000000000000 ) ) ;
#7905 = APPLICATION_PROTOCOL_DEFINITION ( 'draft international standard', 'automotive_design', 1998, #6498 ) ;
#7906 = DIRECTION ( 'NONE',  ( 0.000000000000000000, 0.000000000000000000, -1.000000000000000000 ) ) ;
#7907 = AXIS2_PLACEMENT_3D ( 'NONE', #2786, #312, #5958 ) ;
#7908 = DIRECTION ( 'NONE',  ( 0.000000000000000000, 1.000000000000000000, 0.000000000000000000 ) ) ;
#7909 = ORIENTED_EDGE ( 'NONE', *, *, #2043, .F. ) ;
#7910 = ORIENTED_EDGE ( 'NONE', *, *, #4302, .F. ) ;
#7911 = DIRECTION ( 'NONE',  ( 0.000000000000000000, 0.000000000000000000, 1.000000000000000000 ) ) ;
#7912 = ORIENTED_EDGE ( 'NONE', *, *, #8876, .F. ) ;
#7913 = VECTOR ( 'NONE', #3380, 1000.000000000000000 ) ;
#7914 = CARTESIAN_POINT ( 'NONE',  ( 15.50000000000000000, 3.851859888774469653E-33, 1.000000000000000000 ) ) ;
#7915 = DIRECTION ( 'NONE',  ( 0.000000000000000000, 0.000000000000000000, -1.000000000000000000 ) ) ;
#7916 =( NAMED_UNIT ( * ) SI_UNIT ( $, .STERADIAN. ) SOLID_ANGLE_UNIT ( ) );
#7917 = FACE_BOUND ( 'NONE', #875, .T. ) ;
#7918 = AXIS2_PLACEMENT_3D ( 'NONE', #1405, #3037, #3771 ) ;
#7919 = VECTOR ( 'NONE', #8436, 1000.000000000000000 ) ;
#7920 = CIRCLE ( 'NONE', #8744, 2.250000000000001776 ) ;
#7921 = EDGE_CURVE ( 'NONE', #58, #7674, #10070, .T. ) ;
#7922 = EDGE_LOOP ( 'NONE', ( #7621, #3281, #9071, #2631 ) ) ;
#7923 = FACE_OUTER_BOUND ( 'NONE', #5276, .T. ) ;
#7924 = ORIENTED_EDGE ( 'NONE', *, *, #9320, .F. ) ;
#7925 = CARTESIAN_POINT ( 'NONE',  ( 58.74171087241099798, 0.000000000000000000, -90.51182856389580422 ) ) ;
#7926 = ORIENTED_EDGE ( 'NONE', *, *, #6756, .F. ) ;
#7927 = CARTESIAN_POINT ( 'NONE',  ( -10.00000000000000000, 12.50000000000000000, -2.919778432960205056E-15 ) ) ;
#7928 = ORIENTED_EDGE ( 'NONE', *, *, #3810, .T. ) ;
#7929 = AXIS2_PLACEMENT_3D ( 'NONE', #5435, #8619, #1469 ) ;
#7930 = DIRECTION ( 'NONE',  ( 1.734723475976804876E-16, -1.000000000000000000, 0.000000000000000000 ) ) ;
#7931 = AXIS2_PLACEMENT_3D ( 'NONE', #2305, #6052, #6212 ) ;
#7932 = ADVANCED_FACE ( 'NONE', ( #10171 ), #9288, .T. ) ;
#7933 = PLANE ( 'NONE',  #178 ) ;
#7934 = PLANE ( 'NONE',  #6070 ) ;
#7935 = ADVANCED_FACE ( 'NONE', ( #1349, #1980, #7781, #1295, #2828, #7725 ), #9180, .T. ) ;
#7936 = CARTESIAN_POINT ( 'NONE',  ( -65.00000000000000000, 95.00000000000000000, -120.2793298308828014 ) ) ;
#7937 = EDGE_LOOP ( 'NONE', ( #805, #8307, #4123, #6301 ) ) ;
#7938 = AXIS2_PLACEMENT_3D ( 'NONE', #7611, #8335, #6633 ) ;
#7939 = VECTOR ( 'NONE', #1040, 1000.000000000000000 ) ;
#7940 = ORIENTED_EDGE ( 'NONE', *, *, #8587, .T. ) ;
#7941 = DIRECTION ( 'NONE',  ( 0.5731392382913463868, 0.5731392382913449435, 0.5856815065047146218 ) ) ;
#7942 = ORIENTED_EDGE ( 'NONE', *, *, #2996, .T. ) ;
#7943 = PRODUCT_DEFINITION_CONTEXT ( 'detailed design', #5964, 'design' ) ;
#7944 = EDGE_CURVE ( 'NONE', #5633, #8898, #4489, .T. ) ;
#7945 = VECTOR ( 'NONE', #1498, 1000.000000000000000 ) ;
#7946 = DIRECTION ( 'NONE',  ( 0.000000000000000000, 0.000000000000000000, -1.000000000000000000 ) ) ;
#7947 = VECTOR ( 'NONE', #2868, 1000.000000000000000 ) ;
#7948 = CARTESIAN_POINT ( 'NONE',  ( 0.000000000000000000, 5.000000000000000000, -10.00000000000000000 ) ) ;
#7949 = DIRECTION ( 'NONE',  ( -0.000000000000000000, 1.000000000000000000, -0.000000000000000000 ) ) ;
#7950 = EDGE_CURVE ( 'NONE', #8039, #7845, #10177, .T. ) ;
#7951 = LINE ( 'NONE', #2364, #7437 ) ;
#7952 = ORIENTED_EDGE ( 'NONE', *, *, #720, .T. ) ;
#7953 = CARTESIAN_POINT ( 'NONE',  ( -67.07925725763350044, 10.00000000000000000, -84.99047725517949914 ) ) ;
#7954 = VERTEX_POINT ( 'NONE', #3820 ) ;
#7955 = ADVANCED_FACE ( 'NONE', ( #3035, #7666 ), #512, .T. ) ;
#7956 = CIRCLE ( 'NONE', #10282, 2.250000000000000000 ) ;
#7957 = DIRECTION ( 'NONE',  ( 0.000000000000000000, 1.000000000000000000, 0.000000000000000000 ) ) ;
#7958 = CARTESIAN_POINT ( 'NONE',  ( 0.000000000000000000, 57.00000000000000000, 0.000000000000000000 ) ) ;
#7959 = ITEM_DEFINED_TRANSFORMATION ( 'NONE', 'NONE', #2737,  #5194 ) ;
#7960 = CARTESIAN_POINT ( 'NONE',  ( 25.00000000000000000, -5.500000000000000000, 10.00000000000000000 ) ) ;
#7961 = CARTESIAN_POINT ( 'NONE',  ( -10.00000000000000000, -40.85786437626904188, -11.00000000000000000 ) ) ;
#7962 = ORIENTED_EDGE ( 'NONE', *, *, #6063, .F. ) ;
#7963 = EDGE_CURVE ( 'NONE', #3636, #9658, #6838, .T. ) ;
#7964 = ORIENTED_EDGE ( 'NONE', *, *, #2431, .F. ) ;
#7965 = DIRECTION ( 'NONE',  ( 0.000000000000000000, -1.000000000000000000, 0.000000000000000000 ) ) ;
#7966 = ORIENTED_EDGE ( 'NONE', *, *, #3627, .T. ) ;
#7967 = EDGE_CURVE ( 'NONE', #3227, #2353, #7153, .T. ) ;
#7968 = DIRECTION ( 'NONE',  ( 1.000000000000000000, 0.000000000000000000, 0.000000000000000000 ) ) ;
#7969 = DIRECTION ( 'NONE',  ( 0.000000000000000000, 1.000000000000000000, 0.000000000000000000 ) ) ;
#7970 = PRESENTATION_STYLE_ASSIGNMENT (( #6298 ) ) ;#7971 = EDGE_CURVE ( 'NONE', #9681, #6290, #8499, .T. ) ;
#7972 = DIRECTION ( 'NONE',  ( 1.264933817329265970E-17, 6.195440985631459015E-17, -1.000000000000000000 ) ) ;
#7973 = DIRECTION ( 'NONE',  ( -1.000000000000000000, -1.734723475976806848E-16, 0.000000000000000000 ) ) ;
#7974 = ORIENTED_EDGE ( 'NONE', *, *, #9667, .F. ) ;
#7975 = CARTESIAN_POINT ( 'NONE',  ( 10.00000000000000000, 12.50000000000000000, -5.000000000000000000 ) ) ;
#7976 = ORIENTED_EDGE ( 'NONE', *, *, #6327, .F. ) ;
#7977 = DIRECTION ( 'NONE',  ( 1.700709290173339793E-17, -0.000000000000000000, 1.000000000000000000 ) ) ;
#7978 = ORIENTED_EDGE ( 'NONE', *, *, #10194, .F. ) ;
#7979 = CARTESIAN_POINT ( 'NONE',  ( 5.000000000000000000, 74.89999999999999147, 1.000000000000000000 ) ) ;
#7980 = VERTEX_POINT ( 'NONE', #9602 ) ;
#7981 = CIRCLE ( 'NONE', #4803, 5.500000000000000000 ) ;
#7982 = EDGE_CURVE ( 'NONE', #4737, #3906, #3148, .T. ) ;
#7983 = PLANE ( 'NONE',  #303 ) ;
#7984 = CARTESIAN_POINT ( 'NONE',  ( -15.00000000000000000, 5.500000000000000000, 20.00000000000000000 ) ) ;
#7985 = PLANE ( 'NONE',  #3217 ) ;
#7986 = LINE ( 'NONE', #6363, #766 ) ;
#7987 = VERTEX_POINT ( 'NONE', #1555 ) ;
#7988 = ORIENTED_EDGE ( 'NONE', *, *, #333, .F. ) ;
#7989 = CARTESIAN_POINT ( 'NONE',  ( -19.68655752103994772, 54.67986544671990146, -28.54374205374395146 ) ) ;
#7990 = VERTEX_POINT ( 'NONE', #3307 ) ;
#7991 = EDGE_LOOP ( 'NONE', ( #1863, #4176, #6464, #8926 ) ) ;
#7992 = AXIS2_PLACEMENT_3D ( 'NONE', #8842, #3231, #916 ) ;
#7993 = ADVANCED_FACE ( 'NONE', ( #4081 ), #6310, .F. ) ;
#7994 = LINE ( 'NONE', #5477, #5321 ) ;
#7995 = CARTESIAN_POINT ( 'NONE',  ( 10.00000000000000000, -15.00000000000000000, 0.000000000000000000 ) ) ;
#7996 = LINE ( 'NONE', #8105, #4734 ) ;
#7997 = DIRECTION ( 'NONE',  ( 1.000000000000000000, 7.703719777548939991E-34, 1.264933817329265970E-17 ) ) ;
#7998 = CARTESIAN_POINT ( 'NONE',  ( 5.000000000000000000, 80.40000000000000568, 25.50000000000000000 ) ) ;
#7999 = ORIENTED_EDGE ( 'NONE', *, *, #6440, .F. ) ;
#8000 = CIRCLE ( 'NONE', #7008, 2.249999999999998668 ) ;
#8001 = ORIENTED_EDGE ( 'NONE', *, *, #8269, .F. ) ;
#8002 = ADVANCED_FACE ( 'NONE', ( #4025 ), #2248, .F. ) ;
#8003 = EDGE_CURVE ( 'NONE', #4851, #7097, #8012, .T. ) ;
#8004 = FACE_BOUND ( 'NONE', #7831, .T. ) ;
#8005 = VECTOR ( 'NONE', #1729, 1000.000000000000000 ) ;
#8006 = DIRECTION ( 'NONE',  ( 0.000000000000000000, 1.000000000000000000, 0.000000000000000000 ) ) ;
#8007 = APPLICATION_PROTOCOL_DEFINITION ( 'draft international standard', 'automotive_design', 1998, #7767 ) ;
#8008 = DIRECTION ( 'NONE',  ( 0.000000000000000000, 1.000000000000000000, 0.000000000000000000 ) ) ;
#8009 = LINE ( 'NONE', #9678, #3600 ) ;
#8010 = ORIENTED_EDGE ( 'NONE', *, *, #4380, .F. ) ;
#8011 = ORIENTED_EDGE ( 'NONE', *, *, #3913, .F. ) ;
#8012 = CIRCLE ( 'NONE', #4023, 9.999999999999994671 ) ;
#8013 = DIRECTION ( 'NONE',  ( 0.000000000000000000, 0.000000000000000000, -1.000000000000000000 ) ) ;
#8014 = EDGE_LOOP ( 'NONE', ( #2826, #4745, #10234, #5437 ) ) ;
#8015 = ADVANCED_FACE ( 'NONE', ( #6415 ), #6357, .T. ) ;
#8016 = DIRECTION ( 'NONE',  ( 0.7071067811865465735, -0.7071067811865485719, 0.000000000000000000 ) ) ;
#8017 = FACE_OUTER_BOUND ( 'NONE', #690, .T. ) ;
#8018 = AXIS2_PLACEMENT_3D ( 'NONE', #7306, #2622, #8183 ) ;
#8019 = EDGE_CURVE ( 'NONE', #8787, #6605, #3873, .T. ) ;
#8020 = SURFACE_STYLE_FILL_AREA ( #1541 ) ;
#8021 = AXIS2_PLACEMENT_3D ( 'NONE', #9263, #6860, #647 ) ;
#8022 = DIRECTION ( 'NONE',  ( 1.000000000000000000, 0.000000000000000000, 0.000000000000000000 ) ) ;
#8023 = DIRECTION ( 'NONE',  ( 0.000000000000000000, 0.000000000000000000, 1.000000000000000000 ) ) ;
#8024 = EDGE_LOOP ( 'NONE', ( #4212, #10121, #9988, #4998 ) ) ;
#8025 = CARTESIAN_POINT ( 'NONE',  ( 0.000000000000000000, 0.000000000000000000, 0.000000000000000000 ) ) ;
#8026 = ORIENTED_EDGE ( 'NONE', *, *, #9838, .T. ) ;
#8027 = DIRECTION ( 'NONE',  ( 0.000000000000000000, 1.000000000000000000, 0.000000000000000000 ) ) ;
#8028 = ORIENTED_EDGE ( 'NONE', *, *, #8019, .T. ) ;
#8029 = AXIS2_PLACEMENT_3D ( 'NONE', #2175, #5987, #10108 ) ;
#8030 = LINE ( 'NONE', #4128, #6613 ) ;
#8031 = VERTEX_POINT ( 'NONE', #2463 ) ;
#8032 = CIRCLE ( 'NONE', #4366, 4.000000000000000000 ) ;
#8033 = DIRECTION ( 'NONE',  ( 0.000000000000000000, -1.000000000000000000, 0.000000000000000000 ) ) ;
#8034 = EDGE_CURVE ( 'NONE', #10008, #4089, #3980, .T. ) ;
#8035 = DIRECTION ( 'NONE',  ( 0.000000000000000000, 0.000000000000000000, -1.000000000000000000 ) ) ;
#8036 = FACE_BOUND ( 'NONE', #2492, .T. ) ;
#8037 = VECTOR ( 'NONE', #6902, 1000.000000000000000 ) ;
#8038 = AXIS2_PLACEMENT_3D ( 'NONE', #1123, #9840, #2608 ) ;
#8039 = VERTEX_POINT ( 'NONE', #6258 ) ;
#8040 = CARTESIAN_POINT ( 'NONE',  ( 5.000000000000000000, 70.90000000000000568, -2.500000000000000000 ) ) ;
#8041 = VERTEX_POINT ( 'NONE', #7984 ) ;
#8042 = VERTEX_POINT ( 'NONE', #1656 ) ;
#8043 = FACE_OUTER_BOUND ( 'NONE', #9202, .T. ) ;
#8044 = ORIENTED_EDGE ( 'NONE', *, *, #1217, .T. ) ;
#8045 = ORIENTED_EDGE ( 'NONE', *, *, #6608, .F. ) ;
#8046 = CIRCLE ( 'NONE', #7213, 3.000000000000000000 ) ;
#8047 = AXIS2_PLACEMENT_3D ( 'NONE', #4018, #3449, #8134 ) ;
#8048 = CIRCLE ( 'NONE', #1046, 2.000000000000000000 ) ;
#8049 = LINE ( 'NONE', #7216, #8005 ) ;
#8050 = DIRECTION ( 'NONE',  ( 1.000000000000000000, 0.000000000000000000, 0.000000000000000000 ) ) ;
#8051 = ADVANCED_FACE ( 'NONE', ( #2302, #5518 ), #7933, .T. ) ;
#8052 = DIRECTION ( 'NONE',  ( -1.000000000000000000, -1.734723475976804876E-16, 0.000000000000000000 ) ) ;
#8053 = AXIS2_PLACEMENT_3D ( 'NONE', #2795, #9653, #7893 ) ;
#8054 = CARTESIAN_POINT ( 'NONE',  ( 94.00000000000000000, 10.00000000000000000, -104.7964619962939992 ) ) ;
#8055 = DIRECTION ( 'NONE',  ( -1.700709290173339793E-17, 0.000000000000000000, 1.000000000000000000 ) ) ;
#8056 = ORIENTED_EDGE ( 'NONE', *, *, #6876, .T. ) ;
#8057 = ORIENTED_EDGE ( 'NONE', *, *, #3494, .F. ) ;
#8058 = EDGE_CURVE ( 'NONE', #5135, #7700, #4196, .T. ) ;
#8059 = VECTOR ( 'NONE', #3233, 1000.000000000000000 ) ;
#8060 = CARTESIAN_POINT ( 'NONE',  ( -3.225810990119713395, 2.723439034375680468, -2.490417949282325516 ) ) ;
#8061 = PLANE ( 'NONE',  #4714 ) ;
#8062 = ADVANCED_FACE ( 'NONE', ( #9126 ), #6036, .F. ) ;
#8063 = CARTESIAN_POINT ( 'NONE',  ( 63.25715662211379708, 10.00000000000000000, -42.99587695296754930 ) ) ;
#8064 = CARTESIAN_POINT ( 'NONE',  ( -19.68655752103954981, 34.67986544671985172, -42.59593772390965682 ) ) ;
#8065 = VECTOR ( 'NONE', #4417, 1000.000000000000000 ) ;
#8066 = EDGE_CURVE ( 'NONE', #4798, #6826, #4793, .T. ) ;
#8067 = ORIENTED_EDGE ( 'NONE', *, *, #9057, .T. ) ;
#8068 = EDGE_LOOP ( 'NONE', ( #3862, #9082, #177, #843 ) ) ;
#8069 = SHAPE_REPRESENTATION_RELATIONSHIP ( 'NONE' , 'NONE' ,  #8881, #9429 ) ;
#8070 = ORIENTED_EDGE ( 'NONE', *, *, #2472, .F. ) ;
#8071 = CARTESIAN_POINT ( 'NONE',  ( -26.24777966571249976, -61.24777966571249976, 1.000000000000000000 ) ) ;
#8072 = CYLINDRICAL_SURFACE ( 'NONE', #2876, 2.250000000000001776 ) ;
#8073 = SHAPE_REPRESENTATION_RELATIONSHIP ( 'NONE' , 'NONE' ,  #9885, #4330 ) ;
#8074 = VECTOR ( 'NONE', #8130, 1000.000000000000000 ) ;
#8075 = DIRECTION ( 'NONE',  ( 1.000000000000000000, 0.000000000000000000, 0.000000000000000000 ) ) ;
#8076 = LINE ( 'NONE', #1073, #7047 ) ;
#8077 = CARTESIAN_POINT ( 'NONE',  ( 0.000000000000000000, 0.000000000000000000, 0.000000000000000000 ) ) ;
#8078 = EDGE_CURVE ( 'NONE', #119, #4631, #2530, .T. ) ;
#8079 = EDGE_LOOP ( 'NONE', ( #5012, #9304, #5148, #1493 ) ) ;
#8080 = FACE_OUTER_BOUND ( 'NONE', #4916, .T. ) ;
#8081 = VERTEX_POINT ( 'NONE', #670 ) ;
#8082 = DIRECTION ( 'NONE',  ( -1.387778780781445922E-16, 1.000000000000000000, 0.000000000000000000 ) ) ;
#8083 = ORIENTED_EDGE ( 'NONE', *, *, #2788, .T. ) ;
#8084 = AXIS2_PLACEMENT_3D ( 'NONE', #8630, #10099, #7807 ) ;
#8085 = DIRECTION ( 'NONE',  ( -1.000000000000000000, 0.000000000000000000, 0.000000000000000000 ) ) ;
#8087 = EDGE_CURVE ( 'NONE', #6802, #9358, #336, .T. ) ;
#8086 = EDGE_LOOP ( 'NONE', ( #5445, #3827, #3698, #2546, #8939, #2050, #1016, #87 ) ) ;
#8088 = DIRECTION ( 'NONE',  ( 1.700709290173339793E-17, 1.816464372750584614E-16, -1.000000000000000000 ) ) ;
#8089 = CARTESIAN_POINT ( 'NONE',  ( -10.00000000000000000, 10.00000000000000000, -11.00000000000000000 ) ) ;
#8090 = FACE_OUTER_BOUND ( 'NONE', #10191, .T. ) ;
#8091 = PLANE ( 'NONE',  #7514 ) ;
#8092 = VECTOR ( 'NONE', #6064, 1000.000000000000000 ) ;
#8093 = FACE_OUTER_BOUND ( 'NONE', #5499, .T. ) ;
#8094 = CARTESIAN_POINT ( 'NONE',  ( -3.000000000000000000, 3.673940397442059868E-16, -6.500000000000000000 ) ) ;
#8095 = ORIENTED_EDGE ( 'NONE', *, *, #939, .F. ) ;
#8096 = ORIENTED_EDGE ( 'NONE', *, *, #5363, .T. ) ;
#8097 = VERTEX_POINT ( 'NONE', #1502 ) ;
#8099 = EDGE_CURVE ( 'NONE', #3530, #9219, #4695, .T. ) ;
#8098 = ORIENTED_EDGE ( 'NONE', *, *, #3123, .F. ) ;
#8100 = AXIS2_PLACEMENT_3D ( 'NONE', #1303, #5264, #10287 ) ;
#8101 = AXIS2_PLACEMENT_3D ( 'NONE', #8155, #1789, #1673 ) ;
#8102 = CARTESIAN_POINT ( 'NONE',  ( 26.31344247896045019, 34.67986544671985172, -120.2803298308827920 ) ) ;
#8103 = DIRECTION ( 'NONE',  ( 0.8660254037844384856, 0.000000000000000000, 0.5000000000000003331 ) ) ;
#8104 = CIRCLE ( 'NONE', #8252, 2.250000000000000000 ) ;
#8105 = CARTESIAN_POINT ( 'NONE',  ( 35.00000000000000000, -5.500000000000000000, -1.925929944387234977E-31 ) ) ;
#8106 = AXIS2_PLACEMENT_3D ( 'NONE', #7310, #3310, #1723 ) ;
#8107 = DIRECTION ( 'NONE',  ( 0.000000000000000000, -1.000000000000000000, 0.000000000000000000 ) ) ;
#8108 = DIRECTION ( 'NONE',  ( -1.000000000000000000, 0.000000000000000000, 0.000000000000000000 ) ) ;
#8109 = ORIENTED_EDGE ( 'NONE', *, *, #2536, .F. ) ;
#8110 = DIRECTION ( 'NONE',  ( 0.000000000000000000, 1.000000000000000000, 0.000000000000000000 ) ) ;
#8111 = VERTEX_POINT ( 'NONE', #2571 ) ;
#8112 = VECTOR ( 'NONE', #1519, 1000.000000000000000 ) ;
#8113 = CARTESIAN_POINT ( 'NONE',  ( -3.558609856675097216, 2.313871822356735386, -2.423861940991173025 ) ) ;
#8114 = FACE_OUTER_BOUND ( 'NONE', #4237, .T. ) ;
#8115 = APPLICATION_PROTOCOL_DEFINITION ( 'draft international standard', 'automotive_design', 1998, #4501 ) ;
#8116 = EDGE_CURVE ( 'NONE', #2256, #5973, #6809, .T. ) ;
#8117 = LINE ( 'NONE', #965, #7364 ) ;
#8118 = CYLINDRICAL_SURFACE ( 'NONE', #9916, 1.500000000000000000 ) ;
#8119 = VECTOR ( 'NONE', #7071, 1000.000000000000000 ) ;
#8120 = ORIENTED_EDGE ( 'NONE', *, *, #5967, .T. ) ;
#8121 = VERTEX_POINT ( 'NONE', #6468 ) ;
#8122 = CARTESIAN_POINT ( 'NONE',  ( 8.673617379884039416E-16, 7.500000000000000000, 21.75000000000000000 ) ) ;
#8123 = EDGE_CURVE ( 'NONE', #6837, #8462, #9682, .T. ) ;
#8124 = LINE ( 'NONE', #8071, #9322 ) ;
#8125 = ADVANCED_FACE ( 'NONE', ( #3355 ), #8091, .F. ) ;
#8126 = CARTESIAN_POINT ( 'NONE',  ( 5.000000000000000000, -9.000000000000000000, -6.802062274093110237E-16 ) ) ;
#8127 = ADVANCED_FACE ( 'NONE', ( #2806 ), #7543, .T. ) ;
#8128 = DIRECTION ( 'NONE',  ( 0.000000000000000000, -8.260587980841940012E-17, 1.000000000000000000 ) ) ;
#8129 = DIRECTION ( 'NONE',  ( -1.000000000000000000, 0.000000000000000000, 0.000000000000000000 ) ) ;
#8130 = DIRECTION ( 'NONE',  ( -6.938893903907229610E-17, 1.000000000000000000, 0.000000000000000000 ) ) ;
#8131 = EDGE_LOOP ( 'NONE', ( #3984, #4945, #9318, #5820 ) ) ;
#8132 = LINE ( 'NONE', #979, #8943 ) ;
#8133 = ORIENTED_EDGE ( 'NONE', *, *, #5572, .T. ) ;
#8134 = DIRECTION ( 'NONE',  ( 1.000000000000000000, 0.000000000000000000, 0.000000000000000000 ) ) ;
#8135 = ORIENTED_EDGE ( 'NONE', *, *, #434, .F. ) ;
#8136 = CARTESIAN_POINT ( 'NONE',  ( -1.141807012330692039, -48.66918367361090247, -11.00000000000000000 ) ) ;
#8137 = EDGE_LOOP ( 'NONE', ( #5636, #10152, #5296, #9568 ) ) ;
#8138 = FACE_OUTER_BOUND ( 'NONE', #9832, .T. ) ;
#8139 = DIRECTION ( 'NONE',  ( 0.000000000000000000, -1.000000000000000000, 0.000000000000000000 ) ) ;
#8140 = ADVANCED_FACE ( 'NONE', ( #5977 ), #2758, .F. ) ;
#8141 = DIRECTION ( 'NONE',  ( 0.000000000000000000, 1.000000000000000000, 0.000000000000000000 ) ) ;
#8142 = DIRECTION ( 'NONE',  ( 0.7071067811865470176, -0.7071067811865480168, 1.577021341797100025E-16 ) ) ;
#8143 = CARTESIAN_POINT ( 'NONE',  ( -64.46620431643840732, 10.00000000000000000, -110.1405347760014024 ) ) ;
#8144 = CIRCLE ( 'NONE', #5638, 2.250000000000001776 ) ;
#8145 = DIRECTION ( 'NONE',  ( 0.000000000000000000, 1.000000000000000000, 0.000000000000000000 ) ) ;
#8146 = ORIENTED_EDGE ( 'NONE', *, *, #5643, .T. ) ;
#8147 = ORIENTED_EDGE ( 'NONE', *, *, #2996, .F. ) ;
#8148 = SURFACE_STYLE_USAGE ( .BOTH. , #2354 ) ;
#8149 = ORIENTED_EDGE ( 'NONE', *, *, #5464, .F. ) ;
#8150 = EDGE_LOOP ( 'NONE', ( #2650, #5868, #5828, #1281 ) ) ;
#8151 = LINE ( 'NONE', #1830, #10006 ) ;
#8152 = EDGE_CURVE ( 'NONE', #4835, #6447, #9010, .T. ) ;
#8153 = SURFACE_SIDE_STYLE ('',( #7473 ) ) ;
#8154 = LINE ( 'NONE', #7570, #7568 ) ;
#8155 = CARTESIAN_POINT ( 'NONE',  ( 85.36863799491800364, 0.000000000000000000, -96.77829855763729938 ) ) ;
#8156 = ORIENTED_EDGE ( 'NONE', *, *, #6063, .T. ) ;
#8157 = CARTESIAN_POINT ( 'NONE',  ( 64.46620431643840732, 95.00000000000000000, -112.3905347760014024 ) ) ;
#8158 = ORIENTED_EDGE ( 'NONE', *, *, #6608, .T. ) ;
#8159 = CARTESIAN_POINT ( 'NONE',  ( 10.00000000000000000, 18.00000000000000000, -100.0000000000000000 ) ) ;
#8160 = CARTESIAN_POINT ( 'NONE',  ( 2.500000000000000000, 70.90000000000000568, 0.000000000000000000 ) ) ;
#8161 = SHAPE_DEFINITION_REPRESENTATION ( #4539, #6628 ) ;
#8162 = CARTESIAN_POINT ( 'NONE',  ( 1.071213963490120102, 0.000000000000000000, -85.67381143027029111 ) ) ;
#8163 = DIRECTION ( 'NONE',  ( 1.700709290173339793E-17, 0.000000000000000000, 1.000000000000000000 ) ) ;
#8164 = VERTEX_POINT ( 'NONE', #4416 ) ;
#8165 = ORIENTED_EDGE ( 'NONE', *, *, #2274, .F. ) ;
#8166 = VERTEX_POINT ( 'NONE', #2058 ) ;
#8167 = VECTOR ( 'NONE', #7010, 1000.000000000000000 ) ;
#8168 = CARTESIAN_POINT ( 'NONE',  ( -3.391807012330692039, -48.66918367361090247, -11.00000000000000000 ) ) ;
#8169 = CARTESIAN_POINT ( 'NONE',  ( 0.000000000000000000, 0.000000000000000000, 0.000000000000000000 ) ) ;
#8170 = CYLINDRICAL_SURFACE ( 'NONE', #6569, 4.000000000000000000 ) ;
#8171 = CARTESIAN_POINT ( 'NONE',  ( 3.673940397442059868E-16, 200.0000000000000000, 3.000000000000000000 ) ) ;
#8172 = DIRECTION ( 'NONE',  ( 0.000000000000000000, 0.000000000000000000, -1.000000000000000000 ) ) ;
#8173 = VECTOR ( 'NONE', #2086, 1000.000000000000000 ) ;
#8174 = ORIENTED_EDGE ( 'NONE', *, *, #4203, .F. ) ;
#8175 = CARTESIAN_POINT ( 'NONE',  ( 5.000000000000000000, 67.90000000000000568, 22.50000000000000000 ) ) ;
#8176 = CARTESIAN_POINT ( 'NONE',  ( 30.31497855141494924, 10.00000000000000000, 6.748637086761529069 ) ) ;
#8177 = VERTEX_POINT ( 'NONE', #5229 ) ;
#8178 = DIRECTION ( 'NONE',  ( 0.000000000000000000, -1.000000000000000000, 0.000000000000000000 ) ) ;
#8179 = ADVANCED_FACE ( 'NONE', ( #7590 ), #9160, .F. ) ;
#8180 = ORIENTED_EDGE ( 'NONE', *, *, #614, .T. ) ;
#8181 = LINE ( 'NONE', #4841, #4477 ) ;
#8182 = CIRCLE ( 'NONE', #5684, 2.250000000000000000 ) ;
#8183 = DIRECTION ( 'NONE',  ( -1.000000000000000000, 0.000000000000000000, 2.081668171172168119E-15 ) ) ;
#8184 = DIRECTION ( 'NONE',  ( 0.000000000000000000, 0.000000000000000000, -1.000000000000000000 ) ) ;
#8185 = ADVANCED_BREP_SHAPE_REPRESENTATION ( '', ( #1834, #5194 ), #542 ) ;
#8186 = CARTESIAN_POINT ( 'NONE',  ( -10.00000000000000000, 12.50000000000000000, -5.000000000000000000 ) ) ;
#8187 = AXIS2_PLACEMENT_3D ( 'NONE', #2971, #8378, #7602 ) ;
#8188 = EDGE_LOOP ( 'NONE', ( #9453, #10220, #3586, #8700 ) ) ;
#8189 = LINE ( 'NONE', #2822, #7939 ) ;
#8190 = EDGE_LOOP ( 'NONE', ( #8225, #3460, #721, #9255 ) ) ;
#8191 = VECTOR ( 'NONE', #6695, 999.9999999999998863 ) ;
#8192 = EDGE_LOOP ( 'NONE', ( #2874, #8799, #2304, #7247 ) ) ;
#8193 = DIRECTION ( 'NONE',  ( 1.000000000000000000, 0.000000000000000000, 0.000000000000000000 ) ) ;
#8194 = ADVANCED_FACE ( 'NONE', ( #9705, #5679 ), #4468, .T. ) ;
#8195 = ORIENTED_EDGE ( 'NONE', *, *, #1188, .T. ) ;
#8196 = AXIS2_PLACEMENT_3D ( 'NONE', #3489, #1700, #9741 ) ;
#8197 = DIRECTION ( 'NONE',  ( 3.469446951953616161E-15, 0.000000000000000000, 1.000000000000000000 ) ) ;
#8198 = CIRCLE ( 'NONE', #2551, 8.146642442969046272 ) ;
#8199 = VECTOR ( 'NONE', #3138, 1000.000000000000000 ) ;
#8200 = DIRECTION ( 'NONE',  ( 0.000000000000000000, -1.000000000000000000, 0.000000000000000000 ) ) ;
#8201 = DIRECTION ( 'NONE',  ( -1.000000000000000000, 0.000000000000000000, 0.000000000000000000 ) ) ;
#8202 = DIRECTION ( 'NONE',  ( -1.000000000000000000, 4.163336342344336238E-15, 0.000000000000000000 ) ) ;
#8203 = ORIENTED_EDGE ( 'NONE', *, *, #7656, .T. ) ;
#8204 = VECTOR ( 'NONE', #5225, 1000.000000000000000 ) ;
#8205 = LINE ( 'NONE', #8298, #9092 ) ;
#8206 = ORIENTED_EDGE ( 'NONE', *, *, #10097, .T. ) ;
#8207 = EDGE_CURVE ( 'NONE', #10192, #9857, #2852, .T. ) ;
#8208 = VECTOR ( 'NONE', #4418, 1000.000000000000000 ) ;
#8209 = ADVANCED_FACE ( 'NONE', ( #4364 ), #332, .F. ) ;
#8210 = CARTESIAN_POINT ( 'NONE',  ( 5.000000000000000000, 18.00000000000000000, -100.0000000000000000 ) ) ;
#8211 = DIRECTION ( 'NONE',  ( 0.000000000000000000, -1.000000000000000000, 0.000000000000000000 ) ) ;
#8212 = AXIS2_PLACEMENT_3D ( 'NONE', #4922, #3377, #6543 ) ;
#8213 = DIRECTION ( 'NONE',  ( 1.000000000000000000, 0.000000000000000000, 0.000000000000000000 ) ) ;
#8214 = DIRECTION ( 'NONE',  ( -0.000000000000000000, 1.000000000000000000, -0.000000000000000000 ) ) ;
#8215 = VERTEX_POINT ( 'NONE', #8863 ) ;
#8216 = EDGE_LOOP ( 'NONE', ( #7702, #2298, #3141, #8516 ) ) ;
#8217 = CARTESIAN_POINT ( 'NONE',  ( 3.000000000000000000, 18.00000000000000000, -85.14486490616360470 ) ) ;
#8218 = EDGE_CURVE ( 'NONE', #6921, #1329, #1955, .T. ) ;
#8219 = DIRECTION ( 'NONE',  ( -1.000000000000000000, 0.000000000000000000, 1.734723475976804629E-17 ) ) ;
#8220 = DIRECTION ( 'NONE',  ( -1.000000000000000000, 0.000000000000000000, 3.231206387738609677E-17 ) ) ;
#8221 = SURFACE_SIDE_STYLE ('',( #9007 ) ) ;
#8222 = AXIS2_PLACEMENT_3D ( 'NONE', #8588, #3085, #2235 ) ;
#8223 = LINE ( 'NONE', #4885, #8867 ) ;
#8224 = LINE ( 'NONE', #8960, #9403 ) ;
#8225 = ORIENTED_EDGE ( 'NONE', *, *, #1621, .T. ) ;
#8226 = CARTESIAN_POINT ( 'NONE',  ( 35.00000000000000000, -9.500000000000000000, 10.00000000000000000 ) ) ;
#8227 = VERTEX_POINT ( 'NONE', #1164 ) ;
#8228 = FACE_OUTER_BOUND ( 'NONE', #5645, .T. ) ;
#8229 = ORIENTED_EDGE ( 'NONE', *, *, #3024, .T. ) ;
#8230 = ADVANCED_FACE ( 'NONE', ( #386 ), #1721, .F. ) ;
#8231 = DIRECTION ( 'NONE',  ( 0.000000000000000000, 0.000000000000000000, 1.000000000000000000 ) ) ;
#8232 = CYLINDRICAL_SURFACE ( 'NONE', #4845, 2.250000000000000000 ) ;
#8233 = CARTESIAN_POINT ( 'NONE',  ( -58.74171087241099798, 0.000000000000000000, -90.51182856389569054 ) ) ;
#8234 = ADVANCED_FACE ( 'NONE', ( #3593 ), #6762, .F. ) ;
#8235 = LINE ( 'NONE', #2720, #6690 ) ;
#8236 = EDGE_LOOP ( 'NONE', ( #7962, #9694 ) ) ;
#8237 = DIRECTION ( 'NONE',  ( 1.000000000000000000, 0.000000000000000000, 0.000000000000000000 ) ) ;
#8238 = ORIENTED_EDGE ( 'NONE', *, *, #4645, .T. ) ;
#8239 = ORIENTED_EDGE ( 'NONE', *, *, #8381, .F. ) ;
#8240 =( LENGTH_UNIT ( ) NAMED_UNIT ( * ) SI_UNIT ( .MILLI., .METRE. ) );
#8241 = ORIENTED_EDGE ( 'NONE', *, *, #8426, .T. ) ;
#8242 = CARTESIAN_POINT ( 'NONE',  ( 8.283304597789258806E-16, 7.500000000000000000, 19.50000000000000000 ) ) ;
#8243 = EDGE_CURVE ( 'NONE', #6753, #5788, #7308, .T. ) ;
#8244 = CARTESIAN_POINT ( 'NONE',  ( -2.500000000000000000, 0.000000000000000000, 0.000000000000000000 ) ) ;
#8245 = CARTESIAN_POINT ( 'NONE',  ( -64.46620431643840732, 95.00000000000000000, -112.3905347760014024 ) ) ;
#8246 = EDGE_LOOP ( 'NONE', ( #2867, #1572 ) ) ;
#8247 = CIRCLE ( 'NONE', #1585, 8.000000000000007105 ) ;
#8248 = AXIS2_PLACEMENT_3D ( 'NONE', #2106, #1311, #2154 ) ;
#8249 = CARTESIAN_POINT ( 'NONE',  ( -2.250000000000004885, 10.00000000000000000, -16.00000000000000000 ) ) ;
#8250 = EDGE_LOOP ( 'NONE', ( #9343, #8682, #2158, #3188, #5065, #9712, #8028, #7263, #2533, #8597, #9279, #8669 ) ) ;
#8251 = B_SPLINE_CURVE_WITH_KNOTS ( 'NONE', 3,
 ( #240, #4169, #7242, #5616 ),
 .UNSPECIFIED., .F., .F.,
 ( 4, 4 ),
 ( -1.095445926455749118E-05, 0.0006021615848549849003 ),
 .UNSPECIFIED. ) ;
#8252 = AXIS2_PLACEMENT_3D ( 'NONE', #7366, #208, #3258 ) ;
#8253 = CARTESIAN_POINT ( 'NONE',  ( 98.00000000000000000, 10.00000000000000000, -120.2793298308826024 ) ) ;
#8254 = LINE ( 'NONE', #2045, #7537 ) ;
#8255 = AXIS2_PLACEMENT_3D ( 'NONE', #2937, #2989, #517 ) ;
#8256 = EDGE_CURVE ( 'NONE', #9023, #3696, #8469, .T. ) ;
#8257 = LINE ( 'NONE', #2047, #1522 ) ;
#8258 = EDGE_CURVE ( 'NONE', #378, #7556, #9516, .T. ) ;
#8259 = CYLINDRICAL_SURFACE ( 'NONE', #2764, 3.000000000000000000 ) ;
#8260 = EDGE_LOOP ( 'NONE', ( #8452, #9069, #4450, #516 ) ) ;
#8261 = ORIENTED_EDGE ( 'NONE', *, *, #8870, .F. ) ;
#8262 = AXIS2_PLACEMENT_3D ( 'NONE', #6158, #6897, #8501 ) ;
#8263 = CIRCLE ( 'NONE', #2449, 2.249999999999998668 ) ;
#8264 = EDGE_CURVE ( 'NONE', #3408, #9329, #8182, .T. ) ;
#8265 = DIRECTION ( 'NONE',  ( -0.8337546385222528444, 0.000000000000000000, -0.5521351308716259121 ) ) ;
#8266 = CARTESIAN_POINT ( 'NONE',  ( 25.00000000000000000, -5.500000000000000000, 10.00000000000000000 ) ) ;
#8267 = DIRECTION ( 'NONE',  ( 3.967705106150490220E-21, 1.000000000000000000, -8.468845607255750476E-21 ) ) ;
#8268 = EDGE_CURVE ( 'NONE', #1597, #2133, #9367, .T. ) ;
#8269 = EDGE_CURVE ( 'NONE', #3227, #3839, #2908, .T. ) ;
#8270 = PLANE ( 'NONE',  #2741 ) ;
#8271 = AXIS2_PLACEMENT_3D ( 'NONE', #1127, #3498, #3547 ) ;
#8272 = EDGE_CURVE ( 'NONE', #7797, #3202, #1348, .T. ) ;
#8273 = CARTESIAN_POINT ( 'NONE',  ( 0.000000000000000000, 85.00000000000000000, -110.2793298308826024 ) ) ;
#8274 = CARTESIAN_POINT ( 'NONE',  ( 15.50000000000000000, -3.996221620051279691E-15, 22.00000000000000000 ) ) ;
#8275 = EDGE_LOOP ( 'NONE', ( #7536, #7559, #206, #8096, #8410, #6104, #5901, #10283, #4439 ) ) ;
#8276 = PRODUCT_DEFINITION_SHAPE ( 'NONE', 'NONE',  #10323 ) ;
#8277 = ORIENTED_EDGE ( 'NONE', *, *, #7421, .T. ) ;
#8278 = DIRECTION ( 'NONE',  ( -1.000000000000000000, 0.000000000000000000, 0.000000000000000000 ) ) ;
#8279 = VERTEX_POINT ( 'NONE', #10200 ) ;
#8280 = AXIS2_PLACEMENT_3D ( 'NONE', #6028, #3751, #652 ) ;
#8281 = FACE_BOUND ( 'NONE', #4356, .T. ) ;
#8282 = CARTESIAN_POINT ( 'NONE',  ( 65.00000000000000000, 95.00000000000000000, -112.1326873879138049 ) ) ;
#8283 = EDGE_CURVE ( 'NONE', #5994, #4463, #10184, .T. ) ;
#8284 = DIRECTION ( 'NONE',  ( -1.700709290173339793E-17, 0.000000000000000000, 1.000000000000000000 ) ) ;
#8285 = CARTESIAN_POINT ( 'NONE',  ( 63.94170910735159907, 85.00000000000000000, -99.05349224005480835 ) ) ;
#8286 = VERTEX_POINT ( 'NONE', #3073 ) ;
#8287 = DIRECTION ( 'NONE',  ( 1.000000000000000000, 0.000000000000000000, 0.000000000000000000 ) ) ;
#8288 = VERTEX_POINT ( 'NONE', #6075 ) ;
#8289 = ORIENTED_EDGE ( 'NONE', *, *, #6428, .T. ) ;
#8290 = FACE_OUTER_BOUND ( 'NONE', #8909, .T. ) ;
#8291 = VERTEX_POINT ( 'NONE', #6286 ) ;
#8292 = MECHANICAL_DESIGN_GEOMETRIC_PRESENTATION_REPRESENTATION (  '', ( #5454 ), #8623 ) ;
#8293 =( REPRESENTATION_RELATIONSHIP ('NONE','NONE', #8752, #5204 ) REPRESENTATION_RELATIONSHIP_WITH_TRANSFORMATION ( #847 )SHAPE_REPRESENTATION_RELATIONSHIP( ) );
#8294 = CARTESIAN_POINT ( 'NONE',  ( 0.000000000000000000, 0.000000000000000000, -10.00000000000000000 ) ) ;
#8295 = CARTESIAN_POINT ( 'NONE',  ( -63.25715662211379708, 85.00000000000000000, -42.99587695296754930 ) ) ;
#8296 = CARTESIAN_POINT ( 'NONE',  ( 22.75000000000000355, 5.500000000000000000, 10.00000000000000000 ) ) ;
#8297 = EDGE_LOOP ( 'NONE', ( #8238, #6898, #7417, #1028 ) ) ;
#8298 = CARTESIAN_POINT ( 'NONE',  ( -10.00000000000000000, -15.00000000000000000, -11.00000000000000000 ) ) ;
#8299 = ORIENTED_EDGE ( 'NONE', *, *, #9959, .T. ) ;
#8300 = EDGE_CURVE ( 'NONE', #9854, #854, #6683, .T. ) ;
#8301 = CIRCLE ( 'NONE', #3821, 2.999999999999999112 ) ;
#8302 = LINE ( 'NONE', #8159, #8321 ) ;
#8303 = CARTESIAN_POINT ( 'NONE',  ( 5.000000000000000000, 3.851859888774469653E-33, 1.000000000000000000 ) ) ;
#8304 = CONTEXT_DEPENDENT_SHAPE_REPRESENTATION ( #2844, #2300 ) ;
#8305 = CARTESIAN_POINT ( 'NONE',  ( -3.558628652502384249, 68.58615143127133251, -2.423856433599349547 ) ) ;
#8306 = CARTESIAN_POINT ( 'NONE',  ( 4.332851387010889788, 18.00000000000000000, -95.04470861319069286 ) ) ;
#8307 = ORIENTED_EDGE ( 'NONE', *, *, #1931, .F. ) ;
#8308 = ORIENTED_EDGE ( 'NONE', *, *, #4247, .T. ) ;
#8309 = ORIENTED_EDGE ( 'NONE', *, *, #434, .T. ) ;
#8310 = ADVANCED_FACE ( 'NONE', ( #8628, #4671 ), #6974, .T. ) ;
#8311 = PRODUCT_DEFINITION ( 'UNKNOWN', '', #6734, #10311 ) ;
#8312 = CARTESIAN_POINT ( 'NONE',  ( 30.31497855141494924, 95.00000000000000000, 6.748637086761529069 ) ) ;
#8313 = LINE ( 'NONE', #384, #9366 ) ;
#8314 = CARTESIAN_POINT ( 'NONE',  ( 5.203904441974569336E-15, 47.50000000000000000, -69.42007128538419636 ) ) ;
#8315 = DIRECTION ( 'NONE',  ( -1.264933817329265970E-17, 0.000000000000000000, 1.000000000000000000 ) ) ;
#8316 = LINE ( 'NONE', #2004, #8065 ) ;
#8317 = LINE ( 'NONE', #1221, #1872 ) ;
#8318 = CARTESIAN_POINT ( 'NONE',  ( 15.00000000000000000, 12.50000000000000000, 20.00000000000000000 ) ) ;
#8319 = VERTEX_POINT ( 'NONE', #2117 ) ;
#8320 = ORIENTED_EDGE ( 'NONE', *, *, #5451, .T. ) ;
#8321 = VECTOR ( 'NONE', #3428, 1000.000000000000000 ) ;
#8322 = DIRECTION ( 'NONE',  ( 0.000000000000000000, 0.000000000000000000, -1.000000000000000000 ) ) ;
#8323 = EDGE_CURVE ( 'NONE', #7440, #8437, #6014, .T. ) ;
#8324 = VERTEX_POINT ( 'NONE', #7692 ) ;
#8325 = EDGE_CURVE ( 'NONE', #6699, #5399, #5390, .T. ) ;
#8326 = DIRECTION ( 'NONE',  ( 0.000000000000000000, 0.000000000000000000, -1.000000000000000000 ) ) ;
#8327 = DIRECTION ( 'NONE',  ( 0.000000000000000000, -1.000000000000000000, 0.000000000000000000 ) ) ;
#8328 = DIRECTION ( 'NONE',  ( 0.000000000000000000, 0.000000000000000000, -1.000000000000000000 ) ) ;
#8329 = VECTOR ( 'NONE', #1142, 1000.000000000000341 ) ;
#8330 = DIRECTION ( 'NONE',  ( 0.000000000000000000, 0.000000000000000000, 1.000000000000000000 ) ) ;
#8331 = ORIENTED_EDGE ( 'NONE', *, *, #263, .T. ) ;
#8332 = LINE ( 'NONE', #7560, #4282 ) ;
#8333 = ORIENTED_EDGE ( 'NONE', *, *, #9000, .T. ) ;
#8334 = VERTEX_POINT ( 'NONE', #9420 ) ;
#8335 = DIRECTION ( 'NONE',  ( -0.000000000000000000, -0.000000000000000000, -1.000000000000000000 ) ) ;
#8336 = ORIENTED_EDGE ( 'NONE', *, *, #6521, .F. ) ;
#8337 = VECTOR ( 'NONE', #7567, 1000.000000000000000 ) ;
#8338 = EDGE_CURVE ( 'NONE', #10244, #4907, #1021, .T. ) ;
#8339 = CARTESIAN_POINT ( 'NONE',  ( 0.000000000000000000, 150.0000000000000000, 0.000000000000000000 ) ) ;
#8340 = CARTESIAN_POINT ( 'NONE',  ( -2.500000000000000000, 70.90000000000000568, 0.000000000000000000 ) ) ;
#8341 = CARTESIAN_POINT ( 'NONE',  ( 61.82390241499599881, 95.00000000000000000, -100.2793298308827872 ) ) ;
#8342 = AXIS2_PLACEMENT_3D ( 'NONE', #8784, #1743, #4873 ) ;
#8343 = CARTESIAN_POINT ( 'NONE',  ( 15.00000000000000000, 12.50000000000000000, 20.00000000000000000 ) ) ;
#8344 = ORIENTED_EDGE ( 'NONE', *, *, #7201, .F. ) ;
#8345 = CARTESIAN_POINT ( 'NONE',  ( -85.36863799491800364, 0.000000000000000000, -96.77829855763729938 ) ) ;
#8346 = ORIENTED_EDGE ( 'NONE', *, *, #9057, .F. ) ;
#8348 = CIRCLE ( 'NONE', #7527, 7.500000000000000000 ) ;
#8347 = LINE ( 'NONE', #9444, #6708 ) ;
#8349 = EDGE_CURVE ( 'NONE', #8642, #3505, #9350, .T. ) ;
#8350 = FACE_OUTER_BOUND ( 'NONE', #7922, .T. ) ;
#8351 = FACE_OUTER_BOUND ( 'NONE', #2752, .T. ) ;
#8352 = ITEM_DEFINED_TRANSFORMATION ( 'NONE', 'NONE', #2898,  #5194 ) ;
#8353 = CARTESIAN_POINT ( 'NONE',  ( -3.000000000000000000, 67.90000000000000568, -2.500000000000000000 ) ) ;
#8354 = VECTOR ( 'NONE', #8220, 1000.000000000000000 ) ;
#8355 = EDGE_CURVE ( 'NONE', #3598, #4947, #7188, .T. ) ;
#8356 = DIRECTION ( 'NONE',  ( 0.000000000000000000, -3.238150488490040120E-14, -1.000000000000000000 ) ) ;
#8357 = CIRCLE ( 'NONE', #3391, 2.250000000000000000 ) ;
#8358 = ORIENTED_EDGE ( 'NONE', *, *, #9421, .T. ) ;
#8359 = EDGE_LOOP ( 'NONE', ( #10061, #8, #6422, #1400, #2398, #302, #3311, #621, #2365, #10218 ) ) ;
#8360 = CIRCLE ( 'NONE', #6038, 10.00000000000000178 ) ;
#8361 = CARTESIAN_POINT ( 'NONE',  ( 15.50000000000000000, 67.40000000000000568, 6.000000000000000000 ) ) ;
#8362 = DIRECTION ( 'NONE',  ( 0.000000000000000000, 0.000000000000000000, -1.000000000000000000 ) ) ;
#8363 = DIRECTION ( 'NONE',  ( 0.000000000000000000, 0.000000000000000000, 1.000000000000000000 ) ) ;
#8364 = VECTOR ( 'NONE', #1253, 1000.000000000000000 ) ;
#8365 = CARTESIAN_POINT ( 'NONE',  ( 64.46620431643840732, 0.000000000000000000, -112.3905347760014024 ) ) ;
#8366 = DIRECTION ( 'NONE',  ( 0.000000000000000000, 1.000000000000000000, 0.000000000000000000 ) ) ;
#8367 = ADVANCED_FACE ( 'NONE', ( #6233 ), #2278, .F. ) ;
#8368 = LINE ( 'NONE', #6811, #5034 ) ;
#8369 = DIRECTION ( 'NONE',  ( 0.000000000000000000, -1.000000000000000000, 0.000000000000000000 ) ) ;
#8370 = AXIS2_PLACEMENT_3D ( 'NONE', #558, #8537, #1179 ) ;
#8371 = VERTEX_POINT ( 'NONE', #2164 ) ;
#8372 = VERTEX_POINT ( 'NONE', #7852 ) ;
#8373 = AXIS2_PLACEMENT_3D ( 'NONE', #7129, #7851, #6126 ) ;
#8374 = PLANE ( 'NONE',  #1785 ) ;
#8375 = ORIENTED_EDGE ( 'NONE', *, *, #9504, .T. ) ;
#8376 = EDGE_CURVE ( 'NONE', #3839, #2914, #2694, .T. ) ;
#8377 = LINE ( 'NONE', #2070, #6308 ) ;
#8378 = DIRECTION ( 'NONE',  ( -1.053664404098410102E-33, 1.000000000000000000, 6.195440985631459015E-17 ) ) ;
#8379 = DIRECTION ( 'NONE',  ( 0.000000000000000000, 0.000000000000000000, -1.000000000000000000 ) ) ;
#8380 =( NAMED_UNIT ( * ) SI_UNIT ( $, .STERADIAN. ) SOLID_ANGLE_UNIT ( ) );
#8381 = EDGE_CURVE ( 'NONE', #8913, #8121, #4850, .T. ) ;
#8382 = LINE ( 'NONE', #5193, #194 ) ;
#8383 = ADVANCED_FACE ( 'NONE', ( #14 ), #1686, .F. ) ;
#8384 = ORIENTED_EDGE ( 'NONE', *, *, #3569, .T. ) ;
#8385 = DIRECTION ( 'NONE',  ( 0.000000000000000000, 0.000000000000000000, 1.000000000000000000 ) ) ;
#8386 = ORIENTED_EDGE ( 'NONE', *, *, #4755, .F. ) ;
#8387 = ORIENTED_EDGE ( 'NONE', *, *, #9718, .F. ) ;
#8388 = VECTOR ( 'NONE', #288, 1000.000000000000114 ) ;
#8389 = CARTESIAN_POINT ( 'NONE',  ( 5.000000000000000000, 62.39999999999999858, 22.00000000000000000 ) ) ;
#8390 = ORIENTED_EDGE ( 'NONE', *, *, #5200, .F. ) ;
#8391 = DIRECTION ( 'NONE',  ( -1.000000000000000000, 0.000000000000000000, -3.469446951953615175E-16 ) ) ;
#8392 = AXIS2_PLACEMENT_3D ( 'NONE', #1788, #1002, #9920 ) ;
#8393 = CARTESIAN_POINT ( 'NONE',  ( 46.58206385166879926, 85.00000000000000000, -54.03857957040010263 ) ) ;
#8394 = DIRECTION ( 'NONE',  ( 1.000000000000000000, 0.000000000000000000, 0.000000000000000000 ) ) ;
#8395 = EDGE_CURVE ( 'NONE', #1158, #7809, #6183, .T. ) ;
#8396 = DIRECTION ( 'NONE',  ( 1.000000000000000000, 0.000000000000000000, 0.000000000000000000 ) ) ;
#8397 = VERTEX_POINT ( 'NONE', #8063 ) ;
#8398 = LINE ( 'NONE', #419, #1757 ) ;
#8399 = ORIENTED_EDGE ( 'NONE', *, *, #8660, .F. ) ;
#8400 = AXIS2_PLACEMENT_3D ( 'NONE', #5444, #4160, #5604 ) ;
#8401 = DIRECTION ( 'NONE',  ( -1.000000000000000000, 0.000000000000000000, 0.000000000000000000 ) ) ;
#8402 = CARTESIAN_POINT ( 'NONE',  ( 85.36863799491800364, 10.00000000000000000, -94.52829855763729938 ) ) ;
#8403 = DIRECTION ( 'NONE',  ( 0.000000000000000000, 0.000000000000000000, 1.000000000000000000 ) ) ;
#8404 = ITEM_DEFINED_TRANSFORMATION ( 'NONE', 'NONE', #9559,  #5194 ) ;
#8405 = DIRECTION ( 'NONE',  ( -1.734723475976804876E-16, 1.000000000000000000, 0.000000000000000000 ) ) ;
#8406 = VECTOR ( 'NONE', #8837, 1000.000000000000000 ) ;
#8407 = DIRECTION ( 'NONE',  ( 0.000000000000000000, -1.000000000000000000, 0.000000000000000000 ) ) ;
#8408 = ORIENTED_EDGE ( 'NONE', *, *, #2011, .T. ) ;
#8409 = PLANE ( 'NONE',  #7118 ) ;
#8410 = ORIENTED_EDGE ( 'NONE', *, *, #5464, .T. ) ;
#8411 = ORIENTED_EDGE ( 'NONE', *, *, #5228, .F. ) ;
#8412 = CIRCLE ( 'NONE', #5086, 7.000000000000006217 ) ;
#8413 = AXIS2_PLACEMENT_3D ( 'NONE', #5593, #2480, #8774 ) ;
#8414 = EDGE_CURVE ( 'NONE', #2860, #5732, #6854, .T. ) ;
#8415 = CYLINDRICAL_SURFACE ( 'NONE', #1491, 2.249999999999998668 ) ;
#8416 = CARTESIAN_POINT ( 'NONE',  ( 30.31497855141494924, 85.00000000000000000, 6.748637086761529069 ) ) ;
#8417 = DIRECTION ( 'NONE',  ( 0.5503713389499629294, 2.372726910404804334E-16, -0.8349199897369957712 ) ) ;
#8418 = DIRECTION ( 'NONE',  ( 1.000000000000000000, 0.000000000000000000, 0.000000000000000000 ) ) ;
#8419 = LINE ( 'NONE', #4469, #1730 ) ;
#8420 = FACE_OUTER_BOUND ( 'NONE', #8786, .T. ) ;
#8421 = LINE ( 'NONE', #8274, #9583 ) ;
#8422 = APPLICATION_CONTEXT ( 'automotive_design' ) ;
#8423 = VECTOR ( 'NONE', #1343, 1000.000000000000000 ) ;
#8424 = EDGE_LOOP ( 'NONE', ( #9715, #3186, #4059, #5122 ) ) ;
#8425 = ORIENTED_EDGE ( 'NONE', *, *, #2797, .F. ) ;
#8426 = EDGE_CURVE ( 'NONE', #8464, #3695, #8835, .T. ) ;
#8427 = CARTESIAN_POINT ( 'NONE',  ( -85.36863799491800364, 0.000000000000000000, -99.02829855763729938 ) ) ;
#8428 = ORIENTED_EDGE ( 'NONE', *, *, #6047, .T. ) ;
#8429 = EDGE_CURVE ( 'NONE', #4299, #2396, #4817, .T. ) ;
#8430 = VECTOR ( 'NONE', #5937, 1000.000000000000000 ) ;
#8431 = CARTESIAN_POINT ( 'NONE',  ( -5.000000000000000000, 55.89999999999999858, 21.75000000000000000 ) ) ;
#8432 = CARTESIAN_POINT ( 'NONE',  ( 15.50000000000000000, 83.40000000000000568, 22.50000000000000000 ) ) ;
#8433 = AXIS2_PLACEMENT_3D ( 'NONE', #3140, #5508, #1547 ) ;
#8434 = FACE_OUTER_BOUND ( 'NONE', #10035, .T. ) ;
#8435 = ORIENTED_EDGE ( 'NONE', *, *, #309, .T. ) ;
#8436 = DIRECTION ( 'NONE',  ( -1.000000000000000000, -1.710569414459005024E-49, -1.700709290173339793E-17 ) ) ;
#8437 = VERTEX_POINT ( 'NONE', #9575 ) ;
#8438 = EDGE_CURVE ( 'NONE', #3434, #1499, #3278, .T. ) ;
#8439 = CIRCLE ( 'NONE', #5611, 3.000000000000000000 ) ;
#8440 = ORIENTED_EDGE ( 'NONE', *, *, #5006, .F. ) ;
#8441 = DIRECTION ( 'NONE',  ( 0.000000000000000000, 0.000000000000000000, -1.000000000000000000 ) ) ;
#8442 = EDGE_LOOP ( 'NONE', ( #1897, #9455 ) ) ;
#8443 = ADVANCED_FACE ( 'NONE', ( #800, #5709 ), #5549, .F. ) ;
#8444 = PRODUCT_DEFINITION ( 'UNKNOWN', '', #7401, #3989 ) ;
#8445 = CARTESIAN_POINT ( 'NONE',  ( -20.90380984571844891, 18.00000000000000000, 15.61289017892626241 ) ) ;
#8446 = DIRECTION ( 'NONE',  ( 0.000000000000000000, 1.000000000000000000, 0.000000000000000000 ) ) ;
#8447 = DIRECTION ( 'NONE',  ( 0.000000000000000000, 1.000000000000000000, 0.000000000000000000 ) ) ;
#8448 = ORIENTED_EDGE ( 'NONE', *, *, #6941, .T. ) ;
#8449 = DIRECTION ( 'NONE',  ( 1.734723475976804876E-16, -1.000000000000000000, 1.543037689415484880E-32 ) ) ;
#8450 = ORIENTED_EDGE ( 'NONE', *, *, #9626, .T. ) ;
#8451 = PLANE ( 'NONE',  #8754 ) ;
#8452 = ORIENTED_EDGE ( 'NONE', *, *, #8847, .T. ) ;
#8453 = DIRECTION ( 'NONE',  ( 0.000000000000000000, 0.000000000000000000, 1.000000000000000000 ) ) ;
#8454 = EDGE_CURVE ( 'NONE', #1284, #7980, #8505, .T. ) ;
#8455 = CARTESIAN_POINT ( 'NONE',  ( 4.142135623730935023, -59.14213562373100075, -11.00000000000000000 ) ) ;
#8456 = DIRECTION ( 'NONE',  ( 0.000000000000000000, 0.000000000000000000, -1.000000000000000000 ) ) ;
#8457 = PLANE ( 'NONE',  #2870 ) ;
#8458 = DIRECTION ( 'NONE',  ( 0.000000000000000000, 0.000000000000000000, -1.000000000000000000 ) ) ;
#8459 = CARTESIAN_POINT ( 'NONE',  ( 0.000000000000000000, 5.000000000000000000, 10.00000000000000000 ) ) ;
#8460 = ORIENTED_EDGE ( 'NONE', *, *, #9816, .F. ) ;
#8461 = CARTESIAN_POINT ( 'NONE',  ( 5.000000000000000000, 18.00000000000000000, -100.0000000000000000 ) ) ;
#8462 = VERTEX_POINT ( 'NONE', #3222 ) ;
#8463 = CIRCLE ( 'NONE', #10143, 2.249999999999998668 ) ;
#8464 = VERTEX_POINT ( 'NONE', #10304 ) ;
#8465 = EDGE_CURVE ( 'NONE', #2990, #150, #8846, .T. ) ;
#8466 = CARTESIAN_POINT ( 'NONE',  ( 0.000000000000000000, 39.00000000000000000, -2.750000000000000000 ) ) ;
#8467 = CARTESIAN_POINT ( 'NONE',  ( -75.00000000000000000, 150.0000000000000000, -75.00000000000000000 ) ) ;
#8468 = CARTESIAN_POINT ( 'NONE',  ( 5.204170427930419706E-15, 0.000000000000000000, 28.54374205374395146 ) ) ;
#8469 = LINE ( 'NONE', #8677, #5515 ) ;
#8470 = CARTESIAN_POINT ( 'NONE',  ( 25.00000000000000000, 0.000000000000000000, -10.00000000000000000 ) ) ;
#8471 = CARTESIAN_POINT ( 'NONE',  ( -5.204170427930419706E-15, 10.00000000000000000, -11.00000000000000000 ) ) ;
#8472 = DIRECTION ( 'NONE',  ( -0.000000000000000000, -1.000000000000000000, -0.000000000000000000 ) ) ;
#8473 = ORIENTED_EDGE ( 'NONE', *, *, #6814, .T. ) ;
#8474 = ORIENTED_EDGE ( 'NONE', *, *, #6334, .F. ) ;
#8475 = PLANE ( 'NONE',  #8280 ) ;
#8476 = EDGE_LOOP ( 'NONE', ( #1908, #7888, #10206, #5936 ) ) ;
#8477 = DIRECTION ( 'NONE',  ( 1.000000000000000000, 0.000000000000000000, 0.000000000000000000 ) ) ;
#8478 = DIRECTION ( 'NONE',  ( 0.000000000000000000, -1.000000000000000000, 0.000000000000000000 ) ) ;
#8479 = DIRECTION ( 'NONE',  ( -0.000000000000000000, 1.000000000000000000, -0.000000000000000000 ) ) ;
#8480 = EDGE_CURVE ( 'NONE', #6157, #1552, #7676, .T. ) ;
#8481 = CARTESIAN_POINT ( 'NONE',  ( 25.00000000000000000, 0.000000000000000000, 0.000000000000000000 ) ) ;
#8482 = CARTESIAN_POINT ( 'NONE',  ( 25.00000000000000000, 0.000000000000000000, 10.00000000000000000 ) ) ;
#8483 = VECTOR ( 'NONE', #539, 1000.000000000000000 ) ;
#8484 = EDGE_CURVE ( 'NONE', #6004, #1240, #4052, .T. ) ;
#8485 = VERTEX_POINT ( 'NONE', #2489 ) ;
#8486 = PLANE ( 'NONE',  #4769 ) ;
#8487 = VERTEX_POINT ( 'NONE', #3331 ) ;
#8488 = ORIENTED_EDGE ( 'NONE', *, *, #9137, .F. ) ;
#8489 = FACE_OUTER_BOUND ( 'NONE', #4526, .T. ) ;
#8490 = ORIENTED_EDGE ( 'NONE', *, *, #8731, .F. ) ;
#8491 = CIRCLE ( 'NONE', #7174, 2.250000000000001776 ) ;
#8492 = LINE ( 'NONE', #4392, #8173 ) ;
#8493 = DIRECTION ( 'NONE',  ( 1.000000000000000000, 0.000000000000000000, 0.000000000000000000 ) ) ;
#8494 = FACE_OUTER_BOUND ( 'NONE', #8014, .T. ) ;
#8495 = ADVANCED_FACE ( 'NONE', ( #8895 ), #4109, .F. ) ;
#8496 = VERTEX_POINT ( 'NONE', #7282 ) ;
#8497 = CARTESIAN_POINT ( 'NONE',  ( 96.67003710817799345, 95.00000000000000000, -93.45117771904560300 ) ) ;
#8498 = ORIENTED_EDGE ( 'NONE', *, *, #3032, .F. ) ;
#8499 = CIRCLE ( 'NONE', #3860, 8.000000000000007105 ) ;
#8500 = ORIENTED_EDGE ( 'NONE', *, *, #8078, .T. ) ;
#8501 = DIRECTION ( 'NONE',  ( 0.000000000000000000, 0.000000000000000000, 1.000000000000000000 ) ) ;
#8502 = ORIENTED_EDGE ( 'NONE', *, *, #3988, .F. ) ;
#8503 = VECTOR ( 'NONE', #9594, 1000.000000000000000 ) ;
#8504 = DIRECTION ( 'NONE',  ( 0.000000000000000000, 0.000000000000000000, 1.000000000000000000 ) ) ;
#8505 = CIRCLE ( 'NONE', #6344, 2.249999999999998668 ) ;
#8506 = SURFACE_STYLE_USAGE ( .BOTH. , #737 ) ;
#8507 = CARTESIAN_POINT ( 'NONE',  ( -44.06980515339470372, -90.96194077712559078, -33.00000000000000000 ) ) ;
#8508 = LINE ( 'NONE', #6221, #8119 ) ;
#8509 = EDGE_CURVE ( 'NONE', #254, #5620, #3170, .T. ) ;
#8510 = CARTESIAN_POINT ( 'NONE',  ( -37.50947722270055351, 10.00000000000000000, -40.33847109630989536 ) ) ;
#8511 = ORIENTED_EDGE ( 'NONE', *, *, #2982, .F. ) ;
#8512 = CIRCLE ( 'NONE', #6850, 9.999999999999996447 ) ;
#8513 = LINE ( 'NONE', #6325, #6614 ) ;
#8514 = VERTEX_POINT ( 'NONE', #124 ) ;
#8515 = EDGE_CURVE ( 'NONE', #8898, #3081, #6494, .T. ) ;
#8516 = ORIENTED_EDGE ( 'NONE', *, *, #2427, .T. ) ;
#8517 = CIRCLE ( 'NONE', #355, 4.000000000000000000 ) ;
#8518 = DIRECTION ( 'NONE',  ( 0.000000000000000000, -1.000000000000000000, 0.000000000000000000 ) ) ;
#8519 = CARTESIAN_POINT ( 'NONE',  ( 25.00000000000000000, -9.500000000000000000, 4.592425496802579889E-16 ) ) ;
#8520 = SHAPE_DEFINITION_REPRESENTATION ( #3834, #9211 ) ;
#8521 = VECTOR ( 'NONE', #7340, 1000.000000000000000 ) ;
#8522 = CLOSED_SHELL ( 'NONE', ( #9089, #8230, #1132, #3654, #8902, #5421, #3204, #8809, #380, #7813 ) ) ;
#8523 = DIRECTION ( 'NONE',  ( 0.000000000000000000, 0.000000000000000000, -1.000000000000000000 ) ) ;
#8524 = AXIS2_PLACEMENT_3D ( 'NONE', #7039, #1446, #8022 ) ;
#8525 = CYLINDRICAL_SURFACE ( 'NONE', #5532, 2.250000000000001776 ) ;
#8526 = CARTESIAN_POINT ( 'NONE',  ( 75.00000000000000000, 0.000000000000000000, 75.00000000000000000 ) ) ;
#8527 = VERTEX_POINT ( 'NONE', #2541 ) ;
#8528 = EDGE_CURVE ( 'NONE', #6305, #677, #8117, .T. ) ;
#8529 = ORIENTED_EDGE ( 'NONE', *, *, #10290, .F. ) ;
#8530 = AXIS2_PLACEMENT_3D ( 'NONE', #3952, #2276, #7904 ) ;
#8531 = CARTESIAN_POINT ( 'NONE',  ( 0.000000000000000000, 47.50000000000000000, -28.54374205374395146 ) ) ;
#8532 = ORIENTED_EDGE ( 'NONE', *, *, #10025, .T. ) ;
#8533 = VECTOR ( 'NONE', #6129, 1000.000000000000000 ) ;
#8534 = LINE ( 'NONE', #8637, #6299 ) ;
#8535 = LINE ( 'NONE', #2389, #1687 ) ;
#8536 =( LENGTH_UNIT ( ) NAMED_UNIT ( * ) SI_UNIT ( .MILLI., .METRE. ) );
#8537 = DIRECTION ( 'NONE',  ( -8.895006672729879551E-17, -0.000000000000000000, 1.000000000000000000 ) ) ;
#8538 = VECTOR ( 'NONE', #8184, 1000.000000000000000 ) ;
#8539 = CYLINDRICAL_SURFACE ( 'NONE', #3382, 2.250000000000001776 ) ;
#8540 = ORIENTED_EDGE ( 'NONE', *, *, #6735, .T. ) ;
#8541 = CARTESIAN_POINT ( 'NONE',  ( 15.50000000000000000, -4.000000000000000000, 1.000000000000000000 ) ) ;
#8542 = ORIENTED_EDGE ( 'NONE', *, *, #3511, .F. ) ;
#8543 = CARTESIAN_POINT ( 'NONE',  ( 0.000000000000000000, 47.50000000000000000, -28.54374205374395146 ) ) ;
#8544 = VERTEX_POINT ( 'NONE', #6600 ) ;
#8545 = ORIENTED_EDGE ( 'NONE', *, *, #9182, .T. ) ;
#8546 = ADVANCED_FACE ( 'NONE', ( #7483, #9050, #7438, #1154, #3430, #279 ), #3634, .T. ) ;
#8547 = EDGE_CURVE ( 'NONE', #2502, #4687, #2840, .T. ) ;
#8548 = DIRECTION ( 'NONE',  ( 0.000000000000000000, -1.000000000000000000, 0.000000000000000000 ) ) ;
#8549 = CARTESIAN_POINT ( 'NONE',  ( -26.24777966571249976, -61.24777966571249976, 1.000000000000000000 ) ) ;
#8550 = CARTESIAN_POINT ( 'NONE',  ( -23.68655752103995127, 74.67986544671991567, -28.54374205374395146 ) ) ;
#8551 = ORIENTED_EDGE ( 'NONE', *, *, #3602, .F. ) ;
#8552 = LINE ( 'NONE', #4548, #8932 ) ;
#8553 = ORIENTED_EDGE ( 'NONE', *, *, #6210, .F. ) ;
#8554 = ORIENTED_EDGE ( 'NONE', *, *, #9743, .T. ) ;
#8555 = DIRECTION ( 'NONE',  ( -1.000000000000000000, 0.000000000000000000, 0.000000000000000000 ) ) ;
#8556 = ORIENTED_EDGE ( 'NONE', *, *, #9626, .F. ) ;
#8557 = EDGE_CURVE ( 'NONE', #9292, #1389, #10, .T. ) ;
#8558 = UNCERTAINTY_MEASURE_WITH_UNIT (LENGTH_MEASURE( 1.000000000000000082E-05 ), #4811, 'distance_accuracy_value', 'NONE');
#8559 = DIRECTION ( 'NONE',  ( -5.204170427930419311E-16, 1.000000000000000000, 0.000000000000000000 ) ) ;
#8560 = LINE ( 'NONE', #8614, #2200 ) ;
#8561 = DIRECTION ( 'NONE',  ( -1.000000000000000000, -0.000000000000000000, -0.000000000000000000 ) ) ;
#8562 = CARTESIAN_POINT ( 'NONE',  ( 10.00000000000000000, -10.00000000000000000, 5.000000000000000000 ) ) ;
#8563 = ORIENTED_EDGE ( 'NONE', *, *, #6910, .T. ) ;
#8564 = CIRCLE ( 'NONE', #74, 2.250000000000000444 ) ;
#8565 = CARTESIAN_POINT ( 'NONE',  ( -64.46620431643840732, 0.000000000000000000, -110.1405347760014024 ) ) ;
#8566 = ORIENTED_EDGE ( 'NONE', *, *, #9914, .F. ) ;
#8567 = VERTEX_POINT ( 'NONE', #1946 ) ;
#8568 = EDGE_CURVE ( 'NONE', #7662, #565, #5852, .T. ) ;
#8569 = EDGE_CURVE ( 'NONE', #5608, #4476, #2690, .T. ) ;
#8570 = LINE ( 'NONE', #1319, #7338 ) ;
#8571 = CYLINDRICAL_SURFACE ( 'NONE', #1200, 5.500000000000000000 ) ;
#8572 = DIRECTION ( 'NONE',  ( 0.9996970064941391731, 6.905012586017060986E-18, -0.02461493868887860634 ) ) ;
#8573 = EDGE_CURVE ( 'NONE', #984, #9500, #2581, .T. ) ;
#8574 = CARTESIAN_POINT ( 'NONE',  ( 25.00000000000000000, 5.500000000000000000, 10.00000000000000000 ) ) ;
#8575 = DIRECTION ( 'NONE',  ( 0.000000000000000000, 0.000000000000000000, -1.000000000000000000 ) ) ;
#8576 = DIRECTION ( 'NONE',  ( 0.000000000000000000, 1.000000000000000000, 0.000000000000000000 ) ) ;
#8577 = ORIENTED_EDGE ( 'NONE', *, *, #2149, .F. ) ;
#8578 = VECTOR ( 'NONE', #2934, 1000.000000000000000 ) ;
#8579 = ORIENTED_EDGE ( 'NONE', *, *, #8847, .F. ) ;
#8580 = AXIS2_PLACEMENT_3D ( 'NONE', #2642, #3996, #5698 ) ;
#8581 = VECTOR ( 'NONE', #5753, 1000.000000000000000 ) ;
#8582 = DIRECTION ( 'NONE',  ( 0.000000000000000000, 0.000000000000000000, -1.000000000000000000 ) ) ;
#8583 = ORIENTED_EDGE ( 'NONE', *, *, #5170, .F. ) ;
#8584 = EDGE_CURVE ( 'NONE', #7987, #1094, #8257, .T. ) ;
#8585 = CARTESIAN_POINT ( 'NONE',  ( -20.90380984571844891, 18.00000000000000000, 11.11289017892626063 ) ) ;
#8586 = LINE ( 'NONE', #23, #2198 ) ;
#8587 = EDGE_CURVE ( 'NONE', #8710, #4476, #3584, .T. ) ;
#8588 = CARTESIAN_POINT ( 'NONE',  ( -30.54774002826775003, 18.00000000000000000, 10.71815755839264028 ) ) ;
#8589 = STYLED_ITEM ( 'NONE', ( #4536 ), #5516 ) ;
#8590 = VECTOR ( 'NONE', #3422, 1000.000000000000000 ) ;
#8591 = FACE_OUTER_BOUND ( 'NONE', #3402, .T. ) ;
#8592 = ADVANCED_FACE ( 'NONE', ( #5070 ), #1112, .F. ) ;
#8593 = VERTEX_POINT ( 'NONE', #8162 ) ;
#8594 = CARTESIAN_POINT ( 'NONE',  ( -37.48849769918444963, -72.48849769918439279, -25.00000000000000000 ) ) ;
#8595 = EDGE_LOOP ( 'NONE', ( #2183, #8529 ) ) ;
#8596 = DIRECTION ( 'NONE',  ( 0.000000000000000000, 0.000000000000000000, 1.000000000000000000 ) ) ;
#8597 = ORIENTED_EDGE ( 'NONE', *, *, #273, .F. ) ;
#8598 = FILL_AREA_STYLE_COLOUR ( '', #2781 ) ;
#8599 = ORIENTED_EDGE ( 'NONE', *, *, #8395, .T. ) ;
#8600 = AXIS2_PLACEMENT_3D ( 'NONE', #4229, #246, #1911 ) ;
#8601 = AXIS2_PLACEMENT_3D ( 'NONE', #4641, #5196, #3814 ) ;
#8602 = ADVANCED_FACE ( 'NONE', ( #4306 ), #8995, .F. ) ;
#8603 = DIRECTION ( 'NONE',  ( -1.000000000000000000, -7.703719777548939991E-34, -1.264933817329265970E-17 ) ) ;
#8604 = DIRECTION ( 'NONE',  ( 0.000000000000000000, 0.000000000000000000, 1.000000000000000000 ) ) ;
#8605 = VECTOR ( 'NONE', #2859, 1000.000000000000000 ) ;
#8606 = ORIENTED_EDGE ( 'NONE', *, *, #8123, .F. ) ;
#8607 = PLANE ( 'NONE',  #7931 ) ;
#8608 = ORIENTED_EDGE ( 'NONE', *, *, #5051, .F. ) ;
#8609 = VERTEX_POINT ( 'NONE', #3527 ) ;
#8610 = CARTESIAN_POINT ( 'NONE',  ( -37.48849769918444963, -72.48849769918439279, -33.00000000000000000 ) ) ;
#8611 = ORIENTED_EDGE ( 'NONE', *, *, #5886, .F. ) ;
#8612 = DIRECTION ( 'NONE',  ( -0.5521351308716259121, 0.000000000000000000, -0.8337546385222528444 ) ) ;
#8613 = PRODUCT ( 'Actuator_Crosshead-1', 'Actuator_Crosshead-1', '', ( #6493 ) ) ;
#8614 = CARTESIAN_POINT ( 'NONE',  ( 94.00000000000000000, 95.00000000000000000, -104.7964619962939992 ) ) ;
#8615 = EDGE_CURVE ( 'NONE', #8873, #2283, #5816, .T. ) ;
#8616 = CARTESIAN_POINT ( 'NONE',  ( 35.00000000000000000, -9.500000000000000000, 4.592425496802579889E-16 ) ) ;
#8617 = DIRECTION ( 'NONE',  ( 0.000000000000000000, 0.000000000000000000, 1.000000000000000000 ) ) ;
#8618 = ORIENTED_EDGE ( 'NONE', *, *, #317, .F. ) ;
#8619 = DIRECTION ( 'NONE',  ( -1.000000000000000000, -7.703719777548939991E-34, -1.264933817329265970E-17 ) ) ;
#8620 = ORIENTED_EDGE ( 'NONE', *, *, #2127, .T. ) ;
#8621 = EDGE_CURVE ( 'NONE', #8097, #8787, #374, .T. ) ;
#8622 = VERTEX_POINT ( 'NONE', #1208 ) ;
#8623 =( GEOMETRIC_REPRESENTATION_CONTEXT ( 3 ) GLOBAL_UNCERTAINTY_ASSIGNED_CONTEXT ( ( #5637 ) ) GLOBAL_UNIT_ASSIGNED_CONTEXT ( ( #1001, #1932, #5998 ) ) REPRESENTATION_CONTEXT ( 'NONE', 'WORKASPACE' ) );
#8624 = APPLICATION_CONTEXT ( 'automotive_design' ) ;
#8625 = CARTESIAN_POINT ( 'NONE',  ( 8.673617379884039416E-16, 55.89999999999999858, 21.75000000000000000 ) ) ;
#8626 = LINE ( 'NONE', #3901, #2039 ) ;
#8627 = DIRECTION ( 'NONE',  ( 1.763055880024224930E-20, -1.000000000000000000, 2.477291204862565215E-21 ) ) ;
#8628 = FACE_BOUND ( 'NONE', #3260, .T. ) ;
#8629 = EDGE_CURVE ( 'NONE', #10174, #6952, #360, .T. ) ;
#8630 = CARTESIAN_POINT ( 'NONE',  ( 0.000000000000000000, -15.00000000000000000, 0.000000000000000000 ) ) ;
#8631 = ADVANCED_FACE ( 'NONE', ( #6846 ), #1261, .F. ) ;
#8632 = ORIENTED_EDGE ( 'NONE', *, *, #6891, .F. ) ;
#8633 = VERTEX_POINT ( 'NONE', #6114 ) ;
#8634 = DIRECTION ( 'NONE',  ( 0.000000000000000000, 0.000000000000000000, -1.000000000000000000 ) ) ;
#8635 = ORIENTED_EDGE ( 'NONE', *, *, #1644, .T. ) ;
#8636 = AXIS2_PLACEMENT_3D ( 'NONE', #1866, #6624, #4376 ) ;
#8637 = CARTESIAN_POINT ( 'NONE',  ( 1.071565949253934124E-15, 50.00000000000000000, -8.750000000000000000 ) ) ;
#8638 = CARTESIAN_POINT ( 'NONE',  ( 5.000000000000000000, 3.000000000000000000, 25.50000000000000000 ) ) ;
#8639 = LINE ( 'NONE', #4828, #3075 ) ;
#8640 = DIRECTION ( 'NONE',  ( 0.000000000000000000, -1.000000000000000000, 0.000000000000000000 ) ) ;
#8641 = EDGE_CURVE ( 'NONE', #3435, #9038, #10137, .T. ) ;
#8642 = VERTEX_POINT ( 'NONE', #9247 ) ;
#8643 = CARTESIAN_POINT ( 'NONE',  ( 5.000000000000000000, -3.122048140665065340E-17, 1.000000000000000000 ) ) ;
#8644 = ORIENTED_EDGE ( 'NONE', *, *, #112, .F. ) ;
#8645 = CARTESIAN_POINT ( 'NONE',  ( 10.00000000000000000, 10.00000000000000000, 0.000000000000000000 ) ) ;
#8646 = VERTEX_POINT ( 'NONE', #4458 ) ;
#8647 = DIRECTION ( 'NONE',  ( 0.000000000000000000, 0.000000000000000000, 1.000000000000000000 ) ) ;
#8649 = ORIENTED_EDGE ( 'NONE', *, *, #8648, .T. ) ;
#8648 = EDGE_CURVE ( 'NONE', #2294, #6027, #9301, .T. ) ;
#8650 = LINE ( 'NONE', #4452, #5362 ) ;
#8651 = DIRECTION ( 'NONE',  ( -1.000000000000000000, -1.734723475976807094E-16, 0.000000000000000000 ) ) ;
#8652 = VECTOR ( 'NONE', #3534, 1000.000000000000000 ) ;
#8653 = CARTESIAN_POINT ( 'NONE',  ( 67.07925725763350044, 85.00000000000000000, -84.99047725517949914 ) ) ;
#8654 = ORIENTED_EDGE ( 'NONE', *, *, #1960, .F. ) ;
#8655 = CARTESIAN_POINT ( 'NONE',  ( -27.68655752103954981, 34.67986544671985172, -42.59593772390965682 ) ) ;
#8656 = EDGE_LOOP ( 'NONE', ( #4889, #4880, #3315, #1924 ) ) ;
#8657 = ORIENTED_EDGE ( 'NONE', *, *, #1244, .F. ) ;
#8658 = CARTESIAN_POINT ( 'NONE',  ( 61.82390241499599881, 10.00000000000000000, -100.2793298308827872 ) ) ;
#8659 = ORIENTED_EDGE ( 'NONE', *, *, #6969, .T. ) ;
#8660 = EDGE_CURVE ( 'NONE', #4846, #1407, #4660, .T. ) ;
#8661 = ADVANCED_FACE ( 'NONE', ( #7741 ), #3890, .T. ) ;
#8662 = UNCERTAINTY_MEASURE_WITH_UNIT (LENGTH_MEASURE( 1.000000000000000082E-05 ), #710, 'distance_accuracy_value', 'NONE');
#8663 = PLANE ( 'NONE',  #668 ) ;
#8664 = DIRECTION ( 'NONE',  ( -1.734723475976804876E-16, 1.000000000000000000, 0.000000000000000000 ) ) ;
#8665 = CARTESIAN_POINT ( 'NONE',  ( 22.31344247896045019, 34.67986544671985172, -42.59593772390965682 ) ) ;
#8666 = LINE ( 'NONE', #8822, #1220 ) ;
#8667 = VECTOR ( 'NONE', #3469, 1000.000000000000000 ) ;
#8668 = LINE ( 'NONE', #2267, #7094 ) ;
#8669 = ORIENTED_EDGE ( 'NONE', *, *, #8615, .F. ) ;
#8670 = CARTESIAN_POINT ( 'NONE',  ( -94.00000000000000000, 95.00000000000000000, -104.7964619962939992 ) ) ;
#8671 = ORIENTED_EDGE ( 'NONE', *, *, #10111, .F. ) ;
#8672 = AXIS2_PLACEMENT_3D ( 'NONE', #7615, #3663, #10015 ) ;
#8673 = DIRECTION ( 'NONE',  ( 0.000000000000000000, 0.000000000000000000, -1.000000000000000000 ) ) ;
#8674 = DIRECTION ( 'NONE',  ( -0.000000000000000000, -0.000000000000000000, -1.000000000000000000 ) ) ;
#8675 = CARTESIAN_POINT ( 'NONE',  ( 105.9596113352212114, 94.00000000000000000, -127.7011201629483992 ) ) ;
#8676 = EDGE_CURVE ( 'NONE', #9527, #5894, #2946, .T. ) ;
#8677 = CARTESIAN_POINT ( 'NONE',  ( 63.25715662211379708, 85.00000000000000000, -42.99587695296754930 ) ) ;
#8678 = CIRCLE ( 'NONE', #9181, 10.00000000000000178 ) ;
#8679 = DIRECTION ( 'NONE',  ( -1.000000000000000000, -1.734723475976804876E-16, 0.000000000000000000 ) ) ;
#8680 = AXIS2_PLACEMENT_3D ( 'NONE', #2796, #9934, #4352 ) ;
#8681 = ORIENTED_EDGE ( 'NONE', *, *, #9983, .T. ) ;
#8682 = ORIENTED_EDGE ( 'NONE', *, *, #3499, .F. ) ;
#8683 = DIRECTION ( 'NONE',  ( 0.000000000000000000, 0.000000000000000000, -1.000000000000000000 ) ) ;
#8684 = ORIENTED_EDGE ( 'NONE', *, *, #7255, .F. ) ;
#8685 = DIRECTION ( 'NONE',  ( 0.7071067811865480168, 0.7071067811865470176, 0.000000000000000000 ) ) ;
#8686 = VECTOR ( 'NONE', #4147, 1000.000000000000000 ) ;
#8687 = CARTESIAN_POINT ( 'NONE',  ( 10.00000000000000000, 0.000000000000000000, -100.0000000000000000 ) ) ;
#8688 =( NAMED_UNIT ( * ) PLANE_ANGLE_UNIT ( ) SI_UNIT ( $, .RADIAN. ) );
#8689 = EDGE_CURVE ( 'NONE', #9527, #6632, #4866, .T. ) ;
#8690 = DIRECTION ( 'NONE',  ( 0.000000000000000000, -1.000000000000000000, 0.000000000000000000 ) ) ;
#8691 = CARTESIAN_POINT ( 'NONE',  ( 5.000000000000000000, 70.90000000000000568, 1.000000000000000000 ) ) ;
#8692 = AXIS2_PLACEMENT_3D ( 'NONE', #8904, #3390, #2056 ) ;
#8693 = ORIENTED_EDGE ( 'NONE', *, *, #9189, .F. ) ;
#8694 = CIRCLE ( 'NONE', #5700, 9.999999999999994671 ) ;
#8695 = DIRECTION ( 'NONE',  ( 1.000000000000000000, 0.000000000000000000, 0.000000000000000000 ) ) ;
#8696 = ORIENTED_EDGE ( 'NONE', *, *, #6855, .T. ) ;
#8697 = DIRECTION ( 'NONE',  ( 1.700709290173339793E-17, 0.000000000000000000, 1.000000000000000000 ) ) ;
#8698 = ORIENTED_EDGE ( 'NONE', *, *, #9044, .T. ) ;
#8699 = CARTESIAN_POINT ( 'NONE',  ( -24.14213562373095101, -59.14213562373090127, 1.000000000000000000 ) ) ;
#8700 = ORIENTED_EDGE ( 'NONE', *, *, #4260, .F. ) ;
#8701 = CARTESIAN_POINT ( 'NONE',  ( -25.00000000000000000, -5.500000000000000000, 10.00000000000000000 ) ) ;
#8702 = AXIS2_PLACEMENT_3D ( 'NONE', #3122, #5490, #1525 ) ;
#8703 = EDGE_CURVE ( 'NONE', #5182, #1499, #8198, .T. ) ;
#8704 = CARTESIAN_POINT ( 'NONE',  ( 0.000000000000000000, 39.00000000000000000, 0.000000000000000000 ) ) ;
#8705 = ADVANCED_FACE ( 'NONE', ( #636 ), #5431, .T. ) ;
#8706 = DIRECTION ( 'NONE',  ( 0.000000000000000000, -1.000000000000000000, 0.000000000000000000 ) ) ;
#8707 = ORIENTED_EDGE ( 'NONE', *, *, #9770, .T. ) ;
#8708 = CARTESIAN_POINT ( 'NONE',  ( 0.000000000000000000, 0.000000000000000000, 0.000000000000000000 ) ) ;
#8709 = ORIENTED_EDGE ( 'NONE', *, *, #1260, .T. ) ;
#8710 = VERTEX_POINT ( 'NONE', #6165 ) ;
#8711 = CIRCLE ( 'NONE', #7547, 8.146642442969046272 ) ;
#8712 = PLANE ( 'NONE',  #7594 ) ;
#8713 = ORIENTED_EDGE ( 'NONE', *, *, #4044, .T. ) ;
#8714 = AXIS2_PLACEMENT_3D ( 'NONE', #1216, #9208, #437 ) ;
#8715 = DIRECTION ( 'NONE',  ( 1.387778780781445922E-16, -1.000000000000000000, 0.000000000000000000 ) ) ;
#8716 = ADVANCED_FACE ( 'NONE', ( #3110 ), #8457, .F. ) ;
#8717 = FACE_OUTER_BOUND ( 'NONE', #1951, .T. ) ;
#8718 = DIRECTION ( 'NONE',  ( 0.000000000000000000, -1.000000000000000000, 0.000000000000000000 ) ) ;
#8719 = CARTESIAN_POINT ( 'NONE',  ( -10.00000000000000000, 10.00000000000000000, -16.00000000000000000 ) ) ;
#8720 = EDGE_LOOP ( 'NONE', ( #2038, #3876 ) ) ;
#8721 = EDGE_CURVE ( 'NONE', #10105, #3767, #8560, .T. ) ;
#8722 = DIRECTION ( 'NONE',  ( 0.000000000000000000, 1.000000000000000000, 0.000000000000000000 ) ) ;
#8723 = EDGE_LOOP ( 'NONE', ( #5417, #7836, #6870, #8320 ) ) ;
#8724 = COLOUR_RGB ( '',0.7921568627450980005, 0.8196078431372548767, 0.9333333333333333481 ) ;
#8725 = EDGE_CURVE ( 'NONE', #996, #3530, #2024, .T. ) ;
#8726 = DIRECTION ( 'NONE',  ( 0.000000000000000000, 1.000000000000000000, 0.000000000000000000 ) ) ;
#8727 = DIRECTION ( 'NONE',  ( -1.264933817329265970E-17, 0.000000000000000000, 1.000000000000000000 ) ) ;
#8728 = APPLICATION_PROTOCOL_DEFINITION ( 'draft international standard', 'automotive_design', 1998, #1488 ) ;
#8729 = DIRECTION ( 'NONE',  ( 0.000000000000000000, 1.000000000000000000, 0.000000000000000000 ) ) ;
#8730 = CARTESIAN_POINT ( 'NONE',  ( -37.48849769918444963, -72.48849769918439279, -25.00000000000000000 ) ) ;
#8731 = EDGE_CURVE ( 'NONE', #5507, #7007, #6200, .T. ) ;
#8732 = ORIENTED_EDGE ( 'NONE', *, *, #2191, .F. ) ;
#8733 = VERTEX_POINT ( 'NONE', #7013 ) ;
#8734 = CARTESIAN_POINT ( 'NONE',  ( -85.36863799491800364, 10.00000000000000000, -94.52829855763729938 ) ) ;
#8735 = ADVANCED_FACE ( 'NONE', ( #6220 ), #2895, .F. ) ;
#8736 = VERTEX_POINT ( 'NONE', #4503 ) ;
#8737 = AXIS2_PLACEMENT_3D ( 'NONE', #5780, #1808, #6507 ) ;
#8738 = CARTESIAN_POINT ( 'NONE',  ( -37.48849769918444963, -72.48849769918439279, -33.00000000000000000 ) ) ;
#8739 = DIRECTION ( 'NONE',  ( 0.000000000000000000, 0.000000000000000000, 1.000000000000000000 ) ) ;
#8740 = DIRECTION ( 'NONE',  ( 0.000000000000000000, 0.000000000000000000, -1.000000000000000000 ) ) ;
#8741 = CARTESIAN_POINT ( 'NONE',  ( 25.00000000000000000, 9.000000000000000000, -2.250000000000000000 ) ) ;
#8742 = LINE ( 'NONE', #4446, #4742 ) ;
#8743 = AXIS2_PLACEMENT_3D ( 'NONE', #1709, #5458, #869 ) ;
#8744 = AXIS2_PLACEMENT_3D ( 'NONE', #686, #6224, #8617 ) ;
#8745 = EDGE_LOOP ( 'NONE', ( #3152, #891, #5819, #9399 ) ) ;
#8746 = CARTESIAN_POINT ( 'NONE',  ( 15.50000000000000000, 3.000000000000000000, 25.50000000000000000 ) ) ;
#8747 = ORIENTED_EDGE ( 'NONE', *, *, #9535, .T. ) ;
#8748 = CARTESIAN_POINT ( 'NONE',  ( 0.000000000000000000, 50.00000000000000000, 0.000000000000000000 ) ) ;
#8749 = ORIENTED_EDGE ( 'NONE', *, *, #5207, .T. ) ;
#8750 = CARTESIAN_POINT ( 'NONE',  ( 3.000000000000000000, 18.00000000000000000, -87.14486490616360470 ) ) ;
#8751 = ADVANCED_FACE ( 'NONE', ( #7680 ), #6274, .F. ) ;
#8753 = VERTEX_POINT ( 'NONE', #954 ) ;
#8752 = SHAPE_REPRESENTATION ( 'baseline_gripper', ( #1387, #3566, #3237, #218, #894, #8888, #2737, #8714, #9385, #4391, #7394, #4068, #375, #9559, #1209, #6725, #10051, #1545, #7065, #2228, #8373, #2898, #4234, #3902, #51, #5548, #6888 ), #5892 ) ;
#8754 = AXIS2_PLACEMENT_3D ( 'NONE', #10131, #6107, #7789 ) ;
#8755 = CARTESIAN_POINT ( 'NONE',  ( 25.00000000000000000, 9.000000000000000000, 2.250000000000000000 ) ) ;
#8756 = VECTOR ( 'NONE', #576, 1000.000000000000000 ) ;
#8757 = CARTESIAN_POINT ( 'NONE',  ( 25.00000000000000000, 9.000000000000000000, 0.000000000000000000 ) ) ;
#8758 = FACE_BOUND ( 'NONE', #723, .T. ) ;
#8759 = DIRECTION ( 'NONE',  ( 0.000000000000000000, 1.000000000000000000, 0.000000000000000000 ) ) ;
#8760 = ORIENTED_EDGE ( 'NONE', *, *, #4411, .T. ) ;
#8761 =( REPRESENTATION_RELATIONSHIP ('NONE','NONE', #8752, #4555 ) REPRESENTATION_RELATIONSHIP_WITH_TRANSFORMATION ( #2839 )SHAPE_REPRESENTATION_RELATIONSHIP( ) );
#8762 = AXIS2_PLACEMENT_3D ( 'NONE', #2778, #5899, #5106 ) ;
#8763 = VECTOR ( 'NONE', #304, 1000.000000000000000 ) ;
#8764 = ORIENTED_EDGE ( 'NONE', *, *, #9224, .T. ) ;
#8765 = CARTESIAN_POINT ( 'NONE',  ( 10.00000000000000000, 18.00000000000000000, -100.0000000000000000 ) ) ;
#8766 = EDGE_LOOP ( 'NONE', ( #7634, #9822 ) ) ;
#8767 = EDGE_CURVE ( 'NONE', #2053, #2936, #1731, .T. ) ;
#8768 = UNCERTAINTY_MEASURE_WITH_UNIT (LENGTH_MEASURE( 1.000000000000000082E-05 ), #2290, 'distance_accuracy_value', 'NONE');
#8769 = VECTOR ( 'NONE', #8085, 1000.000000000000000 ) ;
#8770 = FACE_BOUND ( 'NONE', #7260, .T. ) ;
#8771 = DIRECTION ( 'NONE',  ( 0.000000000000000000, 0.000000000000000000, -1.000000000000000000 ) ) ;
#8772 = LINE ( 'NONE', #5590, #8897 ) ;
#8773 = DIRECTION ( 'NONE',  ( -0.7071067811865464625, 0.7071067811865485719, 0.000000000000000000 ) ) ;
#8774 = DIRECTION ( 'NONE',  ( 1.000000000000000000, 0.000000000000000000, 0.000000000000000000 ) ) ;
#8775 = VERTEX_POINT ( 'NONE', #6375 ) ;
#8776 = ORIENTED_EDGE ( 'NONE', *, *, #622, .T. ) ;
#8777 = EDGE_CURVE ( 'NONE', #6675, #4851, #4712, .T. ) ;
#8778 = AXIS2_PLACEMENT_3D ( 'NONE', #2947, #1420, #2265 ) ;
#8779 = EDGE_CURVE ( 'NONE', #8593, #3314, #7370, .T. ) ;
#8780 = VECTOR ( 'NONE', #8200, 1000.000000000000000 ) ;
#8781 = FACE_BOUND ( 'NONE', #494, .T. ) ;
#8782 = CARTESIAN_POINT ( 'NONE',  ( 25.00000000000000000, 9.000000000000000000, 0.000000000000000000 ) ) ;
#8783 = SHAPE_DEFINITION_REPRESENTATION ( #3714, #1616 ) ;
#8784 = CARTESIAN_POINT ( 'NONE',  ( -3.000000000000000000, 70.90000000000000568, -0.5000000000000000000 ) ) ;
#8785 = DIRECTION ( 'NONE',  ( 0.000000000000000000, -1.000000000000000000, 0.000000000000000000 ) ) ;
#8786 = EDGE_LOOP ( 'NONE', ( #1064, #949, #6852, #6804 ) ) ;
#8787 = VERTEX_POINT ( 'NONE', #790 ) ;
#8788 = PLANE ( 'NONE',  #952 ) ;
#8789 = ORIENTED_EDGE ( 'NONE', *, *, #1415, .T. ) ;
#8790 = EDGE_CURVE ( 'NONE', #5001, #5092, #9562, .T. ) ;
#8791 = ADVANCED_BREP_SHAPE_REPRESENTATION ( '', ( #4962, #5194 ), #2220 ) ;
#8792 = DIRECTION ( 'NONE',  ( 7.703719777548939991E-34, -1.000000000000000000, 1.310178779456959930E-50 ) ) ;
#8793 = CARTESIAN_POINT ( 'NONE',  ( 63.94170910735159907, 90.00000000000000000, -99.05349224005480835 ) ) ;
#8794 =( LENGTH_UNIT ( ) NAMED_UNIT ( * ) SI_UNIT ( .MILLI., .METRE. ) );
#8795 = FILL_AREA_STYLE_COLOUR ( '', #8724 ) ;
#8796 = VECTOR ( 'NONE', #3082, 1000.000000000000000 ) ;
#8797 = CARTESIAN_POINT ( 'NONE',  ( 10.00000000000000000, -10.00000000000000000, -11.00000000000000000 ) ) ;
#8798 = DIRECTION ( 'NONE',  ( 0.000000000000000000, -1.000000000000000000, 0.000000000000000000 ) ) ;
#8799 = ORIENTED_EDGE ( 'NONE', *, *, #8300, .T. ) ;
#8800 = CARTESIAN_POINT ( 'NONE',  ( -30.54774002826775003, 0.000000000000000000, 10.71815755839264028 ) ) ;
#8801 = ORIENTED_EDGE ( 'NONE', *, *, #347, .T. ) ;
#8802 = CARTESIAN_POINT ( 'NONE',  ( -1.141807012330692039, -48.66918367361090247, 5.000000000000000000 ) ) ;
#8803 = EDGE_LOOP ( 'NONE', ( #7002, #3562, #1237, #3495 ) ) ;
#8804 = CARTESIAN_POINT ( 'NONE',  ( -30.54774002826775003, 18.00000000000000000, 10.71815755839264028 ) ) ;
#8805 = ORIENTED_EDGE ( 'NONE', *, *, #6559, .F. ) ;
#8806 = AXIS2_PLACEMENT_3D ( 'NONE', #6570, #9754, #8970 ) ;
#8807 = DIRECTION ( 'NONE',  ( 0.000000000000000000, -1.000000000000000000, 0.000000000000000000 ) ) ;
#8808 = DIRECTION ( 'NONE',  ( 0.000000000000000000, 0.000000000000000000, -1.000000000000000000 ) ) ;
#8809 = ADVANCED_FACE ( 'NONE', ( #53 ), #1514, .F. ) ;
#8810 = FACE_BOUND ( 'NONE', #1839, .T. ) ;
#8811 = CYLINDRICAL_SURFACE ( 'NONE', #7779, 2.250000000000000444 ) ;
#8812 = ORIENTED_EDGE ( 'NONE', *, *, #3123, .T. ) ;
#8813 = VERTEX_POINT ( 'NONE', #738 ) ;
#8814 = LINE ( 'NONE', #1663, #9599 ) ;
#8815 = ORIENTED_EDGE ( 'NONE', *, *, #1920, .T. ) ;
#8816 = ORIENTED_EDGE ( 'NONE', *, *, #557, .T. ) ;
#8817 = VECTOR ( 'NONE', #8792, 1000.000000000000000 ) ;
#8818 = DIRECTION ( 'NONE',  ( 0.000000000000000000, 0.000000000000000000, -1.000000000000000000 ) ) ;
#8819 = EDGE_CURVE ( 'NONE', #1094, #4043, #7204, .T. ) ;
#8820 = DIRECTION ( 'NONE',  ( 0.000000000000000000, 0.000000000000000000, 1.000000000000000000 ) ) ;
#8821 = APPLICATION_CONTEXT ( 'automotive_design' ) ;
#8822 = CARTESIAN_POINT ( 'NONE',  ( 15.50000000000000000, 67.40000000000000568, 6.000000000000000000 ) ) ;
#8823 = LINE ( 'NONE', #4860, #2890 ) ;
#8824 = DIRECTION ( 'NONE',  ( 0.5521351308716259121, 0.000000000000000000, 0.8337546385222528444 ) ) ;
#8825 = ORIENTED_EDGE ( 'NONE', *, *, #4069, .F. ) ;
#8826 = AXIS2_PLACEMENT_3D ( 'NONE', #962, #9517, #8892 ) ;
#8827 = DIRECTION ( 'NONE',  ( 0.000000000000000000, 0.000000000000000000, -1.000000000000000000 ) ) ;
#8828 = VERTEX_POINT ( 'NONE', #3264 ) ;
#8829 = EDGE_CURVE ( 'NONE', #2078, #8964, #6429, .T. ) ;
#8830 = CARTESIAN_POINT ( 'NONE',  ( -96.67003710817799345, 85.00000000000000000, -93.45117771904560300 ) ) ;
#8831 = VECTOR ( 'NONE', #9917, 1000.000000000000000 ) ;
#8832 = CARTESIAN_POINT ( 'NONE',  ( 0.000000000000000000, 0.000000000000000000, 0.000000000000000000 ) ) ;
#8833 = CONTEXT_DEPENDENT_SHAPE_REPRESENTATION ( #1691, #9286 ) ;
#8834 = ADVANCED_FACE ( 'NONE', ( #7322 ), #4806, .T. ) ;
#8835 = LINE ( 'NONE', #6547, #9184 ) ;
#8836 = ADVANCED_FACE ( 'NONE', ( #9509 ), #3992, .F. ) ;
#8837 = DIRECTION ( 'NONE',  ( 1.000000000000000000, 0.000000000000000000, 0.000000000000000000 ) ) ;
#8838 = EDGE_LOOP ( 'NONE', ( #1460, #10164, #1347, #9466 ) ) ;
#8839 = ORIENTED_EDGE ( 'NONE', *, *, #8853, .T. ) ;
#8840 = AXIS2_PLACEMENT_3D ( 'NONE', #2003, #990, #9209 ) ;
#8841 = ORIENTED_EDGE ( 'NONE', *, *, #6192, .T. ) ;
#8842 = CARTESIAN_POINT ( 'NONE',  ( 0.000000000000000000, 9.000000000000000000, 0.000000000000000000 ) ) ;
#8843 = DIRECTION ( 'NONE',  ( 1.264933817329265970E-17, 8.260587980841940012E-17, -1.000000000000000000 ) ) ;
#8844 = VECTOR ( 'NONE', #9019, 1000.000000000000000 ) ;
#8845 = DIRECTION ( 'NONE',  ( 1.700709290173339793E-17, 0.000000000000000000, -1.000000000000000000 ) ) ;
#8846 = CIRCLE ( 'NONE', #3869, 2.750000000000000000 ) ;
#8847 = EDGE_CURVE ( 'NONE', #7747, #10192, #5701, .T. ) ;
#8848 = LINE ( 'NONE', #6711, #1530 ) ;
#8849 = LINE ( 'NONE', #9796, #10245 ) ;
#8850 = EDGE_LOOP ( 'NONE', ( #325, #4006, #9591, #807 ) ) ;
#8851 = LINE ( 'NONE', #8643, #10277 ) ;
#8852 = ORIENTED_EDGE ( 'NONE', *, *, #7345, .F. ) ;
#8853 = EDGE_CURVE ( 'NONE', #3972, #8227, #898, .T. ) ;
#8854 = CARTESIAN_POINT ( 'NONE',  ( -23.34636207545349862, -86.63063332291528695, -33.00000000000000000 ) ) ;
#8855 = ORIENTED_EDGE ( 'NONE', *, *, #3537, .F. ) ;
#8856 = CIRCLE ( 'NONE', #1181, 5.000000000000000000 ) ;
#8857 = DIRECTION ( 'NONE',  ( 0.000000000000000000, 0.000000000000000000, 1.000000000000000000 ) ) ;
#8858 = ORIENTED_EDGE ( 'NONE', *, *, #6416, .F. ) ;
#8859 = VECTOR ( 'NONE', #301, 1000.000000000000000 ) ;
#8860 = LINE ( 'NONE', #9600, #1136 ) ;
#8861 = DIRECTION ( 'NONE',  ( 0.000000000000000000, 0.000000000000000000, -1.000000000000000000 ) ) ;
#8862 = LINE ( 'NONE', #2717, #548 ) ;
#8863 = CARTESIAN_POINT ( 'NONE',  ( 15.50000000000000000, -4.000000000000000000, 1.000000000000000000 ) ) ;
#8864 = AXIS2_PLACEMENT_3D ( 'NONE', #8543, #8596, #4643 ) ;
#8865 = CARTESIAN_POINT ( 'NONE',  ( -94.00000000000000000, 0.000000000000000000, -104.7964619962939992 ) ) ;
#8866 = VECTOR ( 'NONE', #3161, 1000.000000000000000 ) ;
#8867 = VECTOR ( 'NONE', #7342, 1000.000000000000000 ) ;
#8868 = LINE ( 'NONE', #5742, #8937 ) ;
#8869 = ORIENTED_EDGE ( 'NONE', *, *, #8777, .F. ) ;
#8870 = EDGE_CURVE ( 'NONE', #1059, #5540, #3207, .T. ) ;
#8871 = ORIENTED_EDGE ( 'NONE', *, *, #4383, .T. ) ;
#8872 = CYLINDRICAL_SURFACE ( 'NONE', #3452, 9.999999999999994671 ) ;
#8873 = VERTEX_POINT ( 'NONE', #111 ) ;
#8874 = ORIENTED_EDGE ( 'NONE', *, *, #411, .T. ) ;
#8875 = AXIS2_PLACEMENT_3D ( 'NONE', #1257, #9878, #5859 ) ;
#8876 = EDGE_CURVE ( 'NONE', #4687, #8622, #159, .T. ) ;
#8877 = AXIS2_PLACEMENT_3D ( 'NONE', #138, #3347, #6512 ) ;
#8878 = AXIS2_PLACEMENT_3D ( 'NONE', #6795, #7930, #10278 ) ;
#8879 = UNCERTAINTY_MEASURE_WITH_UNIT (LENGTH_MEASURE( 1.000000000000000082E-05 ), #10045, 'distance_accuracy_value', 'NONE');
#8880 = DIRECTION ( 'NONE',  ( -1.165290405000613937E-33, 1.000000000000000000, 3.122048140665064724E-17 ) ) ;
#8881 = SHAPE_REPRESENTATION ( 'Coupler_Link-1', ( #5194 ), #1880 ) ;
#8882 = CARTESIAN_POINT ( 'NONE',  ( -5.204170427930419706E-15, 10.00000000000000000, -16.00000000000000000 ) ) ;
#8883 = FACE_OUTER_BOUND ( 'NONE', #3815, .T. ) ;
#8884 = DIRECTION ( 'NONE',  ( 0.7071067811865485719, 0.7071067811865464625, 0.000000000000000000 ) ) ;
#8885 = DIRECTION ( 'NONE',  ( 1.000000000000000000, 0.000000000000000000, 0.000000000000000000 ) ) ;
#8886 = ORIENTED_EDGE ( 'NONE', *, *, #7146, .F. ) ;
#8887 = EDGE_CURVE ( 'NONE', #787, #8813, #3216, .T. ) ;
#8888 = AXIS2_PLACEMENT_3D ( 'NONE', #2699, #5929, #4414 ) ;
#8889 = LINE ( 'NONE', #3214, #9257 ) ;
#8890 = EDGE_LOOP ( 'NONE', ( #9498, #1987, #3257, #5785, #5799 ) ) ;
#8891 = EDGE_CURVE ( 'NONE', #2368, #4651, #10293, .T. ) ;
#8892 = DIRECTION ( 'NONE',  ( 0.000000000000000000, 0.000000000000000000, -1.000000000000000000 ) ) ;
#8893 = CARTESIAN_POINT ( 'NONE',  ( -3.000000000000000000, 70.90000000000000568, -2.500000000000000000 ) ) ;
#8894 = PRODUCT_DEFINITION_FORMATION_WITH_SPECIFIED_SOURCE ( 'ANY', '', #569, .NOT_KNOWN. ) ;
#8895 = FACE_OUTER_BOUND ( 'NONE', #6769, .T. ) ;
#8896 = CARTESIAN_POINT ( 'NONE',  ( 69.07332122148429221, 85.00000000000000000, -119.1878866990734025 ) ) ;
#8897 = VECTOR ( 'NONE', #7949, 1000.000000000000000 ) ;
#8898 = VERTEX_POINT ( 'NONE', #6533 ) ;
#8899 = EDGE_LOOP ( 'NONE', ( #4286, #2124, #7059, #4532 ) ) ;
#8900 = EDGE_CURVE ( 'NONE', #857, #8828, #2362, .T. ) ;
#8901 = DIRECTION ( 'NONE',  ( 0.000000000000000000, 0.000000000000000000, 1.000000000000000000 ) ) ;
#8902 = ADVANCED_FACE ( 'NONE', ( #8717 ), #1569, .T. ) ;
#8903 = DIRECTION ( 'NONE',  ( -1.000000000000000000, 0.000000000000000000, 1.700709290173339793E-17 ) ) ;
#8904 = CARTESIAN_POINT ( 'NONE',  ( -2.500000000000000000, 55.89999999999999858, 21.75000000000000000 ) ) ;
#8905 = AXIS2_PLACEMENT_3D ( 'NONE', #4913, #7323, #160 ) ;
#8906 = FACE_OUTER_BOUND ( 'NONE', #9392, .T. ) ;
#8907 = CARTESIAN_POINT ( 'NONE',  ( 0.000000000000000000, 95.00200000000000955, -110.2793298308826024 ) ) ;
#8908 = DIRECTION ( 'NONE',  ( 0.000000000000000000, 0.000000000000000000, -1.000000000000000000 ) ) ;
#8909 = EDGE_LOOP ( 'NONE', ( #8869, #5146, #6715, #5249 ) ) ;
#8910 = DIRECTION ( 'NONE',  ( 0.000000000000000000, -1.000000000000000000, 0.000000000000000000 ) ) ;
#8911 = VERTEX_POINT ( 'NONE', #9918 ) ;
#8912 = FACE_OUTER_BOUND ( 'NONE', #6893, .T. ) ;
#8913 = VERTEX_POINT ( 'NONE', #9868 ) ;
#8914 = CIRCLE ( 'NONE', #402, 10.00000000000000178 ) ;
#8915 = LINE ( 'NONE', #4946, #9272 ) ;
#8916 = ORIENTED_EDGE ( 'NONE', *, *, #5776, .F. ) ;
#8917 = ADVANCED_FACE ( 'NONE', ( #3420 ), #4296, .T. ) ;
#8918 = CARTESIAN_POINT ( 'NONE',  ( -94.00000000000000000, 95.00000000000000000, -104.7964619962939992 ) ) ;
#8919 = CARTESIAN_POINT ( 'NONE',  ( 0.000000000000000000, 5.000000000000000000, 0.000000000000000000 ) ) ;
#8920 = LINE ( 'NONE', #9076, #1542 ) ;
#8921 = DIRECTION ( 'NONE',  ( 1.000000000000000000, 0.000000000000000000, -1.850371707708594809E-16 ) ) ;
#8922 = VECTOR ( 'NONE', #9409, 1000.000000000000000 ) ;
#8923 = DIRECTION ( 'NONE',  ( -1.623211227490745063E-15, -1.846235724462869915E-15, -1.000000000000000000 ) ) ;
#8924 = ORIENTED_EDGE ( 'NONE', *, *, #10055, .T. ) ;
#8925 = DIRECTION ( 'NONE',  ( 1.000000000000000000, 0.000000000000000000, 0.000000000000000000 ) ) ;
#8926 = ORIENTED_EDGE ( 'NONE', *, *, #5556, .T. ) ;
#8927 = VERTEX_POINT ( 'NONE', #9035 ) ;
#8928 = ORIENTED_EDGE ( 'NONE', *, *, #7890, .T. ) ;
#8929 = ADVANCED_FACE ( 'NONE', ( #1195 ), #6585, .T. ) ;
#8930 = VERTEX_POINT ( 'NONE', #6739 ) ;
#8931 =( GEOMETRIC_REPRESENTATION_CONTEXT ( 3 ) GLOBAL_UNCERTAINTY_ASSIGNED_CONTEXT ( ( #8558 ) ) GLOBAL_UNIT_ASSIGNED_CONTEXT ( ( #4811, #5646, #1675 ) ) REPRESENTATION_CONTEXT ( 'NONE', 'WORKASPACE' ) );
#8932 = VECTOR ( 'NONE', #3101, 1000.000000000000000 ) ;
#8933 = FACE_OUTER_BOUND ( 'NONE', #7018, .T. ) ;
#8934 = FILL_AREA_STYLE ('',( #5751 ) ) ;
#8935 = STYLED_ITEM ( 'NONE', ( #4959 ), #5303 ) ;
#8936 = DIRECTION ( 'NONE',  ( -1.000000000000000000, 0.000000000000000000, 0.000000000000000000 ) ) ;
#8937 = VECTOR ( 'NONE', #2350, 1000.000000000000000 ) ;
#8938 = CARTESIAN_POINT ( 'NONE',  ( 0.000000000000000000, 47.50000000000000000, -42.59593772390965682 ) ) ;
#8939 = ORIENTED_EDGE ( 'NONE', *, *, #6790, .F. ) ;
#8940 = DIRECTION ( 'NONE',  ( 0.000000000000000000, 1.000000000000000000, 0.000000000000000000 ) ) ;
#8941 = ORIENTED_EDGE ( 'NONE', *, *, #7486, .F. ) ;
#8942 = CIRCLE ( 'NONE', #7116, 2.250000000000001776 ) ;
#8943 = VECTOR ( 'NONE', #9748, 1000.000000000000000 ) ;
#8944 = DIRECTION ( 'NONE',  ( -1.000000000000000000, 0.000000000000000000, 0.000000000000000000 ) ) ;
#8945 = DIRECTION ( 'NONE',  ( 0.000000000000000000, 0.000000000000000000, -1.000000000000000000 ) ) ;
#8946 = APPLICATION_PROTOCOL_DEFINITION ( 'draft international standard', 'automotive_design', 1998, #8969 ) ;
#8947 = CARTESIAN_POINT ( 'NONE',  ( -2.500000000000000000, 70.90000000000000568, 0.000000000000000000 ) ) ;
#8948 = ADVANCED_FACE ( 'NONE', ( #3515 ), #6637, .F. ) ;
#8949 = CARTESIAN_POINT ( 'NONE',  ( -4.000000000000000000, 1.500000000000000000, 25.50000000000000000 ) ) ;
#8950 = CIRCLE ( 'NONE', #8778, 7.000000000000006217 ) ;
#8951 = ORIENTED_EDGE ( 'NONE', *, *, #9901, .T. ) ;
#8952 = ORIENTED_EDGE ( 'NONE', *, *, #4898, .T. ) ;
#8953 = VERTEX_POINT ( 'NONE', #5008 ) ;
#8954 = CARTESIAN_POINT ( 'NONE',  ( 25.00000000000000000, 5.500000000000000000, 10.00000000000000000 ) ) ;
#8955 = DIRECTION ( 'NONE',  ( 0.000000000000000000, -1.000000000000000000, 0.000000000000000000 ) ) ;
#8956 = DIRECTION ( 'NONE',  ( 1.000000000000000000, 0.000000000000000000, 0.000000000000000000 ) ) ;
#8957 = MANIFOLD_SOLID_BREP ( 'Imported1', #3716 ) ;
#8958 = EDGE_CURVE ( 'NONE', #4564, #664, #3619, .T. ) ;
#8959 = DIRECTION ( 'NONE',  ( -5.204170427930419311E-16, 1.000000000000000000, -4.629113068246459841E-32 ) ) ;
#8960 = CARTESIAN_POINT ( 'NONE',  ( 5.000000000000000000, 0.000000000000000000, 25.50000000000000000 ) ) ;
#8961 = EDGE_LOOP ( 'NONE', ( #89, #5669, #6169, #6313 ) ) ;
#8962 = FACE_OUTER_BOUND ( 'NONE', #1006, .T. ) ;
#8963 = CARTESIAN_POINT ( 'NONE',  ( 0.000000000000000000, 18.00000000000000000, 0.000000000000000000 ) ) ;
#8964 = VERTEX_POINT ( 'NONE', #9139 ) ;
#8965 = DIRECTION ( 'NONE',  ( -1.734723475976804876E-16, 1.000000000000000000, 0.000000000000000000 ) ) ;#8966 = ORIENTED_EDGE ( 'NONE', *, *, #7667, .T. ) ;
#8967 = AXIS2_PLACEMENT_3D ( 'NONE', #5307, #10172, #514 ) ;
#8968 = CIRCLE ( 'NONE', #4471, 2.250000000000000000 ) ;
#8969 = APPLICATION_CONTEXT ( 'automotive_design' ) ;
#8970 = DIRECTION ( 'NONE',  ( -0.5521351308716259121, 0.000000000000000000, 0.8337546385222528444 ) ) ;
#8971 = CARTESIAN_POINT ( 'NONE',  ( 0.000000000000000000, 0.000000000000000000, 0.000000000000000000 ) ) ;
#8972 = PLANE ( 'NONE',  #7712 ) ;
#8973 = EDGE_CURVE ( 'NONE', #7314, #563, #7518, .T. ) ;
#8974 = CARTESIAN_POINT ( 'NONE',  ( 6.735557395310442023E-16, 0.000000000000000000, 5.500000000000000000 ) ) ;
#8975 = EDGE_CURVE ( 'NONE', #8544, #2977, #2733, .T. ) ;
#8976 = EDGE_LOOP ( 'NONE', ( #6967, #3708, #5726, #2883 ) ) ;
#8977 = AXIS2_PLACEMENT_3D ( 'NONE', #2332, #6294, #6189 ) ;
#8978 = CARTESIAN_POINT ( 'NONE',  ( -75.00000000000000000, 0.000000000000000000, -75.00000000000000000 ) ) ;
#8979 = EDGE_LOOP ( 'NONE', ( #6562, #5935, #390, #2146 ) ) ;
#8980 = MANIFOLD_SOLID_BREP ( 'Imported1', #2877 ) ;
#8981 = ORIENTED_EDGE ( 'NONE', *, *, #7569, .T. ) ;
#8982 = CYLINDRICAL_SURFACE ( 'NONE', #424, 8.000000000000007105 ) ;
#8983 = ORIENTED_EDGE ( 'NONE', *, *, #1626, .F. ) ;
#8984 = CARTESIAN_POINT ( 'NONE',  ( 22.31344247896005228, 54.67986544671990146, -42.59593772390965682 ) ) ;
#8985 = CARTESIAN_POINT ( 'NONE',  ( -10.00000000000000000, 12.50000000000000000, -5.000000000000000000 ) ) ;
#8986 = CARTESIAN_POINT ( 'NONE',  ( -20.90380984571844891, 18.00000000000000000, 11.11289017892626063 ) ) ;
#8987 = EDGE_CURVE ( 'NONE', #10268, #6172, #3570, .T. ) ;
#8988 = CARTESIAN_POINT ( 'NONE',  ( 0.000000000000000000, 57.00000000000000000, 0.000000000000000000 ) ) ;
#8989 = EDGE_LOOP ( 'NONE', ( #179, #8180, #5579, #2186 ) ) ;
#8990 = CARTESIAN_POINT ( 'NONE',  ( 85.36863799491800364, 0.000000000000000000, -96.77829855763729938 ) ) ;
#8991 = ORIENTED_EDGE ( 'NONE', *, *, #4276, .T. ) ;
#8992 = CIRCLE ( 'NONE', #1988, 9.999999999999994671 ) ;
#8993 = LINE ( 'NONE', #1840, #4825 ) ;
#8994 = DIRECTION ( 'NONE',  ( -1.000000000000000000, 0.000000000000000000, 1.700709290173339793E-17 ) ) ;
#8995 = CYLINDRICAL_SURFACE ( 'NONE', #1544, 2.250000000000000000 ) ;
#8996 = AXIS2_PLACEMENT_3D ( 'NONE', #796, #7903, #3951 ) ;
#8997 = CARTESIAN_POINT ( 'NONE',  ( 85.36863799491800364, 0.000000000000000000, -94.52829855763729938 ) ) ;
#8998 = ORIENTED_EDGE ( 'NONE', *, *, #8438, .T. ) ;
#8999 = VERTEX_POINT ( 'NONE', #2142 ) ;
#9000 = EDGE_CURVE ( 'NONE', #8485, #4151, #9468, .T. ) ;
#9001 = ORIENTED_EDGE ( 'NONE', *, *, #7201, .T. ) ;
#9002 = VECTOR ( 'NONE', #3937, 1000.000000000000000 ) ;
#9003 = EDGE_CURVE ( 'NONE', #10067, #2327, #6796, .T. ) ;
#9004 = FACE_BOUND ( 'NONE', #995, .T. ) ;
#9005 = FACE_OUTER_BOUND ( 'NONE', #7574, .T. ) ;
#9006 =( NAMED_UNIT ( * ) PLANE_ANGLE_UNIT ( ) SI_UNIT ( $, .RADIAN. ) );
#9007 = SURFACE_STYLE_FILL_AREA ( #5036 ) ;
#9008 = DIRECTION ( 'NONE',  ( 0.000000000000000000, -1.000000000000000000, 0.000000000000000000 ) ) ;
#9009 = CARTESIAN_POINT ( 'NONE',  ( 0.000000000000000000, 57.00000000000000000, -2.750000000000000000 ) ) ;
#9010 = CIRCLE ( 'NONE', #6337, 9.999999999999994671 ) ;
#9011 = ORIENTED_EDGE ( 'NONE', *, *, #4779, .F. ) ;
#9012 = DIRECTION ( 'NONE',  ( 0.000000000000000000, 0.000000000000000000, -1.000000000000000000 ) ) ;
#9013 = DIRECTION ( 'NONE',  ( 1.000000000000000000, 0.000000000000000000, 1.700709290173339793E-17 ) ) ;
#9014 = CARTESIAN_POINT ( 'NONE',  ( 15.50000000000000000, -9.000000000000000000, 6.000000000000000000 ) ) ;
#9015 = ORIENTED_EDGE ( 'NONE', *, *, #761, .T. ) ;
#9016 = EDGE_CURVE ( 'NONE', #4766, #1909, #8968, .T. ) ;
#9017 = LINE ( 'NONE', #2861, #1973 ) ;
#9018 = AXIS2_PLACEMENT_3D ( 'NONE', #1273, #9654, #4135 ) ;
#9019 = DIRECTION ( 'NONE',  ( 0.000000000000000000, -1.000000000000000000, 0.000000000000000000 ) ) ;
#9020 = CARTESIAN_POINT ( 'NONE',  ( 15.00000000000000000, 12.50000000000000000, 20.00000000000000000 ) ) ;
#9021 = CARTESIAN_POINT ( 'NONE',  ( -16.24085055305020120, -79.52512180051199664, -11.09330355699791859 ) ) ;
#9022 = VECTOR ( 'NONE', #6086, 1000.000000000000000 ) ;
#9023 = VERTEX_POINT ( 'NONE', #8393 ) ;
#9024 = DIRECTION ( 'NONE',  ( 1.700709290173339793E-17, 0.000000000000000000, 1.000000000000000000 ) ) ;
#9025 = ORIENTED_EDGE ( 'NONE', *, *, #6490, .T. ) ;
#9026 = ORIENTED_EDGE ( 'NONE', *, *, #6842, .T. ) ;
#9027 = SURFACE_STYLE_USAGE ( .BOTH. , #2676 ) ;
#9028 = ORIENTED_EDGE ( 'NONE', *, *, #2191, .T. ) ;
#9029 = EDGE_CURVE ( 'NONE', #7900, #10174, #10294, .T. ) ;
#9030 = AXIS2_PLACEMENT_3D ( 'NONE', #540, #2906, #1271 ) ;
#9031 = ADVANCED_FACE ( 'NONE', ( #1297 ), #3719, .F. ) ;
#9032 = CARTESIAN_POINT ( 'NONE',  ( -5.204170427930419706E-15, 10.00000000000000000, 5.000000000000000000 ) ) ;
#9033 = AXIS2_PLACEMENT_3D ( 'NONE', #3939, #7120, #6482 ) ;
#9034 = AXIS2_PLACEMENT_3D ( 'NONE', #7465, #1820, #4997 ) ;
#9035 = CARTESIAN_POINT ( 'NONE',  ( -69.07332122148429221, 10.00000000000000000, -119.1878866990734025 ) ) ;
#9036 = CARTESIAN_POINT ( 'NONE',  ( 25.00000000000000000, 9.000000000000000000, 10.00000000000000000 ) ) ;
#9037 = CARTESIAN_POINT ( 'NONE',  ( 15.00000000000000000, -5.500000000000000000, 20.00000000000000000 ) ) ;
#9038 = VERTEX_POINT ( 'NONE', #1245 ) ;
#9039 = AXIS2_PLACEMENT_3D ( 'NONE', #1579, #3846, #6232 ) ;
#9040 = DIRECTION ( 'NONE',  ( 2.081668171172169746E-16, -1.000000000000000000, 0.000000000000000000 ) ) ;
#9041 = ORIENTED_EDGE ( 'NONE', *, *, #8509, .F. ) ;
#9042 = VECTOR ( 'NONE', #4686, 1000.000000000000000 ) ;
#9043 = AXIS2_PLACEMENT_3D ( 'NONE', #3747, #9995, #2962 ) ;
#9044 = EDGE_CURVE ( 'NONE', #6802, #5972, #672, .T. ) ;
#9045 = EDGE_CURVE ( 'NONE', #2902, #3610, #6595, .T. ) ;
#9046 = EDGE_CURVE ( 'NONE', #8633, #5399, #9248, .T. ) ;
#9047 = LINE ( 'NONE', #4205, #2515 ) ;
#9048 = DIRECTION ( 'NONE',  ( 0.000000000000000000, 0.000000000000000000, 1.000000000000000000 ) ) ;
#9049 = AXIS2_PLACEMENT_3D ( 'NONE', #4951, #6724, #9757 ) ;
#9050 = FACE_BOUND ( 'NONE', #5671, .T. ) ;
#9051 = ADVANCED_FACE ( 'NONE', ( #6834, #4545 ), #6946, .T. ) ;
#9052 = VECTOR ( 'NONE', #3672, 1000.000000000000000 ) ;
#9053 = DIRECTION ( 'NONE',  ( 0.000000000000000000, 0.000000000000000000, -1.000000000000000000 ) ) ;
#9054 = ORIENTED_EDGE ( 'NONE', *, *, #8725, .T. ) ;
#9055 = VERTEX_POINT ( 'NONE', #4602 ) ;
#9056 = FACE_OUTER_BOUND ( 'NONE', #2328, .T. ) ;
#9057 = EDGE_CURVE ( 'NONE', #5286, #3610, #10017, .T. ) ;
#9058 = ADVANCED_BREP_SHAPE_REPRESENTATION ( '', ( #5303, #5194 ), #3072 ) ;
#9059 = CARTESIAN_POINT ( 'NONE',  ( 5.000000000000000000, -3.996221620051285213E-15, 22.00000000000000000 ) ) ;
#9060 = DIRECTION ( 'NONE',  ( 0.000000000000000000, -1.000000000000000000, 0.000000000000000000 ) ) ;
#9061 = EDGE_CURVE ( 'NONE', #8964, #6305, #5252, .T. ) ;
#9062 = FACE_OUTER_BOUND ( 'NONE', #3985, .T. ) ;
#9063 = VECTOR ( 'NONE', #1122, 1000.000000000000000 ) ;
#9064 = PLANE ( 'NONE',  #35 ) ;
#9065 = DIRECTION ( 'NONE',  ( 0.000000000000000000, 0.000000000000000000, 1.000000000000000000 ) ) ;
#9066 = VERTEX_POINT ( 'NONE', #2087 ) ;
#9067 = CYLINDRICAL_SURFACE ( 'NONE', #6773, 5.000000000000000888 ) ;
#9068 = VECTOR ( 'NONE', #2517, 1000.000000000000000 ) ;
#9069 = ORIENTED_EDGE ( 'NONE', *, *, #8207, .T. ) ;
#9070 = CARTESIAN_POINT ( 'NONE',  ( -25.00000000000000000, 9.500000000000000000, 10.00000000000000000 ) ) ;
#9071 = ORIENTED_EDGE ( 'NONE', *, *, #4645, .F. ) ;
#9072 = VECTOR ( 'NONE', #2734, 1000.000000000000000 ) ;
#9073 = DIRECTION ( 'NONE',  ( 0.000000000000000000, 0.000000000000000000, 1.000000000000000000 ) ) ;
#9074 = FACE_OUTER_BOUND ( 'NONE', #6131, .T. ) ;
#9075 = LINE ( 'NONE', #1916, #4382 ) ;
#9076 = CARTESIAN_POINT ( 'NONE',  ( -16.24085055305020120, -79.52512180051199664, 1.093303556997917925 ) ) ;
#9077 = DIRECTION ( 'NONE',  ( 0.000000000000000000, 0.000000000000000000, 1.000000000000000000 ) ) ;
#9078 = AXIS2_PLACEMENT_3D ( 'NONE', #113, #3321, #5693 ) ;
#9079 = EDGE_CURVE ( 'NONE', #6027, #9760, #5102, .T. ) ;
#9080 = EDGE_LOOP ( 'NONE', ( #7041, #1664, #6813, #9428 ) ) ;
#9081 = FACE_BOUND ( 'NONE', #8720, .T. ) ;
#9082 = ORIENTED_EDGE ( 'NONE', *, *, #1900, .T. ) ;
#9083 = ORIENTED_EDGE ( 'NONE', *, *, #1702, .T. ) ;
#9084 = CARTESIAN_POINT ( 'NONE',  ( -64.46620431643840732, 0.000000000000000000, -110.1405347760014024 ) ) ;
#9085 = ORIENTED_EDGE ( 'NONE', *, *, #5923, .T. ) ;
#9086 = VECTOR ( 'NONE', #4222, 1000.000000000000000 ) ;
#9087 = DIRECTION ( 'NONE',  ( -1.700709290173339793E-17, 0.000000000000000000, 1.000000000000000000 ) ) ;
#9088 = DIRECTION ( 'NONE',  ( -1.734723475976804876E-16, 1.000000000000000000, 0.000000000000000000 ) ) ;
#9089 = ADVANCED_FACE ( 'NONE', ( #7668 ), #9290, .F. ) ;
#9090 = DIRECTION ( 'NONE',  ( 0.000000000000000000, 0.000000000000000000, -1.000000000000000000 ) ) ;
#9091 = EDGE_LOOP ( 'NONE', ( #8611, #9410 ) ) ;
#9092 = VECTOR ( 'NONE', #271, 1000.000000000000000 ) ;
#9093 = AXIS2_PLACEMENT_3D ( 'NONE', #9199, #1210, #7582 ) ;
#9094 = DIRECTION ( 'NONE',  ( -0.8425558180458876389, 0.000000000000000000, 0.5386090358293528224 ) ) ;
#9095 = ORIENTED_EDGE ( 'NONE', *, *, #1636, .T. ) ;
#9096 = PRODUCT_RELATED_PRODUCT_CATEGORY ( 'part', '', ( #7530 ) ) ;
#9097 = AXIS2_PLACEMENT_3D ( 'NONE', #10123, #625, #8493 ) ;
#9098 = DIRECTION ( 'NONE',  ( -1.000000000000000000, 0.000000000000000000, 0.000000000000000000 ) ) ;
#9099 = CARTESIAN_POINT ( 'NONE',  ( 5.000000000000000000, 79.90000000000000568, 17.00000000000000000 ) ) ;
#9100 = AXIS2_PLACEMENT_3D ( 'NONE', #8988, #6640, #1936 ) ;
#9101 = CARTESIAN_POINT ( 'NONE',  ( -4.097115568576275457, 69.25990793841650373, -2.190733923464003752 ) ) ;
#9102 = ADVANCED_FACE ( 'NONE', ( #7000 ), #5364, .F. ) ;
#9103 = CARTESIAN_POINT ( 'NONE',  ( 5.000000000000000000, 70.90000000000000568, 4.251773225433349791E-17 ) ) ;
#9104 = ORIENTED_EDGE ( 'NONE', *, *, #524, .F. ) ;
#9105 = ORIENTED_EDGE ( 'NONE', *, *, #112, .T. ) ;
#9106 = EDGE_CURVE ( 'NONE', #4904, #6593, #4497, .T. ) ;
#9107 = ORIENTED_EDGE ( 'NONE', *, *, #8438, .F. ) ;
#9108 = AXIS2_PLACEMENT_3D ( 'NONE', #9801, #2616, #2663 ) ;
#9109 = VECTOR ( 'NONE', #6779, 1000.000000000000000 ) ;
#9110 = CARTESIAN_POINT ( 'NONE',  ( -10.00000000000000000, -45.00000000000000000, -5.000000000000000000 ) ) ;
#9111 = CARTESIAN_POINT ( 'NONE',  ( 5.000000000000000000, 18.00000000000000000, -14.24237984354699904 ) ) ;
#9112 = CARTESIAN_POINT ( 'NONE',  ( -64.46620431643779625, -6.000000000000000000, -81.59679272225800162 ) ) ;
#9113 = CARTESIAN_POINT ( 'NONE',  ( -23.68655752103954981, 34.67986544671985172, -120.2803298308827920 ) ) ;
#9114 = DIRECTION ( 'NONE',  ( 0.000000000000000000, -1.000000000000000000, 0.000000000000000000 ) ) ;
#9115 = CYLINDRICAL_SURFACE ( 'NONE', #4219, 10.00000000000000000 ) ;
#9116 = DIRECTION ( 'NONE',  ( 0.000000000000000000, -1.000000000000000000, 0.000000000000000000 ) ) ;
#9117 = ORIENTED_EDGE ( 'NONE', *, *, #5185, .F. ) ;
#9118 = EDGE_CURVE ( 'NONE', #7235, #5471, #1659, .T. ) ;
#9119 = PRODUCT ( 'Jaw_Plate_Spacer_Sleeve', 'Jaw_Plate_Spacer_Sleeve', '', ( #798 ) ) ;
#9120 = STYLED_ITEM ( 'NONE', ( #4194 ), #8957 ) ;
#9121 = ORIENTED_EDGE ( 'NONE', *, *, #4422, .F. ) ;
#9122 = DIRECTION ( 'NONE',  ( -0.7071067811865485719, -0.7071067811865465735, -2.655995914072782963E-16 ) ) ;
#9123 = ORIENTED_EDGE ( 'NONE', *, *, #4523, .T. ) ;
#9124 = DIRECTION ( 'NONE',  ( 0.000000000000000000, 0.000000000000000000, -1.000000000000000000 ) ) ;
#9125 = CARTESIAN_POINT ( 'NONE',  ( 85.36863799491800364, 95.00000000000000000, -96.77829855763729938 ) ) ;
#9126 = FACE_OUTER_BOUND ( 'NONE', #9762, .T. ) ;
#9127 =( NAMED_UNIT ( * ) PLANE_ANGLE_UNIT ( ) SI_UNIT ( $, .RADIAN. ) );
#9128 = CARTESIAN_POINT ( 'NONE',  ( -67.07925725763350044, 10.00000000000000000, -84.99047725517949914 ) ) ;
#9129 = EDGE_LOOP ( 'NONE', ( #204, #795, #7085, #7101, #6265, #8696, #1588, #3203 ) ) ;
#9130 = DIRECTION ( 'NONE',  ( -1.700709290173339793E-17, 0.000000000000000000, -1.000000000000000000 ) ) ;
#9131 = ORIENTED_EDGE ( 'NONE', *, *, #4325, .F. ) ;
#9132 = VERTEX_POINT ( 'NONE', #7256 ) ;
#9133 = CARTESIAN_POINT ( 'NONE',  ( 4.332851387010889788, 0.000000000000000000, -92.79470861319069286 ) ) ;
#9134 = ORIENTED_EDGE ( 'NONE', *, *, #603, .F. ) ;
#9135 = VECTOR ( 'NONE', #2585, 1000.000000000000000 ) ;
#9136 = EDGE_CURVE ( 'NONE', #1776, #4043, #98, .T. ) ;
#9137 = EDGE_CURVE ( 'NONE', #1055, #9475, #6360, .T. ) ;
#9138 = CARTESIAN_POINT ( 'NONE',  ( -85.36863799491800364, 95.00000000000000000, -99.02829855763729938 ) ) ;
#9139 = CARTESIAN_POINT ( 'NONE',  ( 0.000000000000000000, 0.000000000000000000, -10.00000000000000000 ) ) ;
#9140 = CYLINDRICAL_SURFACE ( 'NONE', #8392, 2.250000000000001776 ) ;
#9141 = CARTESIAN_POINT ( 'NONE',  ( -20.90380984571844891, 0.000000000000000000, 11.11289017892626063 ) ) ;
#9142 = EDGE_LOOP ( 'NONE', ( #4801, #4812, #2810, #1533 ) ) ;
#9143 = DIRECTION ( 'NONE',  ( 0.000000000000000000, 1.000000000000000000, 0.000000000000000000 ) ) ;
#9144 = ORIENTED_EDGE ( 'NONE', *, *, #6046, .F. ) ;
#9145 = CIRCLE ( 'NONE', #8977, 9.999999999999994671 ) ;
#9146 = FACE_OUTER_BOUND ( 'NONE', #9153, .T. ) ;
#9147 = EDGE_CURVE ( 'NONE', #7744, #6004, #5924, .T. ) ;
#9148 = CARTESIAN_POINT ( 'NONE',  ( -19.68655752103954981, 34.67986544671985172, -28.54374205374395146 ) ) ;
#9149 = DIRECTION ( 'NONE',  ( 0.8337546385222528444, 0.000000000000000000, -0.5521351308716259121 ) ) ;
#9150 = CONTEXT_DEPENDENT_SHAPE_REPRESENTATION ( #9778, #5270 ) ;
#9151 = CARTESIAN_POINT ( 'NONE',  ( -3.112489182934512488, 68.03777061877002552, -2.500000000000000444 ) ) ;
#9152 = CARTESIAN_POINT ( 'NONE',  ( 15.50000000000000000, 74.89999999999999147, 17.00000000000000000 ) ) ;
#9153 = EDGE_LOOP ( 'NONE', ( #6730, #2468, #2344, #3918 ) ) ;
#9154 = ORIENTED_EDGE ( 'NONE', *, *, #9147, .T. ) ;
#9155 = ORIENTED_EDGE ( 'NONE', *, *, #2226, .T. ) ;
#9156 = ADVANCED_FACE ( 'NONE', ( #4795, #5521, #8810 ), #7934, .F. ) ;
#9157 = DIRECTION ( 'NONE',  ( 0.000000000000000000, 0.000000000000000000, -1.000000000000000000 ) ) ;
#9158 = CARTESIAN_POINT ( 'NONE',  ( -10.00000000000000000, 10.00000000000000000, -16.00000000000000000 ) ) ;
#9159 = EDGE_CURVE ( 'NONE', #8911, #4851, #4026, .T. ) ;
#9160 = CYLINDRICAL_SURFACE ( 'NONE', #8840, 9.999999999999994671 ) ;
#9161 = CARTESIAN_POINT ( 'NONE',  ( -15.51771948742470109, 18.00000000000000000, 21.78844835938494739 ) ) ;
#9162 = DIRECTION ( 'NONE',  ( 0.000000000000000000, 0.000000000000000000, 1.000000000000000000 ) ) ;
#9163 = DIRECTION ( 'NONE',  ( 1.623211227490745063E-15, 1.846235724462869915E-15, 1.000000000000000000 ) ) ;
#9164 = ORIENTED_EDGE ( 'NONE', *, *, #5836, .F. ) ;
#9165 = ORIENTED_EDGE ( 'NONE', *, *, #7612, .F. ) ;
#9166 = CARTESIAN_POINT ( 'NONE',  ( 25.00000000000000000, 5.500000000000000000, 10.00000000000000000 ) ) ;
#9167 = ORIENTED_EDGE ( 'NONE', *, *, #9969, .F. ) ;
#9168 = CARTESIAN_POINT ( 'NONE',  ( 3.367778697655221012E-16, 39.00000000000000000, 2.750000000000000000 ) ) ;
#9169 = PLANE ( 'NONE',  #2358 ) ;
#9170 = EDGE_CURVE ( 'NONE', #2641, #8813, #3079, .T. ) ;
#9171 = CARTESIAN_POINT ( 'NONE',  ( -4.000000000000000000, 1.500000000000000000, 0.000000000000000000 ) ) ;
#9172 = DIRECTION ( 'NONE',  ( 1.000000000000000000, 0.000000000000000000, 0.000000000000000000 ) ) ;
#9173 = ORIENTED_EDGE ( 'NONE', *, *, #9584, .F. ) ;
#9174 = DIRECTION ( 'NONE',  ( 0.000000000000000000, 1.000000000000000000, 0.000000000000000000 ) ) ;
#9175 = ORIENTED_EDGE ( 'NONE', *, *, #4133, .F. ) ;
#9176 = ORIENTED_EDGE ( 'NONE', *, *, #3508, .T. ) ;
#9177 = DIRECTION ( 'NONE',  ( 0.000000000000000000, -1.000000000000000000, 0.000000000000000000 ) ) ;
#9178 = ORIENTED_EDGE ( 'NONE', *, *, #5256, .F. ) ;
#9179 = VECTOR ( 'NONE', #2347, 1000.000000000000000 ) ;
#9180 = PLANE ( 'NONE',  #1339 ) ;
#9181 = AXIS2_PLACEMENT_3D ( 'NONE', #5830, #4073, #7246 ) ;
#9182 = EDGE_CURVE ( 'NONE', #5525, #9681, #4844, .T. ) ;
#9183 = DIRECTION ( 'NONE',  ( 0.000000000000000000, 0.000000000000000000, 1.000000000000000000 ) ) ;
#9184 = VECTOR ( 'NONE', #5602, 1000.000000000000000 ) ;
#9185 = PLANE ( 'NONE',  #6931 ) ;
#9186 = EDGE_LOOP ( 'NONE', ( #8001, #2169, #4389, #6040, #10127, #7833, #4666, #2845 ) ) ;
#9187 = CARTESIAN_POINT ( 'NONE',  ( 5.000000000000000000, 70.90000000000000568, 4.251773225433349791E-17 ) ) ;
#9188 = ORIENTED_EDGE ( 'NONE', *, *, #8767, .T. ) ;
#9189 = EDGE_CURVE ( 'NONE', #8733, #6700, #4901, .T. ) ;
#9190 = VECTOR ( 'NONE', #684, 1000.000000000000000 ) ;
#9192 = AXIS2_PLACEMENT_3D ( 'NONE', #5405, #3184, #4783 ) ;
#9191 = DIRECTION ( 'NONE',  ( -1.000000000000000000, 0.000000000000000000, 1.850371707708594809E-16 ) ) ;
#9193 = DIRECTION ( 'NONE',  ( 0.000000000000000000, 0.000000000000000000, 1.000000000000000000 ) ) ;
#9194 = CARTESIAN_POINT ( 'NONE',  ( 1.108192987669307739, -48.66918367361090247, -11.00000000000000000 ) ) ;
#9195 = PRODUCT_DEFINITION_SHAPE ( 'NONE', 'NONE',  #8311 ) ;
#9196 = CARTESIAN_POINT ( 'NONE',  ( -3.448468008754537184, 68.45025015461352780, -2.452339735778156893 ) ) ;
#9197 = EDGE_CURVE ( 'NONE', #4021, #4631, #9447, .T. ) ;
#9198 = AXIS2_PLACEMENT_3D ( 'NONE', #7292, #2606, #4218 ) ;
#9199 = CARTESIAN_POINT ( 'NONE',  ( 15.50000000000000000, 80.40000000000000568, 0.5000000000000000000 ) ) ;
#9200 = ORIENTED_EDGE ( 'NONE', *, *, #2336, .F. ) ;
#9201 = CIRCLE ( 'NONE', #2553, 7.000000000000006217 ) ;
#9202 = EDGE_LOOP ( 'NONE', ( #4448, #7585, #4763, #6815 ) ) ;
#9203 = ADVANCED_FACE ( 'NONE', ( #8093 ), #3874, .F. ) ;
#9204 = ORIENTED_EDGE ( 'NONE', *, *, #3963, .T. ) ;
#9205 = AXIS2_PLACEMENT_3D ( 'NONE', #7175, #3429, #9573 ) ;
#9206 = FACE_OUTER_BOUND ( 'NONE', #2306, .T. ) ;
#9207 = DIRECTION ( 'NONE',  ( 0.000000000000000000, 0.000000000000000000, 1.000000000000000000 ) ) ;
#9208 = DIRECTION ( 'NONE',  ( 2.187217990050970115E-05, 1.003835630170457928E-23, 0.9999999997608040037 ) ) ;
#9209 = DIRECTION ( 'NONE',  ( 0.000000000000000000, 0.000000000000000000, 1.000000000000000000 ) ) ;
#9210 = DIRECTION ( 'NONE',  ( -5.204170427930419311E-16, 1.000000000000000000, -4.629113068246459841E-32 ) ) ;
#9211 = SHAPE_REPRESENTATION ( 'cube', ( #5194 ), #7724 ) ;
#9212 = DIRECTION ( 'NONE',  ( 0.7071067811865464625, -0.7071067811865485719, 0.000000000000000000 ) ) ;
#9213 = DIRECTION ( 'NONE',  ( -8.895006672729879551E-17, -0.000000000000000000, 1.000000000000000000 ) ) ;
#9214 = ADVANCED_FACE ( 'NONE', ( #2303 ), #7985, .T. ) ;
#9215 = VERTEX_POINT ( 'NONE', #1556 ) ;
#9216 = EDGE_LOOP ( 'NONE', ( #229, #3825, #10077, #8428 ) ) ;
#9217 = CYLINDRICAL_SURFACE ( 'NONE', #6280, 10.00000000000000178 ) ;
#9219 = VERTEX_POINT ( 'NONE', #10281 ) ;
#9218 = PRODUCT_RELATED_PRODUCT_CATEGORY ( 'part', '', ( #6785 ) ) ;
#9220 = CARTESIAN_POINT ( 'NONE',  ( -64.46620431643840732, 10.00000000000000000, -110.1405347760014024 ) ) ;
#9221 = CARTESIAN_POINT ( 'NONE',  ( 8.673617379884039416E-16, 63.39999999999999858, 21.75000000000000000 ) ) ;
#9222 = LINE ( 'NONE', #2073, #9887 ) ;
#9223 = CARTESIAN_POINT ( 'NONE',  ( 35.00000000000000000, 9.500000000000000000, 0.000000000000000000 ) ) ;
#9224 = EDGE_CURVE ( 'NONE', #2739, #1407, #2409, .T. ) ;
#9225 = ORIENTED_EDGE ( 'NONE', *, *, #3977, .F. ) ;
#9226 = DIRECTION ( 'NONE',  ( -5.730419068485960483E-34, 1.000000000000000000, -1.560003125878425040E-17 ) ) ;
#9227 = VERTEX_POINT ( 'NONE', #3250 ) ;
#9228 = ORIENTED_EDGE ( 'NONE', *, *, #6702, .T. ) ;
#9229 = VECTOR ( 'NONE', #1619, 1000.000000000000000 ) ;
#9230 =( NAMED_UNIT ( * ) PLANE_ANGLE_UNIT ( ) SI_UNIT ( $, .RADIAN. ) );
#9232 = ORIENTED_EDGE ( 'NONE', *, *, #816, .F. ) ;
#9231 = EDGE_CURVE ( 'NONE', #6554, #9215, #8348, .T. ) ;
#9233 = DIRECTION ( 'NONE',  ( 0.000000000000000000, 1.000000000000000000, 0.000000000000000000 ) ) ;
#9234 = DIRECTION ( 'NONE',  ( 0.000000000000000000, 0.000000000000000000, -1.000000000000000000 ) ) ;
#9235 = CARTESIAN_POINT ( 'NONE',  ( -75.00000000000000000, 0.000000000000000000, 75.00000000000000000 ) ) ;
#9236 = ORIENTED_EDGE ( 'NONE', *, *, #3977, .T. ) ;
#9237 = DIRECTION ( 'NONE',  ( -1.000000000000000000, -1.734723475976806848E-16, 0.000000000000000000 ) ) ;
#9238 = ORIENTED_EDGE ( 'NONE', *, *, #6046, .T. ) ;
#9239 = DIRECTION ( 'NONE',  ( 0.000000000000000000, 1.000000000000000000, 0.000000000000000000 ) ) ;
#9240 = EDGE_LOOP ( 'NONE', ( #9413, #8816, #2831, #5527 ) ) ;
#9241 = EDGE_CURVE ( 'NONE', #10209, #6497, #7154, .T. ) ;
#9242 = CIRCLE ( 'NONE', #742, 10.00000000000000000 ) ;
#9243 = DIRECTION ( 'NONE',  ( 0.000000000000000000, -1.000000000000000000, 0.000000000000000000 ) ) ;
#9244 = DIRECTION ( 'NONE',  ( -1.000000000000000000, 0.000000000000000000, -1.734723475976806700E-15 ) ) ;
#9245 = CARTESIAN_POINT ( 'NONE',  ( -25.00000000000000000, 5.500000000000000000, 10.00000000000000000 ) ) ;
#9246 = CONTEXT_DEPENDENT_SHAPE_REPRESENTATION ( #6978, #1945 ) ;
#9247 = CARTESIAN_POINT ( 'NONE',  ( -5.000000000000000000, 55.89999999999999858, 23.99999999999999645 ) ) ;
#9248 = CIRCLE ( 'NONE', #1254, 2.250000000000001776 ) ;
#9249 = AXIS2_PLACEMENT_3D ( 'NONE', #5727, #8910, #4986 ) ;
#9250 = DIRECTION ( 'NONE',  ( 0.000000000000000000, 0.000000000000000000, 1.000000000000000000 ) ) ;
#9251 = VECTOR ( 'NONE', #1894, 1000.000000000000000 ) ;
#9252 = DIRECTION ( 'NONE',  ( 0.000000000000000000, 0.000000000000000000, 1.000000000000000000 ) ) ;
#9253 = EDGE_LOOP ( 'NONE', ( #4099, #7245, #2843, #151 ) ) ;
#9254 = DIRECTION ( 'NONE',  ( 0.000000000000000000, 1.000000000000000000, 0.000000000000000000 ) ) ;
#9255 = ORIENTED_EDGE ( 'NONE', *, *, #3157, .F. ) ;
#9256 = ORIENTED_EDGE ( 'NONE', *, *, #8087, .F. ) ;
#9257 = VECTOR ( 'NONE', #9569, 1000.000000000000000 ) ;
#9258 = CIRCLE ( 'NONE', #262, 10.00000000000000178 ) ;
#9259 = DIRECTION ( 'NONE',  ( 0.8660254037844384856, 0.000000000000000000, 0.5000000000000003331 ) ) ;
#9260 = DIRECTION ( 'NONE',  ( 1.224646799147353947E-16, -1.000000000000000000, 0.000000000000000000 ) ) ;
#9261 = DIRECTION ( 'NONE',  ( 0.09891222031930350933, -1.886967108729720063E-17, -0.9950961625247609632 ) ) ;
#9262 = ADVANCED_FACE ( 'NONE', ( #8758, #2464, #5628, #8036, #7412, #4236 ), #9759, .T. ) ;
#9263 = CARTESIAN_POINT ( 'NONE',  ( 26.31344247896005228, 54.67986544671990146, -28.54374205374395146 ) ) ;
#9264 = DIRECTION ( 'NONE',  ( 0.000000000000000000, 0.000000000000000000, 1.000000000000000000 ) ) ;
#9265 = DIRECTION ( 'NONE',  ( 0.000000000000000000, 1.000000000000000000, 0.000000000000000000 ) ) ;
#9266 = CARTESIAN_POINT ( 'NONE',  ( 0.000000000000000000, 5.000000000000000000, 10.00000000000000000 ) ) ;
#9267 = VECTOR ( 'NONE', #9177, 1000.000000000000000 ) ;
#9268 = ORIENTED_EDGE ( 'NONE', *, *, #6842, .F. ) ;
#9269 = ORIENTED_EDGE ( 'NONE', *, *, #5805, .T. ) ;
#9270 = DIRECTION ( 'NONE',  ( -1.000000000000000000, -0.000000000000000000, -1.700709290173339793E-17 ) ) ;
#9271 = ORIENTED_EDGE ( 'NONE', *, *, #9667, .T. ) ;
#9272 = VECTOR ( 'NONE', #3145, 1000.000000000000000 ) ;
#9273 = CARTESIAN_POINT ( 'NONE',  ( -51.81980515339469662, -90.96194077712551973, 15.00000000000000000 ) ) ;
#9274 = CYLINDRICAL_SURFACE ( 'NONE', #2700, 8.146642442969046272 ) ;
#9275 = VECTOR ( 'NONE', #3682, 1000.000000000000000 ) ;
#9276 = EDGE_CURVE ( 'NONE', #1728, #7178, #6627, .T. ) ;
#9277 = FACE_OUTER_BOUND ( 'NONE', #1402, .T. ) ;
#9278 = LINE ( 'NONE', #9223, #7205 ) ;
#9279 = ORIENTED_EDGE ( 'NONE', *, *, #9728, .T. ) ;
#9280 = FACE_OUTER_BOUND ( 'NONE', #6198, .T. ) ;
#9281 = ORIENTED_EDGE ( 'NONE', *, *, #2982, .T. ) ;
#9282 = VECTOR ( 'NONE', #1638, 1000.000000000000000 ) ;
#9283 = ORIENTED_EDGE ( 'NONE', *, *, #3768, .F. ) ;
#9284 = SURFACE_STYLE_FILL_AREA ( #9391 ) ;
#9285 = EDGE_LOOP ( 'NONE', ( #4345, #7095, #9083, #2065, #4138, #9107, #4618, #7787, #3150, #7468, #10001, #6579, #9176, #3139, #8855, #6171, #8448, #9950 ) ) ;
#9286 = PRODUCT_DEFINITION_SHAPE ( 'NONE', 'NONE',  #10317 ) ;
#9287 = ADVANCED_FACE ( 'NONE', ( #5839, #5050 ), #9807, .T. ) ;
#9288 = PLANE ( 'NONE',  #5846 ) ;
#9289 = EDGE_CURVE ( 'NONE', #2242, #4968, #1036, .T. ) ;
#9290 = CYLINDRICAL_SURFACE ( 'NONE', #7856, 2.250000000000000000 ) ;
#9291 = CARTESIAN_POINT ( 'NONE',  ( 85.36863799491800364, 0.000000000000000000, -99.02829855763729938 ) ) ;
#9292 = VERTEX_POINT ( 'NONE', #8285 ) ;
#9293 = DIRECTION ( 'NONE',  ( 0.000000000000000000, -1.000000000000000000, 0.000000000000000000 ) ) ;
#9294 = EDGE_LOOP ( 'NONE', ( #7650, #6603, #7125, #8886 ) ) ;
#9295 = DIRECTION ( 'NONE',  ( 0.000000000000000000, 1.000000000000000000, 0.000000000000000000 ) ) ;
#9296 = EDGE_LOOP ( 'NONE', ( #83, #3522 ) ) ;
#9297 =( REPRESENTATION_RELATIONSHIP ('NONE','NONE', #8752, #1616 ) REPRESENTATION_RELATIONSHIP_WITH_TRANSFORMATION ( #6845 )SHAPE_REPRESENTATION_RELATIONSHIP( ) );
#9298 = DIRECTION ( 'NONE',  ( 0.000000000000000000, -1.000000000000000000, 0.000000000000000000 ) ) ;
#9299 = DIRECTION ( 'NONE',  ( 0.000000000000000000, 0.000000000000000000, 1.000000000000000000 ) ) ;
#9300 = EDGE_CURVE ( 'NONE', #58, #5076, #5739, .T. ) ;
#9301 = LINE ( 'NONE', #8507, #4533 ) ;
#9302 = CARTESIAN_POINT ( 'NONE',  ( 25.00000000000000000, 9.000000000000000000, 0.000000000000000000 ) ) ;
#9303 = LINE ( 'NONE', #3838, #2435 ) ;
#9304 = ORIENTED_EDGE ( 'NONE', *, *, #7944, .F. ) ;
#9305 = DIRECTION ( 'NONE',  ( 0.000000000000000000, 0.000000000000000000, 1.000000000000000000 ) ) ;
#9306 = EDGE_LOOP ( 'NONE', ( #8261, #4791, #2993, #2195 ) ) ;
#9307 = VECTOR ( 'NONE', #4022, 1000.000000000000000 ) ;
#9308 = EDGE_LOOP ( 'NONE', ( #1710, #8067, #4436, #340 ) ) ;
#9309 = PLANE ( 'NONE',  #164 ) ;
#9310 = CARTESIAN_POINT ( 'NONE',  ( -39.00443338159790585, 95.00000000000000000, -42.59593772390965682 ) ) ;
#9311 = DIRECTION ( 'NONE',  ( 1.000000000000000000, 0.000000000000000000, 0.000000000000000000 ) ) ;
#9312 = CARTESIAN_POINT ( 'NONE',  ( 25.00000000000000000, -9.500000000000000000, 10.00000000000000000 ) ) ;
#9313 = CARTESIAN_POINT ( 'NONE',  ( -20.98969858723280169, 18.00000000000000000, -5.229422174922480515 ) ) ;
#9314 = CARTESIAN_POINT ( 'NONE',  ( 6.735557395310442023E-16, 57.00000000000000000, 5.500000000000000000 ) ) ;
#9315 = DIRECTION ( 'NONE',  ( 0.000000000000000000, 0.000000000000000000, 1.000000000000000000 ) ) ;
#9316 = EDGE_CURVE ( 'NONE', #984, #1413, #3357, .T. ) ;
#9317 = EDGE_LOOP ( 'NONE', ( #6154, #282 ) ) ;
#9318 = ORIENTED_EDGE ( 'NONE', *, *, #3142, .F. ) ;
#9319 = DIRECTION ( 'NONE',  ( 0.000000000000000000, 0.000000000000000000, 1.000000000000000000 ) ) ;
#9320 = EDGE_CURVE ( 'NONE', #6784, #6700, #2669, .T. ) ;
#9321 = VERTEX_POINT ( 'NONE', #9021 ) ;
#9322 = VECTOR ( 'NONE', #9684, 1000.000000000000000 ) ;
#9323 = CARTESIAN_POINT ( 'NONE',  ( 0.000000000000000000, 200.0000000000000000, -3.000000000000000000 ) ) ;
#9324 = LINE ( 'NONE', #2768, #513 ) ;
#9325 = DIRECTION ( 'NONE',  ( 1.000000000000000000, 5.204170427930419311E-16, 0.000000000000000000 ) ) ;
#9326 = AXIS2_PLACEMENT_3D ( 'NONE', #4254, #9826, #2687 ) ;
#9327 = ORIENTED_EDGE ( 'NONE', *, *, #1024, .T. ) ;
#9328 = DIRECTION ( 'NONE',  ( 0.000000000000000000, 0.000000000000000000, 1.000000000000000000 ) ) ;
#9329 = VERTEX_POINT ( 'NONE', #6522 ) ;
#9330 = CARTESIAN_POINT ( 'NONE',  ( 15.50000000000000000, 79.90000000000000568, 6.000000000000000000 ) ) ;
#9331 = ORIENTED_EDGE ( 'NONE', *, *, #117, .F. ) ;
#9332 = DIRECTION ( 'NONE',  ( 0.000000000000000000, 1.000000000000000000, 0.000000000000000000 ) ) ;
#9333 = ADVANCED_FACE ( 'NONE', ( #1871, #6671, #9908 ), #348, .F. ) ;
#9334 = ORIENTED_EDGE ( 'NONE', *, *, #9797, .F. ) ;
#9335 = VECTOR ( 'NONE', #10238, 1000.000000000000000 ) ;
#9336 = DIRECTION ( 'NONE',  ( -1.000000000000000000, -1.734723475976804876E-16, 0.000000000000000000 ) ) ;
#9337 = CARTESIAN_POINT ( 'NONE',  ( 58.67999999999999972, 5.000000000000000000, 0.000000000000000000 ) ) ;
#9338 = CARTESIAN_POINT ( 'NONE',  ( 25.00000000000000000, -10.50000000000000000, 10.00000000000000000 ) ) ;
#9339 = ORIENTED_EDGE ( 'NONE', *, *, #5493, .F. ) ;
#9340 = CARTESIAN_POINT ( 'NONE',  ( 5.000000000000000000, 8.500000000000000000, 22.00000000000000000 ) ) ;
#9341 = VERTEX_POINT ( 'NONE', #1134 ) ;
#9342 = VECTOR ( 'NONE', #5415, 1000.000000000000114 ) ;
#9343 = ORIENTED_EDGE ( 'NONE', *, *, #6029, .T. ) ;
#9344 = CYLINDRICAL_SURFACE ( 'NONE', #3781, 4.000000000000000000 ) ;
#9345 = EDGE_LOOP ( 'NONE', ( #8387, #70, #969, #8156 ) ) ;
#9346 = EDGE_CURVE ( 'NONE', #7523, #7600, #8235, .T. ) ;
#9347 = EDGE_CURVE ( 'NONE', #1141, #5570, #8032, .T. ) ;
#9348 = CIRCLE ( 'NONE', #341, 4.000000000000000000 ) ;
#9349 = CARTESIAN_POINT ( 'NONE',  ( -41.81980515339470372, -90.96194077712559078, 23.00000000000000000 ) ) ;
#9350 = CIRCLE ( 'NONE', #3694, 2.249999999999998668 ) ;
#9351 = PRESENTATION_STYLE_ASSIGNMENT (( #8506 ) ) ;
#9352 = ITEM_DEFINED_TRANSFORMATION ( 'NONE', 'NONE', #51,  #5194 ) ;
#9353 = DIRECTION ( 'NONE',  ( 0.000000000000000000, 0.000000000000000000, 1.000000000000000000 ) ) ;
#9354 = DIRECTION ( 'NONE',  ( 1.000000000000000000, 1.734723475976804876E-16, 0.000000000000000000 ) ) ;
#9355 = CARTESIAN_POINT ( 'NONE',  ( -19.68655752103954981, 34.67986544671985172, -120.2803298308827920 ) ) ;
#9356 = VERTEX_POINT ( 'NONE', #8974 ) ;
#9357 = DIRECTION ( 'NONE',  ( -1.700709290173339793E-17, 0.000000000000000000, 1.000000000000000000 ) ) ;
#9358 = VERTEX_POINT ( 'NONE', #1921 ) ;
#9359 = VERTEX_POINT ( 'NONE', #5098 ) ;
#9360 = AXIS2_PLACEMENT_3D ( 'NONE', #8482, #503, #7657 ) ;
#9361 = ADVANCED_FACE ( 'NONE', ( #4331 ), #7506, .T. ) ;
#9362 = EDGE_CURVE ( 'NONE', #314, #3804, #5144, .T. ) ;
#9363 = DIRECTION ( 'NONE',  ( 0.000000000000000000, 0.000000000000000000, -1.000000000000000000 ) ) ;
#9364 = DIRECTION ( 'NONE',  ( 1.000000000000000000, 0.000000000000000000, 0.000000000000000000 ) ) ;
#9365 = CARTESIAN_POINT ( 'NONE',  ( 113.4593093142050009, 75.50000000000000000, -113.8925828918420109 ) ) ;
#9366 = VECTOR ( 'NONE', #9260, 1000.000000000000000 ) ;
#9367 = LINE ( 'NONE', #4517, #1177 ) ;
#9368 = CARTESIAN_POINT ( 'NONE',  ( 13.63988578096988036, 95.00000000000000000, -4.294065530670990505 ) ) ;
#9369 = VECTOR ( 'NONE', #4759, 1000.000000000000000 ) ;
#9370 = AXIS2_PLACEMENT_3D ( 'NONE', #4012, #7189, #3235 ) ;
#9371 = CARTESIAN_POINT ( 'NONE',  ( 5.000000000000000000, 18.00000000000000000, -100.0000000000000000 ) ) ;
#9372 = CARTESIAN_POINT ( 'NONE',  ( 10.00000000000000000, -12.50000000000000000, 4.770489558936220298E-15 ) ) ;
#9373 = ORIENTED_EDGE ( 'NONE', *, *, #1050, .F. ) ;
#9374 = EDGE_CURVE ( 'NONE', #3089, #3624, #2872, .T. ) ;
#9375 = EDGE_LOOP ( 'NONE', ( #7276, #2750, #3102, #1507 ) ) ;
#9376 = AXIS2_PLACEMENT_3D ( 'NONE', #5813, #7280, #8945 ) ;
#9377 = PLANE ( 'NONE',  #2286 ) ;
#9378 = ORIENTED_EDGE ( 'NONE', *, *, #6293, .F. ) ;
#9379 = AXIS2_PLACEMENT_3D ( 'NONE', #6841, #3978, #7152 ) ;
#9380 = EDGE_CURVE ( 'NONE', #5540, #1238, #4699, .T. ) ;
#9381 = CARTESIAN_POINT ( 'NONE',  ( 15.50000000000000000, 80.40000000000000568, -2.500000000000000000 ) ) ;
#9382 = CARTESIAN_POINT ( 'NONE',  ( 5.000000000000000000, 62.39999999999999858, 6.000000000000000000 ) ) ;
#9383 =( NAMED_UNIT ( * ) SI_UNIT ( $, .STERADIAN. ) SOLID_ANGLE_UNIT ( ) );
#9384 = CARTESIAN_POINT ( 'NONE',  ( -65.00000000000000000, 95.00000000000000000, -120.2793298308828014 ) ) ;
#9385 = AXIS2_PLACEMENT_3D ( 'NONE', #4315, #2850, #6761 ) ;
#9386 = ORIENTED_EDGE ( 'NONE', *, *, #1170, .F. ) ;
#9387 = DIRECTION ( 'NONE',  ( 1.000000000000000000, 0.000000000000000000, 0.000000000000000000 ) ) ;
#9388 = ORIENTED_EDGE ( 'NONE', *, *, #8349, .T. ) ;
#9389 = FACE_OUTER_BOUND ( 'NONE', #8723, .T. ) ;
#9390 = ORIENTED_EDGE ( 'NONE', *, *, #6969, .F. ) ;
#9391 = FILL_AREA_STYLE ('',( #8598 ) ) ;
#9392 = EDGE_LOOP ( 'NONE', ( #5172, #6459, #9524, #867 ) ) ;
#9393 = CARTESIAN_POINT ( 'NONE',  ( -2.500000000000000000, 70.90000000000000568, 0.000000000000000000 ) ) ;
#9394 = CARTESIAN_POINT ( 'NONE',  ( -20.90380984571844891, 18.00000000000000000, 13.36289017892626063 ) ) ;
#9395 = EDGE_CURVE ( 'NONE', #10192, #7747, #7371, .T. ) ;
#9396 = CIRCLE ( 'NONE', #3912, 10.00000000000000000 ) ;
#9397 = ORIENTED_EDGE ( 'NONE', *, *, #6087, .T. ) ;
#9398 = CARTESIAN_POINT ( 'NONE',  ( 15.50000000000000000, 83.40000000000000568, 2.418211663346639937E-16 ) ) ;
#9399 = ORIENTED_EDGE ( 'NONE', *, *, #4443, .T. ) ;
#9400 = ORIENTED_EDGE ( 'NONE', *, *, #5316, .T. ) ;
#9401 = FACE_OUTER_BOUND ( 'NONE', #8297, .T. ) ;
#9402 = ORIENTED_EDGE ( 'NONE', *, *, #8547, .T. ) ;
#9403 = VECTOR ( 'NONE', #2557, 1000.000000000000000 ) ;
#9404 = DIRECTION ( 'NONE',  ( 1.700709290173339793E-17, -0.000000000000000000, 1.000000000000000000 ) ) ;
#9405 = LINE ( 'NONE', #2261, #6215 ) ;
#9406 = EDGE_CURVE ( 'NONE', #9926, #9711, #3704, .T. ) ;
#9407 = DIRECTION ( 'NONE',  ( 1.000000000000000000, 0.000000000000000000, 0.000000000000000000 ) ) ;
#9408 = CARTESIAN_POINT ( 'NONE',  ( 58.67999999999999972, 0.000000000000000000, 2.250000000000000000 ) ) ;
#9409 = DIRECTION ( 'NONE',  ( 0.5521351308716259121, 0.000000000000000000, 0.8337546385222528444 ) ) ;
#9410 = ORIENTED_EDGE ( 'NONE', *, *, #3787, .F. ) ;
#9411 = CIRCLE ( 'NONE', #10078, 10.00000000000000000 ) ;
#9412 = CARTESIAN_POINT ( 'NONE',  ( -13.47468831681134027, 18.00000000000000000, 0.3057232255736195281 ) ) ;
#9413 = ORIENTED_EDGE ( 'NONE', *, *, #6257, .F. ) ;
#9414 = ORIENTED_EDGE ( 'NONE', *, *, #7876, .T. ) ;
#9415 = DIRECTION ( 'NONE',  ( 0.000000000000000000, -1.000000000000000000, 0.000000000000000000 ) ) ;
#9416 = CARTESIAN_POINT ( 'NONE',  ( -4.000000000000000000, 1.500000000000000000, 25.50000000000000000 ) ) ;
#9417 =( LENGTH_UNIT ( ) NAMED_UNIT ( * ) SI_UNIT ( .MILLI., .METRE. ) );
#9418 = AXIS2_PLACEMENT_3D ( 'NONE', #9734, #6601, #227 ) ;
#9419 = EDGE_CURVE ( 'NONE', #1089, #2692, #3540, .T. ) ;
#9420 = CARTESIAN_POINT ( 'NONE',  ( 15.00000000000000000, 9.500000000000000000, 0.000000000000000000 ) ) ;
#9421 = EDGE_CURVE ( 'NONE', #6733, #7509, #7771, .T. ) ;
#9422 = CYLINDRICAL_SURFACE ( 'NONE', #8400, 2.249999999999998668 ) ;
#9423 = EDGE_LOOP ( 'NONE', ( #7731, #5938, #2025, #4263 ) ) ;
#9424 = VERTEX_POINT ( 'NONE', #6088 ) ;
#9425 = VECTOR ( 'NONE', #9624, 1000.000000000000000 ) ;
#9426 = CIRCLE ( 'NONE', #8255, 2.249999999999998668 ) ;
#9427 = LINE ( 'NONE', #5184, #7126 ) ;
#9428 = ORIENTED_EDGE ( 'NONE', *, *, #5716, .F. ) ;
#9429 = ADVANCED_BREP_SHAPE_REPRESENTATION ( '', ( #2016, #5194 ), #1880 ) ;
#9430 = FACE_OUTER_BOUND ( 'NONE', #10022, .T. ) ;
#9431 = CARTESIAN_POINT ( 'NONE',  ( 0.000000000000000000, 39.00000000000000000, 0.000000000000000000 ) ) ;
#9432 = CIRCLE ( 'NONE', #5096, 5.000000000000000888 ) ;
#9433 = EDGE_CURVE ( 'NONE', #5685, #8334, #9278, .T. ) ;
#9434 = CARTESIAN_POINT ( 'NONE',  ( 0.000000000000000000, 57.00000000000000000, 0.000000000000000000 ) ) ;
#9435 = EDGE_LOOP ( 'NONE', ( #9643, #190, #3764, #2028, #4673, #2802 ) ) ;
#9436 = CYLINDRICAL_SURFACE ( 'NONE', #4291, 10.00000000000000000 ) ;
#9437 = ORIENTED_EDGE ( 'NONE', *, *, #4426, .F. ) ;
#9438 = LINE ( 'NONE', #8645, #7381 ) ;
#9439 = ORIENTED_EDGE ( 'NONE', *, *, #1242, .F. ) ;
#9440 = CARTESIAN_POINT ( 'NONE',  ( 22.31344247896005228, 74.67986544671991567, -42.59593772390965682 ) ) ;
#9441 = ORIENTED_EDGE ( 'NONE', *, *, #9106, .T. ) ;
#9442 =( REPRESENTATION_RELATIONSHIP ('NONE','NONE', #8752, #6628 ) REPRESENTATION_RELATIONSHIP_WITH_TRANSFORMATION ( #5216 )SHAPE_REPRESENTATION_RELATIONSHIP( ) );
#9443 = VECTOR ( 'NONE', #8647, 1000.000000000000000 ) ;
#9444 = CARTESIAN_POINT ( 'NONE',  ( -3.250000000000000000, 3.980102097228897738E-16, 0.000000000000000000 ) ) ;
#9445 = CARTESIAN_POINT ( 'NONE',  ( 25.00000000000000000, 9.500000000000000000, 10.00000000000000000 ) ) ;
#9446 = ADVANCED_BREP_SHAPE_REPRESENTATION ( '', ( #1516, #5194 ), #707 ) ;
#9447 = LINE ( 'NONE', #1608, #2026 ) ;
#9448 = VECTOR ( 'NONE', #10104, 1000.000000000000000 ) ;
#9449 = VERTEX_POINT ( 'NONE', #2132 ) ;
#9450 = DIRECTION ( 'NONE',  ( -1.734723475976804876E-16, 1.000000000000000000, 0.000000000000000000 ) ) ;
#9451 = VERTEX_POINT ( 'NONE', #2866 ) ;
#9452 = EDGE_CURVE ( 'NONE', #677, #2078, #1865, .T. ) ;
#9453 = ORIENTED_EDGE ( 'NONE', *, *, #5805, .F. ) ;
#9454 = LINE ( 'NONE', #7835, #4600 ) ;
#9455 = ORIENTED_EDGE ( 'NONE', *, *, #6149, .T. ) ;
#9456 = MECHANICAL_DESIGN_GEOMETRIC_PRESENTATION_REPRESENTATION (  '', ( #9120 ), #6115 ) ;
#9457 = EDGE_CURVE ( 'NONE', #7748, #4396, #8517, .T. ) ;
#9458 = CARTESIAN_POINT ( 'NONE',  ( -55.96194077712559789, -90.96194077712549131, 15.00000000000000000 ) ) ;
#9459 = CARTESIAN_POINT ( 'NONE',  ( 27.25000000000000000, -10.50000000000000000, 10.00000000000000000 ) ) ;
#9460 = PRODUCT_DEFINITION_SHAPE ( 'NONE', 'NONE',  #10327 ) ;
#9461 = CARTESIAN_POINT ( 'NONE',  ( 94.00000000000000000, 95.00000000000000000, -104.7964619962939992 ) ) ;
#9462 = CARTESIAN_POINT ( 'NONE',  ( -3.000000000000000000, 70.90000000000000568, 0.5000000000000000000 ) ) ;
#9463 = DIRECTION ( 'NONE',  ( 1.850371707708594809E-16, 0.000000000000000000, 1.000000000000000000 ) ) ;
#9464 = ORIENTED_EDGE ( 'NONE', *, *, #1564, .F. ) ;
#9465 = LINE ( 'NONE', #3063, #1107 ) ;
#9466 = ORIENTED_EDGE ( 'NONE', *, *, #1427, .F. ) ;
#9467 = ADVANCED_FACE ( 'NONE', ( #453 ), #8539, .F. ) ;
#9468 = CIRCLE ( 'NONE', #7625, 4.000000000000000000 ) ;
#9469 = DIRECTION ( 'NONE',  ( 0.000000000000000000, -1.000000000000000000, 0.000000000000000000 ) ) ;
#9470 = CARTESIAN_POINT ( 'NONE',  ( -3.000000000000000000, 70.90000000000000568, -2.500000000000000000 ) ) ;
#9471 = PRODUCT_CONTEXT ( 'NONE', #6498, 'mechanical' ) ;
#9472 = CARTESIAN_POINT ( 'NONE',  ( 15.50000000000000000, -9.000000000000000000, -5.016317519411109895E-16 ) ) ;
#9473 = CIRCLE ( 'NONE', #9809, 2.250000000000000444 ) ;
#9474 = CARTESIAN_POINT ( 'NONE',  ( -2.500000000000000000, 0.000000000000000000, 25.50000000000000000 ) ) ;
#9475 = VERTEX_POINT ( 'NONE', #1180 ) ;
#9476 = VERTEX_POINT ( 'NONE', #7714 ) ;
#9477 = CARTESIAN_POINT ( 'NONE',  ( -85.36863799491800364, 10.00000000000000000, -96.77829855763729938 ) ) ;
#9478 = ADVANCED_FACE ( 'NONE', ( #8434 ), #2819, .T. ) ;
#9479 = ORIENTED_EDGE ( 'NONE', *, *, #3882, .T. ) ;
#9480 = EDGE_CURVE ( 'NONE', #6952, #7311, #559, .T. ) ;
#9481 = DIRECTION ( 'NONE',  ( 0.000000000000000000, 0.000000000000000000, 1.000000000000000000 ) ) ;
#9482 = DIRECTION ( 'NONE',  ( 0.000000000000000000, -1.000000000000000000, 0.000000000000000000 ) ) ;
#9483 = FILL_AREA_STYLE ('',( #10214 ) ) ;
#9484 = DIRECTION ( 'NONE',  ( 1.000000000000000000, 1.387778780781445478E-15, 0.000000000000000000 ) ) ;
#9485 = ORIENTED_EDGE ( 'NONE', *, *, #543, .F. ) ;
#9486 = DIRECTION ( 'NONE',  ( -0.5386090358293528224, 0.000000000000000000, -0.8425558180458876389 ) ) ;
#9487 = EDGE_LOOP ( 'NONE', ( #5171, #5596, #4632, #3033, #8473 ) ) ;
#9488 = FACE_OUTER_BOUND ( 'NONE', #3336, .T. ) ;
#9489 = EDGE_LOOP ( 'NONE', ( #7978, #7143 ) ) ;
#9490 = CARTESIAN_POINT ( 'NONE',  ( -25.00000000000000000, -3.469446951953614978E-15, 10.00000000000000000 ) ) ;
#9491 = ORIENTED_EDGE ( 'NONE', *, *, #3125, .F. ) ;
#9492 = ADVANCED_FACE ( 'NONE', ( #10060 ), #1395, .F. ) ;
#9493 = FACE_OUTER_BOUND ( 'NONE', #2643, .T. ) ;
#9494 = EDGE_CURVE ( 'NONE', #4978, #5854, #4589, .T. ) ;
#9495 = DIRECTION ( 'NONE',  ( 0.000000000000000000, 0.000000000000000000, 1.000000000000000000 ) ) ;
#9496 = CIRCLE ( 'NONE', #8996, 10.00000000000000178 ) ;
#9497 = CARTESIAN_POINT ( 'NONE',  ( -59.14441049068479828, 0.000000000000000000, -100.2793298308827872 ) ) ;
#9498 = ORIENTED_EDGE ( 'NONE', *, *, #7583, .F. ) ;
#9499 = DIRECTION ( 'NONE',  ( 0.000000000000000000, 0.000000000000000000, 1.000000000000000000 ) ) ;
#9500 = VERTEX_POINT ( 'NONE', #613 ) ;
#9501 = VERTEX_POINT ( 'NONE', #9960 ) ;
#9502 = FACE_BOUND ( 'NONE', #2792, .T. ) ;
#9503 = EDGE_LOOP ( 'NONE', ( #1532, #8203, #8563, #4084 ) ) ;
#9504 = EDGE_CURVE ( 'NONE', #4070, #7232, #5990, .T. ) ;
#9505 = CIRCLE ( 'NONE', #5838, 1.499999999999999556 ) ;
#9506 = UNCERTAINTY_MEASURE_WITH_UNIT (LENGTH_MEASURE( 1.000000000000000082E-05 ), #9417, 'distance_accuracy_value', 'NONE');
#9507 = ADVANCED_FACE ( 'NONE', ( #6989 ), #7605, .F. ) ;
#9508 = LINE ( 'NONE', #8242, #10170 ) ;
#9509 = FACE_OUTER_BOUND ( 'NONE', #1126, .T. ) ;
#9510 = LINE ( 'NONE', #2363, #4407 ) ;
#9511 = ADVANCED_FACE ( 'NONE', ( #6193 ), #10112, .F. ) ;
#9512 = DIRECTION ( 'NONE',  ( -8.895006672729879551E-17, -0.000000000000000000, 1.000000000000000000 ) ) ;
#9513 = ORIENTED_EDGE ( 'NONE', *, *, #2590, .F. ) ;
#9514 = DIRECTION ( 'NONE',  ( 0.000000000000000000, -1.000000000000000000, 0.000000000000000000 ) ) ;
#9515 = VERTEX_POINT ( 'NONE', #2019 ) ;
#9516 = CIRCLE ( 'NONE', #343, 1.499999999999999556 ) ;
#9517 = DIRECTION ( 'NONE',  ( 0.000000000000000000, -1.000000000000000000, 0.000000000000000000 ) ) ;
#9518 = CARTESIAN_POINT ( 'NONE',  ( 30.31344247896045019, 34.67986544671985172, -28.54374205374395146 ) ) ;
#9519 = PRODUCT_CONTEXT ( 'NONE', #7373, 'mechanical' ) ;
#9520 = DIRECTION ( 'NONE',  ( 0.000000000000000000, -1.000000000000000000, 0.000000000000000000 ) ) ;
#9521 = CIRCLE ( 'NONE', #688, 2.250000000000000000 ) ;
#9522 = EDGE_CURVE ( 'NONE', #6853, #6688, #8382, .T. ) ;
#9523 = CARTESIAN_POINT ( 'NONE',  ( 35.00000000000000000, -9.500000000000000000, 4.592425496802579889E-16 ) ) ;
#9524 = ORIENTED_EDGE ( 'NONE', *, *, #8243, .T. ) ;
#9525 = ORIENTED_EDGE ( 'NONE', *, *, #5716, .T. ) ;
#9526 = DIRECTION ( 'NONE',  ( 1.223316414399870005E-17, 0.000000000000000000, -1.000000000000000000 ) ) ;
#9527 = VERTEX_POINT ( 'NONE', #4433 ) ;
#9528 = AXIS2_PLACEMENT_3D ( 'NONE', #9431, #5345, #3808 ) ;
#9529 = CARTESIAN_POINT ( 'NONE',  ( -94.00000000000000000, 95.00000000000000000, -104.7964619962939992 ) ) ;
#9530 = AXIS2_PLACEMENT_3D ( 'NONE', #7948, #5479, #7894 ) ;
#9531 = PLANE ( 'NONE',  #3036 ) ;
#9532 =( LENGTH_UNIT ( ) NAMED_UNIT ( * ) SI_UNIT ( .MILLI., .METRE. ) );
#9533 = AXIS2_PLACEMENT_3D ( 'NONE', #5561, #79, #767 ) ;
#9534 = SURFACE_STYLE_FILL_AREA ( #9483 ) ;
#9535 = EDGE_CURVE ( 'NONE', #7299, #5854, #7695, .T. ) ;
#9536 = CARTESIAN_POINT ( 'NONE',  ( 90.00000000000000000, 0.000000000000000000, -97.86825876601859875 ) ) ;
#9537 = CYLINDRICAL_SURFACE ( 'NONE', #10071, 4.000000000000000000 ) ;
#9538 = VECTOR ( 'NONE', #4625, 1000.000000000000000 ) ;
#9539 = ORIENTED_EDGE ( 'NONE', *, *, #5207, .F. ) ;
#9540 = LINE ( 'NONE', #2453, #5430 ) ;
#9541 = VERTEX_POINT ( 'NONE', #10267 ) ;
#9542 = LINE ( 'NONE', #5566, #9042 ) ;
#9543 = EDGE_LOOP ( 'NONE', ( #3878, #7161, #9228, #3753 ) ) ;
#9544 = AXIS2_PLACEMENT_3D ( 'NONE', #8471, #5178, #1325 ) ;
#9545 = FACE_OUTER_BOUND ( 'NONE', #2339, .T. ) ;
#9546 = ORIENTED_EDGE ( 'NONE', *, *, #1696, .T. ) ;
#9547 = DIRECTION ( 'NONE',  ( 1.000000000000000000, 0.000000000000000000, 8.895006672729879551E-17 ) ) ;
#9548 = CIRCLE ( 'NONE', #7385, 2.250000000000000000 ) ;
#9549 = CARTESIAN_POINT ( 'NONE',  ( 10.00000000000000000, -45.00000000000000000, 0.000000000000000000 ) ) ;
#9550 = CARTESIAN_POINT ( 'NONE',  ( 25.00000000000000000, 0.000000000000000000, 0.000000000000000000 ) ) ;
#9552 = EDGE_CURVE ( 'NONE', #2009, #10274, #3875, .T. ) ;
#9551 = SHAPE_REPRESENTATION ( 'Actuation_Link-1', ( #5194 ), #707 ) ;
#9553 = DIRECTION ( 'NONE',  ( 1.000000000000000000, 7.703719777548939991E-34, 1.264933817329265970E-17 ) ) ;
#9554 = ORIENTED_EDGE ( 'NONE', *, *, #2681, .T. ) ;
#9555 = ORIENTED_EDGE ( 'NONE', *, *, #5040, .F. ) ;
#9556 = VECTOR ( 'NONE', #583, 1000.000000000000000 ) ;
#9557 = CARTESIAN_POINT ( 'NONE',  ( -10.00000000000000000, -45.00000000000000000, -11.00000000000000000 ) ) ;
#9558 = ORIENTED_EDGE ( 'NONE', *, *, #4215, .T. ) ;
#9559 = AXIS2_PLACEMENT_3D ( 'NONE', #5226, #8417, #2756 ) ;
#9560 = CARTESIAN_POINT ( 'NONE',  ( 9.063930161978821013E-16, 15.00000000000000000, 23.99999999999999645 ) ) ;
#9561 = VECTOR ( 'NONE', #4637, 1000.000000000000000 ) ;
#9562 = LINE ( 'NONE', #7995, #9369 ) ;
#9563 = DIRECTION ( 'NONE',  ( 0.000000000000000000, 1.000000000000000000, 0.000000000000000000 ) ) ;
#9564 = FACE_OUTER_BOUND ( 'NONE', #2763, .T. ) ;
#9565 = CARTESIAN_POINT ( 'NONE',  ( -29.04331074782909994, -64.04331074782909639, -1.528669465471104827 ) ) ;
#9566 = ADVANCED_FACE ( 'NONE', ( #4638, #7917 ), #2335, .T. ) ;
#9567 = DIRECTION ( 'NONE',  ( -1.000000000000000000, -2.602085213965209656E-16, 0.000000000000000000 ) ) ;
#9568 = ORIENTED_EDGE ( 'NONE', *, *, #8891, .T. ) ;
#9569 = DIRECTION ( 'NONE',  ( 1.734723475976804876E-16, -1.000000000000000000, 0.000000000000000000 ) ) ;
#9570 = VERTEX_POINT ( 'NONE', #10216 ) ;
#9571 = AXIS2_PLACEMENT_3D ( 'NONE', #5662, #6505, #8845 ) ;
#9572 = DIRECTION ( 'NONE',  ( 0.000000000000000000, 0.000000000000000000, 1.000000000000000000 ) ) ;
#9573 = DIRECTION ( 'NONE',  ( -5.204170427930419311E-16, 1.000000000000000000, 0.000000000000000000 ) ) ;
#9574 = PRODUCT_CONTEXT ( 'NONE', #8821, 'mechanical' ) ;
#9575 = CARTESIAN_POINT ( 'NONE',  ( -63.94170910735129354, 95.00000000000000000, -99.05349224005489361 ) ) ;
#9576 = VECTOR ( 'NONE', #10018, 1000.000000000000000 ) ;
#9577 = CYLINDRICAL_SURFACE ( 'NONE', #4265, 2.249999999999998668 ) ;
#9578 = PRODUCT ( 'Jaw_Contact_Block_A-1', 'Jaw_Contact_Block_A-1', '', ( #7752 ) ) ;
#9579 = ORIENTED_EDGE ( 'NONE', *, *, #10217, .F. ) ;
#9580 = ORIENTED_EDGE ( 'NONE', *, *, #10201, .T. ) ;
#9581 = DIRECTION ( 'NONE',  ( 0.000000000000000000, -1.000000000000000000, 0.000000000000000000 ) ) ;
#9582 = EDGE_LOOP ( 'NONE', ( #3212, #32, #4702, #2110 ) ) ;
#9583 = VECTOR ( 'NONE', #4472, 1000.000000000000000 ) ;
#9584 = EDGE_CURVE ( 'NONE', #6733, #8039, #691, .T. ) ;
#9585 = CARTESIAN_POINT ( 'NONE',  ( 10.00000000000000000, -15.00000000000000000, 5.000000000000000000 ) ) ;
#9586 = CARTESIAN_POINT ( 'NONE',  ( 15.50000000000000000, 79.90000000000000568, 17.00000000000000000 ) ) ;
#9587 = SHAPE_REPRESENTATION_RELATIONSHIP ( 'NONE' , 'NONE' ,  #1678, #9058 ) ;
#9588 = PRESENTATION_STYLE_ASSIGNMENT (( #5560 ) ) ;
#9589 = LINE ( 'NONE', #7093, #3550 ) ;
#9590 = CARTESIAN_POINT ( 'NONE',  ( 25.00000000000000000, 9.000000000000000000, 0.000000000000000000 ) ) ;
#9591 = ORIENTED_EDGE ( 'NONE', *, *, #7819, .T. ) ;
#9592 = CARTESIAN_POINT ( 'NONE',  ( -13.47468831681134027, 18.00000000000000000, 0.3057232255736195281 ) ) ;
#9593 = EDGE_LOOP ( 'NONE', ( #7940, #9936, #1601, #8841 ) ) ;
#9594 = DIRECTION ( 'NONE',  ( 0.5521351308716259121, 0.000000000000000000, -0.8337546385222528444 ) ) ;
#9595 = VERTEX_POINT ( 'NONE', #7142 ) ;
#9596 = CARTESIAN_POINT ( 'NONE',  ( 15.50000000000000000, 79.90000000000000568, 6.000000000000000000 ) ) ;
#9597 = ORIENTED_EDGE ( 'NONE', *, *, #1453, .F. ) ;
#9598 = EDGE_CURVE ( 'NONE', #9633, #8642, #6345, .T. ) ;
#9599 = VECTOR ( 'NONE', #4852, 1000.000000000000000 ) ;
#9600 = CARTESIAN_POINT ( 'NONE',  ( 35.00000000000000000, 5.500000000000000000, 10.00000000000000000 ) ) ;
#9601 = VECTOR ( 'NONE', #6261, 1000.000000000000000 ) ;
#9602 = CARTESIAN_POINT ( 'NONE',  ( 27.25000000000000000, -5.500000000000000000, 10.00000000000000000 ) ) ;
#9603 = DIRECTION ( 'NONE',  ( 0.000000000000000000, 1.000000000000000000, 0.000000000000000000 ) ) ;
#9604 = ORIENTED_EDGE ( 'NONE', *, *, #8123, .T. ) ;
#9605 = CARTESIAN_POINT ( 'NONE',  ( -22.75000000000000355, -10.50000000000000000, 10.00000000000000000 ) ) ;
#9606 = VERTEX_POINT ( 'NONE', #3086 ) ;
#9607 = CIRCLE ( 'NONE', #2785, 2.250000000000001776 ) ;
#9608 = AXIS2_PLACEMENT_3D ( 'NONE', #728, #4139, #10284 ) ;
#9609 = ORIENTED_EDGE ( 'NONE', *, *, #3835, .T. ) ;
#9610 = DIRECTION ( 'NONE',  ( -1.623211227490745063E-15, -1.846235724462869915E-15, -1.000000000000000000 ) ) ;
#9611 = ORIENTED_EDGE ( 'NONE', *, *, #4736, .F. ) ;
#9612 = ORIENTED_EDGE ( 'NONE', *, *, #1260, .F. ) ;
#9613 = EDGE_CURVE ( 'NONE', #1398, #4070, #6863, .T. ) ;
#9614 = ADVANCED_FACE ( 'NONE', ( #8591 ), #6245, .F. ) ;
#9615 = AXIS2_PLACEMENT_3D ( 'NONE', #2986, #8446, #8604 ) ;
#9616 = CIRCLE ( 'NONE', #4611, 2.249999999999998668 ) ;
#9617 = CARTESIAN_POINT ( 'NONE',  ( 0.000000000000000000, 9.000000000000000000, -10.00000000000000000 ) ) ;
#9618 = VECTOR ( 'NONE', #8695, 1000.000000000000000 ) ;
#9619 = CARTESIAN_POINT ( 'NONE',  ( -4.000000000000000000, 69.40000000000000568, 6.802837160693360405E-17 ) ) ;
#9620 = FACE_OUTER_BOUND ( 'NONE', #187, .T. ) ;
#9621 = FACE_OUTER_BOUND ( 'NONE', #4486, .T. ) ;
#9622 = DIRECTION ( 'NONE',  ( 1.000000000000000000, 7.703719777548939991E-34, 1.264933817329265970E-17 ) ) ;
#9623 = ORIENTED_EDGE ( 'NONE', *, *, #1478, .F. ) ;
#9624 = DIRECTION ( 'NONE',  ( 0.000000000000000000, 0.000000000000000000, 1.000000000000000000 ) ) ;
#9625 = ORIENTED_EDGE ( 'NONE', *, *, #6564, .F. ) ;
#9626 = EDGE_CURVE ( 'NONE', #3399, #4358, #4830, .T. ) ;
#9627 = CARTESIAN_POINT ( 'NONE',  ( -3.448448064957533976, 2.449774423686299052, -2.452344372573635578 ) ) ;
#9628 = DIRECTION ( 'NONE',  ( 0.000000000000000000, 1.000000000000000000, 0.000000000000000000 ) ) ;
#9629 = APPLICATION_PROTOCOL_DEFINITION ( 'draft international standard', 'automotive_design', 1998, #5964 ) ;
#9630 = CARTESIAN_POINT ( 'NONE',  ( 58.67999999999999972, 0.000000000000000000, 0.000000000000000000 ) ) ;
#9631 = EDGE_CURVE ( 'NONE', #3723, #7664, #523, .T. ) ;
#9632 = LINE ( 'NONE', #8064, #4917 ) ;
#9633 = VERTEX_POINT ( 'NONE', #6300 ) ;
#9634 = ORIENTED_EDGE ( 'NONE', *, *, #9406, .T. ) ;
#9635 = ORIENTED_EDGE ( 'NONE', *, *, #4136, .F. ) ;
#9636 = CARTESIAN_POINT ( 'NONE',  ( -23.68655752103954981, 14.67986544671986060, -120.2803298308827920 ) ) ;
#9637 = LINE ( 'NONE', #8793, #8521 ) ;
#9638 =( REPRESENTATION_RELATIONSHIP ('NONE','NONE', #8752, #6342 ) REPRESENTATION_RELATIONSHIP_WITH_TRANSFORMATION ( #9352 )SHAPE_REPRESENTATION_RELATIONSHIP( ) );
#9639 = LINE ( 'NONE', #2499, #1063 ) ;
#9640 = CARTESIAN_POINT ( 'NONE',  ( 5.000000000000000000, 83.40000000000000568, 22.50000000000000000 ) ) ;
#9641 = CYLINDRICAL_SURFACE ( 'NONE', #8737, 2.249999999999998668 ) ;
#9642 = EDGE_CURVE ( 'NONE', #6488, #3767, #6372, .T. ) ;
#9643 = ORIENTED_EDGE ( 'NONE', *, *, #4283, .T. ) ;
#9644 = CARTESIAN_POINT ( 'NONE',  ( -5.000000000000000000, 70.90000000000000568, 0.5000000000000000000 ) ) ;
#9645 = ORIENTED_EDGE ( 'NONE', *, *, #3384, .T. ) ;
#9646 = DIRECTION ( 'NONE',  ( 1.000000000000000000, 1.387778780781445922E-16, 0.000000000000000000 ) ) ;
#9647 = EDGE_LOOP ( 'NONE', ( #1374, #5757 ) ) ;
#9648 = CARTESIAN_POINT ( 'NONE',  ( 59.14441049068479828, 95.00000000000000000, -90.27932983088280139 ) ) ;
#9649 = ORIENTED_EDGE ( 'NONE', *, *, #6648, .F. ) ;
#9650 = VECTOR ( 'NONE', #7601, 1000.000000000000000 ) ;
#9651 = DIRECTION ( 'NONE',  ( 0.000000000000000000, 1.000000000000000000, 0.000000000000000000 ) ) ;
#9652 = LINE ( 'NONE', #9849, #5681 ) ;
#9653 = DIRECTION ( 'NONE',  ( 0.000000000000000000, 1.000000000000000000, 0.000000000000000000 ) ) ;
#9654 = DIRECTION ( 'NONE',  ( -1.000000000000000000, 0.000000000000000000, 1.734723475976804629E-17 ) ) ;
#9655 = CARTESIAN_POINT ( 'NONE',  ( 0.000000000000000000, 0.000000000000000000, 0.000000000000000000 ) ) ;
#9656 = EDGE_CURVE ( 'NONE', #5135, #6593, #6454, .T. ) ;
#9657 = DIRECTION ( 'NONE',  ( -1.734723475976804876E-16, 1.000000000000000000, 0.000000000000000000 ) ) ;
#9658 = VERTEX_POINT ( 'NONE', #9640 ) ;
#9659 = VERTEX_POINT ( 'NONE', #1490 ) ;
#9660 = CARTESIAN_POINT ( 'NONE',  ( -94.00000000000000000, 95.00000000000000000, -104.7964619962939992 ) ) ;
#9661 = VERTEX_POINT ( 'NONE', #8691 ) ;
#9662 = ORIENTED_EDGE ( 'NONE', *, *, #7612, .T. ) ;
#9663 = LINE ( 'NONE', #736, #9002 ) ;
#9664 = CARTESIAN_POINT ( 'NONE',  ( 5.000000000000000000, -9.500000000000000000, 0.5000000000000000000 ) ) ;
#9665 = CYLINDRICAL_SURFACE ( 'NONE', #9078, 5.000000000000000000 ) ;
#9666 = CARTESIAN_POINT ( 'NONE',  ( -23.68655752103954981, 14.67986544671986060, -28.54374205374395146 ) ) ;
#9667 = EDGE_CURVE ( 'NONE', #1552, #6157, #8357, .T. ) ;
#9668 = LINE ( 'NONE', #5644, #1096 ) ;
#9669 = ORIENTED_EDGE ( 'NONE', *, *, #7089, .T. ) ;
#9670 = CIRCLE ( 'NONE', #3179, 2.249999999999998668 ) ;
#9671 = DIRECTION ( 'NONE',  ( 0.000000000000000000, 0.000000000000000000, 1.000000000000000000 ) ) ;
#9672 = ORIENTED_EDGE ( 'NONE', *, *, #7971, .T. ) ;
#9673 = EDGE_CURVE ( 'NONE', #6617, #8288, #4682, .T. ) ;
#9674 = CARTESIAN_POINT ( 'NONE',  ( 3.000000000000000000, 0.000000000000000000, -6.500000000000000000 ) ) ;
#9675 = VECTOR ( 'NONE', #8559, 1000.000000000000000 ) ;
#9676 = DIRECTION ( 'NONE',  ( 0.000000000000000000, 0.000000000000000000, 1.000000000000000000 ) ) ;
#9677 = CARTESIAN_POINT ( 'NONE',  ( -15.00000000000000000, -12.50000000000000000, 0.000000000000000000 ) ) ;
#9678 = CARTESIAN_POINT ( 'NONE',  ( -10.00000000000000000, 10.00000000000000000, 0.000000000000000000 ) ) ;
#9679 = EDGE_LOOP ( 'NONE', ( #9555, #6355, #6609, #3349 ) ) ;
#9680 = ADVANCED_FACE ( 'NONE', ( #26 ), #7867, .T. ) ;
#9681 = VERTEX_POINT ( 'NONE', #3914 ) ;
#9682 = CIRCLE ( 'NONE', #1015, 7.000000000000006217 ) ;
#9683 = VERTEX_POINT ( 'NONE', #6402 ) ;
#9684 = DIRECTION ( 'NONE',  ( 0.7071067811865465735, -0.7071067811865485719, 0.000000000000000000 ) ) ;
#9685 = DIRECTION ( 'NONE',  ( 0.000000000000000000, 0.000000000000000000, 1.000000000000000000 ) ) ;
#9686 = VECTOR ( 'NONE', #1816, 1000.000000000000000 ) ;
#9687 = CARTESIAN_POINT ( 'NONE',  ( -3.882005762289781003, 70.90000000000000568, 0.3331307633470018681 ) ) ;
#9688 = VECTOR ( 'NONE', #5764, 1000.000000000000000 ) ;
#9689 = EDGE_CURVE ( 'NONE', #3803, #3335, #9589, .T. ) ;
#9690 = CARTESIAN_POINT ( 'NONE',  ( 27.25000000000000355, 9.500000000000000000, 10.00000000000000000 ) ) ;
#9691 = CARTESIAN_POINT ( 'NONE',  ( -26.24777966571249976, -61.24777966571249976, 1.000000000000000000 ) ) ;
#9692 = ORIENTED_EDGE ( 'NONE', *, *, #2984, .T. ) ;
#9693 = DIRECTION ( 'NONE',  ( 0.000000000000000000, -1.000000000000000000, 0.000000000000000000 ) ) ;
#9694 = ORIENTED_EDGE ( 'NONE', *, *, #1328, .F. ) ;
#9695 = CYLINDRICAL_SURFACE ( 'NONE', #10210, 2.250000000000000444 ) ;
#9696 = ORIENTED_EDGE ( 'NONE', *, *, #8429, .F. ) ;
#9697 = AXIS2_PLACEMENT_3D ( 'NONE', #9221, #5941, #4377 ) ;
#9698 = DIRECTION ( 'NONE',  ( 1.734723475976805246E-17, 0.000000000000000000, 1.000000000000000000 ) ) ;
#9699 = ORIENTED_EDGE ( 'NONE', *, *, #4411, .F. ) ;
#9700 = AXIS2_PLACEMENT_3D ( 'NONE', #865, #7241, #9484 ) ;
#9701 = APPLICATION_CONTEXT ( 'automotive_design' ) ;
#9702 = DIRECTION ( 'NONE',  ( 0.5000000000000003331, 0.000000000000000000, 0.8660254037844384856 ) ) ;
#9703 = CARTESIAN_POINT ( 'NONE',  ( -13.47468831681134027, 18.00000000000000000, 0.3057232255736195281 ) ) ;
#9704 = CARTESIAN_POINT ( 'NONE',  ( 15.50000000000000000, 62.39999999999999858, 1.000000000000000000 ) ) ;
#9705 = FACE_BOUND ( 'NONE', #8086, .T. ) ;
#9706 = VECTOR ( 'NONE', #5410, 1000.000000000000000 ) ;
#9707 = CARTESIAN_POINT ( 'NONE',  ( -2.500000000000000000, 70.90000000000000568, 25.50000000000000000 ) ) ;
#9708 = AXIS2_PLACEMENT_3D ( 'NONE', #10186, #5271, #2206 ) ;
#9709 = VECTOR ( 'NONE', #7972, 1000.000000000000000 ) ;
#9710 = DIRECTION ( 'NONE',  ( 1.000000000000000000, 1.734723475976807094E-16, 0.000000000000000000 ) ) ;
#9711 = VERTEX_POINT ( 'NONE', #8797 ) ;
#9712 = ORIENTED_EDGE ( 'NONE', *, *, #6103, .F. ) ;
#9713 = CARTESIAN_POINT ( 'NONE',  ( -10.00000000000000000, -15.00000000000000000, 0.000000000000000000 ) ) ;
#9714 = VERTEX_POINT ( 'NONE', #1645 ) ;
#9715 = ORIENTED_EDGE ( 'NONE', *, *, #2391, .F. ) ;
#9716 = AXIS2_PLACEMENT_3D ( 'NONE', #8782, #9628, #9676 ) ;
#9717 = CIRCLE ( 'NONE', #369, 2.250000000000000000 ) ;
#9718 = EDGE_CURVE ( 'NONE', #4309, #700, #5826, .T. ) ;
#9719 = CARTESIAN_POINT ( 'NONE',  ( -69.07332122148429221, 95.00000000000000000, -119.1878866990734025 ) ) ;
#9720 = CARTESIAN_POINT ( 'NONE',  ( 30.31344247896045019, 14.67986544671986060, -120.2803298308827920 ) ) ;
#9721 = CARTESIAN_POINT ( 'NONE',  ( -36.11437855969460742, -71.11437855969450084, -5.236488491950770374 ) ) ;
#9722 = STYLED_ITEM ( 'NONE', ( #4587 ), #1769 ) ;
#9723 = DIRECTION ( 'NONE',  ( 0.000000000000000000, -1.000000000000000000, 0.000000000000000000 ) ) ;
#9724 = ORIENTED_EDGE ( 'NONE', *, *, #5241, .T. ) ;
#9725 = FACE_OUTER_BOUND ( 'NONE', #7683, .T. ) ;
#9726 = ORIENTED_EDGE ( 'NONE', *, *, #2289, .T. ) ;
#9727 = PRESENTATION_LAYER_ASSIGNMENT (  '', '', ( #6723 ) ) ;
#9728 = EDGE_CURVE ( 'NONE', #1599, #2283, #8848, .T. ) ;
#9729 = DIRECTION ( 'NONE',  ( 0.000000000000000000, 0.000000000000000000, -1.000000000000000000 ) ) ;
#9730 = DIRECTION ( 'NONE',  ( 0.000000000000000000, 0.000000000000000000, 1.000000000000000000 ) ) ;
#9731 = SHAPE_DEFINITION_REPRESENTATION ( #7614, #9885 ) ;
#9732 = PRODUCT_DEFINITION_FORMATION_WITH_SPECIFIED_SOURCE ( 'ANY', '', #158, .NOT_KNOWN. ) ;
#9733 = DIRECTION ( 'NONE',  ( 0.000000000000000000, 0.000000000000000000, 1.000000000000000000 ) ) ;
#9734 = CARTESIAN_POINT ( 'NONE',  ( -23.68655752103954981, 34.67986544671985172, -42.59593772390965682 ) ) ;
#9735 = AXIS2_PLACEMENT_3D ( 'NONE', #5775, #1806, #3442 ) ;
#9736 = ORIENTED_EDGE ( 'NONE', *, *, #3287, .F. ) ;
#9737 = VERTEX_POINT ( 'NONE', #4168 ) ;
#9738 = ORIENTED_EDGE ( 'NONE', *, *, #1957, .F. ) ;
#9739 = EDGE_CURVE ( 'NONE', #8544, #5251, #185, .T. ) ;
#9740 = DIRECTION ( 'NONE',  ( 0.000000000000000000, 0.000000000000000000, -1.000000000000000000 ) ) ;
#9741 = DIRECTION ( 'NONE',  ( -1.000000000000000000, 0.000000000000000000, 0.000000000000000000 ) ) ;
#9742 = AXIS2_PLACEMENT_3D ( 'NONE', #4248, #7426, #2639 ) ;
#9743 = EDGE_CURVE ( 'NONE', #314, #492, #1194, .T. ) ;
#9744 = FACE_OUTER_BOUND ( 'NONE', #8656, .T. ) ;
#9745 = CYLINDRICAL_SURFACE ( 'NONE', #8038, 9.999999999999994671 ) ;
#9746 = DIRECTION ( 'NONE',  ( 0.000000000000000000, 0.000000000000000000, -1.000000000000000000 ) ) ;
#9747 = VERTEX_POINT ( 'NONE', #9690 ) ;
#9748 = DIRECTION ( 'NONE',  ( 0.000000000000000000, -1.000000000000000000, 0.000000000000000000 ) ) ;
#9749 = DIRECTION ( 'NONE',  ( 0.000000000000000000, 1.000000000000000000, 0.000000000000000000 ) ) ;
#9750 = ORIENTED_EDGE ( 'NONE', *, *, #7089, .F. ) ;
#9751 = VECTOR ( 'NONE', #2761, 1000.000000000000000 ) ;
#9752 = CARTESIAN_POINT ( 'NONE',  ( 10.00000000000000000, 47.50000000000000000, -120.2803298308827920 ) ) ;
#9753 = ORIENTED_EDGE ( 'NONE', *, *, #6887, .T. ) ;
#9754 = DIRECTION ( 'NONE',  ( -0.8337546385222528444, 0.000000000000000000, -0.5521351308716259121 ) ) ;
#9755 = DIRECTION ( 'NONE',  ( 0.7071067811865484609, 0.7071067811865466846, 1.734723475976807686E-15 ) ) ;
#9756 = ADVANCED_FACE ( 'NONE', ( #5037 ), #9745, .F. ) ;
#9757 = DIRECTION ( 'NONE',  ( 1.000000000000000000, 0.000000000000000000, 0.000000000000000000 ) ) ;
#9758 = VECTOR ( 'NONE', #4617, 1000.000000000000000 ) ;
#9759 = PLANE ( 'NONE',  #9034 ) ;
#9760 = VERTEX_POINT ( 'NONE', #3492 ) ;
#9761 = LINE ( 'NONE', #4385, #8763 ) ;
#9762 = EDGE_LOOP ( 'NONE', ( #3076, #1558, #354, #8120 ) ) ;
#9763 = ORIENTED_EDGE ( 'NONE', *, *, #733, .T. ) ;
#9764 = CARTESIAN_POINT ( 'NONE',  ( -85.36863799491800364, 95.00000000000000000, -94.52829855763729938 ) ) ;
#9765 = ORIENTED_EDGE ( 'NONE', *, *, #3959, .F. ) ;
#9766 = CIRCLE ( 'NONE', #9923, 2.250000000000000000 ) ;
#9767 = CIRCLE ( 'NONE', #5763, 2.249999999999998668 ) ;
#9768 = CYLINDRICAL_SURFACE ( 'NONE', #838, 4.000000000000000000 ) ;
#9769 = DIRECTION ( 'NONE',  ( 0.000000000000000000, 0.000000000000000000, 1.000000000000000000 ) ) ;
#9770 = EDGE_CURVE ( 'NONE', #445, #9803, #5188, .T. ) ;
#9771 = VECTOR ( 'NONE', #3313, 1000.000000000000000 ) ;
#9772 = PLANE ( 'NONE',  #7238 ) ;
#9773 = VECTOR ( 'NONE', #3254, 1000.000000000000000 ) ;
#9774 = CARTESIAN_POINT ( 'NONE',  ( 5.000000000000000000, 3.851859888774469653E-33, 25.50000000000000000 ) ) ;
#9775 = VERTEX_POINT ( 'NONE', #2703 ) ;
#9776 = ORIENTED_EDGE ( 'NONE', *, *, #396, .F. ) ;
#9777 = ADVANCED_FACE ( 'NONE', ( #7493 ), #9064, .F. ) ;
#9778 =( REPRESENTATION_RELATIONSHIP ('NONE','NONE', #8752, #9885 ) REPRESENTATION_RELATIONSHIP_WITH_TRANSFORMATION ( #1153 )SHAPE_REPRESENTATION_RELATIONSHIP( ) );
#9779 = AXIS2_PLACEMENT_3D ( 'NONE', #2401, #3350, #5731 ) ;
#9780 = AXIS2_PLACEMENT_3D ( 'NONE', #8565, #5542, #640 ) ;
#9781 = LINE ( 'NONE', #221, #824 ) ;
#9782 = DIRECTION ( 'NONE',  ( 0.000000000000000000, 1.000000000000000000, 0.000000000000000000 ) ) ;
#9783 = ITEM_DEFINED_TRANSFORMATION ( 'NONE', 'NONE', #8888,  #5194 ) ;
#9784 = CARTESIAN_POINT ( 'NONE',  ( -58.74171087241099798, 95.00000000000000000, -90.51182856389569054 ) ) ;
#9785 = CYLINDRICAL_SURFACE ( 'NONE', #5078, 10.00000000000000000 ) ;
#9786 = AXIS2_PLACEMENT_3D ( 'NONE', #496, #9270, #1225 ) ;
#9787 = EDGE_CURVE ( 'NONE', #7097, #8527, #8223, .T. ) ;
#9788 = EDGE_LOOP ( 'NONE', ( #605, #8500, #3656, #2254, #5582, #1449, #101, #5369, #8056, #4730, #9611, #1315 ) ) ;
#9789 = ORIENTED_EDGE ( 'NONE', *, *, #6210, .T. ) ;
#9790 = ORIENTED_EDGE ( 'NONE', *, *, #2387, .F. ) ;
#9791 = DIRECTION ( 'NONE',  ( 0.000000000000000000, 0.000000000000000000, -1.000000000000000000 ) ) ;
#9792 = FACE_BOUND ( 'NONE', #2967, .T. ) ;
#9793 = DIRECTION ( 'NONE',  ( 0.000000000000000000, 0.000000000000000000, -1.000000000000000000 ) ) ;
#9794 = EDGE_CURVE ( 'NONE', #3803, #1776, #8076, .T. ) ;
#9795 = DIRECTION ( 'NONE',  ( 0.000000000000000000, 0.000000000000000000, 1.000000000000000000 ) ) ;
#9796 = CARTESIAN_POINT ( 'NONE',  ( -10.00000000000000000, -6.938893903907230350E-16, -16.00000000000000000 ) ) ;
#9797 = EDGE_CURVE ( 'NONE', #3813, #8736, #10036, .T. ) ;
#9798 = EDGE_LOOP ( 'NONE', ( #3806, #10285, #2351, #7763, #116, #6884, #1797, #3396, #6896, #9414 ) ) ;
#9799 = FACE_OUTER_BOUND ( 'NONE', #577, .T. ) ;
#9800 = DIRECTION ( 'NONE',  ( -1.000000000000000000, 0.000000000000000000, 0.000000000000000000 ) ) ;
#9801 = CARTESIAN_POINT ( 'NONE',  ( -2.500000000000000000, 70.90000000000000568, -2.500000000000000000 ) ) ;
#9803 = VERTEX_POINT ( 'NONE', #5779 ) ;
#9802 = EDGE_CURVE ( 'NONE', #9541, #1235, #9201, .T. ) ;
#9804 = CARTESIAN_POINT ( 'NONE',  ( -15.00000000000000000, -5.500000000000000000, 20.00000000000000000 ) ) ;
#9805 = DIRECTION ( 'NONE',  ( -8.895006672729879551E-17, -0.000000000000000000, 1.000000000000000000 ) ) ;
#9806 = DIRECTION ( 'NONE',  ( 0.000000000000000000, 0.000000000000000000, 1.000000000000000000 ) ) ;
#9807 = PLANE ( 'NONE',  #2702 ) ;
#9808 = ORIENTED_EDGE ( 'NONE', *, *, #557, .F. ) ;
#9809 = AXIS2_PLACEMENT_3D ( 'NONE', #4635, #1390, #3699 ) ;
#9810 = CARTESIAN_POINT ( 'NONE',  ( 85.36863799491800364, 85.00000000000000000, -99.02829855763729938 ) ) ;
#9811 = EDGE_LOOP ( 'NONE', ( #1223, #9386, #2633, #3947 ) ) ;
#9812 = VERTEX_POINT ( 'NONE', #4271 ) ;
#9813 = PLANE ( 'NONE',  #1255 ) ;
#9815 = EDGE_CURVE ( 'NONE', #1042, #7314, #4867, .T. ) ;
#9814 = ORIENTED_EDGE ( 'NONE', *, *, #3317, .F. ) ;
#9816 = EDGE_CURVE ( 'NONE', #2964, #1042, #239, .T. ) ;
#9817 = CARTESIAN_POINT ( 'NONE',  ( -5.000000000000000000, 70.90000000000000568, -0.5000000000000000000 ) ) ;
#9818 = FILL_AREA_STYLE ('',( #2638 ) ) ;
#9819 = CARTESIAN_POINT ( 'NONE',  ( -13.47468831681134027, 18.00000000000000000, 0.3057232255736195281 ) ) ;
#9820 = ADVANCED_FACE ( 'NONE', ( #7399 ), #3443, .T. ) ;
#9821 = CARTESIAN_POINT ( 'NONE',  ( 94.00000000000000000, 0.000000000000000000, -104.7964619962939992 ) ) ;
#9822 = ORIENTED_EDGE ( 'NONE', *, *, #8414, .T. ) ;
#9823 = DIRECTION ( 'NONE',  ( 0.000000000000000000, 0.000000000000000000, 1.000000000000000000 ) ) ;
#9824 = VERTEX_POINT ( 'NONE', #133 ) ;
#9825 = CIRCLE ( 'NONE', #5145, 9.999999999999994671 ) ;
#9826 = DIRECTION ( 'NONE',  ( -1.000000000000000000, -7.703719777548939991E-34, -1.264933817329265970E-17 ) ) ;
#9827 = DIRECTION ( 'NONE',  ( 1.000000000000000000, 1.734723475976807094E-16, 0.000000000000000000 ) ) ;
#9828 = CARTESIAN_POINT ( 'NONE',  ( -30.54774002826775003, 18.00000000000000000, 10.71815755839264028 ) ) ;
#9829 = CYLINDRICAL_SURFACE ( 'NONE', #1087, 7.500000000000000000 ) ;
#9830 = ORIENTED_EDGE ( 'NONE', *, *, #8283, .F. ) ;
#9831 =( REPRESENTATION_RELATIONSHIP ('NONE','NONE', #8752, #6342 ) REPRESENTATION_RELATIONSHIP_WITH_TRANSFORMATION ( #6960 )SHAPE_REPRESENTATION_RELATIONSHIP( ) );
#9832 = EDGE_LOOP ( 'NONE', ( #7988, #497, #5223, #3626 ) ) ;
#9833 = DIRECTION ( 'NONE',  ( 0.000000000000000000, 0.000000000000000000, -1.000000000000000000 ) ) ;
#9834 = VECTOR ( 'NONE', #2526, 1000.000000000000000 ) ;
#9835 = LINE ( 'NONE', #5031, #3001 ) ;
#9836 = DIRECTION ( 'NONE',  ( 0.000000000000000000, 0.000000000000000000, -1.000000000000000000 ) ) ;
#9837 = DIRECTION ( 'NONE',  ( 0.1821335681528000738, 7.604541703100424477E-21, 0.9832737987722084405 ) ) ;
#9838 = EDGE_CURVE ( 'NONE', #10075, #4252, #1807, .T. ) ;
#9839 = CARTESIAN_POINT ( 'NONE',  ( -75.00000000000000000, 0.000000000000000000, 75.00000000000000000 ) ) ;
#9840 = DIRECTION ( 'NONE',  ( 0.000000000000000000, 1.000000000000000000, 0.000000000000000000 ) ) ;
#9841 = DIRECTION ( 'NONE',  ( 0.000000000000000000, 0.000000000000000000, 1.000000000000000000 ) ) ;
#9842 = AXIS2_PLACEMENT_3D ( 'NONE', #8339, #9233, #6207 ) ;
#9843 = ORIENTED_EDGE ( 'NONE', *, *, #2657, .F. ) ;
#9844 = DIRECTION ( 'NONE',  ( 1.000000000000000000, -5.597413005428679814E-49, 1.700709290173339793E-17 ) ) ;
#9845 = ORIENTED_EDGE ( 'NONE', *, *, #1681, .F. ) ;
#9846 = CARTESIAN_POINT ( 'NONE',  ( 5.000000000000000000, 74.89999999999999147, 6.000000000000000000 ) ) ;
#9847 = ORIENTED_EDGE ( 'NONE', *, *, #8116, .F. ) ;
#9848 = LINE ( 'NONE', #2714, #5130 ) ;
#9849 = CARTESIAN_POINT ( 'NONE',  ( 5.000000000000000000, 79.90000000000000568, 6.324669086646330619E-17 ) ) ;
#9850 = ADVANCED_FACE ( 'NONE', ( #4938 ), #1022, .F. ) ;
#9851 = DIRECTION ( 'NONE',  ( -0.4141393648650372183, -0.4141393648650362191, 0.8105412839198062880 ) ) ;
#9852 = DIRECTION ( 'NONE',  ( 1.700709290173339793E-17, 0.000000000000000000, 1.000000000000000000 ) ) ;
#9853 = VECTOR ( 'NONE', #6874, 1000.000000000000000 ) ;
#9854 = VERTEX_POINT ( 'NONE', #6658 ) ;
#9855 = LINE ( 'NONE', #255, #1593 ) ;
#9856 = ORIENTED_EDGE ( 'NONE', *, *, #6589, .T. ) ;
#9857 = VERTEX_POINT ( 'NONE', #2062 ) ;
#9858 = VECTOR ( 'NONE', #780, 1000.000000000000000 ) ;
#9859 = CARTESIAN_POINT ( 'NONE',  ( -2.500000000000000000, 1.500000000000000000, -2.551063935260009998E-17 ) ) ;
#9860 = EDGE_LOOP ( 'NONE', ( #2194, #2021, #4161, #6326 ) ) ;
#9861 = PRODUCT_DEFINITION_SHAPE ( 'NONE', 'NONE',  #10331 ) ;
#9862 = CIRCLE ( 'NONE', #8692, 2.249999999999998668 ) ;
#9863 = EDGE_CURVE ( 'NONE', #8646, #3803, #5875, .T. ) ;
#9864 = CIRCLE ( 'NONE', #1369, 3.250000000000000000 ) ;
#9865 = CARTESIAN_POINT ( 'NONE',  ( -25.00000000000000000, 0.000000000000000000, 20.00000000000000000 ) ) ;
#9866 = AXIS2_PLACEMENT_3D ( 'NONE', #6763, #3692, #9162 ) ;
#9867 = ADVANCED_FACE ( 'NONE', ( #8420 ), #9115, .T. ) ;
#9868 = CARTESIAN_POINT ( 'NONE',  ( 58.67999999999999972, 5.000000000000000000, -2.250000000000000000 ) ) ;
#9869 = DIRECTION ( 'NONE',  ( 1.000000000000000000, -0.000000000000000000, -0.000000000000000000 ) ) ;
#9870 = DIRECTION ( 'NONE',  ( 1.734723475976804876E-16, -1.000000000000000000, 0.000000000000000000 ) ) ;
#9871 = EDGE_LOOP ( 'NONE', ( #6446, #217, #997, #5833 ) ) ;
#9872 = VECTOR ( 'NONE', #4515, 1000.000000000000000 ) ;
#9873 = CARTESIAN_POINT ( 'NONE',  ( -22.75000000000000000, 9.500000000000000000, 10.00000000000000000 ) ) ;
#9874 = ORIENTED_EDGE ( 'NONE', *, *, #6684, .T. ) ;
#9875 = AXIS2_PLACEMENT_3D ( 'NONE', #6667, #4281, #7354 ) ;
#9876 = VECTOR ( 'NONE', #4149, 1000.000000000000000 ) ;
#9877 = CARTESIAN_POINT ( 'NONE',  ( -19.68655752103994772, 54.67986544671990146, -42.59593772390965682 ) ) ;
#9878 = DIRECTION ( 'NONE',  ( 0.000000000000000000, 1.000000000000000000, 0.000000000000000000 ) ) ;
#9879 = ADVANCED_FACE ( 'NONE', ( #5133 ), #8525, .F. ) ;
#9880 = DIRECTION ( 'NONE',  ( -1.387778780781445922E-16, 1.000000000000000000, 0.000000000000000000 ) ) ;
#9881 = AXIS2_PLACEMENT_3D ( 'NONE', #472, #9191, #421 ) ;
#9882 = DIRECTION ( 'NONE',  ( -1.700709290173339793E-17, 0.000000000000000000, 1.000000000000000000 ) ) ;
#9883 = EDGE_LOOP ( 'NONE', ( #2736, #8195, #8358, #3425, #1707, #5797, #8698, #4310, #4876, #944, #6336, #8966, #4508, #7301, #8924, #8839, #2459, #9724, #1583, #5237 ) ) ;
#9884 = ORIENTED_EDGE ( 'NONE', *, *, #7403, .T. ) ;
#9885 = SHAPE_REPRESENTATION ( 'Jaw_Plate_Spacer_Sleeve', ( #5194 ), #5049 ) ;
#9886 = ORIENTED_EDGE ( 'NONE', *, *, #733, .F. ) ;
#9887 = VECTOR ( 'NONE', #3759, 1000.000000000000000 ) ;
#9888 =( GEOMETRIC_REPRESENTATION_CONTEXT ( 3 ) GLOBAL_UNCERTAINTY_ASSIGNED_CONTEXT ( ( #2202 ) ) GLOBAL_UNIT_ASSIGNED_CONTEXT ( ( #8536, #4585, #1591 ) ) REPRESENTATION_CONTEXT ( 'NONE', 'WORKASPACE' ) );
#9889 = DIRECTION ( 'NONE',  ( -1.000000000000000000, -7.703719777548939991E-34, -1.264933817329265970E-17 ) ) ;
#9890 = LINE ( 'NONE', #9158, #8204 ) ;
#9891 = CARTESIAN_POINT ( 'NONE',  ( 0.000000000000000000, 0.000000000000000000, 0.000000000000000000 ) ) ;
#9892 = CARTESIAN_POINT ( 'NONE',  ( 15.50000000000000000, 3.851859888774469653E-33, 2.418211663346639937E-16 ) ) ;
#9893 = LINE ( 'NONE', #2854, #8533 ) ;
#9894 = CARTESIAN_POINT ( 'NONE',  ( -5.204170427930419706E-15, 10.00000000000000000, -11.00000000000000000 ) ) ;
#9895 =( REPRESENTATION_RELATIONSHIP ('NONE','NONE', #8752, #8881 ) REPRESENTATION_RELATIONSHIP_WITH_TRANSFORMATION ( #9783 )SHAPE_REPRESENTATION_RELATIONSHIP( ) );
#9896 = ADVANCED_FACE ( 'NONE', ( #7697 ), #7592, .F. ) ;
#9897 = PRODUCT_DEFINITION_FORMATION_WITH_SPECIFIED_SOURCE ( 'ANY', '', #9578, .NOT_KNOWN. ) ;
#9898 = VERTEX_POINT ( 'NONE', #5980 ) ;
#9899 = ORIENTED_EDGE ( 'NONE', *, *, #5524, .T. ) ;
#9900 = CARTESIAN_POINT ( 'NONE',  ( 85.36863799491800364, 10.00000000000000000, -96.77829855763729938 ) ) ;
#9901 = EDGE_CURVE ( 'NONE', #9898, #9356, #5283, .T. ) ;
#9902 = ORIENTED_EDGE ( 'NONE', *, *, #5016, .F. ) ;
#9903 = CIRCLE ( 'NONE', #7413, 3.250000000000000000 ) ;
#9904 = CARTESIAN_POINT ( 'NONE',  ( 0.000000000000000000, 0.000000000000000000, 0.000000000000000000 ) ) ;
#9905 = FACE_OUTER_BOUND ( 'NONE', #4019, .T. ) ;
#9906 = DIRECTION ( 'NONE',  ( 0.000000000000000000, 0.000000000000000000, -1.000000000000000000 ) ) ;
#9907 = CARTESIAN_POINT ( 'NONE',  ( 58.67999999999999972, 0.000000000000000000, 10.00000000000000000 ) ) ;
#9908 = FACE_OUTER_BOUND ( 'NONE', #9216, .T. ) ;
#9909 = AXIS2_PLACEMENT_3D ( 'NONE', #753, #7027, #7133 ) ;
#9910 = ORIENTED_EDGE ( 'NONE', *, *, #3740, .T. ) ;
#9911 = CYLINDRICAL_SURFACE ( 'NONE', #4614, 8.000000000000007105 ) ;
#9912 = ORIENTED_EDGE ( 'NONE', *, *, #2527, .T. ) ;
#9913 = VERTEX_POINT ( 'NONE', #3801 ) ;
#9914 = EDGE_CURVE ( 'NONE', #630, #4173, #2721, .T. ) ;
#9915 = ORIENTED_EDGE ( 'NONE', *, *, #9494, .T. ) ;
#9916 = AXIS2_PLACEMENT_3D ( 'NONE', #8949, #8163, #7388 ) ;
#9917 = DIRECTION ( 'NONE',  ( 0.000000000000000000, -1.000000000000000000, 0.000000000000000000 ) ) ;
#9918 = CARTESIAN_POINT ( 'NONE',  ( -59.14441049068479828, 10.00000000000000000, -100.2793298308827872 ) ) ;
#9919 = EDGE_CURVE ( 'NONE', #2692, #8288, #8317, .T. ) ;
#9920 = DIRECTION ( 'NONE',  ( 1.000000000000000000, 0.000000000000000000, 0.000000000000000000 ) ) ;
#9921 = DIRECTION ( 'NONE',  ( 0.000000000000000000, 0.000000000000000000, 1.000000000000000000 ) ) ;
#9922 = VERTEX_POINT ( 'NONE', #6864 ) ;
#9923 = AXIS2_PLACEMENT_3D ( 'NONE', #4398, #7477, #7620 ) ;
#9924 = CIRCLE ( 'NONE', #8413, 2.249999999999998668 ) ;
#9925 = LINE ( 'NONE', #8249, #4103 ) ;
#9926 = VERTEX_POINT ( 'NONE', #10098 ) ;
#9927 = EDGE_CURVE ( 'NONE', #2964, #9775, #1276, .T. ) ;
#9928 = EDGE_CURVE ( 'NONE', #5014, #2615, #4374, .T. ) ;
#9929 = PRESENTATION_LAYER_ASSIGNMENT (  '', '', ( #8589 ) ) ;
#9930 = FACE_OUTER_BOUND ( 'NONE', #7109, .T. ) ;
#9931 = DIRECTION ( 'NONE',  ( 1.000000000000000000, 0.000000000000000000, 0.000000000000000000 ) ) ;
#9932 = ITEM_DEFINED_TRANSFORMATION ( 'NONE', 'NONE', #1545,  #5194 ) ;
#9933 = AXIS2_PLACEMENT_3D ( 'NONE', #5352, #8385, #7773 ) ;
#9934 = DIRECTION ( 'NONE',  ( 8.895006672729879551E-17, 0.000000000000000000, -1.000000000000000000 ) ) ;
#9935 = DIRECTION ( 'NONE',  ( 0.000000000000000000, -1.000000000000000000, 0.000000000000000000 ) ) ;
#9936 = ORIENTED_EDGE ( 'NONE', *, *, #8569, .F. ) ;
#9937 = ORIENTED_EDGE ( 'NONE', *, *, #5339, .F. ) ;
#9938 = EDGE_LOOP ( 'NONE', ( #6043, #9635 ) ) ;
#9939 = CIRCLE ( 'NONE', #5427, 5.000000000000000000 ) ;
#9940 = AXIS2_PLACEMENT_3D ( 'NONE', #943, #9553, #4797 ) ;
#9941 = ADVANCED_FACE ( 'NONE', ( #10046 ), #9948, .F. ) ;
#9942 = CARTESIAN_POINT ( 'NONE',  ( -5.204170427930419706E-15, 10.00000000000000000, 0.000000000000000000 ) ) ;
#9943 = DIRECTION ( 'NONE',  ( 0.000000000000000000, -1.000000000000000000, 0.000000000000000000 ) ) ;
#9944 = DIRECTION ( 'NONE',  ( 2.187217990944695245E-05, 5.202525601741779315E-22, 0.9999999997608040037 ) ) ;
#9945 = DIRECTION ( 'NONE',  ( -0.5731392382913458317, -0.5731392382913446104, 0.5856815065047156210 ) ) ;
#9946 = FACE_OUTER_BOUND ( 'NONE', #3660, .T. ) ;
#9947 = AXIS2_PLACEMENT_3D ( 'NONE', #2329, #4728, #7911 ) ;
#9948 = CYLINDRICAL_SURFACE ( 'NONE', #2380, 3.250000000000000000 ) ;
#9949 = CARTESIAN_POINT ( 'NONE',  ( -22.75000000000000000, 5.500000000000000000, 10.00000000000000000 ) ) ;
#9950 = ORIENTED_EDGE ( 'NONE', *, *, #5913, .F. ) ;
#9951 = VERTEX_POINT ( 'NONE', #599 ) ;
#9952 = DIRECTION ( 'NONE',  ( 0.000000000000000000, -1.000000000000000000, 0.000000000000000000 ) ) ;
#9953 = ORIENTED_EDGE ( 'NONE', *, *, #10181, .F. ) ;
#9954 = ADVANCED_FACE ( 'NONE', ( #4470 ), #2910, .T. ) ;
#9955 = DIRECTION ( 'NONE',  ( 0.000000000000000000, 0.000000000000000000, 1.000000000000000000 ) ) ;
#9956 = CARTESIAN_POINT ( 'NONE',  ( 15.50000000000000000, 8.500000000000000000, 1.000000000000000000 ) ) ;
#9957 =( NAMED_UNIT ( * ) SI_UNIT ( $, .STERADIAN. ) SOLID_ANGLE_UNIT ( ) );
#9958 = SURFACE_SIDE_STYLE ('',( #3702 ) ) ;
#9959 = EDGE_CURVE ( 'NONE', #3244, #3280, #6872, .T. ) ;
#9960 = CARTESIAN_POINT ( 'NONE',  ( 58.67999999999999972, 5.000000000000000000, -10.00000000000000000 ) ) ;
#9961 = ORIENTED_EDGE ( 'NONE', *, *, #1944, .F. ) ;
#9962 = CARTESIAN_POINT ( 'NONE',  ( 90.00000000000000000, 95.00000000000000000, -97.86825876601859875 ) ) ;
#9963 = ORIENTED_EDGE ( 'NONE', *, *, #8264, .F. ) ;
#9964 = VERTEX_POINT ( 'NONE', #4519 ) ;
#9965 = FILL_AREA_STYLE_COLOUR ( '', #6095 ) ;#9966 = ORIENTED_EDGE ( 'NONE', *, *, #7950, .T. ) ;
#9967 = EDGE_CURVE ( 'NONE', #1189, #6488, #8368, .T. ) ;
#9968 = LINE ( 'NONE', #461, #8337 ) ;
#9969 = EDGE_CURVE ( 'NONE', #4606, #139, #1701, .T. ) ;
#9970 = EDGE_CURVE ( 'NONE', #5353, #772, #9893, .T. ) ;
#9971 = DIRECTION ( 'NONE',  ( 1.700709290173339793E-17, 0.000000000000000000, -1.000000000000000000 ) ) ;
#9972 = FACE_OUTER_BOUND ( 'NONE', #127, .T. ) ;
#9973 = DIRECTION ( 'NONE',  ( -1.387778780781445922E-16, 1.000000000000000000, 0.000000000000000000 ) ) ;
#9974 = EDGE_LOOP ( 'NONE', ( #8952, #3361 ) ) ;
#9975 = DIRECTION ( 'NONE',  ( -0.7071067811865465735, 0.7071067811865485719, 0.000000000000000000 ) ) ;
#9976 = ORIENTED_EDGE ( 'NONE', *, *, #6089, .T. ) ;
#9977 = AXIS2_PLACEMENT_3D ( 'NONE', #8918, #9702, #7352 ) ;
#9978 = ADVANCED_FACE ( 'NONE', ( #5336 ), #1383, .T. ) ;
#9979 = PLANE ( 'NONE',  #8878 ) ;
#9980 = DIRECTION ( 'NONE',  ( 0.000000000000000000, 0.000000000000000000, 1.000000000000000000 ) ) ;
#9981 = DIRECTION ( 'NONE',  ( 0.000000000000000000, 0.000000000000000000, 1.000000000000000000 ) ) ;
#9982 = ITEM_DEFINED_TRANSFORMATION ( 'NONE', 'NONE', #4234,  #5194 ) ;
#9983 = EDGE_CURVE ( 'NONE', #4399, #4550, #1733, .T. ) ;
#9984 = CARTESIAN_POINT ( 'NONE',  ( -4.999999999999999112, 70.66810622656228702, -0.6706132646124273178 ) ) ;
#9985 = PRODUCT_DEFINITION ( 'UNKNOWN', '', #8894, #5749 ) ;
#9986 = DIRECTION ( 'NONE',  ( -5.730419068485960483E-34, 1.000000000000000000, -1.560003125878425040E-17 ) ) ;
#9987 = EDGE_LOOP ( 'NONE', ( #293, #8133, #447, #7057 ) ) ;
#9988 = ORIENTED_EDGE ( 'NONE', *, *, #493, .F. ) ;
#9989 = DIRECTION ( 'NONE',  ( -0.000000000000000000, 1.000000000000000000, -0.000000000000000000 ) ) ;
#9990 = DIRECTION ( 'NONE',  ( -0.5521351308716259121, 0.000000000000000000, 0.8337546385222528444 ) ) ;
#9991 = DIRECTION ( 'NONE',  ( 0.000000000000000000, 0.000000000000000000, 1.000000000000000000 ) ) ;
#9992 = CARTESIAN_POINT ( 'NONE',  ( 0.000000000000000000, 0.000000000000000000, 0.000000000000000000 ) ) ;
#9993 = CARTESIAN_POINT ( 'NONE',  ( 85.36863799491800364, 0.000000000000000000, -96.77829855763729938 ) ) ;
#9994 = EDGE_CURVE ( 'NONE', #8567, #3599, #5357, .T. ) ;
#9995 = DIRECTION ( 'NONE',  ( 1.000000000000000000, 7.703719777548939991E-34, 1.264933817329265970E-17 ) ) ;
#9996 = DIRECTION ( 'NONE',  ( -1.734723475976804876E-16, 1.000000000000000000, 0.000000000000000000 ) ) ;
#9997 = ORIENTED_EDGE ( 'NONE', *, *, #7944, .T. ) ;
#9998 = ORIENTED_EDGE ( 'NONE', *, *, #2245, .T. ) ;
#9999 = VECTOR ( 'NONE', #170, 1000.000000000000000 ) ;
#10000 = DIRECTION ( 'NONE',  ( 1.000000000000000000, 5.204170427930419311E-16, 0.000000000000000000 ) ) ;
#10001 = ORIENTED_EDGE ( 'NONE', *, *, #8256, .F. ) ;
#10002 = CYLINDRICAL_SURFACE ( 'NONE', #3332, 8.000000000000007105 ) ;
#10003 = CARTESIAN_POINT ( 'NONE',  ( -3.647693777163360185, 0.04196010845019170626, 0.000000000000000000 ) ) ;
#10004 = ADVANCED_FACE ( 'NONE', ( #9621 ), #7220, .F. ) ;
#10005 = DIRECTION ( 'NONE',  ( -0.000000000000000000, -1.000000000000000000, -0.000000000000000000 ) ) ;
#10006 = VECTOR ( 'NONE', #9087, 1000.000000000000000 ) ;
#10007 = CARTESIAN_POINT ( 'NONE',  ( -10.00000000000000000, -10.00000000000000000, -11.00000000000000000 ) ) ;
#10008 = VERTEX_POINT ( 'NONE', #56 ) ;
#10009 = LINE ( 'NONE', #8541, #7947 ) ;
#10010 = ORIENTED_EDGE ( 'NONE', *, *, #7795, .F. ) ;
#10011 = ORIENTED_EDGE ( 'NONE', *, *, #6228, .T. ) ;
#10012 = EDGE_LOOP ( 'NONE', ( #7361, #3574 ) ) ;
#10013 = AXIS2_PLACEMENT_3D ( 'NONE', #8757, #1607, #5627 ) ;
#10014 = PRODUCT_DEFINITION_CONTEXT ( 'detailed design', #1488, 'design' ) ;
#10015 = DIRECTION ( 'NONE',  ( -1.000000000000000000, -1.734723475976807094E-16, 0.000000000000000000 ) ) ;
#10016 = VECTOR ( 'NONE', #4987, 1000.000000000000000 ) ;
#10017 = LINE ( 'NONE', #2880, #3949 ) ;
#10018 = DIRECTION ( 'NONE',  ( 0.7071067811865465735, -0.7071067811865485719, 0.000000000000000000 ) ) ;
#10019 = AXIS2_PLACEMENT_3D ( 'NONE', #9630, #8008, #2597 ) ;
#10020 = EDGE_LOOP ( 'NONE', ( #7243, #7393, #1184, #4027 ) ) ;
#10021 = FACE_OUTER_BOUND ( 'NONE', #8216, .T. ) ;
#10022 = EDGE_LOOP ( 'NONE', ( #888, #7030, #3945, #6524 ) ) ;
#10023 = CARTESIAN_POINT ( 'NONE',  ( -85.36863799491800364, 0.000000000000000000, -99.02829855763729938 ) ) ;
#10024 = EDGE_LOOP ( 'NONE', ( #9902, #2096, #6780, #7288 ) ) ;
#10025 = EDGE_CURVE ( 'NONE', #9570, #1499, #114, .T. ) ;
#10026 = AXIS2_PLACEMENT_3D ( 'NONE', #7425, #265, #5850 ) ;
#10028 = AXIS2_PLACEMENT_3D ( 'NONE', #2921, #6141, #3655 ) ;
#10027 = FACE_OUTER_BOUND ( 'NONE', #7349, .T. ) ;
#10029 = CARTESIAN_POINT ( 'NONE',  ( 64.46620431643840732, 0.000000000000000000, -107.8905347760014024 ) ) ;
#10030 = DIRECTION ( 'NONE',  ( 0.000000000000000000, 0.000000000000000000, 1.000000000000000000 ) ) ;
#10031 = PRODUCT_DEFINITION_SHAPE ( 'NONE', 'NONE',  #10335 ) ;
#10032 = CARTESIAN_POINT ( 'NONE',  ( 10.00000000000000000, 18.00000000000000000, -100.0000000000000000 ) ) ;
#10033 = DIRECTION ( 'NONE',  ( 1.264933817329265970E-17, 0.000000000000000000, -1.000000000000000000 ) ) ;
#10034 = LINE ( 'NONE', #7484, #5406 ) ;
#10035 = EDGE_LOOP ( 'NONE', ( #1066, #1859, #4384, #6665 ) ) ;
#10036 = CIRCLE ( 'NONE', #3052, 2.249999999999998668 ) ;
#10037 = CARTESIAN_POINT ( 'NONE',  ( 5.000000000000000000, 80.40000000000000568, -2.500000000000000000 ) ) ;
#10038 = VERTEX_POINT ( 'NONE', #4039 ) ;
#10039 = ORIENTED_EDGE ( 'NONE', *, *, #3569, .F. ) ;
#10040 = ADVANCED_FACE ( 'NONE', ( #2424 ), #6181, .T. ) ;
#10041 = CIRCLE ( 'NONE', #9376, 2.250000000000001776 ) ;
#10042 = CARTESIAN_POINT ( 'NONE',  ( 15.50000000000000000, 3.500000000000000000, 17.00000000000000000 ) ) ;
#10043 = DIRECTION ( 'NONE',  ( 0.000000000000000000, 0.000000000000000000, 1.000000000000000000 ) ) ;
#10044 = DIRECTION ( 'NONE',  ( 1.000000000000000000, 0.000000000000000000, 0.000000000000000000 ) ) ;
#10045 =( LENGTH_UNIT ( ) NAMED_UNIT ( * ) SI_UNIT ( .MILLI., .METRE. ) );
#10046 = FACE_OUTER_BOUND ( 'NONE', #9543, .T. ) ;
#10047 = DIRECTION ( 'NONE',  ( 0.000000000000000000, 0.000000000000000000, -1.000000000000000000 ) ) ;
#10048 = CIRCLE ( 'NONE', #2393, 8.000000000000007105 ) ;
#10049 = ORIENTED_EDGE ( 'NONE', *, *, #8429, .T. ) ;
#10050 = ORIENTED_EDGE ( 'NONE', *, *, #6371, .F. ) ;
#10051 = AXIS2_PLACEMENT_3D ( 'NONE', #9365, #2322, #5442 ) ;
#10052 = LINE ( 'NONE', #2125, #8605 ) ;
#10053 = EDGE_CURVE ( 'NONE', #7534, #5169, #6976, .T. ) ;
#10054 = ORIENTED_EDGE ( 'NONE', *, *, #799, .T. ) ;
#10055 = EDGE_CURVE ( 'NONE', #6551, #3972, #1620, .T. ) ;
#10056 = CARTESIAN_POINT ( 'NONE',  ( -20.90380984571844891, 0.000000000000000000, 13.36289017892624109 ) ) ;
#10057 = DIRECTION ( 'NONE',  ( 0.000000000000000000, 0.000000000000000000, -1.000000000000000000 ) ) ;
#10058 = DIRECTION ( 'NONE',  ( 0.000000000000000000, 0.000000000000000000, 1.000000000000000000 ) ) ;
#10059 = PRODUCT_DEFINITION_FORMATION_WITH_SPECIFIED_SOURCE ( 'ANY', '', #623, .NOT_KNOWN. ) ;
#10060 = FACE_OUTER_BOUND ( 'NONE', #6840, .T. ) ;
#10061 = ORIENTED_EDGE ( 'NONE', *, *, #9967, .F. ) ;
#10062 = CARTESIAN_POINT ( 'NONE',  ( 15.50000000000000000, 3.851859888774469653E-33, 2.418211663346639937E-16 ) ) ;
#10063 = EDGE_LOOP ( 'NONE', ( #4041, #9011, #2592, #6134 ) ) ;
#10064 = VERTEX_POINT ( 'NONE', #5694 ) ;
#10065 = AXIS2_PLACEMENT_3D ( 'NONE', #5536, #9563, #791 ) ;
#10066 = FACE_OUTER_BOUND ( 'NONE', #4170, .T. ) ;
#10067 = VERTEX_POINT ( 'NONE', #901 ) ;
#10068 = ADVANCED_FACE ( 'NONE', ( #7806 ), #7026, .T. ) ;
#10069 = EDGE_CURVE ( 'NONE', #3995, #8291, #7880, .T. ) ;
#10070 = LINE ( 'NONE', #1403, #6679 ) ;
#10071 = AXIS2_PLACEMENT_3D ( 'NONE', #2088, #7727, #8394 ) ;
#10072 = FACE_OUTER_BOUND ( 'NONE', #7004, .T. ) ;
#10073 = ORIENTED_EDGE ( 'NONE', *, *, #2681, .F. ) ;
#10074 = LINE ( 'NONE', #7883, #5597 ) ;
#10075 = VERTEX_POINT ( 'NONE', #6378 ) ;
#10076 = CARTESIAN_POINT ( 'NONE',  ( -23.68655752103995127, 54.67986544671990146, -120.2803298308827920 ) ) ;
#10077 = ORIENTED_EDGE ( 'NONE', *, *, #3303, .T. ) ;
#10078 = AXIS2_PLACEMENT_3D ( 'NONE', #1907, #9213, #5084 ) ;
#10079 = CARTESIAN_POINT ( 'NONE',  ( 15.50000000000000000, 0.000000000000000000, 0.5000000000000000000 ) ) ;
#10080 = FILL_AREA_STYLE ('',( #682 ) ) ;
#10081 = CARTESIAN_POINT ( 'NONE',  ( -27.25000000000000000, -10.50000000000000000, 10.00000000000000000 ) ) ;
#10082 = AXIS2_PLACEMENT_3D ( 'NONE', #5324, #1372, #6908 ) ;
#10083 = CARTESIAN_POINT ( 'NONE',  ( 5.000000000000000000, 67.40000000000000568, 17.00000000000000000 ) ) ;
#10084 = CIRCLE ( 'NONE', #4423, 2.250000000000001776 ) ;
#10085 = EDGE_CURVE ( 'NONE', #4833, #3025, #2479, .T. ) ;
#10086 = FACE_OUTER_BOUND ( 'NONE', #5265, .T. ) ;
#10087 = ORIENTED_EDGE ( 'NONE', *, *, #2881, .F. ) ;
#10088 = CARTESIAN_POINT ( 'NONE',  ( -69.07332122148429221, 95.00000000000000000, -119.1878866990734025 ) ) ;
#10089 = ORIENTED_EDGE ( 'NONE', *, *, #6174, .F. ) ;
#10090 = EDGE_LOOP ( 'NONE', ( #3780, #590, #4292, #7847, #7565, #457 ) ) ;
#10091 = CIRCLE ( 'NONE', #7102, 2.250000000000001776 ) ;
#10092 = CIRCLE ( 'NONE', #5934, 10.00000000000000000 ) ;
#10093 = FACE_OUTER_BOUND ( 'NONE', #3930, .T. ) ;
#10094 = DIRECTION ( 'NONE',  ( 1.264933817329265970E-17, 6.195440985631459015E-17, -1.000000000000000000 ) ) ;
#10095 = CARTESIAN_POINT ( 'NONE',  ( -20.00000000000000000, -40.85786437626904188, -11.00000000000000000 ) ) ;
#10096 = LINE ( 'NONE', #5176, #4078 ) ;
#10097 = EDGE_CURVE ( 'NONE', #9329, #3244, #8823, .T. ) ;
#10098 = CARTESIAN_POINT ( 'NONE',  ( -10.00000000000000000, -10.00000000000000000, -11.00000000000000000 ) ) ;
#10099 = DIRECTION ( 'NONE',  ( 0.000000000000000000, -1.000000000000000000, 0.000000000000000000 ) ) ;
#10100 = AXIS2_PLACEMENT_3D ( 'NONE', #1926, #356, #5150 ) ;
#10101 = AXIS2_PLACEMENT_3D ( 'NONE', #3506, #5147, #1874 ) ;
#10102 = ORIENTED_EDGE ( 'NONE', *, *, #6122, .F. ) ;
#10103 = ORIENTED_EDGE ( 'NONE', *, *, #9276, .F. ) ;
#10104 = DIRECTION ( 'NONE',  ( -0.5521351308716259121, 0.000000000000000000, -0.8337546385222528444 ) ) ;
#10105 = VERTEX_POINT ( 'NONE', #8054 ) ;
#10106 = MECHANICAL_DESIGN_GEOMETRIC_PRESENTATION_REPRESENTATION (  '', ( #8589 ), #3956 ) ;
#10107 = DIRECTION ( 'NONE',  ( -1.934429153077334903E-32, 2.230244969721270219E-16, 1.000000000000000000 ) ) ;
#10108 = DIRECTION ( 'NONE',  ( 0.000000000000000000, 0.000000000000000000, -1.000000000000000000 ) ) ;
#10109 = CIRCLE ( 'NONE', #2931, 5.000000000000000888 ) ;
#10110 = DIRECTION ( 'NONE',  ( -1.000000000000000000, 0.000000000000000000, 0.000000000000000000 ) ) ;
#10111 = EDGE_CURVE ( 'NONE', #706, #7809, #4097, .T. ) ;
#10112 = PLANE ( 'NONE',  #1186 ) ;
#10113 = EDGE_CURVE ( 'NONE', #4274, #2454, #3400, .T. ) ;
#10114 = ORIENTED_EDGE ( 'NONE', *, *, #5269, .F. ) ;
#10115 = CARTESIAN_POINT ( 'NONE',  ( 5.000000000000000000, -9.000000000000000000, 6.000000000000000000 ) ) ;
#10116 = EDGE_LOOP ( 'NONE', ( #4144, #7073, #1470, #9649 ) ) ;
#10117 = DIRECTION ( 'NONE',  ( -1.000000000000000000, -0.000000000000000000, -0.000000000000000000 ) ) ;
#10118 = AXIS2_PLACEMENT_3D ( 'NONE', #6924, #6186, #9319 ) ;
#10119 = VERTEX_POINT ( 'NONE', #6057 ) ;
#10120 = DIRECTION ( 'NONE',  ( 1.734723475976804876E-16, -1.000000000000000000, 1.543037689415484880E-32 ) ) ;
#10121 = ORIENTED_EDGE ( 'NONE', *, *, #6113, .F. ) ;
#10122 = DIRECTION ( 'NONE',  ( 0.000000000000000000, -1.000000000000000000, 0.000000000000000000 ) ) ;
#10123 = CARTESIAN_POINT ( 'NONE',  ( -10.00000000000000000, -45.00000000000000000, 0.000000000000000000 ) ) ;
#10124 = ADVANCED_FACE ( 'NONE', ( #3630, #10027 ), #9979, .T. ) ;
#10125 = LINE ( 'NONE', #9291, #5220 ) ;
#10126 = ADVANCED_FACE ( 'NONE', ( #6006 ), #4243, .T. ) ;
#10127 = ORIENTED_EDGE ( 'NONE', *, *, #243, .F. ) ;
#10128 = DIRECTION ( 'NONE',  ( -1.734723475976810053E-15, -1.734723475976805122E-15, 1.000000000000000000 ) ) ;
#10129 = ORIENTED_EDGE ( 'NONE', *, *, #2619, .T. ) ;
#10130 = ORIENTED_EDGE ( 'NONE', *, *, #1759, .F. ) ;
#10131 = CARTESIAN_POINT ( 'NONE',  ( 5.000000000000000000, 3.851859888774469653E-33, 6.324669086646330619E-17 ) ) ;
#10132 = EDGE_LOOP ( 'NONE', ( #6196, #5971, #9776, #7910, #2400, #1357, #5327, #1782, #7964, #5567, #5003, #7377 ) ) ;
#10133 = EDGE_CURVE ( 'NONE', #1413, #1396, #8048, .T. ) ;
#10134 = CYLINDRICAL_SURFACE ( 'NONE', #2684, 2.999999999999999112 ) ;
#10135 = FACE_OUTER_BOUND ( 'NONE', #6629, .T. ) ;
#10136 = ADVANCED_FACE ( 'NONE', ( #9146 ), #2345, .F. ) ;
#10137 = LINE ( 'NONE', #7842, #9190 ) ;
#10138 = CARTESIAN_POINT ( 'NONE',  ( 35.00000000000000000, 9.500000000000000000, 0.000000000000000000 ) ) ;
#10139 = CARTESIAN_POINT ( 'NONE',  ( -2.250000000000004885, 10.00000000000000000, -16.00000000000000000 ) ) ;
#10140 = ORIENTED_EDGE ( 'NONE', *, *, #7215, .F. ) ;
#10141 = DIRECTION ( 'NONE',  ( 1.000000000000000000, 0.000000000000000000, 0.000000000000000000 ) ) ;
#10142 = ORIENTED_EDGE ( 'NONE', *, *, #7486, .T. ) ;
#10143 = AXIS2_PLACEMENT_3D ( 'NONE', #8431, #1176, #5986 ) ;
#10144 = ORIENTED_EDGE ( 'NONE', *, *, #4011, .T. ) ;
#10145 = DIRECTION ( 'NONE',  ( -1.000000000000000000, 0.000000000000000000, 0.000000000000000000 ) ) ;
#10146 = CARTESIAN_POINT ( 'NONE',  ( -4.000000000000000000, 0.000000000000000000, 25.50000000000000000 ) ) ;
#10147 = DIRECTION ( 'NONE',  ( 0.000000000000000000, 0.000000000000000000, 1.000000000000000000 ) ) ;
#10148 = DIRECTION ( 'NONE',  ( 0.000000000000000000, 0.000000000000000000, -1.000000000000000000 ) ) ;
#10149 = DIRECTION ( 'NONE',  ( 0.000000000000000000, -1.000000000000000000, 0.000000000000000000 ) ) ;
#10150 = DIRECTION ( 'NONE',  ( 0.000000000000000000, -1.000000000000000000, 0.000000000000000000 ) ) ;
#10151 = CARTESIAN_POINT ( 'NONE',  ( -41.81980515339470372, -90.96194077712559078, -33.00000000000000000 ) ) ;
#10152 = ORIENTED_EDGE ( 'NONE', *, *, #454, .T. ) ;
#10153 = ORIENTED_EDGE ( 'NONE', *, *, #2377, .T. ) ;
#10154 = FACE_BOUND ( 'NONE', #6012, .T. ) ;
#10155 = ORIENTED_EDGE ( 'NONE', *, *, #7891, .F. ) ;
#10156 = EDGE_CURVE ( 'NONE', #5985, #7007, #8347, .T. ) ;
#10157 = CARTESIAN_POINT ( 'NONE',  ( -10.00000000000000000, -40.85786437626904188, 5.000000000000000000 ) ) ;
#10158 = DIRECTION ( 'NONE',  ( 1.850371707708594809E-16, 0.000000000000000000, 1.000000000000000000 ) ) ;
#10159 = LINE ( 'NONE', #5614, #9561 ) ;
#10160 = DIRECTION ( 'NONE',  ( -5.204170427930419311E-16, 1.000000000000000000, 0.000000000000000000 ) ) ;
#10161 = CIRCLE ( 'NONE', #5659, 2.250000000000000000 ) ;
#10162 = ORIENTED_EDGE ( 'NONE', *, *, #998, .T. ) ;
#10163 = FACE_OUTER_BOUND ( 'NONE', #3464, .T. ) ;
#10164 = ORIENTED_EDGE ( 'NONE', *, *, #3948, .F. ) ;
#10165 = DIRECTION ( 'NONE',  ( 0.000000000000000000, 1.000000000000000000, 0.000000000000000000 ) ) ;
#10166 = ORIENTED_EDGE ( 'NONE', *, *, #3752, .F. ) ;
#10167 = SURFACE_SIDE_STYLE ('',( #9284 ) ) ;
#10168 = ORIENTED_EDGE ( 'NONE', *, *, #6270, .F. ) ;
#10169 = ADVANCED_FACE ( 'NONE', ( #1307 ), #7877, .T. ) ;
#10170 = VECTOR ( 'NONE', #3568, 1000.000000000000000 ) ;
#10171 = FACE_OUTER_BOUND ( 'NONE', #6817, .T. ) ;
#10172 = DIRECTION ( 'NONE',  ( 1.878072721644629807E-16, 1.878072721644624877E-16, 1.000000000000000000 ) ) ;
#10173 = CARTESIAN_POINT ( 'NONE',  ( 1.071565949253934124E-15, 200.0000000000000000, -8.750000000000000000 ) ) ;
#10174 = VERTEX_POINT ( 'NONE', #1554 ) ;
#10175 = DIRECTION ( 'NONE',  ( -5.551115123125785858E-15, 0.000000000000000000, 1.000000000000000000 ) ) ;
#10176 = ORIENTED_EDGE ( 'NONE', *, *, #392, .T. ) ;
#10177 = CIRCLE ( 'NONE', #8672, 10.00000000000000000 ) ;
#10178 = ORIENTED_EDGE ( 'NONE', *, *, #10113, .F. ) ;
#10179 = LINE ( 'NONE', #7673, #7110 ) ;
#10180 = EDGE_LOOP ( 'NONE', ( #9539, #8606 ) ) ;
#10181 = EDGE_CURVE ( 'NONE', #5949, #3868, #8650, .T. ) ;
#10182 = EDGE_CURVE ( 'NONE', #5195, #1344, #5517, .T. ) ;
#10183 = CARTESIAN_POINT ( 'NONE',  ( -2.500000000000000000, 70.90000000000000568, 0.000000000000000000 ) ) ;
#10184 = CIRCLE ( 'NONE', #2537, 2.249999999999998668 ) ;
#10185 = CARTESIAN_POINT ( 'NONE',  ( -65.00000000000000000, 85.00000000000000000, -120.2793298308826024 ) ) ;
#10186 = CARTESIAN_POINT ( 'NONE',  ( -25.00000000000000000, -10.50000000000000000, 10.00000000000000000 ) ) ;
#10187 = CARTESIAN_POINT ( 'NONE',  ( -4.000000000000000000, 0.000000000000000000, 0.5000000000000000000 ) ) ;
#10188 = DIRECTION ( 'NONE',  ( 1.000000000000000000, 1.734723475976807094E-16, 0.000000000000000000 ) ) ;
#10189 = EDGE_LOOP ( 'NONE', ( #357, #9121, #9167, #3103 ) ) ;
#10190 = LINE ( 'NONE', #3116, #2084 ) ;
#10191 = EDGE_LOOP ( 'NONE', ( #5382, #10054, #2981, #9238, #5843, #8450 ) ) ;
#10192 = VERTEX_POINT ( 'NONE', #1990 ) ;
#10193 = AXIS2_PLACEMENT_3D ( 'NONE', #1774, #4954, #202 ) ;
#10194 = EDGE_CURVE ( 'NONE', #5894, #9683, #2212, .T. ) ;
#10195 = LINE ( 'NONE', #643, #6160 ) ;
#10196 = CARTESIAN_POINT ( 'NONE',  ( 53.68655752104000811, 0.000000000000000000, -28.54374205374395146 ) ) ;
#10197 = CARTESIAN_POINT ( 'NONE',  ( -105.9611620727810077, 95.00000000000000000, -198.6011201459824917 ) ) ;
#10198 = CIRCLE ( 'NONE', #5862, 5.000000000000000000 ) ;
#10199 = CLOSED_SHELL ( 'NONE', ( #4680, #2753, #6750, #9156, #5766, #4908, #10126, #7566, #4764, #8383 ) ) ;
#10200 = CARTESIAN_POINT ( 'NONE',  ( -34.74873734152924953, -98.03300858899099524, -33.00000000000000000 ) ) ;
#10201 = EDGE_CURVE ( 'NONE', #2776, #3624, #5162, .T. ) ;
#10202 = AXIS2_PLACEMENT_3D ( 'NONE', #9565, #8884, #8773 ) ;
#10203 = DIRECTION ( 'NONE',  ( 0.000000000000000000, 0.000000000000000000, -1.000000000000000000 ) ) ;
#10204 = DIRECTION ( 'NONE',  ( 0.000000000000000000, 1.000000000000000000, 0.000000000000000000 ) ) ;
#10205 = EDGE_LOOP ( 'NONE', ( #9662, #9025, #18, #7060, #3559, #8331, #774, #1248 ) ) ;
#10206 = ORIENTED_EDGE ( 'NONE', *, *, #2747, .T. ) ;
#10207 = AXIS2_PLACEMENT_3D ( 'NONE', #6009, #371, #9048 ) ;
#10208 = CARTESIAN_POINT ( 'NONE',  ( -44.06980515339470372, -90.96194077712559078, -25.00000000000000000 ) ) ;
#10209 = VERTEX_POINT ( 'NONE', #722 ) ;
#10210 = AXIS2_PLACEMENT_3D ( 'NONE', #8802, #5784, #9800 ) ;
#10211 =( GEOMETRIC_REPRESENTATION_CONTEXT ( 3 ) GLOBAL_UNCERTAINTY_ASSIGNED_CONTEXT ( ( #6373 ) ) GLOBAL_UNIT_ASSIGNED_CONTEXT ( ( #2018, #2072, #6875 ) ) REPRESENTATION_CONTEXT ( 'NONE', 'WORKASPACE' ) );
#10212 = CARTESIAN_POINT ( 'NONE',  ( 3.250000000000000000, 0.000000000000000000, 0.000000000000000000 ) ) ;
#10213 = DIRECTION ( 'NONE',  ( 1.000000000000000000, 0.000000000000000000, 0.000000000000000000 ) ) ;
#10214 = FILL_AREA_STYLE_COLOUR ( '', #3412 ) ;
#10215 =( GEOMETRIC_REPRESENTATION_CONTEXT ( 3 ) GLOBAL_UNCERTAINTY_ASSIGNED_CONTEXT ( ( #2635 ) ) GLOBAL_UNIT_ASSIGNED_CONTEXT ( ( #2818, #9127, #1970 ) ) REPRESENTATION_CONTEXT ( 'NONE', 'WORKASPACE' ) );
#10216 = CARTESIAN_POINT ( 'NONE',  ( -65.00000000000000000, 95.00000000000000000, -120.2793298308828014 ) ) ;
#10217 = EDGE_CURVE ( 'NONE', #7759, #6352, #3895, .T. ) ;
#10218 = ORIENTED_EDGE ( 'NONE', *, *, #9642, .F. ) ;
#10219 = CYLINDRICAL_SURFACE ( 'NONE', #1771, 2.250000000000001776 ) ;
#10220 = ORIENTED_EDGE ( 'NONE', *, *, #2851, .T. ) ;
#10221 = LINE ( 'NONE', #3090, #30 ) ;
#10222 = ORIENTED_EDGE ( 'NONE', *, *, #1596, .T. ) ;
#10223 = CARTESIAN_POINT ( 'NONE',  ( 64.46620431643840732, 0.000000000000000000, -110.1405347760014024 ) ) ;
#10224 = ORIENTED_EDGE ( 'NONE', *, *, #10279, .F. ) ;
#10225 = CARTESIAN_POINT ( 'NONE',  ( 4.332851387010889788, 18.00000000000000000, -97.29470861319070707 ) ) ;
#10226 = CARTESIAN_POINT ( 'NONE',  ( -27.68655752103995127, 74.67986544671991567, -120.2803298308827920 ) ) ;
#10227 = DIRECTION ( 'NONE',  ( 1.264933817329265970E-17, 0.000000000000000000, -1.000000000000000000 ) ) ;
#10228 = VECTOR ( 'NONE', #10149, 1000.000000000000000 ) ;
#10229 = EDGE_CURVE ( 'NONE', #485, #9803, #7576, .T. ) ;
#10230 = ORIENTED_EDGE ( 'NONE', *, *, #8900, .F. ) ;
#10231 = LINE ( 'NONE', #3722, #4924 ) ;
#10232 = ORIENTED_EDGE ( 'NONE', *, *, #2274, .T. ) ;
#10233 = APPLICATION_CONTEXT ( 'automotive_design' ) ;
#10234 = ORIENTED_EDGE ( 'NONE', *, *, #5089, .T. ) ;
#10235 = DIRECTION ( 'NONE',  ( 0.000000000000000000, 0.000000000000000000, 1.000000000000000000 ) ) ;
#10236 = ORIENTED_EDGE ( 'NONE', *, *, #200, .T. ) ;
#10237 = CIRCLE ( 'NONE', #1739, 2.249999999999998668 ) ;
#10238 = DIRECTION ( 'NONE',  ( -1.264933817329265970E-17, 0.000000000000000000, 1.000000000000000000 ) ) ;
#10239 = CYLINDRICAL_SURFACE ( 'NONE', #5202, 2.750000000000000000 ) ;
#10240 = DIRECTION ( 'NONE',  ( -0.000000000000000000, -1.000000000000000000, -0.000000000000000000 ) ) ;
#10241 = DIRECTION ( 'NONE',  ( 1.734723475976804876E-16, -1.000000000000000000, 0.000000000000000000 ) ) ;
#10242 = EDGE_CURVE ( 'NONE', #9824, #5525, #6381, .T. ) ;
#10243 = LINE ( 'NONE', #7897, #3769 ) ;
#10244 = VERTEX_POINT ( 'NONE', #2891 ) ;
#10245 = VECTOR ( 'NONE', #4939, 1000.000000000000000 ) ;
#10246 = LINE ( 'NONE', #689, #6590 ) ;
#10247 = VERTEX_POINT ( 'NONE', #10225 ) ;
#10248 = ADVANCED_FACE ( 'NONE', ( #3095 ), #5963, .F. ) ;
#10249 = CARTESIAN_POINT ( 'NONE',  ( 5.000000000000000000, 18.00000000000000000, -100.0000000000000000 ) ) ;
#10250 = DIRECTION ( 'NONE',  ( 1.000000000000000000, 4.163336342344336238E-15, 0.000000000000000000 ) ) ;
#10251 = DIRECTION ( 'NONE',  ( 1.702472356944999686E-17, -1.000000000000000000, 2.105309006708164872E-21 ) ) ;
#10252 = DIRECTION ( 'NONE',  ( 0.000000000000000000, 0.000000000000000000, -1.000000000000000000 ) ) ;
#10253 = CARTESIAN_POINT ( 'NONE',  ( 0.000000000000000000, 57.00000000000000000, -5.500000000000000000 ) ) ;
#10254 = ORIENTED_EDGE ( 'NONE', *, *, #6384, .T. ) ;
#10255 = EDGE_CURVE ( 'NONE', #4151, #827, #4693, .T. ) ;
#10256 = ORIENTED_EDGE ( 'NONE', *, *, #9029, .F. ) ;
#10257 = AXIS2_PLACEMENT_3D ( 'NONE', #3104, #2308, #4498 ) ;
#10258 = AXIS2_PLACEMENT_3D ( 'NONE', #7166, #9622, #5 ) ;
#10259 = CARTESIAN_POINT ( 'NONE',  ( 58.67999999999999972, 5.000000000000000000, -10.00000000000000000 ) ) ;
#10260 = EDGE_LOOP ( 'NONE', ( #9513, #3749, #1411, #7758 ) ) ;
#10261 = ADVANCED_FACE ( 'NONE', ( #6309, #9493 ), #3606, .F. ) ;
#10262 = DIRECTION ( 'NONE',  ( 0.000000000000000000, 1.000000000000000000, 0.000000000000000000 ) ) ;
#10263 = FACE_OUTER_BOUND ( 'NONE', #5982, .T. ) ;
#10264 =( LENGTH_UNIT ( ) NAMED_UNIT ( * ) SI_UNIT ( .MILLI., .METRE. ) );
#10265 = VECTOR ( 'NONE', #2578, 1000.000000000000000 ) ;
#10266 = VECTOR ( 'NONE', #2518, 1000.000000000000000 ) ;
#10267 = CARTESIAN_POINT ( 'NONE',  ( 8.572527594031465301E-16, 85.00000000000000000, -103.2793298308826024 ) ) ;
#10268 = VERTEX_POINT ( 'NONE', #6774 ) ;
#10269 = CARTESIAN_POINT ( 'NONE',  ( -15.00000000000000000, 5.500000000000000000, 0.000000000000000000 ) ) ;
#10270 = ORIENTED_EDGE ( 'NONE', *, *, #3959, .T. ) ;
#10271 = DIRECTION ( 'NONE',  ( -1.734723475976804876E-16, 1.000000000000000000, 0.000000000000000000 ) ) ;
#10272 = ORIENTED_EDGE ( 'NONE', *, *, #2033, .T. ) ;
#10273 = DIRECTION ( 'NONE',  ( 0.000000000000000000, -1.000000000000000000, 0.000000000000000000 ) ) ;
#10274 = VERTEX_POINT ( 'NONE', #5141 ) ;
#10275 = EDGE_CURVE ( 'NONE', #6566, #1848, #5943, .T. ) ;
#10276 = VECTOR ( 'NONE', #8178, 1000.000000000000000 ) ;
#10277 = VECTOR ( 'NONE', #6458, 1000.000000000000000 ) ;
#10278 = DIRECTION ( 'NONE',  ( 1.000000000000000000, 1.734723475976804876E-16, 0.000000000000000000 ) ) ;
#10279 = EDGE_CURVE ( 'NONE', #4798, #5182, #5294, .T. ) ;
#10280 = DIRECTION ( 'NONE',  ( 0.000000000000000000, 0.000000000000000000, 1.000000000000000000 ) ) ;
#10281 = CARTESIAN_POINT ( 'NONE',  ( 67.07925725763350044, 0.000000000000000000, -84.99047725517949914 ) ) ;
#10282 = AXIS2_PLACEMENT_3D ( 'NONE', #9302, #7794, #4559 ) ;
#10283 = ORIENTED_EDGE ( 'NONE', *, *, #3523, .F. ) ;
#10284 = DIRECTION ( 'NONE',  ( 0.000000000000000000, 0.000000000000000000, 1.000000000000000000 ) ) ;
#10285 = ORIENTED_EDGE ( 'NONE', *, *, #8269, .T. ) ;
#10286 = ORIENTED_EDGE ( 'NONE', *, *, #8355, .T. ) ;
#10287 = DIRECTION ( 'NONE',  ( 0.000000000000000000, 0.000000000000000000, -1.000000000000000000 ) ) ;
#10288 = ORIENTED_EDGE ( 'NONE', *, *, #1492, .T. ) ;
#10289 = ADVANCED_FACE ( 'NONE', ( #500 ), #1131, .F. ) ;
#10290 = EDGE_CURVE ( 'NONE', #1909, #4766, #9717, .T. ) ;
#10291 = FACE_OUTER_BOUND ( 'NONE', #4185, .T. ) ;
#10292 = FACE_OUTER_BOUND ( 'NONE', #4969, .T. ) ;
#10293 = LINE ( 'NONE', #5692, #22 ) ;
#10294 = CIRCLE ( 'NONE', #8967, 10.00000000000000178 ) ;
#10295 = LINE ( 'NONE', #7165, #9229 ) ;
#10296 = CYLINDRICAL_SURFACE ( 'NONE', #3106, 2.000000000000000000 ) ;
#10297 = ORIENTED_EDGE ( 'NONE', *, *, #6876, .F. ) ;
#10298 = LINE ( 'NONE', #6278, #6948 ) ;
#10299 = EDGE_LOOP ( 'NONE', ( #4200, #6393, #6513, #6457 ) ) ;
#10300 = AXIS2_PLACEMENT_3D ( 'NONE', #8549, #6890, #3665 ) ;
#10301 = EDGE_CURVE ( 'NONE', #1396, #9500, #5890, .T. ) ;
#10302 = DIRECTION ( 'NONE',  ( -0.8660254037844383745, 0.000000000000000000, 0.5000000000000003331 ) ) ;
#10303 = CARTESIAN_POINT ( 'NONE',  ( 30.31344247896005228, 74.67986544671991567, -42.59593772390965682 ) ) ;
#10304 = CARTESIAN_POINT ( 'NONE',  ( -64.46620431643840732, 85.00000000000000000, -112.3905347760014024 ) ) ;
#10305 = AXIS2_PLACEMENT_3D ( 'NONE', #822, #8033, #2404 ) ;
#10306 = CARTESIAN_POINT ( 'NONE',  ( -20.90380984571844891, 0.000000000000000000, 13.36289017892626063 ) ) ;
#10307 = ORIENTED_EDGE ( 'NONE', *, *, #484, .F. ) ;
#10308 = ORIENTED_EDGE ( 'NONE', *, *, #3968, .F. ) ;
#10309 = CARTESIAN_POINT ( 'NONE',  ( 15.50000000000000000, 80.40000000000000568, -2.500000000000000000 ) ) ;
#10310 = ORIENTED_EDGE ( 'NONE', *, *, #2827, .F. ) ;
#10311 = PRODUCT_DEFINITION_CONTEXT ( 'detailed design', #8624, 'design' ) ;
#10312 = NEXT_ASSEMBLY_USAGE_OCCURRENCE ( 'NAUO1', ' ', ' ', #6150, #470, $ ) ;
#10313 = NEXT_ASSEMBLY_USAGE_OCCURRENCE ( 'NAUO2', ' ', ' ', #6150, #3872, $ ) ;
#10314 = NEXT_ASSEMBLY_USAGE_OCCURRENCE ( 'NAUO3', ' ', ' ', #6150, #5708, $ ) ;
#10315 = NEXT_ASSEMBLY_USAGE_OCCURRENCE ( 'NAUO4', ' ', ' ', #6150, #5708, $ ) ;
#10316 = NEXT_ASSEMBLY_USAGE_OCCURRENCE ( 'NAUO5', ' ', ' ', #6150, #8311, $ ) ;
#10317 = NEXT_ASSEMBLY_USAGE_OCCURRENCE ( 'NAUO6', ' ', ' ', #6150, #8311, $ ) ;
#10318 = NEXT_ASSEMBLY_USAGE_OCCURRENCE ( 'NAUO7', ' ', ' ', #6150, #8444, $ ) ;
#10319 = NEXT_ASSEMBLY_USAGE_OCCURRENCE ( 'NAUO8', ' ', ' ', #6150, #8444, $ ) ;
#10320 = NEXT_ASSEMBLY_USAGE_OCCURRENCE ( 'NAUO9', ' ', ' ', #6150, #8444, $ ) ;
#10321 = NEXT_ASSEMBLY_USAGE_OCCURRENCE ( 'NAUO10', ' ', ' ', #6150, #8444, $ ) ;
#10322 = NEXT_ASSEMBLY_USAGE_OCCURRENCE ( 'NAUO11', ' ', ' ', #6150, #607, $ ) ;
#10323 = NEXT_ASSEMBLY_USAGE_OCCURRENCE ( 'NAUO12', ' ', ' ', #6150, #607, $ ) ;
#10324 = NEXT_ASSEMBLY_USAGE_OCCURRENCE ( 'NAUO13', ' ', ' ', #6150, #607, $ ) ;
#10325 = NEXT_ASSEMBLY_USAGE_OCCURRENCE ( 'NAUO14', ' ', ' ', #6150, #607, $ ) ;
#10326 = NEXT_ASSEMBLY_USAGE_OCCURRENCE ( 'NAUO15', ' ', ' ', #6150, #3679, $ ) ;
#10327 = NEXT_ASSEMBLY_USAGE_OCCURRENCE ( 'NAUO16', ' ', ' ', #6150, #7557, $ ) ;
#10328 = NEXT_ASSEMBLY_USAGE_OCCURRENCE ( 'NAUO17', ' ', ' ', #6150, #7557, $ ) ;
#10329 = NEXT_ASSEMBLY_USAGE_OCCURRENCE ( 'NAUO18', ' ', ' ', #6150, #7557, $ ) ;
#10330 = NEXT_ASSEMBLY_USAGE_OCCURRENCE ( 'NAUO19', ' ', ' ', #6150, #7557, $ ) ;
#10331 = NEXT_ASSEMBLY_USAGE_OCCURRENCE ( 'NAUO20', ' ', ' ', #6150, #1232, $ ) ;
#10332 = NEXT_ASSEMBLY_USAGE_OCCURRENCE ( 'NAUO21', ' ', ' ', #6150, #1232, $ ) ;
#10333 = NEXT_ASSEMBLY_USAGE_OCCURRENCE ( 'NAUO22', ' ', ' ', #6150, #5506, $ ) ;
#10334 = NEXT_ASSEMBLY_USAGE_OCCURRENCE ( 'NAUO23', ' ', ' ', #6150, #5506, $ ) ;
#10335 = NEXT_ASSEMBLY_USAGE_OCCURRENCE ( 'NAUO24', ' ', ' ', #6150, #2604, $ ) ;
#10336 = NEXT_ASSEMBLY_USAGE_OCCURRENCE ( 'NAUO25', ' ', ' ', #6150, #2604, $ ) ;
#10337 = NEXT_ASSEMBLY_USAGE_OCCURRENCE ( 'NAUO26', ' ', ' ', #6150, #9985, $ ) ;
ENDSEC;
END-ISO-10303-21;