ISO-10303-21;
HEADER;
FILE_DESCRIPTION (( 'STEP AP214' ),
    '1' );
FILE_NAME ('Pneumatic_Gripper_Assembly.STEP',
    '2026-09-19T12:55:28',
    ( '' ),
    ( '' ),
    'SwSTEP 2.0',
    'SolidWorks 2025',
    '' );
FILE_SCHEMA (( 'AUTOMOTIVE_DESIGN' ));
ENDSEC;

DATA;
#1 = CARTESIAN_POINT ( 'NONE',  ( 67.07925725763352887, 85.00000000000000000, -84.99047725517949914 ) ) ;
#2 = ORIENTED_EDGE ( 'NONE', *, *, #10658, .F. ) ;
#3 = VERTEX_POINT ( 'NONE', #9571 ) ;
#4 = DIRECTION ( 'NONE',  ( 0.000000000000000000, 0.000000000000000000, 1.000000000000000000 ) ) ;
#5 = EDGE_CURVE ( 'NONE', #6916, #3170, #4589, .T. ) ;
#6 = ADVANCED_FACE ( 'NONE', ( #6003 ), #6122, .F. ) ;
#7 = CARTESIAN_POINT ( 'NONE',  ( -10.00000000000000355, 9.999999999999998224, 5.000000000000000000 ) ) ;
#8 = CARTESIAN_POINT ( 'NONE',  ( 5.000000000000000000, 0.000000000000000000, 25.50000000000000000 ) ) ;
#9 = DIRECTION ( 'NONE',  ( 0.000000000000000000, 0.000000000000000000, 1.000000000000000000 ) ) ;
#10 = VERTEX_POINT ( 'NONE', #242 ) ;
#11 = FACE_OUTER_BOUND ( 'NONE', #10640, .T. ) ;
#12 = EDGE_CURVE ( 'NONE', #1586, #2626, #7227, .T. ) ;
#13 = SHAPE_REPRESENTATION_RELATIONSHIP ( 'NONE' , 'NONE' ,  #1429, #10484 ) ;
#14 = ORIENTED_EDGE ( 'NONE', *, *, #4575, .T. ) ;
#15 = ORIENTED_EDGE ( 'NONE', *, *, #8491, .F. ) ;
#16 = PRODUCT_DEFINITION_SHAPE ( 'NONE', 'NONE',  #10832 ) ;
#17 = PLANE ( 'NONE',  #424 ) ;
#18 = DIRECTION ( 'NONE',  ( -0.000000000000000000, -1.000000000000000000, -0.000000000000000000 ) ) ;
#19 = VERTEX_POINT ( 'NONE', #5298 ) ;
#20 = CARTESIAN_POINT ( 'NONE',  ( 0.000000000000000000, 0.000000000000000000, 0.000000000000000000 ) ) ;
#21 = ADVANCED_FACE ( 'NONE', ( #4486 ), #3608, .F. ) ;
#22 = FACE_OUTER_BOUND ( 'NONE', #1741, .T. ) ;
#23 = FACE_OUTER_BOUND ( 'NONE', #10308, .T. ) ;
#24 = ORIENTED_EDGE ( 'NONE', *, *, #8726, .F. ) ;
#25 = LINE ( 'NONE', #8464, #7782 ) ;
#26 = ADVANCED_FACE ( 'NONE', ( #8631 ), #3549, .T. ) ;
#27 =( NAMED_UNIT ( * ) PLANE_ANGLE_UNIT ( ) SI_UNIT ( $, .RADIAN. ) );
#28 = DIRECTION ( 'NONE',  ( 1.734723475976807094E-16, -1.000000000000000000, 0.000000000000000000 ) ) ;
#29 = ORIENTED_EDGE ( 'NONE', *, *, #6295, .T. ) ;
#30 = EDGE_LOOP ( 'NONE', ( #7937, #1078 ) ) ;
#31 = LINE ( 'NONE', #7370, #7084 ) ;
#32 = CARTESIAN_POINT ( 'NONE',  ( 26.31344247896003097, 74.67986544671987303, -28.54374205374393725 ) ) ;
#33 = LINE ( 'NONE', #6832, #8445 ) ;
#34 = LINE ( 'NONE', #1582, #2369 ) ;
#36 = ADVANCED_FACE ( 'NONE', ( #5252 ), #10376, .T. ) ;
#35 = DIRECTION ( 'NONE',  ( -0.4141393648650371628, -0.4141393648650361081, 0.8105412839198062880 ) ) ;
#37 = DIRECTION ( 'NONE',  ( 0.000000000000000000, 0.000000000000000000, 1.000000000000000000 ) ) ;
#38 = ORIENTED_EDGE ( 'NONE', *, *, #7145, .T. ) ;
#39 = ORIENTED_EDGE ( 'NONE', *, *, #5024, .F. ) ;
#40 = PLANE ( 'NONE',  #1888 ) ;
#41 = ORIENTED_EDGE ( 'NONE', *, *, #9167, .T. ) ;
#42 = EDGE_LOOP ( 'NONE', ( #5700, #10502, #3850, #1495, #7793, #8844, #7076, #10114, #4335, #9975, #3306, #2987, #5902, #941, #2545, #5851, #5653, #3186 ) ) ;
#43 = ADVANCED_FACE ( 'NONE', ( #10283 ), #1134, .F. ) ;
#44 = CARTESIAN_POINT ( 'NONE',  ( 0.000000000000000000, 57.00000000000000000, 0.000000000000000000 ) ) ;
#45 = CARTESIAN_POINT ( 'NONE',  ( -9.999999999999998224, -40.85786437626903478, 5.000000000000011546 ) ) ;
#46 = DIRECTION ( 'NONE',  ( 0.000000000000000000, 0.000000000000000000, 1.000000000000000000 ) ) ;
#47 = CARTESIAN_POINT ( 'NONE',  ( 85.36863799491800364, 10.00000000000000000, -96.77829855763729938 ) ) ;
#48 = EDGE_LOOP ( 'NONE', ( #4523, #6682, #1462, #8870 ) ) ;
#49 = DIRECTION ( 'NONE',  ( 0.9950961625239996833, 4.623041555497114385E-19, 0.09891222032696260491 ) ) ;
#50 = LINE ( 'NONE', #5062, #9768 ) ;
#51 = EDGE_LOOP ( 'NONE', ( #5335, #2610, #9136, #2567 ) ) ;
#52 = EDGE_LOOP ( 'NONE', ( #9228, #5719, #7487, #9087, #8415 ) ) ;
#53 = CARTESIAN_POINT ( 'NONE',  ( -41.81980515339471083, -90.96194077712557657, -32.99999999999999289 ) ) ;
#54 = VECTOR ( 'NONE', #6320, 1000.000000000000000 ) ;
#55 = EDGE_CURVE ( 'NONE', #9944, #7556, #9980, .T. ) ;
#56 = DIRECTION ( 'NONE',  ( -1.387778780781445676E-16, 1.000000000000000000, -0.000000000000000000 ) ) ;
#57 = CARTESIAN_POINT ( 'NONE',  ( 4.142135623730940353, -59.14213562373096522, -11.00000000000000000 ) ) ;
#58 = CARTESIAN_POINT ( 'NONE',  ( -41.81980515339471083, -90.96194077712557657, -24.99999999999999289 ) ) ;
#59 = VERTEX_POINT ( 'NONE', #2727 ) ;
#60 = PLANE ( 'NONE',  #76 ) ;
#61 = ORIENTED_EDGE ( 'NONE', *, *, #4616, .F. ) ;
#62 = VERTEX_POINT ( 'NONE', #405 ) ;
#63 = CARTESIAN_POINT ( 'NONE',  ( -14.90117512409818090, -78.18544637156001897, -5.236488491950767710 ) ) ;
#64 = CARTESIAN_POINT ( 'NONE',  ( -94.00000000000001421, 95.00000000000000000, -104.7964619962940844 ) ) ;
#65 = VERTEX_POINT ( 'NONE', #8529 ) ;
#66 = CIRCLE ( 'NONE', #9171, 2.250000000000001776 ) ;
#67 = EDGE_CURVE ( 'NONE', #6129, #8648, #1083, .T. ) ;
#68 = AXIS2_PLACEMENT_3D ( 'NONE', #5376, #9595, #2279 ) ;
#69 = CARTESIAN_POINT ( 'NONE',  ( 2.249999999999994671, 9.999999999999998224, -16.00000000000000000 ) ) ;
#70 = CARTESIAN_POINT ( 'NONE',  ( -64.99999999999980105, 85.00000000000000000, -112.1326873879137622 ) ) ;
#71 = CARTESIAN_POINT ( 'NONE',  ( -30.38298617678111668, -65.38298617678107405, -11.09330355699792214 ) ) ;
#72 = ORIENTED_EDGE ( 'NONE', *, *, #12, .T. ) ;
#73 = LINE ( 'NONE', #9244, #603 ) ;
#74 = CARTESIAN_POINT ( 'NONE',  ( 2.999999999999999112, 18.00000000000000000, -85.14486490616359049 ) ) ;
#75 = AXIS2_PLACEMENT_3D ( 'NONE', #5943, #2595, #4 ) ;
#76 = AXIS2_PLACEMENT_3D ( 'NONE', #3360, #4197, #5117 ) ;
#77 = CARTESIAN_POINT ( 'NONE',  ( 15.05453387609420624, 74.89999999999997726, 1.000000000000002665 ) ) ;
#78 = VERTEX_POINT ( 'NONE', #9411 ) ;
#79 = ORIENTED_EDGE ( 'NONE', *, *, #9619, .F. ) ;
#80 = CARTESIAN_POINT ( 'NONE',  ( -3.764003191354605704, 70.88614373879812547, 0.1662646025331242505 ) ) ;
#81 = EDGE_CURVE ( 'NONE', #2899, #10596, #1910, .T. ) ;
#82 = VECTOR ( 'NONE', #10247, 1000.000000000000000 ) ;
#83 = CARTESIAN_POINT ( 'NONE',  ( -30.54774002826776425, 18.00000000000000000, 10.71815755839265094 ) ) ;
#84 = VECTOR ( 'NONE', #8013, 1000.000000000000000 ) ;
#85 = FILL_AREA_STYLE_COLOUR ( '', #10535 ) ;
#86 = DIRECTION ( 'NONE',  ( -0.000000000000000000, -0.000000000000000000, 1.000000000000000000 ) ) ;
#87 = EDGE_CURVE ( 'NONE', #2550, #4716, #408, .T. ) ;
#88 = CARTESIAN_POINT ( 'NONE',  ( 2.499999999999999556, 0.000000000000000000, 25.50000000000000000 ) ) ;
#89 = ORIENTED_EDGE ( 'NONE', *, *, #8149, .F. ) ;
#90 = ORIENTED_EDGE ( 'NONE', *, *, #10503, .F. ) ;
#91 = DIRECTION ( 'NONE',  ( 1.000000000000000000, -0.000000000000000000, 1.156482317317871478E-16 ) ) ;
#92 = ORIENTED_EDGE ( 'NONE', *, *, #10172, .F. ) ;
#93 = ORIENTED_EDGE ( 'NONE', *, *, #8033, .F. ) ;
#94 = CIRCLE ( 'NONE', #3611, 2.250000000000001776 ) ;
#95 = AXIS2_PLACEMENT_3D ( 'NONE', #4450, #10246, #5317 ) ;
#96 = AXIS2_PLACEMENT_3D ( 'NONE', #2230, #6493, #9678 ) ;
#97 = EDGE_CURVE ( 'NONE', #1251, #10320, #8804, .T. ) ;
#98 = DIRECTION ( 'NONE',  ( -1.734723475976807094E-16, 1.000000000000000000, 0.000000000000000000 ) ) ;
#99 = AXIS2_PLACEMENT_3D ( 'NONE', #8187, #3867, #3977 ) ;
#100 = PRODUCT_DEFINITION_SHAPE ( 'NONE', 'NONE',  #10830 ) ;
#101 = FACE_OUTER_BOUND ( 'NONE', #52, .T. ) ;
#102 = VECTOR ( 'NONE', #6116, 1000.000000000000000 ) ;
#103 = DIRECTION ( 'NONE',  ( 1.000000000000000000, 0.000000000000000000, 0.000000000000000000 ) ) ;
#104 = DIRECTION ( 'NONE',  ( 0.000000000000000000, 0.000000000000000000, 1.000000000000000000 ) ) ;
#105 = DIRECTION ( 'NONE',  ( 0.000000000000000000, 0.000000000000000000, -1.000000000000000000 ) ) ;
#106 = ORIENTED_EDGE ( 'NONE', *, *, #2745, .T. ) ;
#107 =( NAMED_UNIT ( * ) PLANE_ANGLE_UNIT ( ) SI_UNIT ( $, .RADIAN. ) );
#108 = CARTESIAN_POINT ( 'NONE',  ( 5.000000000000000000, 80.40000000000000568, 25.50000000000000000 ) ) ;
#109 = VERTEX_POINT ( 'NONE', #3045 ) ;
#110 = EDGE_LOOP ( 'NONE', ( #3189, #1226 ) ) ;
#111 = CARTESIAN_POINT ( 'NONE',  ( -34.99999999999999289, -3.469446951953614189E-15, 10.00000000000000000 ) ) ;
#112 = EDGE_CURVE ( 'NONE', #2769, #6068, #7974, .T. ) ;
#113 = PLANE ( 'NONE',  #1123 ) ;
#114 = CARTESIAN_POINT ( 'NONE',  ( 15.49999999999999822, -12.50000000000000000, 0.5000000000000000000 ) ) ;
#115 = DIRECTION ( 'NONE',  ( 0.000000000000000000, 0.000000000000000000, 1.000000000000000000 ) ) ;
#116 = ORIENTED_EDGE ( 'NONE', *, *, #10160, .T. ) ;
#117 = ADVANCED_FACE ( 'NONE', ( #4698 ), #6654, .F. ) ;
#118 = CARTESIAN_POINT ( 'NONE',  ( 5.000000000000000888, 62.40000000000000568, 5.999999999999999112 ) ) ;
#119 = VECTOR ( 'NONE', #158, 1000.000000000000000 ) ;
#120 = EDGE_LOOP ( 'NONE', ( #6169, #106 ) ) ;
#121 = ORIENTED_EDGE ( 'NONE', *, *, #2156, .F. ) ;
#122 = EDGE_CURVE ( 'NONE', #8223, #4111, #8948, .T. ) ;
#123 = EDGE_CURVE ( 'NONE', #705, #6067, #8071, .T. ) ;
#124 = LINE ( 'NONE', #6766, #6892 ) ;
#125 = CARTESIAN_POINT ( 'NONE',  ( 5.000000000000000000, 79.90000000000000568, 17.00000000000001066 ) ) ;
#126 = ORIENTED_EDGE ( 'NONE', *, *, #5229, .F. ) ;
#127 = VECTOR ( 'NONE', #2921, 1000.000000000000000 ) ;
#128 = LINE ( 'NONE', #5125, #3668 ) ;
#129 = AXIS2_PLACEMENT_3D ( 'NONE', #940, #4290, #4746 ) ;
#130 = DIRECTION ( 'NONE',  ( -1.734723475976807094E-16, 1.000000000000000000, -0.000000000000000000 ) ) ;
#131 = DIRECTION ( 'NONE',  ( -1.387778780781445676E-15, 0.000000000000000000, 1.000000000000000000 ) ) ;
#132 = VECTOR ( 'NONE', #7667, 1000.000000000000000 ) ;
#133 = EDGE_LOOP ( 'NONE', ( #1944, #9765, #4596, #7425 ) ) ;
#134 = CARTESIAN_POINT ( 'NONE',  ( 5.000000000000000000, -3.122048140665064108E-17, 0.9999999999999997780 ) ) ;
#135 =( REPRESENTATION_RELATIONSHIP ('NONE','NONE', #1790, #5930 ) REPRESENTATION_RELATIONSHIP_WITH_TRANSFORMATION ( #6301 )SHAPE_REPRESENTATION_RELATIONSHIP( ) );
#136 = CYLINDRICAL_SURFACE ( 'NONE', #3489, 5.000000000000002665 ) ;
#137 = ORIENTED_EDGE ( 'NONE', *, *, #3485, .F. ) ;
#138 = EDGE_LOOP ( 'NONE', ( #7162, #8053, #3253, #478 ) ) ;
#139 = CARTESIAN_POINT ( 'NONE',  ( -15.00000000000000178, 12.50000000000000000, 20.00000000000000000 ) ) ;
#140 = EDGE_CURVE ( 'NONE', #988, #2364, #4747, .T. ) ;
#141 = VECTOR ( 'NONE', #5192, 1000.000000000000000 ) ;
#142 = EDGE_CURVE ( 'NONE', #2760, #2426, #10595, .T. ) ;
#143 = DIRECTION ( 'NONE',  ( 0.000000000000000000, 1.000000000000000000, 0.000000000000000000 ) ) ;
#144 = SURFACE_STYLE_USAGE ( .BOTH. , #981 ) ;
#145 = LINE ( 'NONE', #8317, #3082 ) ;
#146 = EDGE_LOOP ( 'NONE', ( #7689, #5063, #770, #8998 ) ) ;
#147 = CARTESIAN_POINT ( 'NONE',  ( -20.00000000000000000, -40.85786437626903478, -11.00000000000000000 ) ) ;
#148 = EDGE_LOOP ( 'NONE', ( #4669, #6450 ) ) ;
#149 = ORIENTED_EDGE ( 'NONE', *, *, #2468, .F. ) ;
#150 = ADVANCED_FACE ( 'NONE', ( #2272 ), #8030, .F. ) ;
#151 = CARTESIAN_POINT ( 'NONE',  ( -75.00000000000001421, 0.000000000000000000, -75.00000000000000000 ) ) ;
#152 = ORIENTED_EDGE ( 'NONE', *, *, #8103, .F. ) ;
#153 = VERTEX_POINT ( 'NONE', #9673 ) ;
#154 = CIRCLE ( 'NONE', #3316, 2.249999999999998668 ) ;
#155 = DIRECTION ( 'NONE',  ( 0.000000000000000000, 0.000000000000000000, -1.000000000000000000 ) ) ;
#156 = ADVANCED_FACE ( 'NONE', ( #4033 ), #9828, .F. ) ;
#157 = FACE_BOUND ( 'NONE', #7358, .T. ) ;
#158 = DIRECTION ( 'NONE',  ( -1.000000000000000000, 0.000000000000000000, 0.000000000000000000 ) ) ;
#159 = CARTESIAN_POINT ( 'NONE',  ( 0.000000000000000000, 0.000000000000000000, 0.000000000000000000 ) ) ;
#160 = ORIENTED_EDGE ( 'NONE', *, *, #5805, .T. ) ;
#161 = DIRECTION ( 'NONE',  ( -0.9999999997608040037, 1.700685292556041779E-17, -2.187217985055044770E-05 ) ) ;
#162 = DIRECTION ( 'NONE',  ( 0.000000000000000000, 0.000000000000000000, 1.000000000000000000 ) ) ;
#163 = ORIENTED_EDGE ( 'NONE', *, *, #10066, .F. ) ;
#164 = ORIENTED_EDGE ( 'NONE', *, *, #3345, .T. ) ;
#165 = EDGE_CURVE ( 'NONE', #2903, #9247, #686, .T. ) ;
#166 = DIRECTION ( 'NONE',  ( 1.000000000000000000, 0.000000000000000000, 0.000000000000000000 ) ) ;
#167 = EDGE_CURVE ( 'NONE', #6145, #9722, #570, .T. ) ;
#168 = CARTESIAN_POINT ( 'NONE',  ( -9.999999999999996447, -45.00000000000000000, -11.00000000000000000 ) ) ;
#169 = CARTESIAN_POINT ( 'NONE',  ( 9.999999999999992895, 18.00000000000000000, -81.58229419209513367 ) ) ;
#170 = LINE ( 'NONE', #5236, #9543 ) ;
#171 = EDGE_LOOP ( 'NONE', ( #10633, #9297, #6519, #10127 ) ) ;
#172 = DIRECTION ( 'NONE',  ( 1.000000000000000000, 7.703719777548943412E-34, 1.264933817329266432E-17 ) ) ;
#173 = EDGE_CURVE ( 'NONE', #6108, #9034, #590, .T. ) ;
#174 = VERTEX_POINT ( 'NONE', #523 ) ;
#175 = ORIENTED_EDGE ( 'NONE', *, *, #9936, .F. ) ;
#176 = ADVANCED_FACE ( 'NONE', ( #3871 ), #10537, .F. ) ;
#177 = CARTESIAN_POINT ( 'NONE',  ( 4.999999999999998224, 18.00000000000000000, -85.14486490616359049 ) ) ;
#178 = DIRECTION ( 'NONE',  ( -1.734723475976807094E-16, 1.000000000000000000, 0.000000000000000000 ) ) ;
#179 = FACE_OUTER_BOUND ( 'NONE', #9970, .T. ) ;
#180 = EDGE_CURVE ( 'NONE', #1629, #9774, #9728, .T. ) ;
#181 = EDGE_CURVE ( 'NONE', #4970, #1853, #5455, .T. ) ;
#182 = CARTESIAN_POINT ( 'NONE',  ( 6.735557395310441037E-16, 0.000000000000000000, 5.500000000000000000 ) ) ;
#183 = DIRECTION ( 'NONE',  ( -8.673617379884027583E-16, 0.000000000000000000, -1.000000000000000000 ) ) ;
#184 = ORIENTED_EDGE ( 'NONE', *, *, #4749, .T. ) ;
#185 = LINE ( 'NONE', #8626, #9182 ) ;
#186 = CARTESIAN_POINT ( 'NONE',  ( 5.000000000000000000, 3.851859888774471706E-33, 6.324669086646331852E-17 ) ) ;
#187 = DIRECTION ( 'NONE',  ( 1.577021341797097560E-16, 0.000000000000000000, -1.000000000000000000 ) ) ;
#188 = DIRECTION ( 'NONE',  ( 0.000000000000000000, 0.000000000000000000, -1.000000000000000000 ) ) ;
#189 = ORIENTED_EDGE ( 'NONE', *, *, #6709, .F. ) ;
#190 = DIRECTION ( 'NONE',  ( -0.000000000000000000, -1.000000000000000000, -0.000000000000000000 ) ) ;
#191 = DIRECTION ( 'NONE',  ( 0.000000000000000000, 0.000000000000000000, 1.000000000000000000 ) ) ;
#192 = EDGE_CURVE ( 'NONE', #10466, #5520, #7151, .T. ) ;
#193 = CARTESIAN_POINT ( 'NONE',  ( 25.00000000000000000, 0.000000000000000000, -10.00000000000000178 ) ) ;
#194 = DIRECTION ( 'NONE',  ( 0.000000000000000000, 1.000000000000000000, 0.000000000000000000 ) ) ;
#195 = ORIENTED_EDGE ( 'NONE', *, *, #6261, .F. ) ;
#196 = CARTESIAN_POINT ( 'NONE',  ( 0.000000000000000000, 10.00000000000000000, -110.2793298308826877 ) ) ;
#197 = ORIENTED_EDGE ( 'NONE', *, *, #1661, .F. ) ;
#198 = VERTEX_POINT ( 'NONE', #4860 ) ;
#199 = FACE_OUTER_BOUND ( 'NONE', #8390, .T. ) ;
#200 = EDGE_CURVE ( 'NONE', #7364, #9651, #10438, .T. ) ;
#201 = ORIENTED_EDGE ( 'NONE', *, *, #5451, .F. ) ;
#202 = ORIENTED_EDGE ( 'NONE', *, *, #2139, .F. ) ;
#203 = AXIS2_PLACEMENT_3D ( 'NONE', #9620, #1232, #3752 ) ;
#204 = CARTESIAN_POINT ( 'NONE',  ( 25.00000000000000000, 0.000000000000000000, 0.000000000000000000 ) ) ;
#205 = ADVANCED_FACE ( 'NONE', ( #3923 ), #7252, .F. ) ;
#206 = FILL_AREA_STYLE_COLOUR ( '', #741 ) ;
#207 = DIRECTION ( 'NONE',  ( -1.000000000000000000, -1.734723475976807094E-16, 0.000000000000000000 ) ) ;
#208 = LINE ( 'NONE', #3572, #10258 ) ;
#209 = CARTESIAN_POINT ( 'NONE',  ( -29.04331074782909994, -64.04331074782906796, -5.236488491950767710 ) ) ;
#210 = ORIENTED_EDGE ( 'NONE', *, *, #4036, .T. ) ;
#211 = PRODUCT_CONTEXT ( 'NONE', #8397, 'mechanical' ) ;
#212 = AXIS2_PLACEMENT_3D ( 'NONE', #1439, #3701, #396 ) ;
#213 =( NAMED_UNIT ( * ) SI_UNIT ( $, .STERADIAN. ) SOLID_ANGLE_UNIT ( ) );
#214 = ORIENTED_EDGE ( 'NONE', *, *, #9605, .T. ) ;
#215 = ORIENTED_EDGE ( 'NONE', *, *, #1565, .T. ) ;
#216 = DIRECTION ( 'NONE',  ( -0.000000000000000000, 1.000000000000000000, -0.000000000000000000 ) ) ;
#217 = ADVANCED_FACE ( 'NONE', ( #5788 ), #7357, .F. ) ;
#218 = AXIS2_PLACEMENT_3D ( 'NONE', #2734, #6175, #250 ) ;
#219 = CARTESIAN_POINT ( 'NONE',  ( -64.99999999999980105, 95.00000000000000000, -120.2793298308828014 ) ) ;
#220 = CARTESIAN_POINT ( 'NONE',  ( -27.68655752103996903, 54.67986544671986593, -120.2803298308827920 ) ) ;
#221 = CARTESIAN_POINT ( 'NONE',  ( -96.67003710817800766, 85.00000000000000000, -93.45117771904557458 ) ) ;
#222 = ORIENTED_EDGE ( 'NONE', *, *, #9547, .T. ) ;
#223 = CARTESIAN_POINT ( 'NONE',  ( -20.90380984571846312, 18.00000000000000000, 13.36289017892626063 ) ) ;
#224 = EDGE_CURVE ( 'NONE', #3190, #1168, #2549, .T. ) ;
#225 = ORIENTED_EDGE ( 'NONE', *, *, #9668, .T. ) ;
#226 = ORIENTED_EDGE ( 'NONE', *, *, #8571, .F. ) ;
#227 = VECTOR ( 'NONE', #312, 1000.000000000000000 ) ;
#228 = LINE ( 'NONE', #4368, #8814 ) ;
#229 = CARTESIAN_POINT ( 'NONE',  ( 25.00000000000000000, 9.500000000000012434, 20.00000000000000000 ) ) ;
#230 = VECTOR ( 'NONE', #2584, 1000.000000000000000 ) ;
#231 = PRODUCT_DEFINITION ( 'UNKNOWN', '', #8358, #6643 ) ;
#232 = DIRECTION ( 'NONE',  ( -1.700709290173340409E-17, 0.000000000000000000, -1.000000000000000000 ) ) ;
#233 = CIRCLE ( 'NONE', #3048, 2.250000000000001776 ) ;
#234 = LINE ( 'NONE', #3656, #4962 ) ;
#235 = DIRECTION ( 'NONE',  ( -0.000000000000000000, -1.000000000000000000, 0.000000000000000000 ) ) ;
#236 = ORIENTED_EDGE ( 'NONE', *, *, #1407, .T. ) ;
#237 = CARTESIAN_POINT ( 'NONE',  ( -39.00443338159792006, 0.000000000000000000, -42.59593772390965682 ) ) ;
#238 = CARTESIAN_POINT ( 'NONE',  ( -2.500000000000000000, 70.90000000000000568, 0.000000000000000000 ) ) ;
#239 =( BOUNDED_CURVE ( )  B_SPLINE_CURVE ( 3, ( #2741, #6791, #2638, #7761 ),
 .UNSPECIFIED., .F., .F. ) 
 B_SPLINE_CURVE_WITH_KNOTS ( ( 4, 4 ),
 ( 3.141592653589793116, 4.712388980384689674 ),
 .UNSPECIFIED. ) 
 CURVE ( )  GEOMETRIC_REPRESENTATION_ITEM ( )  RATIONAL_B_SPLINE_CURVE ( ( 1.000000000000000000, 0.8047378541243649375, 0.8047378541243649375, 1.000000000000000000 ) ) 
 REPRESENTATION_ITEM ( '' )  );
#240 = CARTESIAN_POINT ( 'NONE',  ( 5.000000000000000000, 80.40000000000000568, 22.50000000000000000 ) ) ;
#241 = LINE ( 'NONE', #304, #3131 ) ;
#242 = CARTESIAN_POINT ( 'NONE',  ( -2.585886042071672275, 9.000000000000000000, -81.79106840947748935 ) ) ;
#243 = ORIENTED_EDGE ( 'NONE', *, *, #2469, .F. ) ;
#244 = CIRCLE ( 'NONE', #4630, 2.249999999999998668 ) ;
#245 = PLANE ( 'NONE',  #9202 ) ;
#246 = ADVANCED_FACE ( 'NONE', ( #4252 ), #4959, .F. ) ;
#247 = VECTOR ( 'NONE', #1430, 1000.000000000000000 ) ;
#248 = CIRCLE ( 'NONE', #7244, 3.000000000000000000 ) ;
#249 = CARTESIAN_POINT ( 'NONE',  ( 0.000000000000000000, 0.000000000000000000, 0.000000000000000000 ) ) ;
#250 = DIRECTION ( 'NONE',  ( 0.000000000000000000, 0.000000000000000000, 1.000000000000000000 ) ) ;
#251 = AXIS2_PLACEMENT_3D ( 'NONE', #9943, #9159, #8400 ) ;
#252 = CYLINDRICAL_SURFACE ( 'NONE', #2747, 2.999999999999999112 ) ;
#253 = VECTOR ( 'NONE', #10550, 1000.000000000000000 ) ;
#254 = VECTOR ( 'NONE', #10220, 1000.000000000000000 ) ;
#255 = ORIENTED_EDGE ( 'NONE', *, *, #2367, .T. ) ;
#256 = VECTOR ( 'NONE', #9899, 1000.000000000000000 ) ;
#257 = CARTESIAN_POINT ( 'NONE',  ( -41.81980515339471083, -90.96194077712557657, -32.99999999999999289 ) ) ;
#258 = VERTEX_POINT ( 'NONE', #10758 ) ;
#259 = ORIENTED_EDGE ( 'NONE', *, *, #4433, .T. ) ;
#260 = CARTESIAN_POINT ( 'NONE',  ( 27.25000000000000000, 9.500000000000008882, 10.00000000000000000 ) ) ;
#261 = EDGE_LOOP ( 'NONE', ( #10678, #8644, #698, #4842 ) ) ;
#262 = EDGE_LOOP ( 'NONE', ( #10403, #7604, #2463, #1059 ) ) ;
#263 = EDGE_CURVE ( 'NONE', #7872, #9258, #6543, .T. ) ;
#264 = ADVANCED_FACE ( 'NONE', ( #10050 ), #9115, .F. ) ;
#265 = VECTOR ( 'NONE', #1000, 1000.000000000000227 ) ;
#266 = VECTOR ( 'NONE', #1669, 1000.000000000000000 ) ;
#267 = CYLINDRICAL_SURFACE ( 'NONE', #1499, 3.000000000000000000 ) ;
#268 = LINE ( 'NONE', #8551, #3555 ) ;
#269 = CARTESIAN_POINT ( 'NONE',  ( 2.500000000000000000, 0.000000000000000000, 0.5000000000000000000 ) ) ;
#270 = FACE_OUTER_BOUND ( 'NONE', #3723, .T. ) ;
#271 = AXIS2_PLACEMENT_3D ( 'NONE', #4654, #2901, #8697 ) ;
#272 = CARTESIAN_POINT ( 'NONE',  ( 2.500000000000000000, 70.90000000000000568, 0.000000000000000000 ) ) ;
#273 = ORIENTED_EDGE ( 'NONE', *, *, #679, .T. ) ;
#274 = APPLICATION_PROTOCOL_DEFINITION ( 'draft international standard', 'automotive_design', 1998, #7406 ) ;
#275 = VECTOR ( 'NONE', #6786, 1000.000000000000227 ) ;
#276 = DIRECTION ( 'NONE',  ( -0.7071067811865485719, -0.7071067811865465735, -2.655995914072783456E-16 ) ) ;
#277 = ORIENTED_EDGE ( 'NONE', *, *, #3294, .T. ) ;
#278 = ORIENTED_EDGE ( 'NONE', *, *, #9725, .F. ) ;
#279 = DIRECTION ( 'NONE',  ( 0.000000000000000000, 0.000000000000000000, 1.000000000000000000 ) ) ;
#280 = AXIS2_PLACEMENT_3D ( 'NONE', #7706, #194, #6882 ) ;
#281 = FACE_BOUND ( 'NONE', #334, .T. ) ;
#282 = DIRECTION ( 'NONE',  ( -1.000000000000000000, -0.000000000000000000, -0.000000000000000000 ) ) ;
#283 = CYLINDRICAL_SURFACE ( 'NONE', #4817, 2.250000000000000000 ) ;
#284 = ORIENTED_EDGE ( 'NONE', *, *, #4205, .F. ) ;
#285 = CARTESIAN_POINT ( 'NONE',  ( 15.50000000000000000, -3.996221620051281269E-15, 21.99999999999999289 ) ) ;
#286 = PRODUCT_DEFINITION_CONTEXT ( 'detailed design', #6102, 'design' ) ;
#287 = VERTEX_POINT ( 'NONE', #1781 ) ;
#288 = VERTEX_POINT ( 'NONE', #8356 ) ;
#289 =( GEOMETRIC_REPRESENTATION_CONTEXT ( 3 ) GLOBAL_UNCERTAINTY_ASSIGNED_CONTEXT ( ( #2823 ) ) GLOBAL_UNIT_ASSIGNED_CONTEXT ( ( #6597, #7468, #5894 ) ) REPRESENTATION_CONTEXT ( 'NONE', 'WORKASPACE' ) );
#290 = ADVANCED_FACE ( 'NONE', ( #1617 ), #9886, .F. ) ;
#291 = DIRECTION ( 'NONE',  ( -1.053664404098409418E-33, 1.000000000000000000, 6.195440985631456550E-17 ) ) ;
#292 = ADVANCED_FACE ( 'NONE', ( #3318 ), #902, .F. ) ;
#293 = DIRECTION ( 'NONE',  ( 0.000000000000000000, 1.000000000000000000, 0.000000000000000000 ) ) ;
#294 = AXIS2_PLACEMENT_3D ( 'NONE', #5632, #588, #9748 ) ;
#295 = CIRCLE ( 'NONE', #8351, 5.000000000000000888 ) ;
#296 = DIRECTION ( 'NONE',  ( 0.000000000000000000, 0.000000000000000000, 1.000000000000000000 ) ) ;
#297 = LINE ( 'NONE', #5344, #4329 ) ;
#298 = ORIENTED_EDGE ( 'NONE', *, *, #2913, .F. ) ;
#299 = FACE_OUTER_BOUND ( 'NONE', #3721, .T. ) ;
#300 = DIRECTION ( 'NONE',  ( 0.000000000000000000, 1.000000000000000000, 0.000000000000000000 ) ) ;
#301 = AXIS2_PLACEMENT_3D ( 'NONE', #5084, #8367, #8466 ) ;
#302 = FACE_OUTER_BOUND ( 'NONE', #9974, .T. ) ;
#303 = VECTOR ( 'NONE', #9803, 1000.000000000000000 ) ;
#304 = CARTESIAN_POINT ( 'NONE',  ( -10.00000000000000178, -10.00000000000000178, 0.000000000000000000 ) ) ;
#305 = CARTESIAN_POINT ( 'NONE',  ( -20.90380984571846312, 18.00000000000000000, 15.61289017892625886 ) ) ;
#306 = ORIENTED_EDGE ( 'NONE', *, *, #10234, .T. ) ;
#307 = EDGE_LOOP ( 'NONE', ( #903, #2278 ) ) ;
#308 = AXIS2_PLACEMENT_3D ( 'NONE', #5296, #1193, #1239 ) ;
#309 = CARTESIAN_POINT ( 'NONE',  ( 96.67003710817803608, 0.000000000000000000, -93.45117771904557458 ) ) ;
#310 = VECTOR ( 'NONE', #2682, 1000.000000000000000 ) ;
#311 =( BOUNDED_CURVE ( )  B_SPLINE_CURVE ( 3, ( #10437, #7910, #5353, #8901 ),
 .UNSPECIFIED., .F., .F. ) 
 B_SPLINE_CURVE_WITH_KNOTS ( ( 4, 4 ),
 ( 4.712388980384693227, 6.283185307179586232 ),
 .UNSPECIFIED. ) 
 CURVE ( )  GEOMETRIC_REPRESENTATION_ITEM ( )  RATIONAL_B_SPLINE_CURVE ( ( 1.000000000000000000, 0.8047378541243658256, 0.8047378541243658256, 1.000000000000000000 ) ) 
 REPRESENTATION_ITEM ( '' )  );
#312 = DIRECTION ( 'NONE',  ( -1.000000000000000000, -0.000000000000000000, -0.000000000000000000 ) ) ;
#313 = PLANE ( 'NONE',  #3957 ) ;
#314 = CARTESIAN_POINT ( 'NONE',  ( 11.19431524665358069, 69.65735931288072891, 25.50000000000000000 ) ) ;
#315 = ORIENTED_EDGE ( 'NONE', *, *, #2792, .F. ) ;
#316 = CARTESIAN_POINT ( 'NONE',  ( -1.141807012330693150, -48.66918367361086695, 0.000000000000000000 ) ) ;
#317 = ORIENTED_EDGE ( 'NONE', *, *, #8726, .T. ) ;
#318 = ORIENTED_EDGE ( 'NONE', *, *, #3262, .T. ) ;
#319 = FACE_OUTER_BOUND ( 'NONE', #3536, .T. ) ;
#320 = ADVANCED_FACE ( 'NONE', ( #6658 ), #2492, .F. ) ;
#321 = EDGE_LOOP ( 'NONE', ( #2259, #717, #10206, #10008 ) ) ;
#322 = ORIENTED_EDGE ( 'NONE', *, *, #1125, .T. ) ;
#323 = EDGE_CURVE ( 'NONE', #3214, #4175, #1566, .T. ) ;
#324 = CIRCLE ( 'NONE', #1730, 2.249999999999998668 ) ;
#325 = B_SPLINE_CURVE_WITH_KNOTS ( 'NONE', 3,
 ( #9448, #2052, #1067, #8723, #1942, #5282, #3534, #6917, #4411, #6361, #7895, #553, #3856, #4621 ),
 .UNSPECIFIED., .F., .F.,
 ( 4, 2, 2, 2, 2, 2, 4 ),
 ( 0.000000000000000000, 0.0005335828852272577090, 0.001067165770454515418, 0.002134331540909031703, 0.003201497311363547555, 0.003735080196590806131, 0.004268663081818064274 ),
 .UNSPECIFIED. ) ;
#326 = DIRECTION ( 'NONE',  ( 1.223316414399868464E-17, 0.000000000000000000, -1.000000000000000000 ) ) ;
#327 = LINE ( 'NONE', #6896, #2307 ) ;
#328 = CIRCLE ( 'NONE', #1736, 5.000000000000004441 ) ;
#329 = ADVANCED_FACE ( 'NONE', ( #5901 ), #1733, .T. ) ;
#330 = EDGE_CURVE ( 'NONE', #8004, #1042, #5075, .T. ) ;
#331 = FACE_BOUND ( 'NONE', #8812, .T. ) ;
#332 = PLANE ( 'NONE',  #8533 ) ;
#333 = CARTESIAN_POINT ( 'NONE',  ( 58.67999999999999972, 5.000000000000000000, 2.250000000000002220 ) ) ;
#334 = EDGE_LOOP ( 'NONE', ( #9979, #6735 ) ) ;
#335 = AXIS2_PLACEMENT_3D ( 'NONE', #8074, #8904, #4705 ) ;
#336 = APPLICATION_PROTOCOL_DEFINITION ( 'draft international standard', 'automotive_design', 1998, #3516 ) ;
#337 = CARTESIAN_POINT ( 'NONE',  ( -96.67003710817802187, 95.00000000000000000, -93.45117771904557458 ) ) ;
#338 = ORIENTED_EDGE ( 'NONE', *, *, #4148, .T. ) ;
#339 = VERTEX_POINT ( 'NONE', #4907 ) ;
#340 = DIRECTION ( 'NONE',  ( 0.000000000000000000, 1.000000000000000000, 0.000000000000000000 ) ) ;
#341 = LINE ( 'NONE', #7729, #649 ) ;
#342 = CARTESIAN_POINT ( 'NONE',  ( 0.000000000000000000, 18.00000000000000000, 0.000000000000000000 ) ) ;
#343 = ORIENTED_EDGE ( 'NONE', *, *, #7784, .T. ) ;
#344 = CYLINDRICAL_SURFACE ( 'NONE', #2553, 2.999999999999999556 ) ;
#345 = SHAPE_REPRESENTATION_RELATIONSHIP ( 'NONE' , 'NONE' ,  #2143, #6159 ) ;
#346 = EDGE_CURVE ( 'NONE', #1760, #8771, #5953, .T. ) ;
#347 = ORIENTED_EDGE ( 'NONE', *, *, #6815, .T. ) ;
#348 = VERTEX_POINT ( 'NONE', #9286 ) ;
#349 = CYLINDRICAL_SURFACE ( 'NONE', #1302, 10.00000000000000178 ) ;
#350 = ADVANCED_FACE ( 'NONE', ( #4085 ), #5122, .F. ) ;
#351 = DIRECTION ( 'NONE',  ( -1.734723475976807094E-16, 1.000000000000000000, -0.000000000000000000 ) ) ;
#352 = CYLINDRICAL_SURFACE ( 'NONE', #1295, 8.146642442969032061 ) ;
#353 = DIRECTION ( 'NONE',  ( 0.000000000000000000, -0.000000000000000000, 1.000000000000000000 ) ) ;
#354 = ORIENTED_EDGE ( 'NONE', *, *, #8287, .T. ) ;
#355 = FACE_OUTER_BOUND ( 'NONE', #5390, .T. ) ;
#356 = DIRECTION ( 'NONE',  ( 0.000000000000000000, 1.000000000000000000, 0.000000000000000000 ) ) ;
#357 = DIRECTION ( 'NONE',  ( 0.000000000000000000, 1.000000000000000000, -0.000000000000000000 ) ) ;
#358 = ADVANCED_FACE ( 'NONE', ( #3260 ), #2714, .F. ) ;
#359 = CARTESIAN_POINT ( 'NONE',  ( 64.99999999999980105, 95.00000000000000000, -112.1326873879137622 ) ) ;
#360 = VERTEX_POINT ( 'NONE', #8521 ) ;
#361 = EDGE_CURVE ( 'NONE', #7884, #7560, #4798, .T. ) ;
#362 = FACE_OUTER_BOUND ( 'NONE', #6083, .T. ) ;
#363 = CARTESIAN_POINT ( 'NONE',  ( 0.000000000000000000, 50.00000000000001421, 0.000000000000000000 ) ) ;
#364 = LINE ( 'NONE', #2842, #2214 ) ;
#365 = CARTESIAN_POINT ( 'NONE',  ( 5.000000000000000000, -4.000000000000000888, 1.000000000000000000 ) ) ;
#366 = VERTEX_POINT ( 'NONE', #6865 ) ;
#367 = LINE ( 'NONE', #8854, #9908 ) ;
#368 = ORIENTED_EDGE ( 'NONE', *, *, #9238, .T. ) ;
#369 = ORIENTED_EDGE ( 'NONE', *, *, #1532, .T. ) ;
#370 = DIRECTION ( 'NONE',  ( 1.734723475976806601E-16, -1.000000000000000000, 1.543037689415486249E-32 ) ) ;
#371 = ORIENTED_EDGE ( 'NONE', *, *, #6956, .F. ) ;
#372 = EDGE_LOOP ( 'NONE', ( #2799, #3560, #1591, #4046 ) ) ;
#373 = DIRECTION ( 'NONE',  ( -1.000000000000000000, -1.734723475976807094E-16, 0.000000000000000000 ) ) ;
#374 = CARTESIAN_POINT ( 'NONE',  ( 0.000000000000000000, 0.000000000000000000, -10.00000000000000888 ) ) ;
#375 = EDGE_CURVE ( 'NONE', #5637, #9841, #5244, .T. ) ;
#376 = PRODUCT_RELATED_PRODUCT_CATEGORY ( 'part', '', ( #4050 ) ) ;
#377 = CARTESIAN_POINT ( 'NONE',  ( 15.50000000000000000, 80.40000000000000568, 0.5000000000000000000 ) ) ;
#378 = DIRECTION ( 'NONE',  ( -0.000000000000000000, -1.000000000000000000, -0.000000000000000000 ) ) ;
#379 = ORIENTED_EDGE ( 'NONE', *, *, #1937, .T. ) ;
#380 = ORIENTED_EDGE ( 'NONE', *, *, #9026, .F. ) ;
#381 = ORIENTED_EDGE ( 'NONE', *, *, #9264, .T. ) ;
#382 = EDGE_CURVE ( 'NONE', #3273, #829, #9336, .T. ) ;
#383 = CIRCLE ( 'NONE', #8264, 2.250000000000001776 ) ;
#384 = DIRECTION ( 'NONE',  ( -1.000000000000000000, -0.000000000000000000, 1.734723475976807094E-17 ) ) ;
#385 = DIRECTION ( 'NONE',  ( -1.000000000000000000, 0.000000000000000000, -0.000000000000000000 ) ) ;
#386 = LINE ( 'NONE', #551, #8666 ) ;
#387 = ORIENTED_EDGE ( 'NONE', *, *, #4605, .F. ) ;
#388 = LINE ( 'NONE', #10573, #8329 ) ;
#389 = DIRECTION ( 'NONE',  ( 0.000000000000000000, 0.000000000000000000, 1.000000000000000000 ) ) ;
#390 = UNCERTAINTY_MEASURE_WITH_UNIT (LENGTH_MEASURE( 1.000000000000000082E-05 ), #7569, 'distance_accuracy_value', 'NONE');
#391 = ORIENTED_EDGE ( 'NONE', *, *, #7460, .T. ) ;
#392 = VERTEX_POINT ( 'NONE', #7736 ) ;
#393 = DIRECTION ( 'NONE',  ( -1.000000000000000000, -1.734723475976807094E-16, 0.000000000000000000 ) ) ;
#394 = ADVANCED_FACE ( 'NONE', ( #3799 ), #4417, .T. ) ;
#395 = VECTOR ( 'NONE', #8092, 1000.000000000000000 ) ;
#396 = DIRECTION ( 'NONE',  ( 1.040834085586094610E-16, 0.000000000000000000, 1.000000000000000000 ) ) ;
#397 = DIRECTION ( 'NONE',  ( -1.000000000000000000, -1.734723475976807094E-16, 0.000000000000000000 ) ) ;
#398 = FACE_OUTER_BOUND ( 'NONE', #3329, .T. ) ;
#399 = ORIENTED_EDGE ( 'NONE', *, *, #1237, .T. ) ;
#400 = CARTESIAN_POINT ( 'NONE',  ( -85.36863799491800364, 10.00000000000000000, -99.02829855763729938 ) ) ;
#401 = FACE_OUTER_BOUND ( 'NONE', #3501, .T. ) ;
#402 = CIRCLE ( 'NONE', #8972, 2.500000000000002220 ) ;
#403 = DIRECTION ( 'NONE',  ( 0.7071067811865467956, -0.7071067811865483499, 1.577021341797097560E-16 ) ) ;
#404 = CARTESIAN_POINT ( 'NONE',  ( 67.07925725763350044, 95.00000000000000000, -84.99047725517948493 ) ) ;
#405 = CARTESIAN_POINT ( 'NONE',  ( -14.99999999999999822, 9.500000000000001776, 0.000000000000000000 ) ) ;
#406 = ORIENTED_EDGE ( 'NONE', *, *, #8158, .T. ) ;
#407 = EDGE_CURVE ( 'NONE', #8052, #8238, #5669, .T. ) ;
#408 = CIRCLE ( 'NONE', #8457, 10.00000000000000178 ) ;
#409 = CIRCLE ( 'NONE', #5492, 2.000000000000000000 ) ;
#410 = DIRECTION ( 'NONE',  ( 1.700709290173340409E-17, -0.000000000000000000, 1.000000000000000000 ) ) ;
#411 = DIRECTION ( 'NONE',  ( -0.000000000000000000, -1.000000000000000000, -0.000000000000000000 ) ) ;
#412 = DIRECTION ( 'NONE',  ( 0.000000000000000000, 0.000000000000000000, 1.000000000000000000 ) ) ;
#413 = CARTESIAN_POINT ( 'NONE',  ( -30.31497855141494568, 0.000000000000000000, 6.748637086761525516 ) ) ;
#414 = VERTEX_POINT ( 'NONE', #125 ) ;
#415 = AXIS2_PLACEMENT_3D ( 'NONE', #6177, #9580, #3268 ) ;
#416 = LINE ( 'NONE', #3777, #5385 ) ;
#417 = ORIENTED_EDGE ( 'NONE', *, *, #9264, .F. ) ;
#418 = VERTEX_POINT ( 'NONE', #443 ) ;
#419 = VECTOR ( 'NONE', #6521, 1000.000000000000000 ) ;
#420 = DIRECTION ( 'NONE',  ( 0.7071067811865484609, 0.7071067811865465735, 0.000000000000000000 ) ) ;
#421 = ORIENTED_EDGE ( 'NONE', *, *, #6182, .T. ) ;
#422 = ORIENTED_EDGE ( 'NONE', *, *, #463, .F. ) ;
#423 = EDGE_CURVE ( 'NONE', #4902, #3171, #5995, .T. ) ;
#424 = AXIS2_PLACEMENT_3D ( 'NONE', #177, #5176, #10209 ) ;
#425 = ADVANCED_FACE ( 'NONE', ( #2100 ), #8766, .F. ) ;
#426 = VECTOR ( 'NONE', #10752, 1000.000000000000000 ) ;
#427 = CARTESIAN_POINT ( 'NONE',  ( -9.999999999999998224, -40.85786437626902767, 0.000000000000000000 ) ) ;
#428 = VECTOR ( 'NONE', #7726, 1000.000000000000000 ) ;
#429 = CIRCLE ( 'NONE', #1841, 2.250000000000001776 ) ;
#430 = PRESENTATION_STYLE_ASSIGNMENT (( #9535 ) ) ;
#431 = EDGE_CURVE ( 'NONE', #2858, #4340, #7057, .T. ) ;
#432 = DIRECTION ( 'NONE',  ( 1.000000000000000000, 0.000000000000000000, 0.000000000000000000 ) ) ;
#433 = CARTESIAN_POINT ( 'NONE',  ( -2.499999999999999556, 63.40000000000001279, 19.50000000000000000 ) ) ;
#434 = CARTESIAN_POINT ( 'NONE',  ( -94.00000000000001421, 9.999999999999994671, -104.7964619962940702 ) ) ;
#435 = ORIENTED_EDGE ( 'NONE', *, *, #1524, .T. ) ;
#436 = B_SPLINE_CURVE_WITH_KNOTS ( 'NONE', 3,
 ( #2003, #7801, #7855, #5401 ),
 .UNSPECIFIED., .F., .F.,
 ( 4, 4 ),
 ( -1.095445926455849238E-05, 0.0006021615848549834909 ),
 .UNSPECIFIED. ) ;
#437 = CONTEXT_DEPENDENT_SHAPE_REPRESENTATION ( #3155, #5898 ) ;
#438 = CARTESIAN_POINT ( 'NONE',  ( -2.499999999999999556, 15.00000000000000000, 21.75000000000000000 ) ) ;
#439 = EDGE_LOOP ( 'NONE', ( #7529, #5989 ) ) ;
#440 = ORIENTED_EDGE ( 'NONE', *, *, #5201, .T. ) ;
#441 = AXIS2_PLACEMENT_3D ( 'NONE', #2973, #8760, #6299 ) ;
#442 = CIRCLE ( 'NONE', #6563, 2.250000000000001776 ) ;
#443 = CARTESIAN_POINT ( 'NONE',  ( -4.999999999999999112, 0.000000000000000000, 25.50000000000000000 ) ) ;
#444 = VECTOR ( 'NONE', #4609, 1000.000000000000000 ) ;
#445 = CIRCLE ( 'NONE', #9379, 2.249999999999999112 ) ;
#446 = DIRECTION ( 'NONE',  ( 1.734723475976806848E-16, -1.000000000000000000, 0.000000000000000000 ) ) ;
#447 = PLANE ( 'NONE',  #978 ) ;
#448 = ORIENTED_EDGE ( 'NONE', *, *, #9133, .F. ) ;
#449 = CYLINDRICAL_SURFACE ( 'NONE', #8499, 10.00000000000000000 ) ;
#450 = ORIENTED_EDGE ( 'NONE', *, *, #2753, .T. ) ;
#451 = ORIENTED_EDGE ( 'NONE', *, *, #4579, .T. ) ;
#452 = CARTESIAN_POINT ( 'NONE',  ( -2.999999999999999556, 3.000000000000002665, -2.500000000000000000 ) ) ;
#453 = EDGE_CURVE ( 'NONE', #552, #8568, #2334, .T. ) ;
#454 = VECTOR ( 'NONE', #1161, 1000.000000000000000 ) ;
#455 = AXIS2_PLACEMENT_3D ( 'NONE', #7314, #635, #10494 ) ;
#456 = DIRECTION ( 'NONE',  ( 0.000000000000000000, 0.000000000000000000, -1.000000000000000000 ) ) ;
#457 = LINE ( 'NONE', #5564, #54 ) ;
#458 = DIRECTION ( 'NONE',  ( 0.9386673526265887357, -0.000000000000000000, -0.3448240146987898713 ) ) ;
#459 = EDGE_CURVE ( 'NONE', #5879, #829, #4369, .T. ) ;
#460 = ORIENTED_EDGE ( 'NONE', *, *, #4694, .T. ) ;
#461 = VECTOR ( 'NONE', #9509, 1000.000000000000000 ) ;
#462 = DIRECTION ( 'NONE',  ( -1.000000000000000000, -0.000000000000000000, 1.734723475976807094E-17 ) ) ;
#463 = EDGE_CURVE ( 'NONE', #5337, #9184, #5933, .T. ) ;
#465 = CIRCLE ( 'NONE', #6588, 10.00000000000000000 ) ;
#464 = DIRECTION ( 'NONE',  ( -0.000000000000000000, -1.000000000000000000, -0.000000000000000000 ) ) ;
#466 = DIRECTION ( 'NONE',  ( -0.000000000000000000, 1.000000000000000000, -0.000000000000000000 ) ) ;
#467 = CARTESIAN_POINT ( 'NONE',  ( -5.204170427930421283E-15, 9.999999999999998224, -16.00000000000000000 ) ) ;
#468 = DIRECTION ( 'NONE',  ( 1.387778780781445676E-16, -1.000000000000000000, 0.000000000000000000 ) ) ;
#469 = ORIENTED_EDGE ( 'NONE', *, *, #7477, .F. ) ;
#470 = AXIS2_PLACEMENT_3D ( 'NONE', #9150, #4018, #3187 ) ;
#471 = VECTOR ( 'NONE', #884, 1000.000000000000000 ) ;
#472 = LINE ( 'NONE', #8846, #9071 ) ;
#473 = CYLINDRICAL_SURFACE ( 'NONE', #10372, 2.750000000000000000 ) ;
#474 = DIRECTION ( 'NONE',  ( 0.000000000000000000, 0.000000000000000000, -1.000000000000000000 ) ) ;
#475 = LINE ( 'NONE', #2019, #6726 ) ;
#476 = ORIENTED_EDGE ( 'NONE', *, *, #4073, .F. ) ;
#477 = FACE_OUTER_BOUND ( 'NONE', #2905, .T. ) ;
#478 = ORIENTED_EDGE ( 'NONE', *, *, #7784, .F. ) ;
#479 = ORIENTED_EDGE ( 'NONE', *, *, #3682, .F. ) ;
#480 = CARTESIAN_POINT ( 'NONE',  ( -94.00000000000001421, 95.00000000000000000, -104.7964619962940844 ) ) ;
#481 = VECTOR ( 'NONE', #10722, 1000.000000000000000 ) ;
#482 = FACE_OUTER_BOUND ( 'NONE', #6970, .T. ) ;
#483 = ORIENTED_EDGE ( 'NONE', *, *, #3369, .F. ) ;
#484 = ORIENTED_EDGE ( 'NONE', *, *, #3552, .F. ) ;
#485 = EDGE_CURVE ( 'NONE', #8761, #7369, #10291, .T. ) ;
#486 = CARTESIAN_POINT ( 'NONE',  ( 27.25000000000000355, -10.49999999999999112, 10.00000000000000000 ) ) ;
#487 = VECTOR ( 'NONE', #10060, 1000.000000000000114 ) ;
#488 = EDGE_CURVE ( 'NONE', #3690, #2466, #10088, .T. ) ;
#489 = CIRCLE ( 'NONE', #3989, 2.249999999999998668 ) ;
#490 = PLANE ( 'NONE',  #3589 ) ;
#491 = LINE ( 'NONE', #5633, #1281 ) ;
#492 = EDGE_CURVE ( 'NONE', #7582, #3659, #3615, .T. ) ;
#493 = CIRCLE ( 'NONE', #5575, 2.500000000000002220 ) ;
#494 = PLANE ( 'NONE',  #7979 ) ;
#495 = CARTESIAN_POINT ( 'NONE',  ( 25.00000000000000000, 5.500000000000009770, 10.00000000000000000 ) ) ;
#496 = AXIS2_PLACEMENT_3D ( 'NONE', #9183, #1575, #1689 ) ;
#497 = ORIENTED_EDGE ( 'NONE', *, *, #5023, .T. ) ;
#498 = SHAPE_DEFINITION_REPRESENTATION ( #4415, #7727 ) ;
#499 = CARTESIAN_POINT ( 'NONE',  ( 0.000000000000000000, 0.000000000000000000, -2.999999999999999556 ) ) ;
#500 = VECTOR ( 'NONE', #4203, 1000.000000000000000 ) ;
#501 = ORIENTED_EDGE ( 'NONE', *, *, #5212, .T. ) ;
#502 = ORIENTED_EDGE ( 'NONE', *, *, #7610, .T. ) ;
#503 = EDGE_CURVE ( 'NONE', #4292, #10110, #7239, .T. ) ;
#504 = LINE ( 'NONE', #2048, #591 ) ;
#505 = CARTESIAN_POINT ( 'NONE',  ( 0.000000000000000000, 57.00000000000000000, -2.749999999999999556 ) ) ;
#506 = FACE_OUTER_BOUND ( 'NONE', #10608, .T. ) ;
#507 = ORIENTED_EDGE ( 'NONE', *, *, #6854, .T. ) ;
#508 = CARTESIAN_POINT ( 'NONE',  ( 5.000000000000000000, 3.500000000000000888, 17.00000000000000000 ) ) ;
#509 = ORIENTED_EDGE ( 'NONE', *, *, #4575, .F. ) ;
#510 = VERTEX_POINT ( 'NONE', #4936 ) ;
#511 = DIRECTION ( 'NONE',  ( 1.000000000000000000, 0.000000000000000000, 0.000000000000000000 ) ) ;
#512 = EDGE_CURVE ( 'NONE', #1983, #7388, #8332, .T. ) ;
#513 = DIRECTION ( 'NONE',  ( -0.5521351308716254680, 0.000000000000000000, -0.8337546385222531775 ) ) ;
#514 = DIRECTION ( 'NONE',  ( 1.000000000000000000, 1.734723475976807094E-16, 0.000000000000000000 ) ) ;
#515 = EDGE_CURVE ( 'NONE', #4521, #6067, #934, .T. ) ;
#516 = CYLINDRICAL_SURFACE ( 'NONE', #4676, 5.000000000000000888 ) ;
#517 = EDGE_CURVE ( 'NONE', #6068, #9742, #7611, .T. ) ;
#518 = ORIENTED_EDGE ( 'NONE', *, *, #10024, .T. ) ;
#519 = CARTESIAN_POINT ( 'NONE',  ( 15.20803270774493576, 77.82893218813451597, 1.000000000000001554 ) ) ;
#520 = DIRECTION ( 'NONE',  ( 1.000000000000000000, 0.000000000000000000, -0.000000000000000000 ) ) ;
#521 = FACE_OUTER_BOUND ( 'NONE', #10661, .T. ) ;
#522 = FACE_OUTER_BOUND ( 'NONE', #9647, .T. ) ;
#523 = CARTESIAN_POINT ( 'NONE',  ( 96.67003710817803608, 9.999999999999994671, -93.45117771904557458 ) ) ;
#524 = ORIENTED_EDGE ( 'NONE', *, *, #5013, .T. ) ;
#525 = EDGE_CURVE ( 'NONE', #10267, #1675, #6128, .T. ) ;
#526 = ADVANCED_FACE ( 'NONE', ( #101 ), #6946, .T. ) ;
#527 = DIRECTION ( 'NONE',  ( -0.05233595624293713860, -0.9986295347545742773, 0.000000000000000000 ) ) ;
#528 = LINE ( 'NONE', #576, #935 ) ;
#529 = DIRECTION ( 'NONE',  ( -1.000000000000000000, 0.000000000000000000, -0.000000000000000000 ) ) ;
#530 = DIRECTION ( 'NONE',  ( 0.000000000000000000, -0.000000000000000000, 1.000000000000000000 ) ) ;
#531 = ORIENTED_EDGE ( 'NONE', *, *, #3502, .T. ) ;
#532 = LINE ( 'NONE', #6179, #3651 ) ;
#533 = ORIENTED_EDGE ( 'NONE', *, *, #796, .F. ) ;
#534 = CARTESIAN_POINT ( 'NONE',  ( 7.499999999999996447, 0.000000000000000000, -49.99999999999955236 ) ) ;
#535 = VERTEX_POINT ( 'NONE', #4992 ) ;
#536 = ORIENTED_EDGE ( 'NONE', *, *, #7276, .T. ) ;
#537 = CARTESIAN_POINT ( 'NONE',  ( 2.999999999999999556, 0.000000000000000000, -6.499999999999999112 ) ) ;
#538 = EDGE_CURVE ( 'NONE', #2081, #5891, #9469, .T. ) ;
#539 = PLANE ( 'NONE',  #6755 ) ;
#540 = ADVANCED_FACE ( 'NONE', ( #6635 ), #828, .F. ) ;
#541 = CARTESIAN_POINT ( 'NONE',  ( -41.81980515339471083, -90.96194077712557657, 23.00000000000003908 ) ) ;
#542 = DIRECTION ( 'NONE',  ( 0.000000000000000000, 1.000000000000000000, 0.000000000000000000 ) ) ;
#543 = VERTEX_POINT ( 'NONE', #7506 ) ;
#544 = PRODUCT_CONTEXT ( 'NONE', #2600, 'mechanical' ) ;
#545 = CARTESIAN_POINT ( 'NONE',  ( 74.99999999999998579, 150.0000000000000000, -75.00000000000000000 ) ) ;
#546 = ORIENTED_EDGE ( 'NONE', *, *, #8988, .T. ) ;
#547 = ORIENTED_EDGE ( 'NONE', *, *, #2445, .T. ) ;
#548 = EDGE_CURVE ( 'NONE', #8639, #8961, #4493, .T. ) ;
#549 = DIRECTION ( 'NONE',  ( 1.734723475976806601E-16, -1.000000000000000000, 1.543037689415486249E-32 ) ) ;
#550 = DIRECTION ( 'NONE',  ( 0.000000000000000000, 0.000000000000000000, 1.000000000000000000 ) ) ;
#551 = CARTESIAN_POINT ( 'NONE',  ( -10.00000000000003553, -73.28427124746190202, 0.9999999999999991118 ) ) ;
#552 = VERTEX_POINT ( 'NONE', #3346 ) ;
#553 = CARTESIAN_POINT ( 'NONE',  ( -3.225833238034886641, 68.17658824922202143, -2.490415370562954145 ) ) ;
#554 = CARTESIAN_POINT ( 'NONE',  ( 0.000000000000000000, 0.000000000000000000, 0.000000000000000000 ) ) ;
#555 = EDGE_LOOP ( 'NONE', ( #1055, #9572 ) ) ;
#556 = ORIENTED_EDGE ( 'NONE', *, *, #3900, .T. ) ;
#557 = LINE ( 'NONE', #4897, #2350 ) ;
#558 = EDGE_CURVE ( 'NONE', #9514, #10330, #6893, .T. ) ;
#559 = AXIS2_PLACEMENT_3D ( 'NONE', #4787, #5608, #7963 ) ;
#560 = CARTESIAN_POINT ( 'NONE',  ( -10.00000000000000355, 12.50000000000000000, -5.000000000000000888 ) ) ;
#561 = CARTESIAN_POINT ( 'NONE',  ( 35.00000000000000000, 5.500000000000011546, 5.204748896376250699E-16 ) ) ;
#562 = ADVANCED_FACE ( 'NONE', ( #882 ), #5769, .F. ) ;
#563 = DIRECTION ( 'NONE',  ( 0.000000000000000000, 0.7022888664850418516, -0.7118920901450972449 ) ) ;
#564 = VERTEX_POINT ( 'NONE', #10791 ) ;
#565 = FACE_OUTER_BOUND ( 'NONE', #9615, .T. ) ;
#566 = CARTESIAN_POINT ( 'NONE',  ( 10.00000000000000178, 47.50000000000000000, -120.2803298308827920 ) ) ;
#567 = FILL_AREA_STYLE_COLOUR ( '', #9058 ) ;
#568 = AXIS2_PLACEMENT_3D ( 'NONE', #3333, #10071, #6674 ) ;
#569 = DIRECTION ( 'NONE',  ( -1.000000000000000000, 0.000000000000000000, 0.000000000000000000 ) ) ;
#570 = LINE ( 'NONE', #3157, #10041 ) ;
#571 = ORIENTED_EDGE ( 'NONE', *, *, #1992, .F. ) ;
#572 = EDGE_CURVE ( 'NONE', #2678, #4170, #9978, .T. ) ;
#573 = PRODUCT_DEFINITION ( 'UNKNOWN', '', #4167, #1601 ) ;
#574 = CARTESIAN_POINT ( 'NONE',  ( -2.499999999999999556, 69.40000000000000568, 25.50000000000000000 ) ) ;
#575 = CIRCLE ( 'NONE', #10026, 5.000000000000000000 ) ;
#576 = CARTESIAN_POINT ( 'NONE',  ( -19.68655752103996193, 54.67986544671986593, -120.2803298308827920 ) ) ;
#577 = DIRECTION ( 'NONE',  ( -0.000000000000000000, -1.000000000000000000, -0.000000000000000000 ) ) ;
#578 = LINE ( 'NONE', #10660, #5680 ) ;
#579 = ORIENTED_EDGE ( 'NONE', *, *, #9196, .F. ) ;
#580 = DIRECTION ( 'NONE',  ( 0.000000000000000000, 1.000000000000000000, 0.000000000000000000 ) ) ;
#581 = ORIENTED_EDGE ( 'NONE', *, *, #10468, .F. ) ;
#582 = ADVANCED_FACE ( 'NONE', ( #9206, #5056 ), #8386, .T. ) ;
#583 = DIRECTION ( 'NONE',  ( 0.000000000000000000, -1.000000000000000000, 0.000000000000000000 ) ) ;
#584 = ORIENTED_EDGE ( 'NONE', *, *, #9593, .F. ) ;
#585 = ORIENTED_EDGE ( 'NONE', *, *, #4697, .F. ) ;
#586 = CARTESIAN_POINT ( 'NONE',  ( 9.999999999999992895, 9.999999999999998224, 5.000000000000000000 ) ) ;
#587 = CIRCLE ( 'NONE', #8633, 4.000000000000003553 ) ;
#588 = DIRECTION ( 'NONE',  ( -0.000000000000000000, -0.000000000000000000, -1.000000000000000000 ) ) ;
#589 = DIRECTION ( 'NONE',  ( -0.000000000000000000, -0.000000000000000000, 1.000000000000000000 ) ) ;
#590 = CIRCLE ( 'NONE', #1823, 2.000000000000001776 ) ;
#591 = VECTOR ( 'NONE', #8719, 1000.000000000000000 ) ;
#592 = CARTESIAN_POINT ( 'NONE',  ( 14.99999999999999822, 9.500000000000008882, 20.00000000000000000 ) ) ;
#593 = PLANE ( 'NONE',  #7614 ) ;
#594 = EDGE_CURVE ( 'NONE', #4324, #4455, #10385, .T. ) ;
#595 = ORIENTED_EDGE ( 'NONE', *, *, #4419, .F. ) ;
#596 = VERTEX_POINT ( 'NONE', #7205 ) ;
#597 = EDGE_CURVE ( 'NONE', #9457, #5697, #7983, .T. ) ;
#598 = ITEM_DEFINED_TRANSFORMATION ( 'NONE', 'NONE', #1885,  #9029 ) ;
#599 = VERTEX_POINT ( 'NONE', #7158 ) ;
#600 = ORIENTED_EDGE ( 'NONE', *, *, #7247, .T. ) ;
#601 = VECTOR ( 'NONE', #4251, 1000.000000000000227 ) ;
#602 = CIRCLE ( 'NONE', #4293, 10.00000000000000000 ) ;
#603 = VECTOR ( 'NONE', #1789, 1000.000000000000000 ) ;
#604 = ORIENTED_EDGE ( 'NONE', *, *, #3198, .T. ) ;
#605 = DIRECTION ( 'NONE',  ( -5.204170427930420297E-16, 1.000000000000000000, 0.000000000000000000 ) ) ;
#606 = SURFACE_STYLE_USAGE ( .BOTH. , #1224 ) ;
#607 = AXIS2_PLACEMENT_3D ( 'NONE', #2433, #9, #5782 ) ;
#608 = PLANE ( 'NONE',  #970 ) ;
#609 = AXIS2_PLACEMENT_3D ( 'NONE', #5560, #1394, #5654 ) ;
#610 = ORIENTED_EDGE ( 'NONE', *, *, #3959, .T. ) ;
#611 = AXIS2_PLACEMENT_3D ( 'NONE', #8672, #1115, #1176 ) ;
#612 = ORIENTED_EDGE ( 'NONE', *, *, #4909, .F. ) ;
#613 = ORIENTED_EDGE ( 'NONE', *, *, #9332, .F. ) ;
#614 = DIRECTION ( 'NONE',  ( -1.734723475976807094E-16, 1.000000000000000000, 0.000000000000000000 ) ) ;
#615 = AXIS2_PLACEMENT_3D ( 'NONE', #5105, #938, #7676 ) ;
#616 = LINE ( 'NONE', #4025, #3898 ) ;
#617 = CARTESIAN_POINT ( 'NONE',  ( 0.000000000000000000, 0.000000000000000000, 0.000000000000000000 ) ) ;
#618 = FACE_OUTER_BOUND ( 'NONE', #2250, .T. ) ;
#619 = EDGE_LOOP ( 'NONE', ( #1768, #2544, #1644, #3475 ) ) ;
#620 = FACE_BOUND ( 'NONE', #4889, .T. ) ;
#621 = EDGE_CURVE ( 'NONE', #4737, #5954, #602, .T. ) ;
#622 = DIRECTION ( 'NONE',  ( -0.000000000000000000, -1.000000000000000000, -0.000000000000000000 ) ) ;
#623 = AXIS2_PLACEMENT_3D ( 'NONE', #6625, #6567, #5046 ) ;
#624 = EDGE_CURVE ( 'NONE', #3022, #10320, #2078, .T. ) ;
#625 = CARTESIAN_POINT ( 'NONE',  ( 0.000000000000000000, 5.000000000000000000, -2.250000000000000000 ) ) ;
#626 = VECTOR ( 'NONE', #10119, 1000.000000000000000 ) ;
#627 = CYLINDRICAL_SURFACE ( 'NONE', #5160, 2.250000000000000000 ) ;
#628 = DIRECTION ( 'NONE',  ( -0.000000000000000000, -1.000000000000000000, -0.000000000000000000 ) ) ;
#629 = VERTEX_POINT ( 'NONE', #7045 ) ;
#630 = AXIS2_PLACEMENT_3D ( 'NONE', #701, #1634, #4101 ) ;
#631 = FACE_OUTER_BOUND ( 'NONE', #1577, .T. ) ;
#632 = VECTOR ( 'NONE', #7968, 1000.000000000000227 ) ;
#633 = AXIS2_PLACEMENT_3D ( 'NONE', #4258, #7581, #4206 ) ;
#634 = DIRECTION ( 'NONE',  ( 0.000000000000000000, -0.000000000000000000, 1.000000000000000000 ) ) ;
#635 = DIRECTION ( 'NONE',  ( -0.000000000000000000, 1.000000000000000000, -0.000000000000000000 ) ) ;
#636 = DIRECTION ( 'NONE',  ( -0.000000000000000000, 0.000000000000000000, -1.000000000000000000 ) ) ;
#637 = ORIENTED_EDGE ( 'NONE', *, *, #1408, .T. ) ;
#638 = CARTESIAN_POINT ( 'NONE',  ( 0.000000000000000000, 0.000000000000000000, 0.5000000000000000000 ) ) ;
#639 = ADVANCED_FACE ( 'NONE', ( #9520 ), #1361, .F. ) ;
#640 = EDGE_CURVE ( 'NONE', #834, #1251, #475, .T. ) ;
#641 = LINE ( 'NONE', #1522, #3289 ) ;
#642 = DIRECTION ( 'NONE',  ( -0.000000000000000000, -1.000000000000000000, -0.000000000000000000 ) ) ;
#643 = VECTOR ( 'NONE', #5588, 1000.000000000000000 ) ;
#644 = EDGE_LOOP ( 'NONE', ( #417, #479 ) ) ;
#645 = VERTEX_POINT ( 'NONE', #2898 ) ;
#646 = AXIS2_PLACEMENT_3D ( 'NONE', #1904, #10324, #1126 ) ;
#647 = FACE_OUTER_BOUND ( 'NONE', #4988, .T. ) ;
#648 = CARTESIAN_POINT ( 'NONE',  ( -14.99999999999999822, -5.500000000000001776, 0.000000000000000000 ) ) ;
#649 = VECTOR ( 'NONE', #282, 1000.000000000000000 ) ;
#651 = EDGE_CURVE ( 'NONE', #9258, #4291, #4795, .T. ) ;
#650 = DIRECTION ( 'NONE',  ( 1.000000000000000000, -1.368455531567204475E-48, 1.700709290173340409E-17 ) ) ;
#652 = EDGE_CURVE ( 'NONE', #8385, #392, #1246, .T. ) ;
#653 = PLANE ( 'NONE',  #7444 ) ;
#654 = ORIENTED_EDGE ( 'NONE', *, *, #5398, .T. ) ;
#655 = VERTEX_POINT ( 'NONE', #5580 ) ;
#656 = CONTEXT_DEPENDENT_SHAPE_REPRESENTATION ( #9517, #2660 ) ;
#657 = VECTOR ( 'NONE', #2501, 1000.000000000000000 ) ;
#658 = LINE ( 'NONE', #2770, #10115 ) ;
#659 = ORIENTED_EDGE ( 'NONE', *, *, #5966, .F. ) ;
#660 = ORIENTED_EDGE ( 'NONE', *, *, #3154, .T. ) ;
#661 = EDGE_CURVE ( 'NONE', #8185, #599, #7869, .T. ) ;
#662 = EDGE_CURVE ( 'NONE', #9755, #5144, #3774, .T. ) ;
#663 = CIRCLE ( 'NONE', #3125, 2.500000000000002220 ) ;
#664 = ORIENTED_EDGE ( 'NONE', *, *, #5216, .T. ) ;
#665 = SHAPE_REPRESENTATION ( 'cube_\X2\9ed88ba4\X0\', ( #9029 ), #2933 ) ;
#666 = CARTESIAN_POINT ( 'NONE',  ( -44.06980515339471083, -90.96194077712557657, 15.00000000000001421 ) ) ;
#667 = CARTESIAN_POINT ( 'NONE',  ( -64.99999999999980105, 95.00000000000000000, -120.2793298308828014 ) ) ;
#668 = DIRECTION ( 'NONE',  ( -1.000000000000000000, -0.000000000000000000, 1.734723475976807094E-17 ) ) ;
#669 = VERTEX_POINT ( 'NONE', #4595 ) ;
#670 = DIRECTION ( 'NONE',  ( 0.8349199897467495246, 3.440669451388638699E-22, -0.5503713389351663210 ) ) ;
#671 = ORIENTED_EDGE ( 'NONE', *, *, #6357, .F. ) ;
#672 = ORIENTED_EDGE ( 'NONE', *, *, #7377, .T. ) ;
#673 = LINE ( 'NONE', #7296, #3232 ) ;
#674 = CIRCLE ( 'NONE', #9429, 2.250000000000001776 ) ;
#675 = EDGE_CURVE ( 'NONE', #3022, #834, #5859, .T. ) ;
#676 = DIRECTION ( 'NONE',  ( -0.000000000000000000, -0.000000000000000000, 1.000000000000000000 ) ) ;
#677 = DIRECTION ( 'NONE',  ( -1.000000000000000000, -1.734723475976807094E-16, 0.000000000000000000 ) ) ;
#678 = AXIS2_PLACEMENT_3D ( 'NONE', #2323, #9337, #1901 ) ;
#679 = EDGE_CURVE ( 'NONE', #4253, #2649, #1300, .T. ) ;
#680 = ORIENTED_EDGE ( 'NONE', *, *, #1009, .F. ) ;
#681 = LINE ( 'NONE', #5731, #266 ) ;
#682 = DIRECTION ( 'NONE',  ( -0.000000000000000000, -1.000000000000000000, -0.000000000000000000 ) ) ;
#683 = EDGE_CURVE ( 'NONE', #7426, #8771, #7068, .T. ) ;
#684 = ORIENTED_EDGE ( 'NONE', *, *, #3020, .T. ) ;
#685 = LINE ( 'NONE', #10594, #5857 ) ;
#686 = LINE ( 'NONE', #2999, #7236 ) ;
#687 = VERTEX_POINT ( 'NONE', #8907 ) ;
#688 = ADVANCED_FACE ( 'NONE', ( #5519, #8852 ), #10543, .T. ) ;
#689 = DIRECTION ( 'NONE',  ( 8.591214980214289756E-18, -0.7118920901450974670, -0.7022888664850415186 ) ) ;
#690 = LINE ( 'NONE', #5458, #2865 ) ;
#691 = CARTESIAN_POINT ( 'NONE',  ( 0.000000000000000000, -15.00000000000000355, 0.000000000000000000 ) ) ;
#692 = CYLINDRICAL_SURFACE ( 'NONE', #9700, 2.499999999999999556 ) ;
#693 = ORIENTED_EDGE ( 'NONE', *, *, #8375, .F. ) ;
#694 = CYLINDRICAL_SURFACE ( 'NONE', #6208, 3.000000000000000000 ) ;
#695 = DIRECTION ( 'NONE',  ( -0.000000000000000000, -1.000000000000000000, -0.000000000000000000 ) ) ;
#696 = PLANE ( 'NONE',  #1722 ) ;
#697 = ORIENTED_EDGE ( 'NONE', *, *, #6480, .F. ) ;
#698 = ORIENTED_EDGE ( 'NONE', *, *, #3386, .T. ) ;
#699 = FACE_OUTER_BOUND ( 'NONE', #8935, .T. ) ;
#700 = EDGE_CURVE ( 'NONE', #9111, #4196, #10395, .T. ) ;
#701 = CARTESIAN_POINT ( 'NONE',  ( -58.74171087241097666, 95.00000000000000000, -90.51182856389573317 ) ) ;
#702 = CARTESIAN_POINT ( 'NONE',  ( 5.000000000000000000, -3.996221620051282847E-15, 22.00000000000000000 ) ) ;
#703 = DIRECTION ( 'NONE',  ( 0.3448240146987899268, 0.000000000000000000, 0.9386673526265888468 ) ) ;
#704 = DIRECTION ( 'NONE',  ( -1.000000000000000000, 0.000000000000000000, -0.000000000000000000 ) ) ;
#705 = VERTEX_POINT ( 'NONE', #365 ) ;
#706 = ORIENTED_EDGE ( 'NONE', *, *, #3123, .T. ) ;
#707 = ITEM_DEFINED_TRANSFORMATION ( 'NONE', 'NONE', #10440,  #9029 ) ;
#708 = FACE_OUTER_BOUND ( 'NONE', #2363, .T. ) ;
#709 = VERTEX_POINT ( 'NONE', #10335 ) ;
#710 = EDGE_LOOP ( 'NONE', ( #4805, #1561 ) ) ;
#711 = PRODUCT_RELATED_PRODUCT_CATEGORY ( 'part', '', ( #5978 ) ) ;
#712 = PRODUCT_DEFINITION_SHAPE ( 'NONE', 'NONE',  #10838 ) ;
#713 = ORIENTED_EDGE ( 'NONE', *, *, #2530, .F. ) ;
#714 = CARTESIAN_POINT ( 'NONE',  ( 0.000000000000000000, 0.000000000000000000, 10.00000000000000178 ) ) ;
#715 = FACE_OUTER_BOUND ( 'NONE', #7465, .T. ) ;
#716 = DIRECTION ( 'NONE',  ( 0.000000000000000000, 0.000000000000000000, -1.000000000000000000 ) ) ;
#717 = ORIENTED_EDGE ( 'NONE', *, *, #4909, .T. ) ;
#718 = DIRECTION ( 'NONE',  ( -1.699880444566277180E-17, -0.9999999999999998890, -3.679781356323685587E-16 ) ) ;
#719 = ORIENTED_EDGE ( 'NONE', *, *, #2213, .T. ) ;
#720 = EDGE_LOOP ( 'NONE', ( #9292, #2986, #243, #6690 ) ) ;
#721 = EDGE_CURVE ( 'NONE', #4868, #1364, #5329, .T. ) ;
#722 = DIRECTION ( 'NONE',  ( -8.895006672729878318E-17, -0.000000000000000000, 1.000000000000000000 ) ) ;
#723 = CARTESIAN_POINT ( 'NONE',  ( 35.00000000000000000, -5.499999999999991118, -1.925929944387235853E-31 ) ) ;
#724 = CARTESIAN_POINT ( 'NONE',  ( -30.38298617678111668, -65.38298617678107405, 1.093303556997923920 ) ) ;
#725 = PLANE ( 'NONE',  #6413 ) ;
#726 = DIRECTION ( 'NONE',  ( 0.8660254037844380415, 0.000000000000000000, 0.5000000000000008882 ) ) ;
#727 = VERTEX_POINT ( 'NONE', #4153 ) ;
#728 = CARTESIAN_POINT ( 'NONE',  ( -13.47468831681135271, 18.00000000000000000, 0.3057232255736196391 ) ) ;
#729 = DIRECTION ( 'NONE',  ( -0.000000000000000000, 1.000000000000000000, -0.000000000000000000 ) ) ;
#730 = EDGE_LOOP ( 'NONE', ( #6411, #10386, #8725, #7110 ) ) ;
#731 = EDGE_CURVE ( 'NONE', #2440, #8150, #9785, .T. ) ;
#732 = DIRECTION ( 'NONE',  ( 0.05233595624293726351, -0.9986295347545742773, -0.000000000000000000 ) ) ;
#733 = DIRECTION ( 'NONE',  ( -0.000000000000000000, -0.000000000000000000, 1.000000000000000000 ) ) ;
#734 = ORIENTED_EDGE ( 'NONE', *, *, #8889, .T. ) ;
#735 = EDGE_CURVE ( 'NONE', #2769, #2899, #6611, .T. ) ;
#736 = CARTESIAN_POINT ( 'NONE',  ( -37.50947722270052509, 10.00000000000000000, -40.33847109630991667 ) ) ;
#737 = DIRECTION ( 'NONE',  ( -0.000000000000000000, 1.000000000000000000, -0.000000000000000000 ) ) ;
#738 = DIRECTION ( 'NONE',  ( 0.000000000000000000, 1.000000000000000000, 0.000000000000000000 ) ) ;
#739 = DIRECTION ( 'NONE',  ( -0.000000000000000000, -0.000000000000000000, -1.000000000000000000 ) ) ;
#740 = LINE ( 'NONE', #5960, #6040 ) ;
#741 = COLOUR_RGB ( '',0.7921568627450980005, 0.8196078431372548767, 0.9333333333333333481 ) ;
#742 = CARTESIAN_POINT ( 'NONE',  ( -24.14213562373095812, -59.14213562373093680, 0.9999999999999991118 ) ) ;
#743 = DIRECTION ( 'NONE',  ( -0.000000000000000000, -1.000000000000000000, -0.000000000000000000 ) ) ;
#744 = VERTEX_POINT ( 'NONE', #3930 ) ;
#745 = ORIENTED_EDGE ( 'NONE', *, *, #8419, .T. ) ;
#746 = LINE ( 'NONE', #3997, #1850 ) ;
#747 = PLANE ( 'NONE',  #10597 ) ;
#748 = CARTESIAN_POINT ( 'NONE',  ( -4.999999999999999112, 70.90000000000000568, 25.50000000000000000 ) ) ;
#749 = DIRECTION ( 'NONE',  ( 0.5731392382913463868, 0.5731392382913448325, -0.5856815065047150659 ) ) ;
#750 = DIRECTION ( 'NONE',  ( 0.7071067811865465735, -0.7071067811865484609, -0.000000000000000000 ) ) ;
#751 = ORIENTED_EDGE ( 'NONE', *, *, #8075, .F. ) ;
#752 = ORIENTED_EDGE ( 'NONE', *, *, #7414, .F. ) ;
#754 = ADVANCED_FACE ( 'NONE', ( #10821 ), #692, .T. ) ;
#753 = ITEM_DEFINED_TRANSFORMATION ( 'NONE', 'NONE', #2763,  #9029 ) ;
#755 = AXIS2_PLACEMENT_3D ( 'NONE', #70, #2620, #5956 ) ;
#756 = CARTESIAN_POINT ( 'NONE',  ( -15.00000000000000178, 12.50000000000000000, 20.00000000000000000 ) ) ;
#757 = ORIENTED_EDGE ( 'NONE', *, *, #9923, .T. ) ;
#758 = ORIENTED_EDGE ( 'NONE', *, *, #10020, .F. ) ;
#759 = VECTOR ( 'NONE', #5816, 1000.000000000000000 ) ;
#760 = VECTOR ( 'NONE', #7142, 1000.000000000000000 ) ;
#761 = CARTESIAN_POINT ( 'NONE',  ( 9.999999999999998224, -15.00000000000000355, 0.000000000000000000 ) ) ;
#762 = ORIENTED_EDGE ( 'NONE', *, *, #850, .F. ) ;
#763 = LINE ( 'NONE', #830, #1307 ) ;
#764 = LINE ( 'NONE', #9146, #471 ) ;
#765 = DIRECTION ( 'NONE',  ( 0.000000000000000000, 0.000000000000000000, 1.000000000000000000 ) ) ;
#766 = ORIENTED_EDGE ( 'NONE', *, *, #6854, .F. ) ;
#767 = AXIS2_PLACEMENT_3D ( 'NONE', #9716, #1342, #7959 ) ;
#768 = CARTESIAN_POINT ( 'NONE',  ( 134.3628268799587033, 27.50000000000000000, -100.5292355033547977 ) ) ;
#769 = ORIENTED_EDGE ( 'NONE', *, *, #1077, .T. ) ;
#770 = ORIENTED_EDGE ( 'NONE', *, *, #6709, .T. ) ;
#771 = AXIS2_PLACEMENT_3D ( 'NONE', #8079, #10604, #2448 ) ;
#772 = EDGE_CURVE ( 'NONE', #7294, #2426, #6025, .T. ) ;
#773 = AXIS2_PLACEMENT_3D ( 'NONE', #4731, #5599, #7131 ) ;
#774 = CARTESIAN_POINT ( 'NONE',  ( -20.90380984571845602, 18.00000000000000000, 13.36289017892624464 ) ) ;
#775 = EDGE_CURVE ( 'NONE', #2862, #8150, #578, .T. ) ;
#776 = CIRCLE ( 'NONE', #3416, 3.000000000000000000 ) ;
#777 = CARTESIAN_POINT ( 'NONE',  ( 61.82390241499603434, 0.000000000000000000, -100.2793298308827872 ) ) ;
#778 = VECTOR ( 'NONE', #7516, 1000.000000000000000 ) ;
#779 = CARTESIAN_POINT ( 'NONE',  ( -4.999999999999999112, 55.90000000000000568, 23.99999999999999645 ) ) ;
#780 = FACE_OUTER_BOUND ( 'NONE', #8962, .T. ) ;
#781 = AXIS2_PLACEMENT_3D ( 'NONE', #10333, #10381, #2892 ) ;
#782 = LINE ( 'NONE', #4901, #6370 ) ;
#783 = ORIENTED_EDGE ( 'NONE', *, *, #4023, .T. ) ;
#784 = FACE_OUTER_BOUND ( 'NONE', #10728, .T. ) ;
#785 = ADVANCED_FACE ( 'NONE', ( #9957, #5676, #2393, #7363, #8300, #8198 ), #10708, .T. ) ;
#786 = ORIENTED_EDGE ( 'NONE', *, *, #9467, .T. ) ;
#787 = EDGE_LOOP ( 'NONE', ( #1411, #5799 ) ) ;
#788 = ADVANCED_FACE ( 'NONE', ( #4913, #9121 ), #4867, .T. ) ;
#789 = DIRECTION ( 'NONE',  ( 0.000000000000000000, 0.000000000000000000, -1.000000000000000000 ) ) ;
#790 = DIRECTION ( 'NONE',  ( 1.000000000000000000, -0.000000000000000000, -0.000000000000000000 ) ) ;
#791 = VERTEX_POINT ( 'NONE', #3210 ) ;
#792 = VECTOR ( 'NONE', #10029, 1000.000000000000000 ) ;
#793 = CIRCLE ( 'NONE', #7626, 2.250000000000000444 ) ;
#794 = AXIS2_PLACEMENT_3D ( 'NONE', #3547, #5404, #4585 ) ;
#795 = DIRECTION ( 'NONE',  ( -1.000000000000000000, 0.000000000000000000, -0.000000000000000000 ) ) ;
#796 = EDGE_CURVE ( 'NONE', #10578, #629, #8243, .T. ) ;
#797 = EDGE_CURVE ( 'NONE', #10666, #6154, #4808, .T. ) ;
#798 = DIRECTION ( 'NONE',  ( 0.000000000000000000, 0.000000000000000000, 1.000000000000000000 ) ) ;
#799 = AXIS2_PLACEMENT_3D ( 'NONE', #1918, #5258, #1965 ) ;
#800 = DIRECTION ( 'NONE',  ( 1.700709290173340409E-17, 0.000000000000000000, 1.000000000000000000 ) ) ;
#801 = DIRECTION ( 'NONE',  ( -1.000000000000000000, 0.000000000000000000, 0.000000000000000000 ) ) ;
#802 = LINE ( 'NONE', #10005, #8653 ) ;
#803 = VECTOR ( 'NONE', #4574, 1000.000000000000000 ) ;
#804 = CARTESIAN_POINT ( 'NONE',  ( 5.000000000000000888, -9.000000000000000000, 5.999999999999999112 ) ) ;
#805 = CIRCLE ( 'NONE', #2736, 2.999999999999999556 ) ;
#806 = CARTESIAN_POINT ( 'NONE',  ( 5.000000000000000000, 3.851859888774471706E-33, 25.50000000000000000 ) ) ;
#807 = ORIENTED_EDGE ( 'NONE', *, *, #3094, .F. ) ;
#808 = ORIENTED_EDGE ( 'NONE', *, *, #7470, .F. ) ;
#809 = CARTESIAN_POINT ( 'NONE',  ( 5.000000000000000000, -3.996221620051281269E-15, 21.99999999999999289 ) ) ;
#810 = CIRCLE ( 'NONE', #8330, 1.500000000000000000 ) ;
#811 = PRODUCT_DEFINITION_SHAPE ( 'NONE', 'NONE',  #10421 ) ;
#812 = CIRCLE ( 'NONE', #6409, 8.000000000000007105 ) ;
#813 = CARTESIAN_POINT ( 'NONE',  ( 3.367778697655220026E-16, 57.00000000000000000, 2.749999999999999556 ) ) ;
#814 = ADVANCED_FACE ( 'NONE', ( #8143 ), #4965, .T. ) ;
#815 = CARTESIAN_POINT ( 'NONE',  ( 5.000000000000000000, 0.000000000000000000, 4.251773225433351024E-17 ) ) ;
#816 = DIRECTION ( 'NONE',  ( 0.000000000000000000, 0.000000000000000000, 1.000000000000000000 ) ) ;
#817 = CARTESIAN_POINT ( 'NONE',  ( -4.999999999999999112, 63.40000000000001279, 21.75000000000000000 ) ) ;
#818 = EDGE_CURVE ( 'NONE', #10815, #2425, #6664, .T. ) ;
#819 = CYLINDRICAL_SURFACE ( 'NONE', #623, 2.999999999999999556 ) ;
#820 = ORIENTED_EDGE ( 'NONE', *, *, #4956, .T. ) ;
#821 = ORIENTED_EDGE ( 'NONE', *, *, #7858, .F. ) ;
#822 = VECTOR ( 'NONE', #6929, 1000.000000000000000 ) ;
#823 = DIRECTION ( 'NONE',  ( 0.000000000000000000, 0.000000000000000000, -1.000000000000000000 ) ) ;
#824 = ADVANCED_FACE ( 'NONE', ( #9898 ), #3990, .T. ) ;
#825 = ORIENTED_EDGE ( 'NONE', *, *, #3448, .F. ) ;
#826 = VERTEX_POINT ( 'NONE', #9011 ) ;
#827 = VECTOR ( 'NONE', #9982, 1000.000000000000000 ) ;
#828 = CYLINDRICAL_SURFACE ( 'NONE', #6203, 4.000000000000003553 ) ;
#829 = VERTEX_POINT ( 'NONE', #7418 ) ;
#830 = CARTESIAN_POINT ( 'NONE',  ( -5.000000000000000000, 70.90000000000000568, -0.5000000000000004441 ) ) ;
#831 = LINE ( 'NONE', #7509, #4516 ) ;
#832 = DIRECTION ( 'NONE',  ( -0.000000000000000000, -0.000000000000000000, -1.000000000000000000 ) ) ;
#833 = AXIS2_PLACEMENT_3D ( 'NONE', #4884, #3226, #10787 ) ;
#834 = VERTEX_POINT ( 'NONE', #7315 ) ;
#835 = CARTESIAN_POINT ( 'NONE',  ( -134.3628268799587033, 28.50000000000016342, -100.5292355033547977 ) ) ;
#836 = SURFACE_SIDE_STYLE ('',( #2317 ) ) ;
#837 = ORIENTED_EDGE ( 'NONE', *, *, #9832, .T. ) ;
#838 = ORIENTED_EDGE ( 'NONE', *, *, #10668, .F. ) ;
#839 = DIRECTION ( 'NONE',  ( -0.000000000000000000, -0.000000000000000000, 1.000000000000000000 ) ) ;
#840 = ADVANCED_FACE ( 'NONE', ( #5746 ), #9835, .T. ) ;
#841 = COLOUR_RGB ( '',0.7921568627450980005, 0.8196078431372548767, 0.9333333333333333481 ) ;
#842 = VECTOR ( 'NONE', #6556, 1000.000000000000114 ) ;
#843 = EDGE_CURVE ( 'NONE', #4202, #2803, #244, .T. ) ;
#844 = CYLINDRICAL_SURFACE ( 'NONE', #1646, 2.250000000000000000 ) ;
#845 = FILL_AREA_STYLE ('',( #8346 ) ) ;
#846 = CARTESIAN_POINT ( 'NONE',  ( -10.00000000000000178, 47.50000000000000000, -120.2803298308827920 ) ) ;
#847 = EDGE_LOOP ( 'NONE', ( #1175, #10697, #448, #7234 ) ) ;
#848 = CYLINDRICAL_SURFACE ( 'NONE', #3418, 2.500000000000002220 ) ;
#849 = MECHANICAL_DESIGN_GEOMETRIC_PRESENTATION_REPRESENTATION (  '', ( #1543 ), #10809 ) ;
#850 = EDGE_CURVE ( 'NONE', #2206, #4020, #2178, .T. ) ;
#851 = EDGE_LOOP ( 'NONE', ( #3896, #9994, #4874, #6557 ) ) ;
#852 = ORIENTED_EDGE ( 'NONE', *, *, #1924, .T. ) ;
#853 = AXIS2_PLACEMENT_3D ( 'NONE', #7745, #1955, #4322 ) ;
#854 = CARTESIAN_POINT ( 'NONE',  ( -24.99999999999999289, -5.500000000000001776, 20.00000000000000000 ) ) ;
#855 = DIRECTION ( 'NONE',  ( 0.5000000000000009992, -0.000000000000000000, 0.8660254037844381525 ) ) ;
#856 = ORIENTED_EDGE ( 'NONE', *, *, #3434, .T. ) ;
#857 = EDGE_CURVE ( 'NONE', #9034, #19, #782, .T. ) ;
#858 = VECTOR ( 'NONE', #7693, 1000.000000000000000 ) ;
#859 = CYLINDRICAL_SURFACE ( 'NONE', #5233, 2.249999999999998668 ) ;
#860 = CARTESIAN_POINT ( 'NONE',  ( 64.99999999999980105, 9.999999999999994671, -112.1326873879137622 ) ) ;
#861 = PLANE ( 'NONE',  #2571 ) ;
#862 = ORIENTED_EDGE ( 'NONE', *, *, #6124, .T. ) ;
#863 = CARTESIAN_POINT ( 'NONE',  ( -59.14441049068477696, 0.000000000000000000, -100.2793298308827872 ) ) ;
#864 = FILL_AREA_STYLE_COLOUR ( '', #5569 ) ;
#865 = LINE ( 'NONE', #7532, #3296 ) ;
#866 = ORIENTED_EDGE ( 'NONE', *, *, #2685, .T. ) ;
#867 = ORIENTED_EDGE ( 'NONE', *, *, #2495, .T. ) ;
#868 = LINE ( 'NONE', #5914, #10582 ) ;
#869 = EDGE_CURVE ( 'NONE', #2385, #6145, #8488, .T. ) ;
#870 = LINE ( 'NONE', #83, #6897 ) ;
#871 = DIRECTION ( 'NONE',  ( 0.000000000000000000, 0.000000000000000000, 1.000000000000000000 ) ) ;
#872 = DIRECTION ( 'NONE',  ( 1.000000000000000000, 0.000000000000000000, 0.000000000000000000 ) ) ;
#873 = DIRECTION ( 'NONE',  ( -5.204170427930420297E-16, 1.000000000000000000, -0.000000000000000000 ) ) ;
#874 = DIRECTION ( 'NONE',  ( 0.000000000000000000, 0.000000000000000000, 1.000000000000000000 ) ) ;
#875 = ORIENTED_EDGE ( 'NONE', *, *, #3255, .T. ) ;
#876 = ORIENTED_EDGE ( 'NONE', *, *, #7393, .T. ) ;
#877 = FACE_OUTER_BOUND ( 'NONE', #2129, .T. ) ;
#878 = ORIENTED_EDGE ( 'NONE', *, *, #7625, .T. ) ;
#879 = ORIENTED_EDGE ( 'NONE', *, *, #5621, .F. ) ;
#880 = EDGE_CURVE ( 'NONE', #4813, #8185, #10042, .T. ) ;
#881 = MECHANICAL_DESIGN_GEOMETRIC_PRESENTATION_REPRESENTATION (  '', ( #9758 ), #6784 ) ;
#882 = FACE_OUTER_BOUND ( 'NONE', #4007, .T. ) ;
#883 = LINE ( 'NONE', #4839, #2181 ) ;
#884 = DIRECTION ( 'NONE',  ( -0.000000000000000000, -1.000000000000000000, -0.000000000000000000 ) ) ;
#885 = DIRECTION ( 'NONE',  ( 0.000000000000000000, 1.000000000000000000, 0.000000000000000000 ) ) ;
#886 = ORIENTED_EDGE ( 'NONE', *, *, #5936, .F. ) ;
#887 = DIRECTION ( 'NONE',  ( 0.2125716572388548498, -1.126334128596276794E-16, 0.9771454807441555257 ) ) ;
#888 = SURFACE_SIDE_STYLE ('',( #8945 ) ) ;
#889 = ORIENTED_EDGE ( 'NONE', *, *, #9047, .T. ) ;
#890 = ORIENTED_EDGE ( 'NONE', *, *, #2777, .F. ) ;
#891 = EDGE_CURVE ( 'NONE', #7185, #2440, #6736, .T. ) ;
#892 = CARTESIAN_POINT ( 'NONE',  ( 10.00000000000000178, 47.50000000000000000, -28.54374205374393725 ) ) ;
#893 = LINE ( 'NONE', #5888, #4625 ) ;
#894 = CARTESIAN_POINT ( 'NONE',  ( 2.499999999999999556, 67.90000000000000568, 22.50000000000000000 ) ) ;
#895 = DIRECTION ( 'NONE',  ( -1.223316414399868618E-17, 0.000000000000000000, 1.000000000000000000 ) ) ;
#896 = EDGE_LOOP ( 'NONE', ( #1221, #2889, #9116, #8165 ) ) ;
#897 = LINE ( 'NONE', #2376, #7608 ) ;
#898 = ORIENTED_EDGE ( 'NONE', *, *, #323, .F. ) ;
#899 = EDGE_LOOP ( 'NONE', ( #7664, #4704, #6636, #8592 ) ) ;
#900 = PRODUCT_DEFINITION_SHAPE ( 'NONE', 'NONE',  #10846 ) ;
#901 = CARTESIAN_POINT ( 'NONE',  ( -37.48849769918442831, -72.48849769918437858, 15.00000000000001421 ) ) ;
#902 = PLANE ( 'NONE',  #7930 ) ;
#903 = ORIENTED_EDGE ( 'NONE', *, *, #1231, .F. ) ;
#904 = CIRCLE ( 'NONE', #5806, 1.500000000000000000 ) ;
#905 = DIRECTION ( 'NONE',  ( 0.000000000000000000, 0.000000000000000000, 1.000000000000000000 ) ) ;
#906 = DIRECTION ( 'NONE',  ( 0.000000000000000000, -0.000000000000000000, 1.000000000000000000 ) ) ;
#907 = DIRECTION ( 'NONE',  ( 1.000000000000000000, 0.000000000000000000, 0.000000000000000000 ) ) ;
#908 = ORIENTED_EDGE ( 'NONE', *, *, #7247, .F. ) ;
#909 = CARTESIAN_POINT ( 'NONE',  ( 85.36863799491800364, 0.000000000000000000, -99.02829855763729938 ) ) ;
#910 = APPLICATION_CONTEXT ( 'automotive_design' ) ;
#911 = FACE_OUTER_BOUND ( 'NONE', #10800, .T. ) ;
#912 = CARTESIAN_POINT ( 'NONE',  ( -16.16773349595811737, 18.00000000000000000, -3.907055864655816890 ) ) ;
#913 = EDGE_CURVE ( 'NONE', #8309, #3872, #2540, .T. ) ;
#914 = VERTEX_POINT ( 'NONE', #10806 ) ;
#915 = ORIENTED_EDGE ( 'NONE', *, *, #7382, .F. ) ;
#916 = EDGE_CURVE ( 'NONE', #2466, #3585, #5510, .T. ) ;
#917 = LINE ( 'NONE', #10128, #4312 ) ;
#918 = ADVANCED_FACE ( 'NONE', ( #8231 ), #3310, .F. ) ;
#919 = DIRECTION ( 'NONE',  ( 0.000000000000000000, 1.000000000000000000, 0.000000000000000000 ) ) ;
#920 = AXIS2_PLACEMENT_3D ( 'NONE', #6319, #2111, #456 ) ;
#921 = CARTESIAN_POINT ( 'NONE',  ( 35.00000000000000000, -5.499999999999991118, 10.00000000000000000 ) ) ;
#922 = LINE ( 'NONE', #9254, #5180 ) ;
#923 = CARTESIAN_POINT ( 'NONE',  ( 9.999999999999991118, 0.000000000000000000, -99.99999999999906208 ) ) ;
#924 = CARTESIAN_POINT ( 'NONE',  ( -53.68655752103997258, 95.00000000000000000, -28.54374205374393725 ) ) ;
#925 = ORIENTED_EDGE ( 'NONE', *, *, #6233, .F. ) ;
#926 = VERTEX_POINT ( 'NONE', #6651 ) ;
#927 = CARTESIAN_POINT ( 'NONE',  ( 11.31261843528554500, 3.500000000000001332, 5.999999999999999112 ) ) ;
#928 = ADVANCED_FACE ( 'NONE', ( #4078 ), #2484, .F. ) ;
#929 = ORIENTED_EDGE ( 'NONE', *, *, #624, .T. ) ;
#930 = ORIENTED_EDGE ( 'NONE', *, *, #4581, .F. ) ;
#931 = PRESENTATION_LAYER_ASSIGNMENT (  '', '', ( #2860 ) ) ;
#932 = EDGE_CURVE ( 'NONE', #9861, #1449, #8477, .T. ) ;
#933 = ADVANCED_FACE ( 'NONE', ( #1774, #8448 ), #4246, .T. ) ;
#934 = LINE ( 'NONE', #5874, #3055 ) ;
#935 = VECTOR ( 'NONE', #6286, 1000.000000000000000 ) ;
#936 = CARTESIAN_POINT ( 'NONE',  ( 15.31657277250937810, -9.000000000000001776, 16.99999999999999289 ) ) ;
#937 = LINE ( 'NONE', #1814, #5016 ) ;
#938 = DIRECTION ( 'NONE',  ( 0.000000000000000000, 0.000000000000000000, 1.000000000000000000 ) ) ;
#939 = ORIENTED_EDGE ( 'NONE', *, *, #9312, .T. ) ;
#940 = CARTESIAN_POINT ( 'NONE',  ( -59.14441049068477696, 95.00000000000000000, -90.27932983088280139 ) ) ;
#941 = ORIENTED_EDGE ( 'NONE', *, *, #10286, .T. ) ;
#942 = VERTEX_POINT ( 'NONE', #4303 ) ;
#943 = LINE ( 'NONE', #1006, #9544 ) ;
#944 = VECTOR ( 'NONE', #6112, 1000.000000000000000 ) ;
#945 = VECTOR ( 'NONE', #397, 1000.000000000000000 ) ;
#946 = CARTESIAN_POINT ( 'NONE',  ( -12.10564404198159494, -75.38991528944345077, -11.00000000000000000 ) ) ;
#947 = FACE_BOUND ( 'NONE', #8531, .T. ) ;
#948 = AXIS2_PLACEMENT_3D ( 'NONE', #3593, #4309, #2778 ) ;
#949 = DIRECTION ( 'NONE',  ( -0.7071067811865467956, 0.7071067811865483499, -0.000000000000000000 ) ) ;
#950 = ORIENTED_EDGE ( 'NONE', *, *, #1351, .F. ) ;
#951 = DIRECTION ( 'NONE',  ( 0.000000000000000000, 0.000000000000000000, -1.000000000000000000 ) ) ;
#952 = VECTOR ( 'NONE', #384, 1000.000000000000000 ) ;
#953 = EDGE_CURVE ( 'NONE', #5355, #2903, #10408, .T. ) ;
#954 = ORIENTED_EDGE ( 'NONE', *, *, #9725, .T. ) ;
#955 = ORIENTED_EDGE ( 'NONE', *, *, #10630, .T. ) ;
#956 = LINE ( 'NONE', #7523, #6200 ) ;
#957 =( BOUNDED_CURVE ( )  B_SPLINE_CURVE ( 3, ( #10518, #2103, #9760, #6263 ),
 .UNSPECIFIED., .F., .F. ) 
 B_SPLINE_CURVE_WITH_KNOTS ( ( 4, 4 ),
 ( 0.000000000000000000, 1.570796326794896780 ),
 .UNSPECIFIED. ) 
 CURVE ( )  GEOMETRIC_REPRESENTATION_ITEM ( )  RATIONAL_B_SPLINE_CURVE ( ( 1.000000000000000000, 0.8047378541243649375, 0.8047378541243649375, 1.000000000000000000 ) ) 
 REPRESENTATION_ITEM ( '' )  );#958 = EDGE_CURVE ( 'NONE', #5951, #3924, #1667, .T. ) ;
#959 = CARTESIAN_POINT ( 'NONE',  ( -24.14213562373095812, -59.14213562373093680, 0.9999999999999991118 ) ) ;
#960 = ORIENTED_EDGE ( 'NONE', *, *, #4785, .F. ) ;
#961 = VECTOR ( 'NONE', #393, 1000.000000000000000 ) ;
#962 = AXIS2_PLACEMENT_3D ( 'NONE', #3164, #4091, #6494 ) ;
#963 = LINE ( 'NONE', #10211, #6980 ) ;
#964 = EDGE_CURVE ( 'NONE', #9229, #2516, #5010, .T. ) ;
#965 = CARTESIAN_POINT ( 'NONE',  ( 53.68655752103995837, 95.00000000000000000, -28.54374205374393014 ) ) ;
#966 = CARTESIAN_POINT ( 'NONE',  ( 74.99999999999998579, 150.0000000000000000, -75.00000000000000000 ) ) ;
#967 = EDGE_CURVE ( 'NONE', #10561, #8068, #4297, .T. ) ;
#968 = ORIENTED_EDGE ( 'NONE', *, *, #6480, .T. ) ;
#969 = CARTESIAN_POINT ( 'NONE',  ( -2.250000000000004885, 9.999999999999998224, 0.000000000000000000 ) ) ;
#970 = AXIS2_PLACEMENT_3D ( 'NONE', #1332, #10471, #4679 ) ;
#971 = FILL_AREA_STYLE ('',( #5131 ) ) ;
#972 = AXIS2_PLACEMENT_3D ( 'NONE', #1720, #5065, #8395 ) ;
#973 = AXIS2_PLACEMENT_3D ( 'NONE', #8402, #5784, #4081 ) ;
#974 = DIRECTION ( 'NONE',  ( -0.05233595624293713860, -0.9986295347545742773, 0.000000000000000000 ) ) ;
#975 = ORIENTED_EDGE ( 'NONE', *, *, #9252, .F. ) ;
#976 = ORIENTED_EDGE ( 'NONE', *, *, #964, .T. ) ;
#977 = CARTESIAN_POINT ( 'NONE',  ( -4.000000000000000000, 70.90000000000000568, 0.5000000000000000000 ) ) ;
#978 = AXIS2_PLACEMENT_3D ( 'NONE', #6266, #9609, #2105 ) ;
#979 = CARTESIAN_POINT ( 'NONE',  ( -5.204170427930421283E-15, 9.999999999999998224, 0.000000000000000000 ) ) ;
#980 = AXIS2_PLACEMENT_3D ( 'NONE', #1098, #4604, #326 ) ;
#981 = SURFACE_SIDE_STYLE ('',( #8476 ) ) ;
#982 = CARTESIAN_POINT ( 'NONE',  ( 58.74171087241099087, 95.00000000000000000, -90.51182856389574738 ) ) ;
#983 = DIRECTION ( 'NONE',  ( -0.000000000000000000, -1.000000000000000000, -0.000000000000000000 ) ) ;
#984 = ORIENTED_EDGE ( 'NONE', *, *, #2487, .T. ) ;
#985 = VERTEX_POINT ( 'NONE', #5728 ) ;
#986 = LINE ( 'NONE', #1968, #132 ) ;
#987 = EDGE_CURVE ( 'NONE', #1629, #5461, #9054, .T. ) ;
#988 = VERTEX_POINT ( 'NONE', #3252 ) ;
#989 = VERTEX_POINT ( 'NONE', #6593 ) ;
#990 = AXIS2_PLACEMENT_3D ( 'NONE', #257, #3558, #5203 ) ;
#991 = AXIS2_PLACEMENT_3D ( 'NONE', #6456, #10621, #8093 ) ;
#992 = VECTOR ( 'NONE', #2879, 1000.000000000000114 ) ;
#993 = LINE ( 'NONE', #6028, #7207 ) ;
#994 = EDGE_CURVE ( 'NONE', #5629, #4902, #776, .T. ) ;
#995 = EDGE_CURVE ( 'NONE', #1042, #3967, #170, .T. ) ;
#996 = PRODUCT_DEFINITION_SHAPE ( 'NONE', 'NONE',  #10847 ) ;
#997 = AXIS2_PLACEMENT_3D ( 'NONE', #3037, #10647, #6479 ) ;
#998 = DIRECTION ( 'NONE',  ( -0.000000000000000000, 0.000000000000000000, 1.000000000000000000 ) ) ;
#999 = DIRECTION ( 'NONE',  ( -0.000000000000000000, 1.000000000000000000, -0.000000000000000000 ) ) ;
#1000 = DIRECTION ( 'NONE',  ( 0.8425558180458874169, 0.000000000000000000, -0.5386090358293531555 ) ) ;
#1001 = ORIENTED_EDGE ( 'NONE', *, *, #3938, .T. ) ;
#1002 = APPLICATION_PROTOCOL_DEFINITION ( 'draft international standard', 'automotive_design', 1998, #2042 ) ;
#1003 = CARTESIAN_POINT ( 'NONE',  ( -25.00000000000000000, -3.469446951953614189E-15, 10.00000000000000000 ) ) ;
#1004 = ORIENTED_EDGE ( 'NONE', *, *, #2297, .F. ) ;
#1005 = ORIENTED_EDGE ( 'NONE', *, *, #8776, .F. ) ;
#1006 = CARTESIAN_POINT ( 'NONE',  ( -85.36863799491800364, 0.000000000000000000, -99.02829855763729938 ) ) ;
#1007 = EDGE_CURVE ( 'NONE', #9488, #8543, #6915, .T. ) ;
#1008 =( GEOMETRIC_REPRESENTATION_CONTEXT ( 3 ) GLOBAL_UNCERTAINTY_ASSIGNED_CONTEXT ( ( #9814 ) ) GLOBAL_UNIT_ASSIGNED_CONTEXT ( ( #2822, #8514, #5284 ) ) REPRESENTATION_CONTEXT ( 'NONE', 'WORKASPACE' ) );
#1009 = EDGE_CURVE ( 'NONE', #4937, #2425, #9446, .T. ) ;
#1010 = AXIS2_PLACEMENT_3D ( 'NONE', #1431, #2049, #5388 ) ;
#1011 = DIRECTION ( 'NONE',  ( 0.000000000000000000, 0.000000000000000000, -1.000000000000000000 ) ) ;
#1012 = DIRECTION ( 'NONE',  ( 0.000000000000000000, 0.000000000000000000, 1.000000000000000000 ) ) ;
#1013 = DIRECTION ( 'NONE',  ( 0.000000000000000000, 0.000000000000000000, 1.000000000000000000 ) ) ;
#1014 = ORIENTED_EDGE ( 'NONE', *, *, #9047, .F. ) ;
#1015 = DIRECTION ( 'NONE',  ( 0.000000000000000000, 0.000000000000000000, 1.000000000000000000 ) ) ;
#1016 = DIRECTION ( 'NONE',  ( 1.000000000000000000, 0.000000000000000000, 0.000000000000000000 ) ) ;
#1018 = VECTOR ( 'NONE', #5104, 1000.000000000000000 ) ;
#1017 = SHAPE_REPRESENTATION_RELATIONSHIP ( 'NONE' , 'NONE' ,  #8918, #1341 ) ;
#1019 = ORIENTED_EDGE ( 'NONE', *, *, #10052, .T. ) ;
#1020 = ORIENTED_EDGE ( 'NONE', *, *, #3712, .T. ) ;
#1021 = VECTOR ( 'NONE', #3934, 1000.000000000000227 ) ;
#1022 = CARTESIAN_POINT ( 'NONE',  ( -20.94712710131359046, 9.000000000000000000, -2.438247924492347618 ) ) ;
#1023 = DIRECTION ( 'NONE',  ( 0.000000000000000000, 0.000000000000000000, -1.000000000000000000 ) ) ;
#1024 = ADVANCED_FACE ( 'NONE', ( #7789 ), #283, .F. ) ;
#1025 = CARTESIAN_POINT ( 'NONE',  ( 63.25715662211381130, 85.00000000000000000, -42.99587695296753509 ) ) ;
#1026 = CIRCLE ( 'NONE', #4178, 10.00000000000000000 ) ;
#1027 = DIRECTION ( 'NONE',  ( 0.000000000000000000, 1.000000000000000000, 0.000000000000000000 ) ) ;
#1028 = EDGE_CURVE ( 'NONE', #834, #3022, #4642, .T. ) ;
#1029 = DIRECTION ( 'NONE',  ( 0.000000000000000000, 0.000000000000000000, 1.000000000000000000 ) ) ;
#1030 = ORIENTED_EDGE ( 'NONE', *, *, #1576, .F. ) ;
#1031 = DIRECTION ( 'NONE',  ( -0.000000000000000000, -1.000000000000000000, -0.000000000000000000 ) ) ;
#1032 = CARTESIAN_POINT ( 'NONE',  ( -20.98969858723281234, 18.00000000000000000, -5.229422174922484068 ) ) ;
#1033 = CARTESIAN_POINT ( 'NONE',  ( 11.57465733170071687, 8.499999999999992895, 22.00000000000000000 ) ) ;
#1034 = CARTESIAN_POINT ( 'NONE',  ( -41.81980515339471083, -90.96194077712557657, -32.99999999999999289 ) ) ;
#1035 = ORIENTED_EDGE ( 'NONE', *, *, #3320, .F. ) ;
#1036 = CARTESIAN_POINT ( 'NONE',  ( -3.647693777163323325, 70.85803989154980798, 0.000000000000000000 ) ) ;
#1037 = EDGE_CURVE ( 'NONE', #3133, #9743, #1940, .T. ) ;
#1038 = CARTESIAN_POINT ( 'NONE',  ( 64.46620431643836469, 10.00000000000000000, -107.8905347760015161 ) ) ;
#1039 = AXIS2_PLACEMENT_3D ( 'NONE', #1406, #8032, #6285 ) ;
#1040 = CARTESIAN_POINT ( 'NONE',  ( 15.31657277250937987, -9.000000000000003553, 3.071067811865475505 ) ) ;
#1041 = CARTESIAN_POINT ( 'NONE',  ( 5.000000000000000000, 0.000000000000000000, 4.251773225433351024E-17 ) ) ;
#1042 = VERTEX_POINT ( 'NONE', #2706 ) ;
#1043 = CARTESIAN_POINT ( 'NONE',  ( 96.67003710817803608, 85.00000000000000000, -93.45117771904557458 ) ) ;
#1044 = ORIENTED_EDGE ( 'NONE', *, *, #880, .T. ) ;
#1045 = ORIENTED_EDGE ( 'NONE', *, *, #6197, .F. ) ;
#1046 = CYLINDRICAL_SURFACE ( 'NONE', #6794, 5.500000000000000000 ) ;
#1047 = ORIENTED_EDGE ( 'NONE', *, *, #4627, .T. ) ;
#1048 = ORIENTED_EDGE ( 'NONE', *, *, #3565, .T. ) ;
#1049 = EDGE_CURVE ( 'NONE', #4069, #8603, #10315, .T. ) ;
#1050 = CARTESIAN_POINT ( 'NONE',  ( 15.34277666215089475, 80.40000000000000568, -2.500000000000000000 ) ) ;
#1051 = LINE ( 'NONE', #7769, #10353 ) ;
#1052 = CARTESIAN_POINT ( 'NONE',  ( 25.00000000000000000, -5.499999999999992895, 10.00000000000000000 ) ) ;
#1053 = LINE ( 'NONE', #1976, #4862 ) ;
#1054 = LINE ( 'NONE', #6799, #10760 ) ;
#1055 = ORIENTED_EDGE ( 'NONE', *, *, #8579, .T. ) ;
#1056 = PRODUCT_CONTEXT ( 'NONE', #5540, 'mechanical' ) ;
#1057 = CARTESIAN_POINT ( 'NONE',  ( -5.204170427930421283E-15, 9.999999999999998224, 5.000000000000000000 ) ) ;
#1058 = ORIENTED_EDGE ( 'NONE', *, *, #10399, .T. ) ;
#1059 = ORIENTED_EDGE ( 'NONE', *, *, #6677, .F. ) ;
#1060 = CYLINDRICAL_SURFACE ( 'NONE', #7422, 5.000000000000004441 ) ;
#1061 = PRODUCT_RELATED_PRODUCT_CATEGORY ( 'part', '', ( #3257 ) ) ;
#1062 = APPLICATION_CONTEXT ( 'automotive_design' ) ;
#1063 = CARTESIAN_POINT ( 'NONE',  ( 15.50000000000000000, -4.000000000000000888, 16.99999999999999289 ) ) ;
#1064 = CARTESIAN_POINT ( 'NONE',  ( 0.000000000000000000, 0.000000000000000000, 0.000000000000000000 ) ) ;
#1065 = DIRECTION ( 'NONE',  ( 0.000000000000000000, 0.000000000000000000, 1.000000000000000000 ) ) ;
#1066 = ORIENTED_EDGE ( 'NONE', *, *, #7359, .T. ) ;
#1067 = CARTESIAN_POINT ( 'NONE',  ( -4.978594282455823361, 70.59419491983769035, -0.8310842202525009492 ) ) ;
#1068 = ADVANCED_FACE ( 'NONE', ( #6977 ), #7631, .F. ) ;
#1069 =( NAMED_UNIT ( * ) PLANE_ANGLE_UNIT ( ) SI_UNIT ( $, .RADIAN. ) );
#1070 = ORIENTED_EDGE ( 'NONE', *, *, #8616, .F. ) ;
#1071 = VERTEX_POINT ( 'NONE', #3532 ) ;
#1072 = CARTESIAN_POINT ( 'NONE',  ( 11.42115850004997846, 65.32893218813453018, 22.00000000000000355 ) ) ;
#1073 = DIRECTION ( 'NONE',  ( 0.000000000000000000, 1.000000000000000000, 0.000000000000000000 ) ) ;
#1074 = DIRECTION ( 'NONE',  ( 0.5521351308716254680, 0.000000000000000000, -0.8337546385222531775 ) ) ;
#1075 = DIRECTION ( 'NONE',  ( 0.000000000000000000, 1.000000000000000000, 0.000000000000000000 ) ) ;
#1076 = DIRECTION ( 'NONE',  ( -1.734723475976807094E-16, 1.000000000000000000, -0.000000000000000000 ) ) ;
#1077 = EDGE_CURVE ( 'NONE', #7876, #8211, #5330, .T. ) ;
#1078 = ORIENTED_EDGE ( 'NONE', *, *, #7489, .T. ) ;
#1079 = CARTESIAN_POINT ( 'NONE',  ( 4.999999999999999112, 3.000000000000002665, 25.50000000000000000 ) ) ;
#1080 = ADVANCED_FACE ( 'NONE', ( #7022 ), #9389, .T. ) ;
#1081 = FACE_OUTER_BOUND ( 'NONE', #9199, .T. ) ;
#1082 = DIRECTION ( 'NONE',  ( -1.040834085586094610E-16, -0.000000000000000000, -1.000000000000000000 ) ) ;
#1083 = LINE ( 'NONE', #7701, #254 ) ;
#1084 = ORIENTED_EDGE ( 'NONE', *, *, #9147, .T. ) ;
#1085 = CARTESIAN_POINT ( 'NONE',  ( 63.25715662211381130, 10.00000000000000000, -42.99587695296753509 ) ) ;
#1086 = PRODUCT_DEFINITION_SHAPE ( 'NONE', 'NONE',  #10824 ) ;
#1087 = PLANE ( 'NONE',  #6926 ) ;
#1088 = CARTESIAN_POINT ( 'NONE',  ( 5.000000000000000888, -4.000000000000000888, 5.999999999999999112 ) ) ;
#1089 = LINE ( 'NONE', #1962, #5886 ) ;
#1090 = EDGE_LOOP ( 'NONE', ( #7792, #6109, #10546, #7052 ) ) ;
#1091 = DIRECTION ( 'NONE',  ( -0.000000000000000000, 0.000000000000000000, 1.000000000000000000 ) ) ;
#1092 = EDGE_LOOP ( 'NONE', ( #8062, #5468, #7080, #3975 ) ) ;
#1093 = ORIENTED_EDGE ( 'NONE', *, *, #10140, .T. ) ;
#1094 = DIRECTION ( 'NONE',  ( 1.700709290173340409E-17, 0.000000000000000000, 1.000000000000000000 ) ) ;
#1095 = ORIENTED_EDGE ( 'NONE', *, *, #4927, .T. ) ;
#1096 = VERTEX_POINT ( 'NONE', #221 ) ;
#1097 = VECTOR ( 'NONE', #5976, 1000.000000000000000 ) ;
#1098 = CARTESIAN_POINT ( 'NONE',  ( 4.999999999999998224, 18.00000000000000000, -85.14486490616359049 ) ) ;
#1099 = CYLINDRICAL_SURFACE ( 'NONE', #6174, 4.000000000000000000 ) ;
#1100 = EDGE_CURVE ( 'NONE', #1690, #3225, #1663, .T. ) ;
#1101 = DIRECTION ( 'NONE',  ( -1.734723475976807094E-16, 1.000000000000000000, 0.000000000000000000 ) ) ;
#1102 = DIRECTION ( 'NONE',  ( 0.000000000000000000, 0.000000000000000000, -1.000000000000000000 ) ) ;
#1103 = LINE ( 'NONE', #1930, #265 ) ;
#1104 = ORIENTED_EDGE ( 'NONE', *, *, #10644, .F. ) ;
#1105 = APPLICATION_PROTOCOL_DEFINITION ( 'draft international standard', 'automotive_design', 1998, #6855 ) ;
#1106 = COLOUR_RGB ( '',0.7921568627450980005, 0.8196078431372548767, 0.9333333333333333481 ) ;
#1107 = ORIENTED_EDGE ( 'NONE', *, *, #3712, .F. ) ;
#1108 = ORIENTED_EDGE ( 'NONE', *, *, #3707, .T. ) ;
#1109 = CARTESIAN_POINT ( 'NONE',  ( 75.00000000000001421, 150.0000000000000000, 74.99999999999997158 ) ) ;
#1110 = CIRCLE ( 'NONE', #3569, 4.000000000000000000 ) ;
#1111 = DIRECTION ( 'NONE',  ( 0.000000000000000000, 0.000000000000000000, -1.000000000000000000 ) ) ;
#1112 = LINE ( 'NONE', #9279, #4160 ) ;
#1113 = CARTESIAN_POINT ( 'NONE',  ( 5.000000000000000000, -12.50000000000000000, 0.5000000000000000000 ) ) ;
#1114 = EDGE_LOOP ( 'NONE', ( #2950, #9321, #6269, #8012, #8978 ) ) ;
#1115 = DIRECTION ( 'NONE',  ( 0.000000000000000000, 1.000000000000000000, 0.000000000000000000 ) ) ;
#1116 = ORIENTED_EDGE ( 'NONE', *, *, #1670, .T. ) ;
#1117 = ORIENTED_EDGE ( 'NONE', *, *, #8374, .T. ) ;
#1118 = VECTOR ( 'NONE', #6994, 1000.000000000000000 ) ;
#1119 = AXIS2_PLACEMENT_3D ( 'NONE', #4950, #1665, #677 ) ;
#1120 = FACE_OUTER_BOUND ( 'NONE', #4622, .T. ) ;
#1121 = VECTOR ( 'NONE', #7575, 1000.000000000000000 ) ;
#1122 = LINE ( 'NONE', #7799, #6464 ) ;
#1123 = AXIS2_PLACEMENT_3D ( 'NONE', #6975, #2766, #10260 ) ;
#1124 = DIRECTION ( 'NONE',  ( -0.000000000000000000, -1.000000000000000000, -0.000000000000000000 ) ) ;
#1125 = EDGE_CURVE ( 'NONE', #1306, #8556, #1488, .T. ) ;
#1126 = DIRECTION ( 'NONE',  ( 0.000000000000000000, 0.000000000000000000, -1.000000000000000000 ) ) ;
#1127 = EDGE_CURVE ( 'NONE', #7388, #2983, #5871, .T. ) ;
#1128 = ORIENTED_EDGE ( 'NONE', *, *, #10577, .T. ) ;
#1129 = DIRECTION ( 'NONE',  ( 1.000000000000000000, 0.000000000000000000, 0.000000000000000000 ) ) ;
#1130 = DIRECTION ( 'NONE',  ( -1.000000000000000000, 0.000000000000000000, 0.000000000000000000 ) ) ;
#1131 = PLANE ( 'NONE',  #10296 ) ;
#1132 = AXIS2_PLACEMENT_3D ( 'NONE', #7028, #3813, #10422 ) ;
#1133 = CARTESIAN_POINT ( 'NONE',  ( 22.31344247896045019, 14.67986544671986238, -28.54374205374393725 ) ) ;
#1134 = CYLINDRICAL_SURFACE ( 'NONE', #10554, 2.249999999999998668 ) ;
#1135 = ORIENTED_EDGE ( 'NONE', *, *, #932, .T. ) ;
#1136 = VECTOR ( 'NONE', #1365, 1000.000000000000000 ) ;
#1137 = VECTOR ( 'NONE', #6932, 1000.000000000000000 ) ;
#1138 = EDGE_CURVE ( 'NONE', #4813, #288, #2655, .T. ) ;
#1139 = EDGE_CURVE ( 'NONE', #5869, #9272, #6808, .T. ) ;
#1140 = CARTESIAN_POINT ( 'NONE',  ( -2.499999999999999556, 0.000000000000000000, 25.50000000000000000 ) ) ;
#1141 = CARTESIAN_POINT ( 'NONE',  ( 0.000000000000000000, 5.000000000000000000, 0.000000000000000000 ) ) ;
#1142 = VECTOR ( 'NONE', #1225, 1000.000000000000114 ) ;
#1143 = PLANE ( 'NONE',  #2561 ) ;
#1144 = AXIS2_PLACEMENT_3D ( 'NONE', #5631, #6971, #8963 ) ;
#1145 = DIRECTION ( 'NONE',  ( -1.700709290173340409E-17, 0.000000000000000000, 1.000000000000000000 ) ) ;
#1146 = VERTEX_POINT ( 'NONE', #1113 ) ;
#1147 = AXIS2_PLACEMENT_3D ( 'NONE', #8733, #7035, #2786 ) ;
#1148 = FACE_OUTER_BOUND ( 'NONE', #2773, .T. ) ;
#1149 = ORIENTED_EDGE ( 'NONE', *, *, #6284, .F. ) ;
#1150 = EDGE_LOOP ( 'NONE', ( #8837, #7850, #8484, #9581 ) ) ;
#1151 = DIRECTION ( 'NONE',  ( -0.000000000000000000, -1.000000000000000000, -0.000000000000000000 ) ) ;
#1152 = ORIENTED_EDGE ( 'NONE', *, *, #10332, .T. ) ;
#1153 = EDGE_LOOP ( 'NONE', ( #6859, #5099, #1769, #9640 ) ) ;
#1154 = VECTOR ( 'NONE', #9211, 1000.000000000000000 ) ;
#1155 = VECTOR ( 'NONE', #7024, 1000.000000000000000 ) ;
#1156 = DIRECTION ( 'NONE',  ( 0.000000000000000000, -1.000000000000000000, 0.000000000000000000 ) ) ;
#1157 = CARTESIAN_POINT ( 'NONE',  ( 22.31344247896003097, 74.67986544671987303, -120.2803298308827920 ) ) ;
#1158 = EDGE_CURVE ( 'NONE', #8576, #1461, #8662, .T. ) ;
#1159 = CYLINDRICAL_SURFACE ( 'NONE', #1664, 2.749999999999999556 ) ;
#1160 = EDGE_CURVE ( 'NONE', #3557, #8764, #4465, .T. ) ;
#1161 = DIRECTION ( 'NONE',  ( -0.7071067811865485719, -0.7071067811865465735, -2.655995914072783456E-16 ) ) ;
#1162 = AXIS2_PLACEMENT_3D ( 'NONE', #6948, #10133, #4273 ) ;
#1163 = FACE_BOUND ( 'NONE', #2120, .T. ) ;
#1164 = ORIENTED_EDGE ( 'NONE', *, *, #8750, .F. ) ;
#1165 = SHAPE_DEFINITION_REPRESENTATION ( #4921, #9568 ) ;
#1166 = CIRCLE ( 'NONE', #7271, 9.999999999999994671 ) ;
#1167 = DIRECTION ( 'NONE',  ( 1.000000000000000000, 3.421138828918011187E-49, 1.700709290173340409E-17 ) ) ;
#1168 = VERTEX_POINT ( 'NONE', #6310 ) ;
#1169 = ORIENTED_EDGE ( 'NONE', *, *, #1483, .T. ) ;
#1170 = DIRECTION ( 'NONE',  ( 0.000000000000000000, 0.000000000000000000, 1.000000000000000000 ) ) ;
#1171 = VECTOR ( 'NONE', #464, 1000.000000000000000 ) ;
#1172 = CARTESIAN_POINT ( 'NONE',  ( -20.94712710131359046, 18.00000000000000000, -2.438247924492347618 ) ) ;
#1173 = FACE_OUTER_BOUND ( 'NONE', #9194, .T. ) ;
#1174 = CARTESIAN_POINT ( 'NONE',  ( 59.14441049068479117, 95.00000000000000000, -90.27932983088280139 ) ) ;
#1175 = ORIENTED_EDGE ( 'NONE', *, *, #869, .T. ) ;
#1176 = DIRECTION ( 'NONE',  ( 0.000000000000000000, 0.000000000000000000, 1.000000000000000000 ) ) ;
#1177 =( NAMED_UNIT ( * ) PLANE_ANGLE_UNIT ( ) SI_UNIT ( $, .RADIAN. ) );
#1178 = UNCERTAINTY_MEASURE_WITH_UNIT (LENGTH_MEASURE( 1.000000000000000082E-05 ), #8588, 'distance_accuracy_value', 'NONE');
#1179 = ORIENTED_EDGE ( 'NONE', *, *, #4488, .T. ) ;
#1180 = EDGE_LOOP ( 'NONE', ( #3090, #8293, #6632, #8699 ) ) ;
#1181 = EDGE_CURVE ( 'NONE', #6789, #9610, #2149, .T. ) ;
#1182 = CIRCLE ( 'NONE', #6246, 2.250000000000000000 ) ;
#1183 = DIRECTION ( 'NONE',  ( 0.000000000000000000, 0.000000000000000000, 1.000000000000000000 ) ) ;
#1184 = EDGE_CURVE ( 'NONE', #2983, #6836, #4572, .T. ) ;
#1185 = CARTESIAN_POINT ( 'NONE',  ( 85.36863799491800364, 0.000000000000000000, -96.77829855763729938 ) ) ;
#1186 = DIRECTION ( 'NONE',  ( 0.000000000000000000, -1.000000000000000000, 0.000000000000000000 ) ) ;
#1187 = DIRECTION ( 'NONE',  ( -1.000000000000000000, -0.000000000000000000, 1.734723475976807094E-17 ) ) ;
#1188 = LINE ( 'NONE', #3703, #8519 ) ;
#1189 = ORIENTED_EDGE ( 'NONE', *, *, #4389, .T. ) ;
#1190 = DIRECTION ( 'NONE',  ( 0.000000000000000000, 0.000000000000000000, -1.000000000000000000 ) ) ;
#1191 = CARTESIAN_POINT ( 'NONE',  ( -64.46620431643836469, 95.00000000000000000, -110.1405347760015161 ) ) ;
#1192 = CIRCLE ( 'NONE', #10287, 2.250000000000000000 ) ;
#1193 = DIRECTION ( 'NONE',  ( 0.000000000000000000, 0.000000000000000000, 1.000000000000000000 ) ) ;
#1194 = FACE_OUTER_BOUND ( 'NONE', #5346, .T. ) ;
#1195 = CARTESIAN_POINT ( 'NONE',  ( 61.82390241499603434, 95.00000000000000000, -100.2793298308827872 ) ) ;
#1196 = ORIENTED_EDGE ( 'NONE', *, *, #9605, .F. ) ;
#1197 = ADVANCED_FACE ( 'NONE', ( #7133 ), #608, .F. ) ;
#1198 = FACE_OUTER_BOUND ( 'NONE', #9604, .T. ) ;
#1199 = AXIS2_PLACEMENT_3D ( 'NONE', #9840, #2331, #5683 ) ;
#1200 = CARTESIAN_POINT ( 'NONE',  ( -2.499999999999999556, 70.90000000000000568, 25.50000000000000000 ) ) ;
#1201 = DIRECTION ( 'NONE',  ( 2.081668171172168513E-16, -1.000000000000000000, 0.000000000000000000 ) ) ;
#1202 = DIRECTION ( 'NONE',  ( 0.5521351308716254680, -0.000000000000000000, 0.8337546385222531775 ) ) ;
#1203 = ORIENTED_EDGE ( 'NONE', *, *, #10735, .T. ) ;
#1204 = DIRECTION ( 'NONE',  ( -1.000000000000000000, -1.734723475976806601E-16, 0.000000000000000000 ) ) ;
#1205 = ORIENTED_EDGE ( 'NONE', *, *, #6307, .F. ) ;
#1206 = ORIENTED_EDGE ( 'NONE', *, *, #994, .F. ) ;
#1207 = EDGE_CURVE ( 'NONE', #10267, #7710, #5601, .T. ) ;
#1208 = CARTESIAN_POINT ( 'NONE',  ( 22.31344247896003097, 74.67986544671987303, -42.59593772390965682 ) ) ;
#1209 = EDGE_LOOP ( 'NONE', ( #8365, #4658, #7778, #1923 ) ) ;
#1210 = ORIENTED_EDGE ( 'NONE', *, *, #10036, .F. ) ;
#1211 = VECTOR ( 'NONE', #974, 1000.000000000000114 ) ;
#1212 = FACE_OUTER_BOUND ( 'NONE', #9381, .T. ) ;
#1213 = CARTESIAN_POINT ( 'NONE',  ( -12.92893218813452982, -47.92893218813452449, 0.000000000000000000 ) ) ;
#1214 = CARTESIAN_POINT ( 'NONE',  ( 4.999999999999997335, 18.00000000000000000, -14.24237984354700615 ) ) ;
#1215 = CIRCLE ( 'NONE', #4568, 2.500000000000000000 ) ;
#1216 = LINE ( 'NONE', #5472, #1343 ) ;
#1217 = CARTESIAN_POINT ( 'NONE',  ( -24.99999999999999289, -9.500000000000001776, 20.00000000000000000 ) ) ;
#1218 = ORIENTED_EDGE ( 'NONE', *, *, #3071, .F. ) ;
#1219 = EDGE_CURVE ( 'NONE', #7500, #985, #6038, .T. ) ;
#1220 = ORIENTED_EDGE ( 'NONE', *, *, #538, .F. ) ;
#1221 = ORIENTED_EDGE ( 'NONE', *, *, #5944, .T. ) ;
#1222 = EDGE_CURVE ( 'NONE', #9766, #8761, #3943, .T. ) ;
#1223 = CARTESIAN_POINT ( 'NONE',  ( -19.68655752103997258, 74.67986544671987303, -120.2803298308827920 ) ) ;
#1224 = SURFACE_SIDE_STYLE ('',( #2704 ) ) ;
#1225 = DIRECTION ( 'NONE',  ( 0.5521351308716254680, 0.000000000000000000, 0.8337546385222531775 ) ) ;
#1226 = ORIENTED_EDGE ( 'NONE', *, *, #2630, .F. ) ;
#1227 = CARTESIAN_POINT ( 'NONE',  ( -2.499999999999999556, 55.90000000000000568, 19.50000000000000000 ) ) ;
#1228 = ORIENTED_EDGE ( 'NONE', *, *, #4525, .F. ) ;
#1229 = ORIENTED_EDGE ( 'NONE', *, *, #8585, .F. ) ;
#1230 = CYLINDRICAL_SURFACE ( 'NONE', #3932, 5.000000000000000000 ) ;
#1231 = EDGE_CURVE ( 'NONE', #7762, #8321, #8303, .T. ) ;
#1232 = DIRECTION ( 'NONE',  ( -1.000000000000000000, 0.000000000000000000, 1.700709290173340409E-17 ) ) ;
#1233 = DIRECTION ( 'NONE',  ( 0.000000000000000000, 0.000000000000000000, -1.000000000000000000 ) ) ;
#1234 = DIRECTION ( 'NONE',  ( 0.000000000000000000, 0.000000000000000000, 1.000000000000000000 ) ) ;
#1235 = ORIENTED_EDGE ( 'NONE', *, *, #5137, .T. ) ;
#1236 = CARTESIAN_POINT ( 'NONE',  ( 0.000000000000000000, 47.50000000000000000, -28.54374205374393725 ) ) ;
#1237 = EDGE_CURVE ( 'NONE', #2966, #5637, #3594, .T. ) ;
#1238 = CYLINDRICAL_SURFACE ( 'NONE', #9917, 20.00000000000000355 ) ;
#1239 = DIRECTION ( 'NONE',  ( 1.000000000000000000, 0.000000000000000000, 0.000000000000000000 ) ) ;
#1240 = LINE ( 'NONE', #3665, #1377 ) ;
#1241 = CARTESIAN_POINT ( 'NONE',  ( 15.31657277250937987, -9.000000000000000000, 19.92893218813451739 ) ) ;
#1242 = EDGE_LOOP ( 'NONE', ( #9476, #2153, #5502, #7176, #1210 ) ) ;
#1243 = FACE_OUTER_BOUND ( 'NONE', #5810, .T. ) ;
#1244 = LINE ( 'NONE', #3715, #9687 ) ;
#1245 = DIRECTION ( 'NONE',  ( -0.000000000000000000, -1.000000000000000000, 0.000000000000000000 ) ) ;
#1246 = LINE ( 'NONE', #8744, #1658 ) ;
#1247 = VERTEX_POINT ( 'NONE', #2302 ) ;
#1248 = EDGE_CURVE ( 'NONE', #9184, #9247, #5485, .T. ) ;
#1249 = PLANE ( 'NONE',  #271 ) ;
#1250 = ORIENTED_EDGE ( 'NONE', *, *, #7836, .T. ) ;
#1251 = VERTEX_POINT ( 'NONE', #9655 ) ;
#1252 = CARTESIAN_POINT ( 'NONE',  ( 7.499999999999992895, 18.00000000000000000, -81.58229419209513367 ) ) ;
#1253 = EDGE_LOOP ( 'NONE', ( #3736, #4006, #7264, #3696 ) ) ;
#1254 = ORIENTED_EDGE ( 'NONE', *, *, #6629, .T. ) ;
#1255 = EDGE_CURVE ( 'NONE', #3225, #1690, #1312, .T. ) ;
#1256 = FACE_OUTER_BOUND ( 'NONE', #5149, .T. ) ;
#1257 = DIRECTION ( 'NONE',  ( 0.7071067811865474617, 0.7071067811865474617, -0.000000000000000000 ) ) ;
#1258 = DIRECTION ( 'NONE',  ( 0.000000000000000000, 1.000000000000000000, 0.000000000000000000 ) ) ;
#1260 = EDGE_CURVE ( 'NONE', #6334, #3904, #8821, .T. ) ;
#1259 = CARTESIAN_POINT ( 'NONE',  ( 22.31344247896044664, 34.67986544671986593, -120.2803298308827920 ) ) ;
#1261 = LINE ( 'NONE', #3017, #444 ) ;
#1262 = EDGE_LOOP ( 'NONE', ( #4873, #757, #518, #4610, #1117, #3699 ) ) ;
#1263 = ITEM_DEFINED_TRANSFORMATION ( 'NONE', 'NONE', #5374,  #9029 ) ;
#1264 = APPLICATION_CONTEXT ( 'automotive_design' ) ;
#1265 = CARTESIAN_POINT ( 'NONE',  ( -53.68655752103997258, 95.00200000000000955, -28.54374205374392659 ) ) ;
#1266 = ORIENTED_EDGE ( 'NONE', *, *, #6831, .T. ) ;
#1267 = ORIENTED_EDGE ( 'NONE', *, *, #6330, .T. ) ;
#1268 = DIRECTION ( 'NONE',  ( -1.000000000000000000, 0.000000000000000000, 0.000000000000000000 ) ) ;
#1269 = EDGE_CURVE ( 'NONE', #9934, #8380, #8110, .T. ) ;
#1270 = ADVANCED_FACE ( 'NONE', ( #3804 ), #7290, .F. ) ;
#1271 = VECTOR ( 'NONE', #2750, 1000.000000000000000 ) ;
#1272 = DIRECTION ( 'NONE',  ( -0.000000000000000000, -1.000000000000000000, -0.000000000000000000 ) ) ;
#1273 = DIRECTION ( 'NONE',  ( -1.000000000000000000, -0.000000000000000000, 1.734723475976807094E-17 ) ) ;
#1274 = CYLINDRICAL_SURFACE ( 'NONE', #9717, 10.00000000000000888 ) ;
#1275 = ORIENTED_EDGE ( 'NONE', *, *, #5544, .T. ) ;
#1276 = CARTESIAN_POINT ( 'NONE',  ( -14.99999999999999822, -9.499999999999998224, 0.000000000000000000 ) ) ;
#1277 = CARTESIAN_POINT ( 'NONE',  ( 2.385244676008607605E-15, 47.50000000000000711, -62.92007128642742941 ) ) ;
#1278 = ORIENTED_EDGE ( 'NONE', *, *, #857, .F. ) ;
#1279 = ORIENTED_EDGE ( 'NONE', *, *, #8158, .F. ) ;
#1280 = DIRECTION ( 'NONE',  ( -0.7071067811865465735, 0.7071067811865484609, -0.000000000000000000 ) ) ;
#1281 = VECTOR ( 'NONE', #10507, 1000.000000000000000 ) ;
#1282 = DIRECTION ( 'NONE',  ( 1.000000000000000000, 0.000000000000000000, 0.000000000000000000 ) ) ;
#1283 = FACE_BOUND ( 'NONE', #3826, .T. ) ;
#1285 = ADVANCED_FACE ( 'NONE', ( #506 ), #1274, .T. ) ;
#1284 = CYLINDRICAL_SURFACE ( 'NONE', #5197, 5.500000000000000000 ) ;
#1286 = ORIENTED_EDGE ( 'NONE', *, *, #7765, .F. ) ;
#1287 = CARTESIAN_POINT ( 'NONE',  ( 4.142135623730935912, -59.14213562373096522, 0.000000000000000000 ) ) ;
#1288 = CARTESIAN_POINT ( 'NONE',  ( -15.00000000000000000, -5.500000000000000000, 20.00000000000000000 ) ) ;
#1289 = VECTOR ( 'NONE', #4751, 1000.000000000000000 ) ;
#1290 = EDGE_CURVE ( 'NONE', #5582, #9755, #1387, .T. ) ;
#1291 = DIRECTION ( 'NONE',  ( 0.000000000000000000, -0.000000000000000000, 1.000000000000000000 ) ) ;
#1292 = LINE ( 'NONE', #3259, #4533 ) ;
#1293 = CARTESIAN_POINT ( 'NONE',  ( 2.999999999999999112, 18.00000000000000000, -85.14486490616359049 ) ) ;
#1294 = ORIENTED_EDGE ( 'NONE', *, *, #913, .F. ) ;
#1295 = AXIS2_PLACEMENT_3D ( 'NONE', #3543, #1124, #6869 ) ;
#1296 = EDGE_CURVE ( 'NONE', #6904, #7956, #386, .T. ) ;
#1297 = DIRECTION ( 'NONE',  ( 1.734723475976807094E-16, -1.000000000000000000, 0.000000000000000000 ) ) ;
#1298 = CARTESIAN_POINT ( 'NONE',  ( 11.57465733170071687, 8.499999999999998224, 1.000000000000000222 ) ) ;
#1299 = DIRECTION ( 'NONE',  ( 0.000000000000000000, 0.000000000000000000, 1.000000000000000000 ) ) ;
#1300 = LINE ( 'NONE', #9679, #5496 ) ;
#1301 = ORIENTED_EDGE ( 'NONE', *, *, #4082, .T. ) ;
#1302 = AXIS2_PLACEMENT_3D ( 'NONE', #7899, #7081, #9500 ) ;
#1303 = AXIS2_PLACEMENT_3D ( 'NONE', #2604, #8347, #8283 ) ;
#1304 = CARTESIAN_POINT ( 'NONE',  ( 11.19431524665358779, 1.242640687119281662, -2.500000000000000000 ) ) ;
#1305 = VERTEX_POINT ( 'NONE', #9811 ) ;
#1306 = VERTEX_POINT ( 'NONE', #7075 ) ;
#1307 = VECTOR ( 'NONE', #1186, 1000.000000000000000 ) ;
#1308 = CARTESIAN_POINT ( 'NONE',  ( 69.07332122148433484, 95.00000000000000000, -119.1878866990734736 ) ) ;
#1309 = ORIENTED_EDGE ( 'NONE', *, *, #3707, .F. ) ;
#1310 = ORIENTED_EDGE ( 'NONE', *, *, #6357, .T. ) ;
#1311 = ADVANCED_FACE ( 'NONE', ( #10414 ), #447, .F. ) ;
#1312 = CIRCLE ( 'NONE', #7420, 2.750000000000000000 ) ;
#1313 = CARTESIAN_POINT ( 'NONE',  ( -23.34636207545350572, -86.63063332291532959, -24.99999999999999289 ) ) ;
#1314 = VECTOR ( 'NONE', #6752, 1000.000000000000000 ) ;
#1315 = CIRCLE ( 'NONE', #7241, 1.500000000000000000 ) ;
#1316 =( NAMED_UNIT ( * ) SI_UNIT ( $, .STERADIAN. ) SOLID_ANGLE_UNIT ( ) );
#1317 = DIRECTION ( 'NONE',  ( 0.000000000000000000, 1.000000000000000000, 0.000000000000000000 ) ) ;
#1318 = FACE_OUTER_BOUND ( 'NONE', #48, .T. ) ;
#1319 = ORIENTED_EDGE ( 'NONE', *, *, #8927, .F. ) ;
#1320 = EDGE_LOOP ( 'NONE', ( #7924, #6079, #7376, #2040 ) ) ;
#1321 = CONTEXT_DEPENDENT_SHAPE_REPRESENTATION ( #6302, #2380 ) ;
#1322 = CARTESIAN_POINT ( 'NONE',  ( 7.499999999999998224, 0.000000000000000000, -79.08229419209513367 ) ) ;
#1323 = ORIENTED_EDGE ( 'NONE', *, *, #3636, .F. ) ;
#1324 = ORIENTED_EDGE ( 'NONE', *, *, #4036, .F. ) ;
#1325 = VECTOR ( 'NONE', #9882, 1000.000000000000000 ) ;
#1326 = ADVANCED_FACE ( 'NONE', ( #4841 ), #10684, .F. ) ;
#1327 = ADVANCED_FACE ( 'NONE', ( #3239 ), #4940, .F. ) ;
#1328 = AXIS2_PLACEMENT_3D ( 'NONE', #6457, #8969, #7498 ) ;
#1329 = VECTOR ( 'NONE', #9369, 1000.000000000000000 ) ;
#1330 = PLANE ( 'NONE',  #8986 ) ;
#1331 = CARTESIAN_POINT ( 'NONE',  ( 2.500000000000000000, 70.90000000000000568, 0.000000000000000000 ) ) ;
#1332 = CARTESIAN_POINT ( 'NONE',  ( -15.51771948742469398, 18.00000000000000000, 21.78844835938497226 ) ) ;
#1333 = VECTOR ( 'NONE', #5138, 1000.000000000000114 ) ;
#1334 = ORIENTED_EDGE ( 'NONE', *, *, #5501, .F. ) ;
#1335 = CARTESIAN_POINT ( 'NONE',  ( 35.00000000000000000, 9.500000000000012434, 0.000000000000000000 ) ) ;
#1336 = CARTESIAN_POINT ( 'NONE',  ( 0.000000000000000000, 0.000000000000000000, 0.000000000000000000 ) ) ;
#1337 = ORIENTED_EDGE ( 'NONE', *, *, #10099, .F. ) ;
#1338 = ORIENTED_EDGE ( 'NONE', *, *, #9322, .F. ) ;
#1339 = EDGE_CURVE ( 'NONE', #3350, #8911, #2357, .T. ) ;
#1340 = EDGE_CURVE ( 'NONE', #709, #5879, #8831, .T. ) ;
#1341 = ADVANCED_BREP_SHAPE_REPRESENTATION ( '', ( #6110, #9029 ), #1008 ) ;
#1342 = DIRECTION ( 'NONE',  ( 0.000000000000000000, 1.000000000000000000, 0.000000000000000000 ) ) ;
#1343 = VECTOR ( 'NONE', #6404, 1000.000000000000000 ) ;
#1344 = DIRECTION ( 'NONE',  ( 1.000000000000000000, 0.000000000000000000, 0.000000000000000000 ) ) ;
#1345 = CARTESIAN_POINT ( 'NONE',  ( -12.92893218813453160, -47.92893218813453160, -11.00000000000000000 ) ) ;
#1346 = LINE ( 'NONE', #6276, #1516 ) ;
#1347 = ORIENTED_EDGE ( 'NONE', *, *, #9464, .T. ) ;
#1348 = CARTESIAN_POINT ( 'NONE',  ( 0.000000000000000000, 0.000000000000000000, -2.250000000000000000 ) ) ;
#1350 = CIRCLE ( 'NONE', #3801, 2.250000000000001776 ) ;
#1349 = CARTESIAN_POINT ( 'NONE',  ( 74.99999999999998579, 150.0000000000000000, -75.00000000000000000 ) ) ;
#1351 = EDGE_CURVE ( 'NONE', #2527, #2609, #2551, .T. ) ;
#1352 = PLANE ( 'NONE',  #5577 ) ;
#1353 = DIRECTION ( 'NONE',  ( 1.387778780781445676E-16, -1.000000000000000000, 0.000000000000000000 ) ) ;
#1354 = VERTEX_POINT ( 'NONE', #3349 ) ;
#1355 = AXIS2_PLACEMENT_3D ( 'NONE', #894, #3420, #10102 ) ;
#1356 = EDGE_CURVE ( 'NONE', #9428, #6578, #8337, .T. ) ;
#1357 = CYLINDRICAL_SURFACE ( 'NONE', #335, 10.00000000000000178 ) ;
#1358 = CARTESIAN_POINT ( 'NONE',  ( 5.000000000000000888, 79.90000000000000568, 17.00000000000001066 ) ) ;
#1359 = CARTESIAN_POINT ( 'NONE',  ( 0.000000000000000000, 18.00000000000000000, 0.000000000000000000 ) ) ;
#1360 = VECTOR ( 'NONE', #6354, 1000.000000000000000 ) ;
#1361 = PLANE ( 'NONE',  #4464 ) ;
#1362 = ORIENTED_EDGE ( 'NONE', *, *, #4553, .F. ) ;
#1363 = DIRECTION ( 'NONE',  ( 0.000000000000000000, 0.000000000000000000, -1.000000000000000000 ) ) ;
#1364 = VERTEX_POINT ( 'NONE', #3185 ) ;
#1365 = DIRECTION ( 'NONE',  ( -0.8660254037844381525, 0.000000000000000000, 0.5000000000000008882 ) ) ;
#1366 = EDGE_CURVE ( 'NONE', #5525, #9457, #4184, .T. ) ;
#1367 = CARTESIAN_POINT ( 'NONE',  ( 15.00000000000000000, 9.500000000000008882, 20.00000000000000000 ) ) ;
#1368 = ORIENTED_EDGE ( 'NONE', *, *, #987, .F. ) ;
#1369 = VERTEX_POINT ( 'NONE', #3403 ) ;
#1370 = CARTESIAN_POINT ( 'NONE',  ( 5.000000000000000000, 70.90000000000000568, 4.251773225433351024E-17 ) ) ;
#1371 = CIRCLE ( 'NONE', #9048, 10.00000000000000000 ) ;
#1372 = AXIS2_PLACEMENT_3D ( 'NONE', #8912, #3837, #8701 ) ;
#1373 = CARTESIAN_POINT ( 'NONE',  ( 25.00000000000000000, 9.000000000000000000, 0.000000000000000000 ) ) ;
#1374 = DIRECTION ( 'NONE',  ( 0.000000000000000000, 1.000000000000000000, 0.000000000000000000 ) ) ;
#1375 = DIRECTION ( 'NONE',  ( -0.5731392382913460537, -0.5731392382913444994, 0.5856815065047157320 ) ) ;
#1376 = FACE_OUTER_BOUND ( 'NONE', #2528, .T. ) ;
#1377 = VECTOR ( 'NONE', #10536, 1000.000000000000000 ) ;
#1378 = ORIENTED_EDGE ( 'NONE', *, *, #4879, .F. ) ;
#1379 =( BOUNDED_CURVE ( )  B_SPLINE_CURVE ( 3, ( #534, #7163, #7265, #9741 ),
 .UNSPECIFIED., .F., .F. ) 
 B_SPLINE_CURVE_WITH_KNOTS ( ( 4, 4 ),
 ( 1.462067214953817538E-16, 1.570796326794896780 ),
 .UNSPECIFIED. ) 
 CURVE ( )  GEOMETRIC_REPRESENTATION_ITEM ( )  RATIONAL_B_SPLINE_CURVE ( ( 1.000000000000000000, 0.8047378541243649375, 0.8047378541243649375, 1.000000000000000000 ) ) 
 REPRESENTATION_ITEM ( '' )  );
#1380 = CARTESIAN_POINT ( 'NONE',  ( 3.673940397442059375E-16, 0.000000000000000000, 2.999999999999999556 ) ) ;
#1381 = ORIENTED_EDGE ( 'NONE', *, *, #2652, .T. ) ;
#1382 = VERTEX_POINT ( 'NONE', #5820 ) ;
#1383 = AXIS2_PLACEMENT_3D ( 'NONE', #8790, #4750, #2954 ) ;
#1384 = EDGE_CURVE ( 'NONE', #3261, #6704, #4234, .T. ) ;
#1385 = DIRECTION ( 'NONE',  ( 1.000000000000000000, 5.204170427930420297E-16, 0.000000000000000000 ) ) ;
#1386 = FACE_OUTER_BOUND ( 'NONE', #720, .T. ) ;
#1387 = LINE ( 'NONE', #6359, #4311 ) ;
#1388 = ORIENTED_EDGE ( 'NONE', *, *, #8227, .T. ) ;
#1389 = CARTESIAN_POINT ( 'NONE',  ( 25.00000000000000000, 0.000000000000000000, 0.000000000000000000 ) ) ;
#1390 = UNCERTAINTY_MEASURE_WITH_UNIT (LENGTH_MEASURE( 1.000000000000000082E-05 ), #7372, 'distance_accuracy_value', 'NONE');
#1391 = ORIENTED_EDGE ( 'NONE', *, *, #5544, .F. ) ;
#1392 = ORIENTED_EDGE ( 'NONE', *, *, #843, .T. ) ;
#1393 = PRODUCT_RELATED_PRODUCT_CATEGORY ( 'part', '', ( #6845 ) ) ;
#1394 = DIRECTION ( 'NONE',  ( 0.000000000000000000, 1.000000000000000000, 0.000000000000000000 ) ) ;
#1395 = CARTESIAN_POINT ( 'NONE',  ( 25.00000000000000000, 5.500000000000009770, 20.00000000000000000 ) ) ;
#1396 = EDGE_CURVE ( 'NONE', #8797, #4324, #4997, .T. ) ;
#1397 = LINE ( 'NONE', #4692, #945 ) ;
#1398 = DIRECTION ( 'NONE',  ( -1.734723475976807094E-16, 1.000000000000000000, -0.000000000000000000 ) ) ;
#1399 = ORIENTED_EDGE ( 'NONE', *, *, #4356, .F. ) ;
#1400 = CARTESIAN_POINT ( 'NONE',  ( -26.24777966571251753, -61.24777966571249976, 0.9999999999999991118 ) ) ;
#1401 = DIRECTION ( 'NONE',  ( 0.2644732620533331025, -0.000000000000000000, -0.9643930182549378394 ) ) ;
#1402 = DIRECTION ( 'NONE',  ( -1.000000000000000000, 0.000000000000000000, -0.000000000000000000 ) ) ;
#1403 = CARTESIAN_POINT ( 'NONE',  ( 5.000000000000000000, 74.89999999999999147, 22.00000000000001421 ) ) ;
#1404 = DIRECTION ( 'NONE',  ( -1.000000000000000000, -1.387778780781445676E-16, 0.000000000000000000 ) ) ;
#1405 = ORIENTED_EDGE ( 'NONE', *, *, #7770, .T. ) ;
#1406 = CARTESIAN_POINT ( 'NONE',  ( -5.204170427930421283E-15, 9.999999999999998224, 0.000000000000000000 ) ) ;
#1407 = EDGE_CURVE ( 'NONE', #8394, #6862, #8141, .T. ) ;
#1408 = EDGE_CURVE ( 'NONE', #2899, #5110, #1712, .T. ) ;
#1409 = PLANE ( 'NONE',  #9734 ) ;
#1410 = DIRECTION ( 'NONE',  ( 0.000000000000000000, 1.000000000000000000, 0.000000000000000000 ) ) ;
#1411 = ORIENTED_EDGE ( 'NONE', *, *, #4761, .F. ) ;
#1412 = DIRECTION ( 'NONE',  ( 1.734723475976806601E-16, -1.000000000000000000, 0.000000000000000000 ) ) ;
#1413 = ORIENTED_EDGE ( 'NONE', *, *, #7913, .T. ) ;
#1414 = DIRECTION ( 'NONE',  ( -0.7071067811865465735, 0.7071067811865484609, 0.000000000000000000 ) ) ;
#1415 = VERTEX_POINT ( 'NONE', #5059 ) ;
#1416 = ORIENTED_EDGE ( 'NONE', *, *, #995, .T. ) ;
#1417 = LINE ( 'NONE', #5526, #9004 ) ;
#1418 = DIRECTION ( 'NONE',  ( 0.000000000000000000, 0.000000000000000000, 1.000000000000000000 ) ) ;
#1419 = LINE ( 'NONE', #702, #395 ) ;
#1420 = LINE ( 'NONE', #4168, #6604 ) ;
#1421 = FACE_OUTER_BOUND ( 'NONE', #1672, .T. ) ;
#1422 = ORIENTED_EDGE ( 'NONE', *, *, #6166, .F. ) ;
#1423 = CONTEXT_DEPENDENT_SHAPE_REPRESENTATION ( #7272, #7716 ) ;
#1424 = LINE ( 'NONE', #9649, #5918 ) ;
#1425 = ORIENTED_EDGE ( 'NONE', *, *, #10555, .T. ) ;
#1426 = ORIENTED_EDGE ( 'NONE', *, *, #3294, .F. ) ;
#1427 = EDGE_CURVE ( 'NONE', #10330, #9514, #1498, .T. ) ;
#1428 = VERTEX_POINT ( 'NONE', #2475 ) ;
#1429 = SHAPE_REPRESENTATION ( 'Gripper_Mounting_Frame_\X2\9ed88ba4\X0\', ( #9029 ), #2924 ) ;
#1430 = DIRECTION ( 'NONE',  ( -0.000000000000000000, -1.000000000000000000, -0.000000000000000000 ) ) ;
#1431 = CARTESIAN_POINT ( 'NONE',  ( -64.99999999999980105, 95.00000000000000000, -120.2793298308828014 ) ) ;
#1432 = CARTESIAN_POINT ( 'NONE',  ( 2.755455298081544285E-16, 5.000000000000000000, 2.250000000000000000 ) ) ;
#1433 = EDGE_LOOP ( 'NONE', ( #6084, #8724, #6315, #4598 ) ) ;
#1434 = CARTESIAN_POINT ( 'NONE',  ( -4.999999999999999112, 63.40000000000001279, 19.50000000000000000 ) ) ;
#1435 = ORIENTED_EDGE ( 'NONE', *, *, #2053, .T. ) ;
#1436 = ORIENTED_EDGE ( 'NONE', *, *, #5527, .F. ) ;
#1437 = CARTESIAN_POINT ( 'NONE',  ( -4.999999999999999112, 0.1715728752538100144, -0.5000000000000004441 ) ) ;
#1438 = VECTOR ( 'NONE', #8181, 1000.000000000000000 ) ;
#1439 = CARTESIAN_POINT ( 'NONE',  ( 9.999999999999991118, 18.00000000000000000, -99.99999999999906208 ) ) ;
#1440 = DIRECTION ( 'NONE',  ( -0.000000000000000000, -1.000000000000000000, -0.000000000000000000 ) ) ;
#1441 = DIRECTION ( 'NONE',  ( 1.000000000000000000, -1.387778780781445478E-15, 0.000000000000000000 ) ) ;
#1442 = ORIENTED_EDGE ( 'NONE', *, *, #1260, .F. ) ;
#1443 = LINE ( 'NONE', #5450, #1493 ) ;
#1444 = DIRECTION ( 'NONE',  ( -0.000000000000000000, -1.000000000000000000, -0.000000000000000000 ) ) ;
#1445 = ADVANCED_FACE ( 'NONE', ( #9983 ), #9865, .F. ) ;
#1446 = FILL_AREA_STYLE ('',( #567 ) ) ;
#1447 = FACE_OUTER_BOUND ( 'NONE', #8016, .T. ) ;
#1448 = CARTESIAN_POINT ( 'NONE',  ( 0.000000000000000000, 70.90000000000000568, 0.000000000000000000 ) ) ;
#1449 = VERTEX_POINT ( 'NONE', #1549 ) ;
#1450 = EDGE_CURVE ( 'NONE', #6828, #7109, #9366, .T. ) ;
#1451 = ADVANCED_FACE ( 'NONE', ( #8173 ), #8220, .F. ) ;
#1452 = CARTESIAN_POINT ( 'NONE',  ( -41.81980515339471793, -105.1040764008564850, 15.00000000000001421 ) ) ;
#1453 = AXIS2_PLACEMENT_3D ( 'NONE', #363, #6943, #6074 ) ;
#1454 = CARTESIAN_POINT ( 'NONE',  ( -2.500000000000000000, 70.90000000000000568, 0.000000000000000000 ) ) ;
#1455 = CARTESIAN_POINT ( 'NONE',  ( 0.000000000000000000, 0.000000000000000000, -11.00000000000000000 ) ) ;
#1456 = CARTESIAN_POINT ( 'NONE',  ( -5.204170427930421283E-15, 9.999999999999998224, 0.000000000000000000 ) ) ;
#1457 = VERTEX_POINT ( 'NONE', #4066 ) ;
#1458 = CARTESIAN_POINT ( 'NONE',  ( -24.14213562373095812, -59.14213562373093680, 0.9999999999999991118 ) ) ;
#1459 = CARTESIAN_POINT ( 'NONE',  ( 10.00000000000000178, 0.000000000000000000, -5.196013828848716574E-14 ) ) ;
#1460 = CARTESIAN_POINT ( 'NONE',  ( 9.999999999999992895, 9.999999999999998224, 0.000000000000000000 ) ) ;
#1461 = VERTEX_POINT ( 'NONE', #7387 ) ;
#1462 = ORIENTED_EDGE ( 'NONE', *, *, #9693, .F. ) ;
#1463 = ADVANCED_FACE ( 'NONE', ( #2422 ), #5773, .F. ) ;
#1464 = DIRECTION ( 'NONE',  ( -0.5386090358293531555, 0.000000000000000000, -0.8425558180458874169 ) ) ;
#1465 = EDGE_CURVE ( 'NONE', #8199, #2862, #1103, .T. ) ;
#1466 = AXIS2_PLACEMENT_3D ( 'NONE', #8524, #6115, #10367 ) ;
#1467 = APPLICATION_CONTEXT ( 'automotive_design' ) ;
#1468 = DIRECTION ( 'NONE',  ( -0.000000000000000000, -1.000000000000000000, -0.000000000000000000 ) ) ;
#1469 = DIRECTION ( 'NONE',  ( 0.000000000000000000, 0.000000000000000000, 1.000000000000000000 ) ) ;
#1470 = AXIS2_PLACEMENT_3D ( 'NONE', #8572, #178, #1268 ) ;
#1471 = VECTOR ( 'NONE', #4890, 1000.000000000000000 ) ;
#1472 = CARTESIAN_POINT ( 'NONE',  ( 4.332851387010890676, 18.00000000000000000, -97.29470861319067865 ) ) ;
#1473 = CARTESIAN_POINT ( 'NONE',  ( 1.071565949253934321E-15, 200.0000000000000000, -8.750000000000001776 ) ) ;
#1474 = ORIENTED_EDGE ( 'NONE', *, *, #8260, .F. ) ;
#1475 = EDGE_LOOP ( 'NONE', ( #3679, #306, #5116, #6018 ) ) ;
#1476 = CARTESIAN_POINT ( 'NONE',  ( 0.000000000000000000, 0.000000000000000000, 0.000000000000000000 ) ) ;
#1477 = ORIENTED_EDGE ( 'NONE', *, *, #10189, .F. ) ;
#1478 = ORIENTED_EDGE ( 'NONE', *, *, #995, .F. ) ;
#1479 = EDGE_CURVE ( 'NONE', #10419, #4893, #9376, .T. ) ;
#1480 = VECTOR ( 'NONE', #6111, 1000.000000000000000 ) ;
#1481 = VECTOR ( 'NONE', #4283, 1000.000000000000000 ) ;
#1482 = AXIS2_PLACEMENT_3D ( 'NONE', #5029, #4092, #3269 ) ;
#1483 = EDGE_CURVE ( 'NONE', #4129, #1629, #6848, .T. ) ;
#1484 = EDGE_CURVE ( 'NONE', #1760, #989, #10581, .T. ) ;
#1485 = VERTEX_POINT ( 'NONE', #209 ) ;
#1486 = CARTESIAN_POINT ( 'NONE',  ( -64.46620431643836469, 0.000000000000000000, -110.1405347760015161 ) ) ;
#1487 = DIRECTION ( 'NONE',  ( -5.204170427930420297E-16, 1.000000000000000000, -0.000000000000000000 ) ) ;
#1488 = CIRCLE ( 'NONE', #8820, 2.249999999999998668 ) ;
#1489 = CARTESIAN_POINT ( 'NONE',  ( 0.000000000000000000, 0.000000000000000000, 0.000000000000000000 ) ) ;
#1490 = AXIS2_PLACEMENT_3D ( 'NONE', #774, #8064, #6474 ) ;
#1491 = ORIENTED_EDGE ( 'NONE', *, *, #9832, .F. ) ;
#1492 = DIRECTION ( 'NONE',  ( 0.000000000000000000, 0.000000000000000000, 1.000000000000000000 ) ) ;
#1493 = VECTOR ( 'NONE', #3976, 1000.000000000000000 ) ;
#1494 = PRODUCT_DEFINITION_CONTEXT ( 'detailed design', #7406, 'design' ) ;
#1495 = ORIENTED_EDGE ( 'NONE', *, *, #4328, .T. ) ;
#1496 = VERTEX_POINT ( 'NONE', #10191 ) ;
#1497 = LINE ( 'NONE', #111, #5511 ) ;
#1498 = CIRCLE ( 'NONE', #10067, 2.250000000000001776 ) ;
#1499 = AXIS2_PLACEMENT_3D ( 'NONE', #8651, #2032, #9430 ) ;
#1500 = FACE_OUTER_BOUND ( 'NONE', #4567, .T. ) ;
#1501 = PLANE ( 'NONE',  #8806 ) ;
#1502 = CARTESIAN_POINT ( 'NONE',  ( -2.500000000000000000, 69.40000000000000568, 0.000000000000000000 ) ) ;
#1503 = ORIENTED_EDGE ( 'NONE', *, *, #2261, .T. ) ;
#1504 = CARTESIAN_POINT ( 'NONE',  ( 15.05453387609420624, 74.89999999999997726, 1.000000000000002665 ) ) ;
#1505 = ADVANCED_FACE ( 'NONE', ( #1163, #8496, #1878 ), #2693, .T. ) ;
#1506 = LINE ( 'NONE', #2221, #632 ) ;
#1507 = AXIS2_PLACEMENT_3D ( 'NONE', #4106, #9799, #2406 ) ;
#1508 = VERTEX_POINT ( 'NONE', #10347 ) ;
#1509 = VECTOR ( 'NONE', #8601, 1000.000000000000000 ) ;
#1510 = VECTOR ( 'NONE', #5579, 1000.000000000000000 ) ;
#1511 = DIRECTION ( 'NONE',  ( 0.000000000000000000, 1.000000000000000000, 1.816464372750583628E-16 ) ) ;
#1512 = CARTESIAN_POINT ( 'NONE',  ( -19.68655752103954626, 14.67986544671986238, -120.2803298308827920 ) ) ;
#1513 = ORIENTED_EDGE ( 'NONE', *, *, #8778, .T. ) ;
#1514 = EDGE_CURVE ( 'NONE', #7571, #2609, #6900, .T. ) ;
#1515 = CARTESIAN_POINT ( 'NONE',  ( 5.000000000000000000, -3.996221620051281269E-15, 21.99999999999999289 ) ) ;
#1516 = VECTOR ( 'NONE', #9773, 1000.000000000000000 ) ;
#1517 = DIRECTION ( 'NONE',  ( 0.000000000000000000, 0.000000000000000000, 1.000000000000000000 ) ) ;
#1518 = CARTESIAN_POINT ( 'NONE',  ( 35.00000000000000000, -9.499999999999991118, 10.00000000000000000 ) ) ;
#1519 = DIRECTION ( 'NONE',  ( -1.000000000000000000, -1.734723475976806848E-16, 0.000000000000000000 ) ) ;
#1520 = ORIENTED_EDGE ( 'NONE', *, *, #6342, .T. ) ;
#1521 = CYLINDRICAL_SURFACE ( 'NONE', #4811, 2.249999999999999112 ) ;
#1522 = CARTESIAN_POINT ( 'NONE',  ( 5.000000000000000000, 67.40000000000000568, 6.324669086646331852E-17 ) ) ;
#1523 = DIRECTION ( 'NONE',  ( -7.309661901652530912E-17, -0.7118920901450974670, -0.7022888664850415186 ) ) ;
#1524 = EDGE_CURVE ( 'NONE', #8911, #6153, #7785, .T. ) ;
#1525 = EDGE_LOOP ( 'NONE', ( #6803, #4352, #3487, #9710, #9836, #2511, #7471, #8896, #684 ) ) ;
#1526 = ORIENTED_EDGE ( 'NONE', *, *, #5545, .T. ) ;
#1527 = CARTESIAN_POINT ( 'NONE',  ( -85.36863799491800364, 95.00000000000000000, -99.02829855763729938 ) ) ;
#1528 = AXIS2_PLACEMENT_3D ( 'NONE', #3694, #7845, #10355 ) ;
#1529 = CARTESIAN_POINT ( 'NONE',  ( 85.36863799491800364, 0.000000000000000000, -96.77829855763729938 ) ) ;
#1530 = DIRECTION ( 'NONE',  ( -0.000000000000000000, -0.000000000000000000, -1.000000000000000000 ) ) ;
#1531 = PRODUCT_DEFINITION_FORMATION_WITH_SPECIFIED_SOURCE ( 'ANY', '', #3450, .NOT_KNOWN. ) ;
#1532 = EDGE_CURVE ( 'NONE', #7438, #3924, #7775, .T. ) ;
#1533 = VECTOR ( 'NONE', #2509, 1000.000000000000114 ) ;
#1534 = CARTESIAN_POINT ( 'NONE',  ( 11.28641454564402835, 3.000000000000001332, 25.50000000000000000 ) ) ;
#1535 = CARTESIAN_POINT ( 'NONE',  ( 96.67003710817803608, 95.00000000000000000, -93.45117771904557458 ) ) ;
#1536 = ORIENTED_EDGE ( 'NONE', *, *, #4904, .T. ) ;
#1537 = ORIENTED_EDGE ( 'NONE', *, *, #9082, .F. ) ;
#1538 = AXIS2_PLACEMENT_3D ( 'NONE', #74, #10124, #5961 ) ;
#1539 = DIRECTION ( 'NONE',  ( 0.000000000000000000, 0.000000000000000000, 1.000000000000000000 ) ) ;
#1540 = ORIENTED_EDGE ( 'NONE', *, *, #2968, .T. ) ;
#1541 = ORIENTED_EDGE ( 'NONE', *, *, #8318, .T. ) ;
#1542 = CIRCLE ( 'NONE', #3280, 2.249999999999998668 ) ;
#1543 = STYLED_ITEM ( 'NONE', ( #9826 ), #2555 ) ;
#1544 = VECTOR ( 'NONE', #91, 1000.000000000000000 ) ;
#1545 = EDGE_CURVE ( 'NONE', #6334, #2790, #5221, .T. ) ;
#1546 = ORIENTED_EDGE ( 'NONE', *, *, #2469, .T. ) ;
#1547 = DIRECTION ( 'NONE',  ( -0.000000000000000000, -1.000000000000000000, -0.000000000000000000 ) ) ;
#1548 = CARTESIAN_POINT ( 'NONE',  ( 30.31344247896003097, 74.67986544671987303, -28.54374205374393725 ) ) ;
#1549 = CARTESIAN_POINT ( 'NONE',  ( 3.367778697655220026E-16, 57.00000000000000000, 2.749999999999999556 ) ) ;
#1550 = ORIENTED_EDGE ( 'NONE', *, *, #9464, .F. ) ;
#1551 = DIRECTION ( 'NONE',  ( 0.9999999997608038926, 1.702472351933006129E-17, -2.187217990943473146E-05 ) ) ;
#1552 = EDGE_LOOP ( 'NONE', ( #1104, #9698 ) ) ;
#1553 = ORIENTED_EDGE ( 'NONE', *, *, #2751, .F. ) ;
#1554 = DIRECTION ( 'NONE',  ( 0.000000000000000000, 1.000000000000000000, 0.000000000000000000 ) ) ;
#1555 = CIRCLE ( 'NONE', #10642, 2.000000000000001776 ) ;
#1556 = VECTOR ( 'NONE', #1737, 1000.000000000000000 ) ;
#1557 = CARTESIAN_POINT ( 'NONE',  ( 4.332851387010890676, 18.00000000000000000, -95.04470861319066444 ) ) ;
#1558 = FACE_OUTER_BOUND ( 'NONE', #1090, .T. ) ;
#1559 = LINE ( 'NONE', #10750, #3451 ) ;
#1560 = CARTESIAN_POINT ( 'NONE',  ( -14.99999999999999822, -12.50000000000000000, 20.00000000000000000 ) ) ;
#1561 = ORIENTED_EDGE ( 'NONE', *, *, #675, .T. ) ;
#1562 = DIRECTION ( 'NONE',  ( 1.000000000000000000, 1.710569414459005593E-49, 1.700709290173340409E-17 ) ) ;
#1563 = ORIENTED_EDGE ( 'NONE', *, *, #1408, .F. ) ;
#1564 = DIRECTION ( 'NONE',  ( -1.000000000000000000, 6.842277657836022373E-49, -1.700709290173340409E-17 ) ) ;
#1565 = EDGE_CURVE ( 'NONE', #7046, #6704, #3471, .T. ) ;
#1566 = LINE ( 'NONE', #6707, #5852 ) ;
#1567 = ORIENTED_EDGE ( 'NONE', *, *, #7889, .T. ) ;
#1568 = CARTESIAN_POINT ( 'NONE',  ( -23.33682390399132700, 9.000000000000000000, -1.703843954410612094 ) ) ;
#1569 = ADVANCED_FACE ( 'NONE', ( #1766 ), #9316, .F. ) ;
#1570 = CARTESIAN_POINT ( 'NONE',  ( 4.999999999999998224, 0.000000000000000000, -85.14486490616359049 ) ) ;
#1571 = LINE ( 'NONE', #4912, #626 ) ;
#1572 = CARTESIAN_POINT ( 'NONE',  ( -5.204170427930421283E-15, 9.999999999999998224, 5.000000000000000000 ) ) ;
#1573 = DIRECTION ( 'NONE',  ( 0.000000000000000000, 1.000000000000000000, -1.846235724462870310E-15 ) ) ;
#1574 = DIRECTION ( 'NONE',  ( 0.000000000000000000, 1.000000000000000000, 0.000000000000000000 ) ) ;
#1575 = DIRECTION ( 'NONE',  ( 0.8337546385222531775, 0.000000000000000000, -0.5521351308716254680 ) ) ;
#1576 = EDGE_CURVE ( 'NONE', #10178, #10034, #8495, .T. ) ;
#1577 = EDGE_LOOP ( 'NONE', ( #1004, #1546, #5991, #6541, #7654, #8326 ) ) ;
#1578 = VERTEX_POINT ( 'NONE', #5981 ) ;
#1579 = DIRECTION ( 'NONE',  ( -1.000000000000000000, 0.000000000000000000, 0.000000000000000000 ) ) ;
#1580 = LINE ( 'NONE', #813, #6057 ) ;
#1581 = DIRECTION ( 'NONE',  ( 0.000000000000000000, 1.000000000000000000, 0.000000000000000000 ) ) ;
#1582 = CARTESIAN_POINT ( 'NONE',  ( 0.000000000000000000, 5.000000000000000000, 10.00000000000000178 ) ) ;
#1583 = EDGE_CURVE ( 'NONE', #6558, #6337, #1054, .T. ) ;
#1584 = CARTESIAN_POINT ( 'NONE',  ( -4.000000000000000000, 0.000000000000000000, 25.50000000000000000 ) ) ;
#1585 = PLANE ( 'NONE',  #10765 ) ;
#1586 = VERTEX_POINT ( 'NONE', #5318 ) ;
#1587 = ORIENTED_EDGE ( 'NONE', *, *, #5078, .T. ) ;
#1588 = CONTEXT_DEPENDENT_SHAPE_REPRESENTATION ( #5755, #712 ) ;
#1589 = CARTESIAN_POINT ( 'NONE',  ( -4.999999999999999112, 7.500000000000000000, 23.99999999999999645 ) ) ;
#1590 = EDGE_CURVE ( 'NONE', #7582, #4175, #7833, .T. ) ;
#1591 = ORIENTED_EDGE ( 'NONE', *, *, #8102, .F. ) ;
#1592 = ORIENTED_EDGE ( 'NONE', *, *, #5345, .T. ) ;
#1593 = PRODUCT_DEFINITION_SHAPE ( 'NONE', 'NONE',  #231 ) ;
#1594 = DIRECTION ( 'NONE',  ( -1.000000000000000000, -7.703719777548943412E-34, -1.264933817329266432E-17 ) ) ;
#1595 = ORIENTED_EDGE ( 'NONE', *, *, #7796, .T. ) ;
#1596 = FACE_OUTER_BOUND ( 'NONE', #8369, .T. ) ;
#1597 = CARTESIAN_POINT ( 'NONE',  ( 15.05453387609420446, -4.000000000000001776, 21.99999999999999289 ) ) ;
#1598 = DIRECTION ( 'NONE',  ( 1.734723475976805246E-17, 0.000000000000000000, 1.000000000000000000 ) ) ;
#1599 = ORIENTED_EDGE ( 'NONE', *, *, #3198, .F. ) ;
#1600 = DIRECTION ( 'NONE',  ( 0.5503713389351663210, -3.000028270471389817E-21, -0.8349199897467494136 ) ) ;
#1601 = PRODUCT_DEFINITION_CONTEXT ( 'detailed design', #5054, 'design' ) ;
#1602 = VERTEX_POINT ( 'NONE', #9268 ) ;
#1603 = VERTEX_POINT ( 'NONE', #333 ) ;
#1604 = DIRECTION ( 'NONE',  ( 0.000000000000000000, 1.000000000000000000, 0.000000000000000000 ) ) ;
#1605 = EDGE_CURVE ( 'NONE', #6445, #7185, #5158, .T. ) ;
#1606 = EDGE_CURVE ( 'NONE', #6013, #1853, #4832, .T. ) ;
#1607 = CYLINDRICAL_SURFACE ( 'NONE', #1620, 4.000000000000003553 ) ;
#1608 = CYLINDRICAL_SURFACE ( 'NONE', #9338, 2.250000000000001776 ) ;
#1609 = DIRECTION ( 'NONE',  ( 0.000000000000000000, 1.000000000000000000, 0.000000000000000000 ) ) ;
#1610 = DIRECTION ( 'NONE',  ( -6.938893903907228378E-17, 1.000000000000000000, 0.000000000000000000 ) ) ;
#1611 = VERTEX_POINT ( 'NONE', #1217 ) ;
#1612 = DIRECTION ( 'NONE',  ( 0.000000000000000000, 1.000000000000000000, -0.000000000000000000 ) ) ;
#1613 = EDGE_LOOP ( 'NONE', ( #7525, #1503, #6734, #6645, #5060, #8647, #3952, #2 ) ) ;
#1614 = ORIENTED_EDGE ( 'NONE', *, *, #4591, .F. ) ;
#1615 = APPLICATION_CONTEXT ( 'automotive_design' ) ;
#1616 = LINE ( 'NONE', #8947, #8475 ) ;
#1617 = FACE_OUTER_BOUND ( 'NONE', #9439, .T. ) ;
#1618 = ORIENTED_EDGE ( 'NONE', *, *, #3246, .T. ) ;
#1619 = ADVANCED_FACE ( 'NONE', ( #2141 ), #593, .T. ) ;
#1620 = AXIS2_PLACEMENT_3D ( 'NONE', #8280, #10692, #8228 ) ;
#1621 = ADVANCED_FACE ( 'NONE', ( #1421 ), #6350, .T. ) ;
#1622 = DIRECTION ( 'NONE',  ( 0.000000000000000000, 0.000000000000000000, -1.000000000000000000 ) ) ;
#1623 = CARTESIAN_POINT ( 'NONE',  ( -25.00000000000000000, 9.500000000000000000, 0.000000000000000000 ) ) ;
#1624 = DIRECTION ( 'NONE',  ( -1.000000000000000000, -0.000000000000000000, 1.734723475976807094E-17 ) ) ;
#1625 = CARTESIAN_POINT ( 'NONE',  ( -13.47468831681135271, 0.000000000000000000, 0.3057232255736196391 ) ) ;
#1626 = LINE ( 'NONE', #909, #3233 ) ;
#1627 = CARTESIAN_POINT ( 'NONE',  ( 64.46620431643836469, 0.000000000000000000, -112.3905347760015161 ) ) ;
#1628 = CARTESIAN_POINT ( 'NONE',  ( -3.647693777163323325, 70.85803989154980798, 0.000000000000000000 ) ) ;
#1629 = VERTEX_POINT ( 'NONE', #2245 ) ;
#1630 = ORIENTED_EDGE ( 'NONE', *, *, #10015, .T. ) ;
#1631 = DIRECTION ( 'NONE',  ( 1.000000000000000000, 0.000000000000000000, 0.000000000000000000 ) ) ;
#1632 = ADVANCED_FACE ( 'NONE', ( #5474 ), #6253, .T. ) ;
#1633 = AXIS2_PLACEMENT_3D ( 'NONE', #3947, #4763, #6565 ) ;
#1634 = DIRECTION ( 'NONE',  ( 0.000000000000000000, 1.000000000000000000, 0.000000000000000000 ) ) ;
#1635 = PRESENTATION_STYLE_ASSIGNMENT (( #5757 ) ) ;
#1636 = CARTESIAN_POINT ( 'NONE',  ( 15.31657277250937810, 79.89999999999999147, 19.92893218813453515 ) ) ;
#1637 = DIRECTION ( 'NONE',  ( 0.000000000000000000, 0.000000000000000000, 1.000000000000000000 ) ) ;
#1638 = FACE_BOUND ( 'NONE', #5642, .T. ) ;
#1639 = ORIENTED_EDGE ( 'NONE', *, *, #775, .T. ) ;
#1640 = ORIENTED_EDGE ( 'NONE', *, *, #9153, .F. ) ;
#1641 = ADVANCED_FACE ( 'NONE', ( #1376 ), #5591, .F. ) ;
#1642 = DIRECTION ( 'NONE',  ( 0.000000000000000000, 0.000000000000000000, 1.000000000000000000 ) ) ;
#1643 = ORIENTED_EDGE ( 'NONE', *, *, #346, .F. ) ;
#1644 = ORIENTED_EDGE ( 'NONE', *, *, #1396, .T. ) ;
#1645 = VECTOR ( 'NONE', #6328, 1000.000000000000000 ) ;
#1646 = AXIS2_PLACEMENT_3D ( 'NONE', #10749, #4244, #8345 ) ;
#1647 = EDGE_CURVE ( 'NONE', #6205, #366, #10402, .T. ) ;
#1648 = CARTESIAN_POINT ( 'NONE',  ( 15.00000000000000178, 12.50000000000000000, -10.00000000000000000 ) ) ;
#1649 = ORIENTED_EDGE ( 'NONE', *, *, #8216, .F. ) ;
#1650 = DIRECTION ( 'NONE',  ( 0.000000000000000000, 0.000000000000000000, 1.000000000000000000 ) ) ;
#1651 = CARTESIAN_POINT ( 'NONE',  ( 2.755455298081544285E-16, 5.000000000000000000, 2.250000000000000000 ) ) ;
#1652 = DIRECTION ( 'NONE',  ( 1.000000000000000000, 0.000000000000000000, 0.000000000000000000 ) ) ;
#1653 = ORIENTED_EDGE ( 'NONE', *, *, #3432, .T. ) ;
#1654 = DIRECTION ( 'NONE',  ( 1.000000000000000000, 0.000000000000000000, 0.000000000000000000 ) ) ;
#1655 = CARTESIAN_POINT ( 'NONE',  ( -2.999999999999999556, 70.90000000000000568, -2.500000000000000000 ) ) ;
#1656 = ORIENTED_EDGE ( 'NONE', *, *, #8106, .T. ) ;
#1657 = EDGE_LOOP ( 'NONE', ( #10169, #2304, #3011, #7245, #4895, #2328, #4524, #1206, #1758 ) ) ;
#1658 = VECTOR ( 'NONE', #10446, 1000.000000000000000 ) ;
#1659 = AXIS2_PLACEMENT_3D ( 'NONE', #4014, #10733, #4182 ) ;
#1660 = CARTESIAN_POINT ( 'NONE',  ( -142.2579957929710304, 85.00000000000000000, -76.93469513467034915 ) ) ;
#1661 = EDGE_CURVE ( 'NONE', #8111, #2966, #7960, .T. ) ;
#1662 = AXIS2_PLACEMENT_3D ( 'NONE', #4923, #10779, #10011 ) ;
#1663 = CIRCLE ( 'NONE', #10745, 2.750000000000000000 ) ;
#1664 = AXIS2_PLACEMENT_3D ( 'NONE', #4561, #6251, #3728 ) ;
#1665 = DIRECTION ( 'NONE',  ( -1.734723475976807094E-16, 1.000000000000000000, 0.000000000000000000 ) ) ;
#1666 = DIRECTION ( 'NONE',  ( -5.204170427930420297E-16, 1.000000000000000000, 0.000000000000000000 ) ) ;
#1667 = LINE ( 'NONE', #3194, #7946 ) ;
#1668 = VERTEX_POINT ( 'NONE', #2917 ) ;
#1669 = DIRECTION ( 'NONE',  ( 1.000000000000000000, -1.368455531567204475E-48, 1.700709290173340409E-17 ) ) ;
#1670 = EDGE_CURVE ( 'NONE', #3339, #4576, #6043, .T. ) ;
#1671 = EDGE_LOOP ( 'NONE', ( #3996, #5202, #10530, #4736 ) ) ;
#1672 = EDGE_LOOP ( 'NONE', ( #3527, #5274, #1640, #5028 ) ) ;
#1673 = LINE ( 'NONE', #4145, #3054 ) ;
#1674 = DIRECTION ( 'NONE',  ( 0.000000000000000000, -8.260587980841942477E-17, 1.000000000000000000 ) ) ;
#1675 = VERTEX_POINT ( 'NONE', #434 ) ;
#1676 = AXIS2_PLACEMENT_3D ( 'NONE', #7339, #6523, #8389 ) ;
#1677 = VECTOR ( 'NONE', #2399, 1000.000000000000000 ) ;
#1678 = VECTOR ( 'NONE', #5661, 1000.000000000000114 ) ;
#1679 = FACE_OUTER_BOUND ( 'NONE', #4845, .T. ) ;
#1680 = DIRECTION ( 'NONE',  ( -1.000000000000000000, 0.000000000000000000, 0.000000000000000000 ) ) ;
#1681 = AXIS2_PLACEMENT_3D ( 'NONE', #3845, #8049, #2193 ) ;
#1682 = CARTESIAN_POINT ( 'NONE',  ( 9.063930161978817068E-16, 63.40000000000001279, 23.99999999999999645 ) ) ;
#1683 = CIRCLE ( 'NONE', #8328, 7.000000000000006217 ) ;
#1684 = CARTESIAN_POINT ( 'NONE',  ( -25.00000000000000000, 9.500000000000001776, 10.00000000000000000 ) ) ;
#1685 = CARTESIAN_POINT ( 'NONE',  ( 5.000000000000000000, 70.90000000000000568, -2.500000000000000000 ) ) ;
#1686 = EDGE_CURVE ( 'NONE', #669, #2206, #7121, .T. ) ;
#1687 = AXIS2_PLACEMENT_3D ( 'NONE', #10177, #2632, #1753 ) ;
#1688 = FACE_OUTER_BOUND ( 'NONE', #4613, .T. ) ;
#1689 = DIRECTION ( 'NONE',  ( -0.5521351308716254680, 0.000000000000000000, -0.8337546385222531775 ) ) ;
#1690 = VERTEX_POINT ( 'NONE', #9694 ) ;
#1691 = ORIENTED_EDGE ( 'NONE', *, *, #5620, .T. ) ;
#1692 = ADVANCED_FACE ( 'NONE', ( #7061 ), #9598, .F. ) ;
#1693 = CARTESIAN_POINT ( 'NONE',  ( 30.31344247896004163, 54.67986544671986593, -28.54374205374393725 ) ) ;
#1694 = CIRCLE ( 'NONE', #8859, 2.249999999999999112 ) ;
#1695 = PRODUCT_DEFINITION_SHAPE ( 'NONE', 'NONE',  #10843 ) ;
#1696 = VECTOR ( 'NONE', #6332, 1000.000000000000000 ) ;
#1697 = FACE_OUTER_BOUND ( 'NONE', #9553, .T. ) ;
#1698 = DIRECTION ( 'NONE',  ( -0.000000000000000000, -0.000000000000000000, -1.000000000000000000 ) ) ;
#1699 = ADVANCED_FACE ( 'NONE', ( #1318 ), #10461, .T. ) ;
#1700 = DIRECTION ( 'NONE',  ( 0.000000000000000000, 0.000000000000000000, 1.000000000000000000 ) ) ;
#1701 = FACE_OUTER_BOUND ( 'NONE', #6511, .T. ) ;
#1702 = ORIENTED_EDGE ( 'NONE', *, *, #10226, .T. ) ;
#1703 = ORIENTED_EDGE ( 'NONE', *, *, #4215, .F. ) ;
#1704 = DIRECTION ( 'NONE',  ( -0.000000000000000000, 1.000000000000000000, -0.000000000000000000 ) ) ;
#1705 = ORIENTED_EDGE ( 'NONE', *, *, #9442, .F. ) ;
#1706 = ORIENTED_EDGE ( 'NONE', *, *, #9652, .T. ) ;
#1707 = AXIS2_PLACEMENT_3D ( 'NONE', #835, #4068, #10797 ) ;
#1708 = EDGE_CURVE ( 'NONE', #6916, #10407, #10590, .T. ) ;
#1709 = CARTESIAN_POINT ( 'NONE',  ( 15.50000000000000000, 3.851859888774471706E-33, 1.000000000000000222 ) ) ;
#1710 = FACE_OUTER_BOUND ( 'NONE', #9971, .T. ) ;
#1711 = DIRECTION ( 'NONE',  ( 0.000000000000000000, 0.000000000000000000, 1.000000000000000000 ) ) ;
#1712 = LINE ( 'NONE', #10795, #1154 ) ;
#1713 = VECTOR ( 'NONE', #3075, 1000.000000000000000 ) ;
#1714 = ORIENTED_EDGE ( 'NONE', *, *, #5, .T. ) ;
#1715 = DIRECTION ( 'NONE',  ( 0.8349199897467494136, -2.294577622390937796E-22, -0.5503713389351659879 ) ) ;
#1716 = DIRECTION ( 'NONE',  ( 0.000000000000000000, 1.000000000000000000, -0.000000000000000000 ) ) ;
#1717 = ORIENTED_EDGE ( 'NONE', *, *, #3103, .F. ) ;
#1718 = ORIENTED_EDGE ( 'NONE', *, *, #8216, .T. ) ;
#1719 = CLOSED_SHELL ( 'NONE', ( #6273, #1817, #2863, #9638, #6147, #6426, #1619 ) ) ;
#1720 = CARTESIAN_POINT ( 'NONE',  ( -5.204170427930421283E-15, 9.999999999999998224, -16.00000000000000000 ) ) ;
#1721 = AXIS2_PLACEMENT_3D ( 'NONE', #3043, #4484, #2834 ) ;
#1722 = AXIS2_PLACEMENT_3D ( 'NONE', #9902, #10713, #2396 ) ;
#1723 = DIRECTION ( 'NONE',  ( -0.000000000000000000, 1.000000000000000000, 0.000000000000000000 ) ) ;
#1724 = DIRECTION ( 'NONE',  ( -1.000000000000000000, 0.000000000000000000, 0.000000000000000000 ) ) ;
#1725 = EDGE_LOOP ( 'NONE', ( #1381, #1095, #9160, #3476 ) ) ;
#1726 = DIRECTION ( 'NONE',  ( 0.000000000000000000, 0.000000000000000000, -1.000000000000000000 ) ) ;
#1727 = ADVANCED_BREP_SHAPE_REPRESENTATION ( '', ( #6008, #9029 ), #9749 ) ;
#1728 = ORIENTED_EDGE ( 'NONE', *, *, #3618, .T. ) ;
#1729 = VERTEX_POINT ( 'NONE', #7172 ) ;
#1730 = AXIS2_PLACEMENT_3D ( 'NONE', #3709, #7039, #9570 ) ;
#1731 = CARTESIAN_POINT ( 'NONE',  ( -4.999999999999999112, 70.90000000000000568, 25.50000000000000000 ) ) ;
#1732 =( BOUNDED_CURVE ( )  B_SPLINE_CURVE ( 3, ( #9086, #5868, #4059, #6570 ),
 .UNSPECIFIED., .F., .F. ) 
 B_SPLINE_CURVE_WITH_KNOTS ( ( 4, 4 ),
 ( 0.000000000000000000, 1.570796326794896558 ),
 .UNSPECIFIED. ) 
 CURVE ( )  GEOMETRIC_REPRESENTATION_ITEM ( )  RATIONAL_B_SPLINE_CURVE ( ( 1.000000000000000000, 0.8047378541243649375, 0.8047378541243649375, 1.000000000000000000 ) ) 
 REPRESENTATION_ITEM ( '' )  );
#1733 = PLANE ( 'NONE',  #7399 ) ;
#1734 = EDGE_LOOP ( 'NONE', ( #7112, #6210, #4083, #8560 ) ) ;
#1735 = EDGE_CURVE ( 'NONE', #7949, #6195, #4724, .T. ) ;
#1736 = AXIS2_PLACEMENT_3D ( 'NONE', #4314, #7643, #2828 ) ;
#1737 = DIRECTION ( 'NONE',  ( -1.000000000000000000, -0.000000000000000000, -0.000000000000000000 ) ) ;
#1738 = FACE_OUTER_BOUND ( 'NONE', #9961, .T. ) ;
#1739 = EDGE_CURVE ( 'NONE', #4998, #1868, #1261, .T. ) ;
#1740 = CARTESIAN_POINT ( 'NONE',  ( 96.67003710817803608, 95.00000000000000000, -93.45117771904557458 ) ) ;
#1741 = EDGE_LOOP ( 'NONE', ( #6481, #758, #8501, #3114 ) ) ;
#1742 = DIRECTION ( 'NONE',  ( 0.000000000000000000, 0.000000000000000000, -1.000000000000000000 ) ) ;
#1743 = AXIS2_PLACEMENT_3D ( 'NONE', #5457, #3927, #2074 ) ;
#1744 = DIRECTION ( 'NONE',  ( -0.5521351308716256900, 0.000000000000000000, -0.8337546385222530665 ) ) ;
#1745 = DIRECTION ( 'NONE',  ( 0.000000000000000000, -1.000000000000000000, 0.000000000000000000 ) ) ;
#1746 = ORIENTED_EDGE ( 'NONE', *, *, #2158, .T. ) ;
#1747 = VERTEX_POINT ( 'NONE', #5536 ) ;
#1748 = DIRECTION ( 'NONE',  ( -1.264933817329266432E-17, 0.000000000000000000, 1.000000000000000000 ) ) ;
#1749 = ADVANCED_FACE ( 'NONE', ( #8094 ), #2038, .T. ) ;
#1750 = ADVANCED_FACE ( 'NONE', ( #10557 ), #5761, .F. ) ;
#1751 = CARTESIAN_POINT ( 'NONE',  ( 94.00000000000001421, 9.999999999999994671, -104.7964619962940844 ) ) ;
#1752 = FACE_OUTER_BOUND ( 'NONE', #7320, .T. ) ;
#1753 = DIRECTION ( 'NONE',  ( 0.000000000000000000, 0.000000000000000000, -1.000000000000000000 ) ) ;
#1754 = AXIS2_PLACEMENT_3D ( 'NONE', #1185, #1948, #5997 ) ;
#1755 = LINE ( 'NONE', #7036, #461 ) ;
#1756 = DIRECTION ( 'NONE',  ( 0.000000000000000000, 1.000000000000000000, 0.000000000000000000 ) ) ;
#1757 = VERTEX_POINT ( 'NONE', #1473 ) ;
#1758 = ORIENTED_EDGE ( 'NONE', *, *, #9745, .F. ) ;
#1759 = FACE_OUTER_BOUND ( 'NONE', #4410, .T. ) ;
#1760 = VERTEX_POINT ( 'NONE', #2342 ) ;
#1761 = EDGE_LOOP ( 'NONE', ( #1882, #3677 ) ) ;
#1762 = CARTESIAN_POINT ( 'NONE',  ( 2.500000000000000000, 0.000000000000000000, 0.000000000000000000 ) ) ;
#1763 = DIRECTION ( 'NONE',  ( 0.000000000000000000, 0.000000000000000000, -1.000000000000000000 ) ) ;
#1764 = EDGE_CURVE ( 'NONE', #198, #1931, #4054, .T. ) ;
#1765 = DIRECTION ( 'NONE',  ( -0.000000000000000000, -1.000000000000000000, -0.000000000000000000 ) ) ;
#1766 = FACE_OUTER_BOUND ( 'NONE', #3533, .T. ) ;
#1767 = EDGE_LOOP ( 'NONE', ( #4444, #5118, #6745, #10624 ) ) ;
#1768 = ORIENTED_EDGE ( 'NONE', *, *, #10699, .T. ) ;
#1769 = ORIENTED_EDGE ( 'NONE', *, *, #8816, .F. ) ;
#1770 = DIRECTION ( 'NONE',  ( -0.5731392382913462757, -0.5731392382913446104, -0.5856815065047152880 ) ) ;
#1771 = EDGE_CURVE ( 'NONE', #9488, #3687, #94, .T. ) ;
#1772 = FACE_BOUND ( 'NONE', #9423, .T. ) ;
#1773 = FACE_OUTER_BOUND ( 'NONE', #5649, .T. ) ;
#1774 = FACE_BOUND ( 'NONE', #4140, .T. ) ;
#1775 = ORIENTED_EDGE ( 'NONE', *, *, #5583, .F. ) ;
#1776 = CARTESIAN_POINT ( 'NONE',  ( 7.499999999999998224, 18.00000000000000000, -81.58229419209513367 ) ) ;
#1777 = ORIENTED_EDGE ( 'NONE', *, *, #87, .F. ) ;
#1778 = EDGE_LOOP ( 'NONE', ( #9412, #3797, #3576, #7164 ) ) ;
#1779 = PRODUCT_DEFINITION_SHAPE ( 'NONE', 'NONE',  #10825 ) ;
#1780 = CARTESIAN_POINT ( 'NONE',  ( 69.07332122148433484, 9.999999999999994671, -119.1878866990734736 ) ) ;
#1781 = CARTESIAN_POINT ( 'NONE',  ( -25.54669227613990046, 18.00000000000000000, -3.555388392487212723 ) ) ;
#1782 = VERTEX_POINT ( 'NONE', #10017 ) ;
#1783 = ADVANCED_FACE ( 'NONE', ( #7374 ), #2510, .F. ) ;
#1784 = EDGE_CURVE ( 'NONE', #4067, #5869, #10423, .T. ) ;
#1785 = DIRECTION ( 'NONE',  ( 0.000000000000000000, 1.000000000000000000, 0.000000000000000000 ) ) ;
#1786 = DIRECTION ( 'NONE',  ( -0.2644732620533331025, -0.000000000000000000, 0.9643930182549378394 ) ) ;
#1787 = LINE ( 'NONE', #3209, #5539 ) ;
#1788 = ORIENTED_EDGE ( 'NONE', *, *, #8359, .F. ) ;
#1789 = DIRECTION ( 'NONE',  ( -0.000000000000000000, -1.000000000000000000, -0.000000000000000000 ) ) ;
#1790 = SHAPE_REPRESENTATION ( 'Pneumatic_Gripper_Assembly', ( #1893, #7466, #5374, #2226, #2056, #5730, #8349, #470, #3275, #7644, #3811, #8167, #1885, #6249, #4855, #5034, #9402, #6422, #10440, #2763, #1707, #9924, #5206, #4686, #9217, #8866, #5557 ), #3815 ) ;
#1791 = CARTESIAN_POINT ( 'NONE',  ( 5.000000000000000888, 74.89999999999999147, 17.00000000000001066 ) ) ;
#1792 = LINE ( 'NONE', #5910, #4881 ) ;
#1793 = EDGE_LOOP ( 'NONE', ( #4361, #9152, #7472, #3689 ) ) ;
#1794 = ORIENTED_EDGE ( 'NONE', *, *, #1771, .T. ) ;
#1795 = CARTESIAN_POINT ( 'NONE',  ( -19.68655752103997258, 74.67986544671987303, -42.59593772390965682 ) ) ;
#1796 = EDGE_CURVE ( 'NONE', #174, #5048, #9083, .T. ) ;
#1797 = EDGE_CURVE ( 'NONE', #3833, #3968, #5006, .T. ) ;
#1798 = CARTESIAN_POINT ( 'NONE',  ( -19.68655752103954626, 14.67986544671986238, -42.59593772390965682 ) ) ;
#1799 = VECTOR ( 'NONE', #9718, 1000.000000000000000 ) ;
#1800 = CARTESIAN_POINT ( 'NONE',  ( -1.924702886938330026, 18.00000000000000000, -81.70205095511482796 ) ) ;
#1801 = CARTESIAN_POINT ( 'NONE',  ( 15.31657277250937810, 79.90000000000000568, 17.00000000000001066 ) ) ;
#1802 = FACE_OUTER_BOUND ( 'NONE', #6080, .T. ) ;
#1803 = ADVANCED_FACE ( 'NONE', ( #9025 ), #1585, .T. ) ;
#1804 = ORIENTED_EDGE ( 'NONE', *, *, #8138, .T. ) ;
#1805 = EDGE_LOOP ( 'NONE', ( #6363, #4614, #9986, #3089 ) ) ;
#1806 = ADVANCED_FACE ( 'NONE', ( #5864 ), #7437, .T. ) ;
#1807 = CARTESIAN_POINT ( 'NONE',  ( 15.00000000000000178, -12.50000000000000000, -10.00000000000000000 ) ) ;
#1808 = EDGE_LOOP ( 'NONE', ( #5865, #706, #1278, #2728 ) ) ;
#1809 = ORIENTED_EDGE ( 'NONE', *, *, #10721, .T. ) ;
#1810 = CIRCLE ( 'NONE', #6873, 4.000000000000003553 ) ;
#1811 = CARTESIAN_POINT ( 'NONE',  ( 14.99999999999999822, 12.50000000000000000, 20.00000000000000000 ) ) ;
#1812 = AXIS2_PLACEMENT_3D ( 'NONE', #8849, #6388, #3003 ) ;
#1813 = DIRECTION ( 'NONE',  ( 1.000000000000000000, 0.000000000000000000, -0.000000000000000000 ) ) ;
#1814 = CARTESIAN_POINT ( 'NONE',  ( 2.499999999999999556, 67.90000000000000568, 25.50000000000000000 ) ) ;
#1815 = DIRECTION ( 'NONE',  ( -1.000000000000000000, -1.734723475976807094E-16, 0.000000000000000000 ) ) ;
#1816 = ORIENTED_EDGE ( 'NONE', *, *, #1929, .T. ) ;
#1817 = ADVANCED_FACE ( 'NONE', ( #1701 ), #819, .T. ) ;
#1818 = APPLICATION_PROTOCOL_DEFINITION ( 'draft international standard', 'automotive_design', 1998, #10426 ) ;
#1819 = ORIENTED_EDGE ( 'NONE', *, *, #5827, .T. ) ;
#1820 = ORIENTED_EDGE ( 'NONE', *, *, #2481, .F. ) ;
#1821 = CARTESIAN_POINT ( 'NONE',  ( 15.00000000000000000, 5.500000000000005329, 20.00000000000000000 ) ) ;
#1822 = EDGE_CURVE ( 'NONE', #8427, #6356, #5184, .T. ) ;
#1823 = AXIS2_PLACEMENT_3D ( 'NONE', #1293, #8132, #6282 ) ;
#1824 = AXIS2_PLACEMENT_3D ( 'NONE', #8281, #4076, #9105 ) ;
#1825 = EDGE_CURVE ( 'NONE', #65, #7949, #6400, .T. ) ;
#1826 = APPLICATION_CONTEXT ( 'automotive_design' ) ;
#1827 = CARTESIAN_POINT ( 'NONE',  ( 25.00000000000000000, 0.000000000000000000, 10.00000000000000000 ) ) ;
#1828 = LINE ( 'NONE', #4408, #5915 ) ;
#1829 = DIRECTION ( 'NONE',  ( -0.000000000000000000, -1.000000000000000000, -0.000000000000000000 ) ) ;
#1830 = ORIENTED_EDGE ( 'NONE', *, *, #9026, .T. ) ;
#1831 = CYLINDRICAL_SURFACE ( 'NONE', #10061, 4.000000000000000000 ) ;
#1832 = ADVANCED_FACE ( 'NONE', ( #1638, #4982 ), #653, .F. ) ;
#1833 = AXIS2_PLACEMENT_3D ( 'NONE', #9928, #7288, #3139 ) ;
#1834 = ORIENTED_EDGE ( 'NONE', *, *, #224, .F. ) ;
#1835 = EDGE_LOOP ( 'NONE', ( #7863, #7161, #2051, #10773 ) ) ;
#1836 = DIRECTION ( 'NONE',  ( 0.000000000000000000, 1.000000000000000000, 0.000000000000000000 ) ) ;
#1837 = DIRECTION ( 'NONE',  ( 0.000000000000000000, 0.000000000000000000, -1.000000000000000000 ) ) ;
#1838 = AXIS2_PLACEMENT_3D ( 'NONE', #5994, #1836, #2713 ) ;
#1839 = AXIS2_PLACEMENT_3D ( 'NONE', #7730, #2819, #1891 ) ;
#1840 = AXIS2_PLACEMENT_3D ( 'NONE', #2699, #1770, #9988 ) ;
#1841 = AXIS2_PLACEMENT_3D ( 'NONE', #5129, #8301, #2449 ) ;
#1842 = CARTESIAN_POINT ( 'NONE',  ( 0.000000000000000000, 0.000000000000000000, -5.500000000000000000 ) ) ;
#1843 = EDGE_CURVE ( 'NONE', #5355, #6862, #4221, .T. ) ;
#1844 = DIRECTION ( 'NONE',  ( 1.623211227490745063E-15, 1.846235724462868337E-15, 1.000000000000000000 ) ) ;
#1845 = CARTESIAN_POINT ( 'NONE',  ( 58.74171087241099087, 9.999999999999994671, -90.51182856389574738 ) ) ;
#1846 = VERTEX_POINT ( 'NONE', #10673 ) ;
#1847 = DIRECTION ( 'NONE',  ( 0.000000000000000000, 1.000000000000000000, 0.000000000000000000 ) ) ;
#1848 = VECTOR ( 'NONE', #6192, 1000.000000000000000 ) ;
#1849 = DIRECTION ( 'NONE',  ( 0.7071067811865467956, -0.7071067811865483499, 1.577021341797097560E-16 ) ) ;
#1850 = VECTOR ( 'NONE', #4973, 1000.000000000000000 ) ;
#1851 = VECTOR ( 'NONE', #8233, 1000.000000000000000 ) ;
#1852 = CARTESIAN_POINT ( 'NONE',  ( -14.99999999999999822, -12.50000000000000000, 0.000000000000000000 ) ) ;
#1853 = VERTEX_POINT ( 'NONE', #9914 ) ;
#1854 = EDGE_LOOP ( 'NONE', ( #8857, #546, #5774, #3077 ) ) ;
#1855 = DIRECTION ( 'NONE',  ( 0.000000000000000000, 0.000000000000000000, -1.000000000000000000 ) ) ;
#1856 = ADVANCED_FACE ( 'NONE', ( #3176 ), #6510, .F. ) ;
#1857 = VECTOR ( 'NONE', #37, 1000.000000000000000 ) ;
#1858 = DIRECTION ( 'NONE',  ( 0.000000000000000000, 0.000000000000000000, 1.000000000000000000 ) ) ;
#1859 = VECTOR ( 'NONE', #6675, 1000.000000000000000 ) ;
#1860 = DIRECTION ( 'NONE',  ( 0.000000000000000000, 0.000000000000000000, -1.000000000000000000 ) ) ;
#1861 = DIRECTION ( 'NONE',  ( -0.000000000000000000, -1.000000000000000000, -0.000000000000000000 ) ) ;
#1862 = ORIENTED_EDGE ( 'NONE', *, *, #5045, .T. ) ;
#1863 = FACE_OUTER_BOUND ( 'NONE', #7790, .T. ) ;
#1864 = ORIENTED_EDGE ( 'NONE', *, *, #9688, .F. ) ;
#1865 = ORIENTED_EDGE ( 'NONE', *, *, #3206, .F. ) ;
#1866 = CARTESIAN_POINT ( 'NONE',  ( 0.000000000000000000, 0.000000000000000000, 0.000000000000000000 ) ) ;
#1867 = ORIENTED_EDGE ( 'NONE', *, *, #2116, .T. ) ;
#1868 = VERTEX_POINT ( 'NONE', #88 ) ;
#1869 = AXIS2_PLACEMENT_3D ( 'NONE', #5269, #999, #7554 ) ;
#1870 = AXIS2_PLACEMENT_3D ( 'NONE', #10164, #6822, #6060 ) ;
#1871 = DIRECTION ( 'NONE',  ( 1.224646799147353700E-16, -1.000000000000000000, 0.000000000000000000 ) ) ;
#1872 = EDGE_CURVE ( 'NONE', #6096, #3118, #8642, .T. ) ;
#1873 = DIRECTION ( 'NONE',  ( -1.000000000000000000, 0.000000000000000000, 0.000000000000000000 ) ) ;
#1874 = VECTOR ( 'NONE', #10371, 1000.000000000000114 ) ;
#1875 = CIRCLE ( 'NONE', #7461, 10.00000000000000178 ) ;
#1876 = DIRECTION ( 'NONE',  ( 0.000000000000000000, -0.000000000000000000, -1.000000000000000000 ) ) ;
#1877 = CARTESIAN_POINT ( 'NONE',  ( -27.68655752103997258, 74.67986544671987303, -28.54374205374393725 ) ) ;
#1878 = FACE_BOUND ( 'NONE', #1920, .T. ) ;
#1879 = ORIENTED_EDGE ( 'NONE', *, *, #1872, .T. ) ;
#1880 = PRODUCT_CONTEXT ( 'NONE', #1264, 'mechanical' ) ;
#1881 = LINE ( 'NONE', #337, #6435 ) ;
#1882 = ORIENTED_EDGE ( 'NONE', *, *, #97, .F. ) ;
#1883 = EDGE_LOOP ( 'NONE', ( #4211, #5605, #440, #507, #6472, #533, #3779, #8005 ) ) ;
#1884 = DIRECTION ( 'NONE',  ( -0.000000000000000000, -1.000000000000000000, -0.000000000000000000 ) ) ;
#1885 = AXIS2_PLACEMENT_3D ( 'NONE', #3241, #1600, #9985 ) ;
#1886 = CIRCLE ( 'NONE', #4337, 2.250000000000000000 ) ;
#1887 = ADVANCED_FACE ( 'NONE', ( #1863 ), #7708, .F. ) ;
#1888 = AXIS2_PLACEMENT_3D ( 'NONE', #2346, #10727, #8213 ) ;
#1889 = DIRECTION ( 'NONE',  ( 0.000000000000000000, 1.000000000000000000, 0.000000000000000000 ) ) ;
#1890 = CARTESIAN_POINT ( 'NONE',  ( 64.46620431643836469, 85.00000000000000000, -112.3905347760015161 ) ) ;
#1891 = DIRECTION ( 'NONE',  ( 0.000000000000000000, 0.000000000000000000, 1.000000000000000000 ) ) ;
#1892 = ORIENTED_EDGE ( 'NONE', *, *, #140, .T. ) ;
#1893 = AXIS2_PLACEMENT_3D ( 'NONE', #554, #1932, #7678 ) ;
#1894 = DIRECTION ( 'NONE',  ( 1.000000000000000000, 0.000000000000000000, 0.000000000000000000 ) ) ;
#1896 = VECTOR ( 'NONE', #10091, 1000.000000000000000 ) ;
#1895 =( LENGTH_UNIT ( ) NAMED_UNIT ( * ) SI_UNIT ( .MILLI., .METRE. ) );
#1897 = ORIENTED_EDGE ( 'NONE', *, *, #10610, .F. ) ;
#1898 = VERTEX_POINT ( 'NONE', #1043 ) ;
#1899 = DIRECTION ( 'NONE',  ( 0.000000000000000000, -0.000000000000000000, -1.000000000000000000 ) ) ;
#1900 = DIRECTION ( 'NONE',  ( -1.000000000000000000, 0.000000000000000000, 0.000000000000000000 ) ) ;
#1901 = DIRECTION ( 'NONE',  ( -1.000000000000000000, 0.000000000000000000, 0.000000000000000000 ) ) ;
#1902 = AXIS2_PLACEMENT_3D ( 'NONE', #6992, #9569, #1291 ) ;
#1903 = LINE ( 'NONE', #2664, #3382 ) ;
#1904 = CARTESIAN_POINT ( 'NONE',  ( -2.500000000000000000, -9.499999999999994671, 0.5000000000000000000 ) ) ;
#1905 = AXIS2_PLACEMENT_3D ( 'NONE', #4657, #4757, #5523 ) ;
#1906 = ORIENTED_EDGE ( 'NONE', *, *, #4605, .T. ) ;
#1907 = DIRECTION ( 'NONE',  ( -1.165290405000614279E-33, 1.000000000000000000, 3.122048140665065340E-17 ) ) ;
#1908 = CARTESIAN_POINT ( 'NONE',  ( -64.46620431643836469, 95.00000000000000000, -107.8905347760015161 ) ) ;
#1909 = FACE_OUTER_BOUND ( 'NONE', #5210, .T. ) ;
#1910 = LINE ( 'NONE', #4429, #5141 ) ;
#1911 = EDGE_LOOP ( 'NONE', ( #1550, #878, #4239, #4955 ) ) ;
#1912 = DIRECTION ( 'NONE',  ( -0.000000000000000000, -1.000000000000000000, -0.000000000000000000 ) ) ;
#1913 = ADVANCED_FACE ( 'NONE', ( #8541 ), #2679, .T. ) ;
#1914 = FACE_BOUND ( 'NONE', #6571, .T. ) ;
#1915 = CARTESIAN_POINT ( 'NONE',  ( 4.142135623730935023, -59.14213562373096522, -11.00000000000000000 ) ) ;
#1916 = CYLINDRICAL_SURFACE ( 'NONE', #8334, 2.999999999999999112 ) ;
#1917 = ORIENTED_EDGE ( 'NONE', *, *, #4538, .T. ) ;
#1918 = CARTESIAN_POINT ( 'NONE',  ( -24.99999999999999289, -5.500000000000001776, 10.00000000000000000 ) ) ;
#1919 = ORIENTED_EDGE ( 'NONE', *, *, #6647, .T. ) ;
#1920 = EDGE_LOOP ( 'NONE', ( #6351, #4917 ) ) ;
#1921 = CARTESIAN_POINT ( 'NONE',  ( -15.51771948742469043, 0.000000000000000000, 21.78844835938496871 ) ) ;
#1922 = ORIENTED_EDGE ( 'NONE', *, *, #2156, .T. ) ;
#1923 = ORIENTED_EDGE ( 'NONE', *, *, #7958, .T. ) ;
#1924 = EDGE_CURVE ( 'NONE', #8613, #4779, #7270, .T. ) ;
#1925 = LINE ( 'NONE', #204, #6401 ) ;
#1926 = CARTESIAN_POINT ( 'NONE',  ( 0.000000000000000000, 0.000000000000000000, 10.00000000000000888 ) ) ;
#1927 = FACE_BOUND ( 'NONE', #439, .T. ) ;
#1928 = CARTESIAN_POINT ( 'NONE',  ( 4.999999999999998224, 0.000000000000000000, -85.14486490616359049 ) ) ;
#1929 = EDGE_CURVE ( 'NONE', #5306, #4067, #2916, .T. ) ;
#1930 = CARTESIAN_POINT ( 'NONE',  ( -13.47468831681135271, 18.00000000000000000, 0.3057232255736196391 ) ) ;
#1931 = VERTEX_POINT ( 'NONE', #10233 ) ;
#1932 = DIRECTION ( 'NONE',  ( 0.000000000000000000, 0.000000000000000000, 1.000000000000000000 ) ) ;
#1933 = FACE_OUTER_BOUND ( 'NONE', #10579, .T. ) ;
#1934 = ORIENTED_EDGE ( 'NONE', *, *, #4205, .T. ) ;
#1935 = ORIENTED_EDGE ( 'NONE', *, *, #9310, .F. ) ;
#1936 = DIRECTION ( 'NONE',  ( -1.734723475976807094E-16, 1.000000000000000000, -0.000000000000000000 ) ) ;
#1937 = EDGE_CURVE ( 'NONE', #2385, #7856, #2738, .T. ) ;
#1938 = FACE_OUTER_BOUND ( 'NONE', #3879, .T. ) ;
#1939 = LINE ( 'NONE', #220, #3278 ) ;
#1940 = LINE ( 'NONE', #9494, #2534 ) ;
#1941 = VERTEX_POINT ( 'NONE', #5305 ) ;
#1942 = CARTESIAN_POINT ( 'NONE',  ( -4.848466816396265422, 70.32273477155132468, -1.277015347384380384 ) ) ;
#1943 = VERTEX_POINT ( 'NONE', #2798 ) ;
#1944 = ORIENTED_EDGE ( 'NONE', *, *, #9497, .T. ) ;
#1945 = ADVANCED_FACE ( 'NONE', ( #3456 ), #7598, .F. ) ;#1946 = EDGE_CURVE ( 'NONE', #8568, #5299, #6078, .T. ) ;
#1947 = LINE ( 'NONE', #10271, #3405 ) ;
#1948 = DIRECTION ( 'NONE',  ( -0.000000000000000000, 1.000000000000000000, -0.000000000000000000 ) ) ;
#1949 = CARTESIAN_POINT ( 'NONE',  ( -58.74171087241097666, 0.000000000000000000, -90.51182856389573317 ) ) ;
#1950 = DIRECTION ( 'NONE',  ( 1.846235724462872282E-15, 1.623211227490741118E-15, -1.000000000000000000 ) ) ;
#1951 = ORIENTED_EDGE ( 'NONE', *, *, #8106, .F. ) ;
#1952 = DIRECTION ( 'NONE',  ( 0.000000000000000000, 0.000000000000000000, 1.000000000000000000 ) ) ;
#1953 = FACE_OUTER_BOUND ( 'NONE', #1180, .T. ) ;
#1954 = EDGE_CURVE ( 'NONE', #2814, #3835, #7100, .T. ) ;
#1955 = DIRECTION ( 'NONE',  ( -0.000000000000000000, -0.000000000000000000, 1.000000000000000000 ) ) ;
#1956 = DIRECTION ( 'NONE',  ( 0.000000000000000000, -1.000000000000000000, 0.000000000000000000 ) ) ;
#1957 = EDGE_LOOP ( 'NONE', ( #10051, #6051 ) ) ;
#1958 = ADVANCED_FACE ( 'NONE', ( #8591, #1802 ), #6835, .F. ) ;
#1959 = ADVANCED_FACE ( 'NONE', ( #1148 ), #4495, .T. ) ;
#1960 = DIRECTION ( 'NONE',  ( -1.734723475976807094E-16, 1.000000000000000000, 0.000000000000000000 ) ) ;
#1961 = CARTESIAN_POINT ( 'NONE',  ( 35.00000000000000000, 9.500000000000012434, 0.000000000000000000 ) ) ;
#1962 = CARTESIAN_POINT ( 'NONE',  ( 35.00000000000000000, -5.499999999999991118, 20.00000000000000000 ) ) ;
#1963 = CARTESIAN_POINT ( 'NONE',  ( 35.00000000000000000, 5.500000000000011546, 20.00000000000000000 ) ) ;
#1964 = EDGE_LOOP ( 'NONE', ( #7439, #1714, #3623, #3735 ) ) ;
#1965 = DIRECTION ( 'NONE',  ( -1.000000000000000000, -1.734723475976806848E-16, 0.000000000000000000 ) ) ;
#1966 = ORIENTED_EDGE ( 'NONE', *, *, #1184, .T. ) ;
#1967 = ORIENTED_EDGE ( 'NONE', *, *, #7957, .T. ) ;
#1968 = CARTESIAN_POINT ( 'NONE',  ( 15.00000000000000178, 12.50000000000000000, -10.00000000000000000 ) ) ;
#1969 = ORIENTED_EDGE ( 'NONE', *, *, #7082, .T. ) ;
#1970 = ORIENTED_EDGE ( 'NONE', *, *, #4879, .T. ) ;
#1971 = MECHANICAL_DESIGN_GEOMETRIC_PRESENTATION_REPRESENTATION (  '', ( #4074 ), #3200 ) ;
#1972 = CARTESIAN_POINT ( 'NONE',  ( -10.00000000000000178, -15.00000000000000355, 0.000000000000000000 ) ) ;
#1973 = FILL_AREA_STYLE ('',( #206 ) ) ;
#1974 = EDGE_CURVE ( 'NONE', #6840, #59, #8840, .T. ) ;
#1975 = FACE_OUTER_BOUND ( 'NONE', #4385, .T. ) ;
#1976 = CARTESIAN_POINT ( 'NONE',  ( -25.00000000000000000, 0.000000000000000000, 20.00000000000000000 ) ) ;
#1977 = CARTESIAN_POINT ( 'NONE',  ( 0.000000000000000000, 0.000000000000000000, 0.5000000000000000000 ) ) ;
#1978 = VERTEX_POINT ( 'NONE', #8424 ) ;
#1979 = PRODUCT_CONTEXT ( 'NONE', #10217, 'mechanical' ) ;
#1980 = VECTOR ( 'NONE', #2243, 1000.000000000000000 ) ;
#1981 = FILL_AREA_STYLE ('',( #2812 ) ) ;
#1982 = ORIENTED_EDGE ( 'NONE', *, *, #1237, .F. ) ;
#1983 = VERTEX_POINT ( 'NONE', #2576 ) ;
#1984 = CARTESIAN_POINT ( 'NONE',  ( 6.035533905932735976, 18.00000000000000000, -32.24281492697224394 ) ) ;
#1985 = ADVANCED_FACE ( 'NONE', ( #4438, #7757, #10179, #7663, #6787, #9359 ), #3617, .T. ) ;
#1986 = DIRECTION ( 'NONE',  ( -1.000000000000000000, -0.000000000000000000, 1.734723475976807094E-17 ) ) ;
#1987 = DIRECTION ( 'NONE',  ( 0.000000000000000000, 1.000000000000000000, -0.000000000000000000 ) ) ;
#1988 = DIRECTION ( 'NONE',  ( 7.309661901652530912E-17, 0.7118920901450974670, 0.7022888664850415186 ) ) ;
#1989 = ORIENTED_EDGE ( 'NONE', *, *, #8767, .T. ) ;
#1990 = LINE ( 'NONE', #7732, #10242 ) ;
#1991 = SHAPE_REPRESENTATION_RELATIONSHIP ( 'NONE' , 'NONE' ,  #9208, #4214 ) ;
#1992 = EDGE_CURVE ( 'NONE', #288, #6162, #367, .T. ) ;
#1993 = ORIENTED_EDGE ( 'NONE', *, *, #1872, .F. ) ;
#1994 = ORIENTED_EDGE ( 'NONE', *, *, #3206, .T. ) ;
#1995 = CLOSED_SHELL ( 'NONE', ( #7070, #21, #1505, #5100, #1285, #3307, #4810, #9860, #7642, #350 ) ) ;
#1996 = AXIS2_PLACEMENT_3D ( 'NONE', #4518, #4358, #1111 ) ;
#1997 = DIRECTION ( 'NONE',  ( 1.734723475976807094E-16, -1.000000000000000000, 0.000000000000000000 ) ) ;
#1998 = VECTOR ( 'NONE', #733, 1000.000000000000000 ) ;
#1999 = CARTESIAN_POINT ( 'NONE',  ( 0.000000000000000000, 95.00200000000000955, -110.2793298308826877 ) ) ;
#2000 = EDGE_CURVE ( 'NONE', #9428, #8722, #9200, .T. ) ;
#2001 = CIRCLE ( 'NONE', #7591, 20.00000000000000355 ) ;
#2002 = CARTESIAN_POINT ( 'NONE',  ( -23.68655752103955692, 34.67986544671986593, -28.54374205374393725 ) ) ;
#2003 = CARTESIAN_POINT ( 'NONE',  ( -4.000000000000000000, 0.000000000000000000, 0.5000000000000004441 ) ) ;
#2004 = VERTEX_POINT ( 'NONE', #10497 ) ;
#2005 = CARTESIAN_POINT ( 'NONE',  ( -10.00000000000003553, -73.28427124746190202, 0.000000000000000000 ) ) ;
#2006 = CARTESIAN_POINT ( 'NONE',  ( -41.81980515339471083, -90.96194077712557657, 15.00000000000001421 ) ) ;
#2007 = AXIS2_PLACEMENT_3D ( 'NONE', #4958, #5787, #3317 ) ;
#2008 = DIRECTION ( 'NONE',  ( 1.000000000000000000, 0.000000000000000000, 0.000000000000000000 ) ) ;
#2009 = ORIENTED_EDGE ( 'NONE', *, *, #6504, .T. ) ;
#2010 = ORIENTED_EDGE ( 'NONE', *, *, #3434, .F. ) ;
#2011 = VECTOR ( 'NONE', #2959, 1000.000000000000000 ) ;
#2012 = AXIS2_PLACEMENT_3D ( 'NONE', #10345, #6552, #2394 ) ;
#2013 = VECTOR ( 'NONE', #5300, 1000.000000000000000 ) ;
#2014 = CARTESIAN_POINT ( 'NONE',  ( -10.00000000000000355, 12.50000000000000000, -5.000000000000000888 ) ) ;
#2015 = EDGE_CURVE ( 'NONE', #2144, #8441, #10081, .T. ) ;
#2016 = AXIS2_PLACEMENT_3D ( 'NONE', #58, #5947, #1724 ) ;
#2017 = DIRECTION ( 'NONE',  ( 0.000000000000000000, 0.000000000000000000, 1.000000000000000000 ) ) ;
#2018 = VECTOR ( 'NONE', #4098, 1000.000000000000000 ) ;
#2019 = CARTESIAN_POINT ( 'NONE',  ( 0.000000000000000000, 39.00000000000000000, -7.500000000000000000 ) ) ;
#2020 = ORIENTED_EDGE ( 'NONE', *, *, #8428, .T. ) ;
#2021 = VECTOR ( 'NONE', #9667, 1000.000000000000000 ) ;
#2022 = ADVANCED_FACE ( 'NONE', ( #5363 ), #1249, .T. ) ;
#2023 = VECTOR ( 'NONE', #527, 1000.000000000000114 ) ;
#2024 = FACE_OUTER_BOUND ( 'NONE', #3619, .T. ) ;
#2025 = ORIENTED_EDGE ( 'NONE', *, *, #10301, .T. ) ;
#2026 = EDGE_LOOP ( 'NONE', ( #3805, #10514, #5766, #8632 ) ) ;
#2027 = DIRECTION ( 'NONE',  ( -1.734723475976807094E-16, 1.000000000000000000, -0.000000000000000000 ) ) ;
#2028 = ORIENTED_EDGE ( 'NONE', *, *, #6961, .F. ) ;
#2029 = VERTEX_POINT ( 'NONE', #7160 ) ;
#2030 = VECTOR ( 'NONE', #7510, 1000.000000000000000 ) ;
#2031 = VECTOR ( 'NONE', #2256, 1000.000000000000000 ) ;
#2032 = DIRECTION ( 'NONE',  ( 1.000000000000000000, 0.000000000000000000, 0.000000000000000000 ) ) ;
#2033 = EDGE_CURVE ( 'NONE', #3181, #6205, #7920, .T. ) ;
#2034 = CARTESIAN_POINT ( 'NONE',  ( 58.67999999999999972, 5.000000000000000000, 0.000000000000000000 ) ) ;
#2035 = FACE_OUTER_BOUND ( 'NONE', #8926, .T. ) ;
#2036 = CARTESIAN_POINT ( 'NONE',  ( 11.12919120779491244, 70.90000000000000568, 0.4999999999999991673 ) ) ;
#2037 = AXIS2_PLACEMENT_3D ( 'NONE', #6130, #8482, #6015 ) ;
#2038 = PLANE ( 'NONE',  #6055 ) ;
#2039 = VECTOR ( 'NONE', #10670, 1000.000000000000000 ) ;
#2040 = ORIENTED_EDGE ( 'NONE', *, *, #9363, .F. ) ;
#2041 = CIRCLE ( 'NONE', #9911, 2.999999999999999556 ) ;
#2042 = APPLICATION_CONTEXT ( 'automotive_design' ) ;
#2043 = EDGE_LOOP ( 'NONE', ( #10544, #3158, #1563, #10253 ) ) ;
#2044 = VERTEX_POINT ( 'NONE', #7871 ) ;
#2045 = CIRCLE ( 'NONE', #10268, 2.250000000000000444 ) ;
#2046 = EDGE_CURVE ( 'NONE', #6852, #4970, #3438, .T. ) ;
#2047 = CIRCLE ( 'NONE', #9218, 2.000000000000001776 ) ;
#2048 = CARTESIAN_POINT ( 'NONE',  ( 2.500000000000000000, 0.000000000000000000, 0.000000000000000000 ) ) ;
#2049 = DIRECTION ( 'NONE',  ( 0.000000000000000000, 0.000000000000000000, 1.000000000000000000 ) ) ;
#2050 = DIRECTION ( 'NONE',  ( 0.000000000000000000, 1.000000000000000000, 0.000000000000000000 ) ) ;
#2051 = ORIENTED_EDGE ( 'NONE', *, *, #10363, .F. ) ;
#2052 = CARTESIAN_POINT ( 'NONE',  ( -5.000000000000000000, 70.66810622656225860, -0.6706132646124267627 ) ) ;
#2053 = EDGE_CURVE ( 'NONE', #7548, #7733, #3007, .T. ) ;
#2054 = ORIENTED_EDGE ( 'NONE', *, *, #5294, .T. ) ;
#2055 = ORIENTED_EDGE ( 'NONE', *, *, #9668, .F. ) ;
#2056 = AXIS2_PLACEMENT_3D ( 'NONE', #9658, #49, #2424 ) ;
#2057 = AXIS2_PLACEMENT_3D ( 'NONE', #5565, #1398, #3974 ) ;
#2058 = PLANE ( 'NONE',  #5495 ) ;
#2059 = DIRECTION ( 'NONE',  ( 1.000000000000000000, 0.000000000000000000, 0.000000000000000000 ) ) ;
#2060 = ORIENTED_EDGE ( 'NONE', *, *, #8443, .T. ) ;
#2061 = DIRECTION ( 'NONE',  ( -8.895006672729878318E-17, -0.000000000000000000, 1.000000000000000000 ) ) ;
#2062 = DIRECTION ( 'NONE',  ( 0.000000000000000000, 1.000000000000000000, 0.000000000000000000 ) ) ;
#2063 = ORIENTED_EDGE ( 'NONE', *, *, #2730, .F. ) ;
#2064 = DIRECTION ( 'NONE',  ( -1.387778780781445676E-16, 1.000000000000000000, -0.000000000000000000 ) ) ;
#2065 = DIRECTION ( 'NONE',  ( 0.000000000000000000, -0.000000000000000000, 1.000000000000000000 ) ) ;
#2066 = AXIS2_PLACEMENT_3D ( 'NONE', #742, #5681, #6447 ) ;
#2067 = ADVANCED_FACE ( 'NONE', ( #10448 ), #6289, .F. ) ;
#2068 =( NAMED_UNIT ( * ) PLANE_ANGLE_UNIT ( ) SI_UNIT ( $, .RADIAN. ) );
#2069 = CARTESIAN_POINT ( 'NONE',  ( -39.56980515339470372, -90.96194077712557657, -24.99999999999999289 ) ) ;
#2070 = DIRECTION ( 'NONE',  ( 0.000000000000000000, 0.000000000000000000, -1.000000000000000000 ) ) ;
#2071 = EDGE_LOOP ( 'NONE', ( #1058, #38, #8290, #2176 ) ) ;
#2072 = AXIS2_PLACEMENT_3D ( 'NONE', #1057, #162, #3525 ) ;
#2073 = ADVANCED_FACE ( 'NONE', ( #477 ), #7047, .F. ) ;
#2074 = DIRECTION ( 'NONE',  ( 0.000000000000000000, 0.000000000000000000, 1.000000000000000000 ) ) ;
#2075 = AXIS2_PLACEMENT_3D ( 'NONE', #9527, #2801, #9426 ) ;
#2076 = CYLINDRICAL_SURFACE ( 'NONE', #1453, 8.750000000000001776 ) ;
#2077 = DIRECTION ( 'NONE',  ( 0.000000000000000000, 0.000000000000000000, 1.000000000000000000 ) ) ;
#2078 = LINE ( 'NONE', #2231, #10222 ) ;
#2079 = ORIENTED_EDGE ( 'NONE', *, *, #9789, .F. ) ;
#2080 = CARTESIAN_POINT ( 'NONE',  ( -15.00000000000000000, 5.500000000000003553, 20.00000000000000000 ) ) ;
#2081 = VERTEX_POINT ( 'NONE', #2080 ) ;
#2082 = ORIENTED_EDGE ( 'NONE', *, *, #263, .T. ) ;
#2083 = PRESENTATION_LAYER_ASSIGNMENT (  '', '', ( #9758 ) ) ;
#2084 = CARTESIAN_POINT ( 'NONE',  ( -20.90380984571846312, 0.000000000000000000, 15.61289017892625886 ) ) ;
#2085 = ORIENTED_EDGE ( 'NONE', *, *, #173, .T. ) ;
#2086 = ORIENTED_EDGE ( 'NONE', *, *, #4058, .F. ) ;
#2087 = CIRCLE ( 'NONE', #7673, 2.249999999999998668 ) ;
#2088 = EDGE_CURVE ( 'NONE', #4734, #4175, #3627, .T. ) ;
#2089 = EDGE_CURVE ( 'NONE', #7454, #3732, #4712, .T. ) ;
#2090 = AXIS2_PLACEMENT_3D ( 'NONE', #3161, #7201, #5514 ) ;
#2091 = DIRECTION ( 'NONE',  ( -1.000000000000000000, 0.000000000000000000, 0.000000000000000000 ) ) ;
#2092 = DIRECTION ( 'NONE',  ( 0.000000000000000000, -1.000000000000000000, 0.000000000000000000 ) ) ;
#2093 = DIRECTION ( 'NONE',  ( 1.000000000000000000, 0.000000000000000000, 0.000000000000000000 ) ) ;
#2094 = CARTESIAN_POINT ( 'NONE',  ( -44.06980515339471083, -90.96194077712557657, -32.99999999999999289 ) ) ;
#2095 = DIRECTION ( 'NONE',  ( 0.000000000000000000, 1.000000000000000000, 0.000000000000000000 ) ) ;
#2096 = ORIENTED_EDGE ( 'NONE', *, *, #4414, .T. ) ;
#2097 = CARTESIAN_POINT ( 'NONE',  ( -4.999999999999999112, 15.00000000000000000, 19.50000000000000000 ) ) ;
#2098 = ORIENTED_EDGE ( 'NONE', *, *, #4503, .F. ) ;
#2099 = VERTEX_POINT ( 'NONE', #8040 ) ;
#2100 = FACE_OUTER_BOUND ( 'NONE', #7576, .T. ) ;
#2101 = EDGE_CURVE ( 'NONE', #3000, #9243, #532, .T. ) ;
#2102 = EDGE_CURVE ( 'NONE', #6789, #3132, #5416, .T. ) ;
#2103 = CARTESIAN_POINT ( 'NONE',  ( 11.12919120779492310, -4.336808689942017736E-16, 24.25735931288071257 ) ) ;
#2104 = PLANE ( 'NONE',  #5733 ) ;
#2105 = DIRECTION ( 'NONE',  ( 1.734723475976806601E-16, -1.000000000000000000, 0.000000000000000000 ) ) ;
#2106 = EDGE_LOOP ( 'NONE', ( #4774, #5380, #197, #149 ) ) ;
#2107 = DIRECTION ( 'NONE',  ( 0.000000000000000000, 0.000000000000000000, 1.000000000000000000 ) ) ;
#2108 = ORIENTED_EDGE ( 'NONE', *, *, #5216, .F. ) ;
#2109 = EDGE_LOOP ( 'NONE', ( #1275, #4577, #7278, #2849 ) ) ;
#2110 = LINE ( 'NONE', #10321, #7071 ) ;
#2111 = DIRECTION ( 'NONE',  ( 0.000000000000000000, 1.000000000000000000, -0.000000000000000000 ) ) ;
#2112 = DIRECTION ( 'NONE',  ( 0.000000000000000000, 0.000000000000000000, 1.000000000000000000 ) ) ;
#2113 = DIRECTION ( 'NONE',  ( 1.000000000000000000, -5.597413005428682852E-49, 1.700709290173340409E-17 ) ) ;
#2114 = EDGE_LOOP ( 'NONE', ( #4364, #9563, #189, #4404, #6526 ) ) ;
#2115 = CARTESIAN_POINT ( 'NONE',  ( -34.74873734152922822, -98.03300858899103787, 15.00000000000003730 ) ) ;
#2116 = EDGE_CURVE ( 'NONE', #5306, #8199, #9754, .T. ) ;
#2117 = CARTESIAN_POINT ( 'NONE',  ( 5.000000000000000000, 80.40000000000000568, 25.50000000000000000 ) ) ;
#2118 = CARTESIAN_POINT ( 'NONE',  ( 0.000000000000000000, 85.00000000000000000, -117.2793298308827019 ) ) ;
#2119 = CARTESIAN_POINT ( 'NONE',  ( -2.499999999999999556, 70.90000000000000568, 25.50000000000000000 ) ) ;
#2120 = EDGE_LOOP ( 'NONE', ( #6311, #9306 ) ) ;
#2121 = EDGE_CURVE ( 'NONE', #5891, #2760, #1371, .T. ) ;
#2122 = DIRECTION ( 'NONE',  ( 0.000000000000000000, 1.000000000000000000, 0.000000000000000000 ) ) ;
#2123 = LINE ( 'NONE', #1358, #5835 ) ;
#2124 = CARTESIAN_POINT ( 'NONE',  ( 22.31344247896044664, 34.67986544671986593, -42.59593772390965682 ) ) ;
#2125 = DIRECTION ( 'NONE',  ( -0.000000000000000000, -0.000000000000000000, -1.000000000000000000 ) ) ;
#2126 = ORIENTED_EDGE ( 'NONE', *, *, #10085, .T. ) ;
#2127 = CARTESIAN_POINT ( 'NONE',  ( -23.68655752103954981, 14.67986544671986238, -42.59593772390965682 ) ) ;
#2128 = ORIENTED_EDGE ( 'NONE', *, *, #8635, .F. ) ;
#2129 = EDGE_LOOP ( 'NONE', ( #215, #6170, #6278, #5817, #6949, #2929 ) ) ;
#2130 = CLOSED_SHELL ( 'NONE', ( #639, #1569, #10237, #9858, #1749, #6697 ) ) ;
#2131 = CYLINDRICAL_SURFACE ( 'NONE', #1905, 10.00000000000000178 ) ;
#2132 = EDGE_CURVE ( 'NONE', #669, #6568, #416, .T. ) ;
#2133 = ORIENTED_EDGE ( 'NONE', *, *, #10015, .F. ) ;
#2134 = VERTEX_POINT ( 'NONE', #7817 ) ;
#2135 = ADVANCED_FACE ( 'NONE', ( #2024 ), #2961, .F. ) ;
#2136 = LINE ( 'NONE', #3888, #5022 ) ;
#2137 = DIRECTION ( 'NONE',  ( 0.000000000000000000, 1.000000000000000000, 0.000000000000000000 ) ) ;
#2138 = EDGE_CURVE ( 'NONE', #3838, #9272, #2281, .T. ) ;
#2139 = EDGE_CURVE ( 'NONE', #4198, #10196, #6554, .T. ) ;
#2140 = DIRECTION ( 'NONE',  ( 1.700709290173340409E-17, 0.000000000000000000, 1.000000000000000000 ) ) ;
#2141 = FACE_OUTER_BOUND ( 'NONE', #6322, .T. ) ;
#2142 = ORIENTED_EDGE ( 'NONE', *, *, #330, .T. ) ;
#2143 = SHAPE_REPRESENTATION ( 'Actuator_Push_Rod_\X2\9ed88ba4\X0\', ( #9029 ), #6595 ) ;
#2144 = VERTEX_POINT ( 'NONE', #4967 ) ;
#2145 = ORIENTED_EDGE ( 'NONE', *, *, #6626, .T. ) ;
#2146 = EDGE_CURVE ( 'NONE', #9463, #4983, #8180, .T. ) ;
#2147 = FACE_OUTER_BOUND ( 'NONE', #899, .T. ) ;
#2148 = CARTESIAN_POINT ( 'NONE',  ( 10.00000000000000355, -44.99999999999998579, 0.000000000000000000 ) ) ;
#2149 = LINE ( 'NONE', #4619, #2187 ) ;
#2150 = ORIENTED_EDGE ( 'NONE', *, *, #1514, .T. ) ;
#2151 = CARTESIAN_POINT ( 'NONE',  ( 5.000000000000000000, 83.40000000000000568, 22.50000000000000000 ) ) ;
#2152 = UNCERTAINTY_MEASURE_WITH_UNIT (LENGTH_MEASURE( 1.000000000000000082E-05 ), #7016, 'distance_accuracy_value', 'NONE');
#2153 = ORIENTED_EDGE ( 'NONE', *, *, #3274, .T. ) ;
#2154 = ORIENTED_EDGE ( 'NONE', *, *, #1708, .F. ) ;
#2155 = DIRECTION ( 'NONE',  ( 0.000000000000000000, -6.195440985631456550E-17, 1.000000000000000000 ) ) ;
#2156 = EDGE_CURVE ( 'NONE', #1369, #348, #8147, .T. ) ;
#2157 = CARTESIAN_POINT ( 'NONE',  ( -54.18456999314557976, 85.00000000000000000, -29.29576847887739888 ) ) ;
#2158 = EDGE_CURVE ( 'NONE', #4908, #1747, #4155, .T. ) ;
#2159 = DIRECTION ( 'NONE',  ( -1.734723475976805517E-15, 0.000000000000000000, 1.000000000000000000 ) ) ;
#2160 = LINE ( 'NONE', #7144, #10435 ) ;
#2161 = VERTEX_POINT ( 'NONE', #10663 ) ;
#2162 = CARTESIAN_POINT ( 'NONE',  ( -64.46620431643836469, 0.000000000000000000, -107.8905347760015161 ) ) ;
#2163 = CARTESIAN_POINT ( 'NONE',  ( -4.000000000000000000, 0.000000000000000000, 25.50000000000000000 ) ) ;
#2164 = VECTOR ( 'NONE', #4038, 1000.000000000000000 ) ;
#2165 = FACE_BOUND ( 'NONE', #3782, .T. ) ;
#2166 = FACE_OUTER_BOUND ( 'NONE', #261, .T. ) ;
#2167 = DIRECTION ( 'NONE',  ( 0.000000000000000000, 0.000000000000000000, 1.000000000000000000 ) ) ;
#2168 = ORIENTED_EDGE ( 'NONE', *, *, #548, .T. ) ;
#2169 = AXIS2_PLACEMENT_3D ( 'NONE', #7692, #6923, #1900 ) ;
#2170 = AXIS2_PLACEMENT_3D ( 'NONE', #7348, #5008, #10805 ) ;
#2171 = CYLINDRICAL_SURFACE ( 'NONE', #2090, 10.00000000000000178 ) ;
#2172 = APPLICATION_CONTEXT ( 'automotive_design' ) ;
#2173 = LINE ( 'NONE', #4801, #1289 ) ;
#2174 = CARTESIAN_POINT ( 'NONE',  ( 0.000000000000000000, 0.000000000000000000, 0.000000000000000000 ) ) ;
#2175 = DIRECTION ( 'NONE',  ( 1.000000000000000000, 0.000000000000000000, 0.000000000000000000 ) ) ;
#2176 = ORIENTED_EDGE ( 'NONE', *, *, #7355, .F. ) ;
#2177 = AXIS2_PLACEMENT_3D ( 'NONE', #9000, #5736, #10757 ) ;
#2178 = CIRCLE ( 'NONE', #1303, 2.500000000000002220 ) ;
#2179 = CARTESIAN_POINT ( 'NONE',  ( 11.12919120779492310, 0.000000000000000000, 0.5000000000000073275 ) ) ;
#2180 = EDGE_LOOP ( 'NONE', ( #3698, #7007 ) ) ;
#2181 = VECTOR ( 'NONE', #2473, 1000.000000000000114 ) ;
#2182 = DIRECTION ( 'NONE',  ( -0.000000000000000000, -1.000000000000000000, -0.000000000000000000 ) ) ;
#2183 = VERTEX_POINT ( 'NONE', #8959 ) ;
#2184 = VERTEX_POINT ( 'NONE', #9072 ) ;
#2185 = AXIS2_PLACEMENT_3D ( 'NONE', #4975, #7494, #2507 ) ;
#2186 = CARTESIAN_POINT ( 'NONE',  ( 4.999999999999996447, 18.00000000000000000, -30.78819291295088689 ) ) ;
#2187 = VECTOR ( 'NONE', #7947, 1000.000000000000000 ) ;
#2188 = LINE ( 'NONE', #8091, #2039 ) ;
#2189 = AXIS2_PLACEMENT_3D ( 'NONE', #8916, #1464, #7166 ) ;
#2190 = CIRCLE ( 'NONE', #1482, 10.00000000000000178 ) ;
#2191 = PRODUCT_RELATED_PRODUCT_CATEGORY ( 'part', '', ( #2752 ) ) ;
#2192 = FACE_BOUND ( 'NONE', #7649, .T. ) ;
#2193 = DIRECTION ( 'NONE',  ( 0.000000000000000000, 0.000000000000000000, -1.000000000000000000 ) ) ;
#2194 = ORIENTED_EDGE ( 'NONE', *, *, #10600, .T. ) ;
#2195 = ITEM_DEFINED_TRANSFORMATION ( 'NONE', 'NONE', #3811,  #9029 ) ;
#2196 = ORIENTED_EDGE ( 'NONE', *, *, #10174, .T. ) ;
#2197 = ORIENTED_EDGE ( 'NONE', *, *, #4296, .T. ) ;
#2198 = AXIS2_PLACEMENT_3D ( 'NONE', #10736, #885, #8270 ) ;
#2199 = AXIS2_PLACEMENT_3D ( 'NONE', #5567, #4744, #4636 ) ;
#2200 = ADVANCED_FACE ( 'NONE', ( #3270, #5796, #9236, #3167, #6667, #8245 ), #3116, .T. ) ;
#2201 = AXIS2_PLACEMENT_3D ( 'NONE', #8808, #2095, #5427 ) ;
#2202 = VECTOR ( 'NONE', #7135, 1000.000000000000000 ) ;
#2203 = LINE ( 'NONE', #8009, #952 ) ;
#2204 = CARTESIAN_POINT ( 'NONE',  ( -74.99999999999998579, 150.0000000000000000, 74.99999999999997158 ) ) ;
#2205 = DIRECTION ( 'NONE',  ( 1.000000000000000000, 0.000000000000000000, 0.000000000000000000 ) ) ;
#2206 = VERTEX_POINT ( 'NONE', #5627 ) ;
#2207 = CARTESIAN_POINT ( 'NONE',  ( 7.499999999999998224, 18.00000000000000000, -32.24281492697222973 ) ) ;
#2208 = VERTEX_POINT ( 'NONE', #9015 ) ;
#2209 = VERTEX_POINT ( 'NONE', #1459 ) ;
#2210 = CARTESIAN_POINT ( 'NONE',  ( -64.46620431643836469, 0.000000000000000000, -112.3905347760015161 ) ) ;
#2211 = EDGE_CURVE ( 'NONE', #914, #3588, #3110, .T. ) ;
#2212 = CIRCLE ( 'NONE', #9937, 5.000000000000000000 ) ;
#2213 = EDGE_CURVE ( 'NONE', #5879, #709, #1192, .T. ) ;
#2214 = VECTOR ( 'NONE', #1201, 1000.000000000000000 ) ;
#2215 = FACE_OUTER_BOUND ( 'NONE', #1911, .T. ) ;
#2216 = CARTESIAN_POINT ( 'NONE',  ( 15.50000000000000000, 83.40000000000000568, 2.418211663346640430E-16 ) ) ;
#2217 = FACE_OUTER_BOUND ( 'NONE', #10729, .T. ) ;
#2218 = ORIENTED_EDGE ( 'NONE', *, *, #7504, .F. ) ;
#2219 =( GEOMETRIC_REPRESENTATION_CONTEXT ( 3 ) GLOBAL_UNCERTAINTY_ASSIGNED_CONTEXT ( ( #3808 ) ) GLOBAL_UNIT_ASSIGNED_CONTEXT ( ( #10755, #3197, #8234 ) ) REPRESENTATION_CONTEXT ( 'NONE', 'WORKASPACE' ) );
#2220 = FACE_OUTER_BOUND ( 'NONE', #4339, .T. ) ;
#2222 = PRESENTATION_LAYER_ASSIGNMENT (  '', '', ( #10270 ) ) ;
#2221 = CARTESIAN_POINT ( 'NONE',  ( -15.51771948742469398, 0.000000000000000000, 21.78844835938497226 ) ) ;
#2223 = CARTESIAN_POINT ( 'NONE',  ( 64.99999999999980105, 0.000000000000000000, -120.2793298308828014 ) ) ;
#2224 = CARTESIAN_POINT ( 'NONE',  ( -10.00000000000000355, 9.999999999999998224, 5.000000000000000000 ) ) ;
#2225 = ORIENTED_EDGE ( 'NONE', *, *, #1028, .F. ) ;
#2226 = AXIS2_PLACEMENT_3D ( 'NONE', #10474, #2985, #6313 ) ;
#2227 = CIRCLE ( 'NONE', #8523, 8.146642442969032061 ) ;
#2228 = DIRECTION ( 'NONE',  ( 1.000000000000000000, 0.000000000000000000, 0.000000000000000000 ) ) ;
#2229 = CARTESIAN_POINT ( 'NONE',  ( -27.68655752103955692, 34.67986544671986593, -42.59593772390965682 ) ) ;
#2230 = CARTESIAN_POINT ( 'NONE',  ( -4.000000000000000000, 69.40000000000000568, 0.000000000000000000 ) ) ;
#2231 = CARTESIAN_POINT ( 'NONE',  ( 9.184850993605147944E-16, 39.00000000000000000, 7.500000000000000000 ) ) ;
#2232 = ORIENTED_EDGE ( 'NONE', *, *, #10428, .T. ) ;
#2233 = DIRECTION ( 'NONE',  ( -0.2644732620533331025, -0.000000000000000000, 0.9643930182549378394 ) ) ;
#2234 = VERTEX_POINT ( 'NONE', #4809 ) ;
#2235 = PRODUCT_DEFINITION_FORMATION_WITH_SPECIFIED_SOURCE ( 'ANY', '', #6576, .NOT_KNOWN. ) ;
#2236 = DIRECTION ( 'NONE',  ( 0.000000000000000000, 1.000000000000000000, 0.000000000000000000 ) ) ;
#2237 = ORIENTED_EDGE ( 'NONE', *, *, #1479, .T. ) ;
#2238 = ORIENTED_EDGE ( 'NONE', *, *, #7672, .F. ) ;
#2239 = CARTESIAN_POINT ( 'NONE',  ( 64.46620431643836469, 10.00000000000000000, -112.3905347760015161 ) ) ;
#2240 = EDGE_CURVE ( 'NONE', #8321, #4392, #5749, .T. ) ;
#2241 = CIRCLE ( 'NONE', #9425, 5.000000000000000888 ) ;
#2242 = DIRECTION ( 'NONE',  ( -1.000000000000000000, -1.734723475976807094E-16, 0.000000000000000000 ) ) ;
#2243 = DIRECTION ( 'NONE',  ( -1.000000000000000000, 0.000000000000000000, 0.000000000000000000 ) ) ;
#2244 = CYLINDRICAL_SURFACE ( 'NONE', #10776, 2.000000000000000000 ) ;
#2245 = CARTESIAN_POINT ( 'NONE',  ( -14.99999999999999822, -12.50000000000000000, 20.00000000000000000 ) ) ;
#2246 = VECTOR ( 'NONE', #8467, 1000.000000000000000 ) ;
#2247 = EDGE_LOOP ( 'NONE', ( #6288, #4228, #6800, #5309, #6300, #6417, #2359, #838, #1334, #5032, #2906, #7986, #1301, #163, #2273, #6694, #1422, #8430, #5625, #2133 ) ) ;
#2248 = FACE_OUTER_BOUND ( 'NONE', #4456, .T. ) ;
#2249 = ORIENTED_EDGE ( 'NONE', *, *, #10265, .F. ) ;
#2250 = EDGE_LOOP ( 'NONE', ( #10298, #1804, #184, #2054 ) ) ;
#2251 = EDGE_CURVE ( 'NONE', #2044, #5307, #2775, .T. ) ;
#2252 = CARTESIAN_POINT ( 'NONE',  ( -25.00000000000000000, 9.500000000000001776, 0.000000000000000000 ) ) ;
#2253 = FACE_BOUND ( 'NONE', #7329, .T. ) ;
#2254 = DIRECTION ( 'NONE',  ( 1.000000000000000000, 1.734723475976806848E-16, 0.000000000000000000 ) ) ;
#2255 = ORIENTED_EDGE ( 'NONE', *, *, #6497, .T. ) ;
#2256 = DIRECTION ( 'NONE',  ( -0.000000000000000000, 1.000000000000000000, -0.000000000000000000 ) ) ;
#2257 = PRODUCT_DEFINITION_CONTEXT ( 'detailed design', #1062, 'design' ) ;
#2258 = ORIENTED_EDGE ( 'NONE', *, *, #2391, .F. ) ;
#2259 = ORIENTED_EDGE ( 'NONE', *, *, #4420, .T. ) ;
#2260 = DIRECTION ( 'NONE',  ( 1.734723475976806848E-16, -1.000000000000000000, 0.000000000000000000 ) ) ;
#2261 = EDGE_CURVE ( 'NONE', #6243, #6568, #9839, .T. ) ;
#2262 = PLANE ( 'NONE',  #212 ) ;
#2263 = FACE_OUTER_BOUND ( 'NONE', #1883, .T. ) ;
#2264 = CARTESIAN_POINT ( 'NONE',  ( -2.499999999999999556, 7.500000000000000000, 23.99999999999999645 ) ) ;
#2265 = EDGE_CURVE ( 'NONE', #5237, #744, #641, .T. ) ;
#2266 = ORIENTED_EDGE ( 'NONE', *, *, #3398, .T. ) ;
#2267 = DIRECTION ( 'NONE',  ( 0.000000000000000000, 0.000000000000000000, 1.000000000000000000 ) ) ;
#2268 = EDGE_CURVE ( 'NONE', #4713, #10740, #4915, .T. ) ;
#2269 = LINE ( 'NONE', #5662, #3265 ) ;
#2270 = LINE ( 'NONE', #625, #8544 ) ;
#2271 = DIRECTION ( 'NONE',  ( -0.000000000000000000, 1.000000000000000000, -0.000000000000000000 ) ) ;
#2272 = FACE_OUTER_BOUND ( 'NONE', #1320, .T. ) ;
#2273 = ORIENTED_EDGE ( 'NONE', *, *, #9443, .F. ) ;
#2274 = LINE ( 'NONE', #574, #8201 ) ;
#2275 = CARTESIAN_POINT ( 'NONE',  ( 22.31344247896045019, 14.67986544671986948, -42.59593772390964972 ) ) ;
#2276 = DIRECTION ( 'NONE',  ( 0.000000000000000000, 0.000000000000000000, -1.000000000000000000 ) ) ;
#2277 = DIRECTION ( 'NONE',  ( -0.000000000000000000, -1.000000000000000000, -0.000000000000000000 ) ) ;
#2278 = ORIENTED_EDGE ( 'NONE', *, *, #8988, .F. ) ;
#2279 = DIRECTION ( 'NONE',  ( 0.000000000000000000, 0.000000000000000000, -1.000000000000000000 ) ) ;
#2280 = EDGE_CURVE ( 'NONE', #7835, #2029, #3823, .T. ) ;
#2281 = LINE ( 'NONE', #8304, #1021 ) ;
#2282 = CARTESIAN_POINT ( 'NONE',  ( -22.75000000000000000, -9.500000000000001776, 10.00000000000000000 ) ) ;
#2283 = ORIENTED_EDGE ( 'NONE', *, *, #1532, .F. ) ;
#2284 = ORIENTED_EDGE ( 'NONE', *, *, #2436, .F. ) ;
#2285 = ADVANCED_FACE ( 'NONE', ( #4094 ), #6613, .T. ) ;
#2286 = LINE ( 'NONE', #537, #253 ) ;
#2287 = EDGE_CURVE ( 'NONE', #4240, #645, #3468, .T. ) ;
#2288 = FACE_OUTER_BOUND ( 'NONE', #3229, .T. ) ;
#2289 = FACE_OUTER_BOUND ( 'NONE', #1725, .T. ) ;
#2290 = FACE_OUTER_BOUND ( 'NONE', #8403, .T. ) ;
#2291 = DIRECTION ( 'NONE',  ( 0.000000000000000000, 1.000000000000000000, 0.000000000000000000 ) ) ;
#2292 = ORIENTED_EDGE ( 'NONE', *, *, #3873, .T. ) ;
#2293 = EDGE_LOOP ( 'NONE', ( #7632, #1994, #175, #7405 ) ) ;
#2294 = DIRECTION ( 'NONE',  ( -0.000000000000000000, 0.000000000000000000, 1.000000000000000000 ) ) ;
#2295 = VERTEX_POINT ( 'NONE', #10167 ) ;
#2296 = EDGE_LOOP ( 'NONE', ( #9524, #7014, #6340, #2831, #509, #8431, #2378, #406 ) ) ;
#2297 = EDGE_CURVE ( 'NONE', #4158, #8526, #8578, .T. ) ;
#2298 = ADVANCED_FACE ( 'NONE', ( #1081 ), #3377, .F. ) ;
#2299 = EDGE_LOOP ( 'NONE', ( #9808, #4061, #9341, #10774 ) ) ;
#2300 = CARTESIAN_POINT ( 'NONE',  ( -39.00443338159792006, 95.00000000000000000, -42.59593772390965682 ) ) ;
#2301 = LINE ( 'NONE', #8336, #6423 ) ;
#2302 = CARTESIAN_POINT ( 'NONE',  ( 9.999999999999992895, 10.00000000000000000, 5.000000000000000000 ) ) ;
#2303 = VERTEX_POINT ( 'NONE', #7531 ) ;
#2304 = ORIENTED_EDGE ( 'NONE', *, *, #4256, .F. ) ;
#2305 = ORIENTED_EDGE ( 'NONE', *, *, #5482, .F. ) ;
#2306 = CARTESIAN_POINT ( 'NONE',  ( 15.31657277250937810, -9.000000000000000000, 5.999999999999999112 ) ) ;
#2307 = VECTOR ( 'NONE', #2092, 1000.000000000000000 ) ;
#2308 = CARTESIAN_POINT ( 'NONE',  ( 35.00000000000000000, 9.500000000000012434, 0.000000000000000000 ) ) ;
#2309 = CARTESIAN_POINT ( 'NONE',  ( 22.75000000000000355, 5.500000000000011546, 10.00000000000000000 ) ) ;
#2310 = EDGE_CURVE ( 'NONE', #3588, #2478, #3443, .T. ) ;
#2311 = CARTESIAN_POINT ( 'NONE',  ( 64.46620431643836469, 95.00000000000000000, -112.3905347760015161 ) ) ;
#2312 = PRODUCT_RELATED_PRODUCT_CATEGORY ( 'part', '', ( #6071 ) ) ;
#2313 = ORIENTED_EDGE ( 'NONE', *, *, #6812, .F. ) ;
#2314 = CARTESIAN_POINT ( 'NONE',  ( 2.693045179146764223, 0.000000000000000000, -10.02960075331756862 ) ) ;
#2315 = CARTESIAN_POINT ( 'NONE',  ( 0.000000000000000000, 0.000000000000000000, -10.00000000000000178 ) ) ;
#2316 = ORIENTED_EDGE ( 'NONE', *, *, #10643, .T. ) ;
#2317 = SURFACE_STYLE_FILL_AREA ( #1446 ) ;
#2318 =( GEOMETRIC_REPRESENTATION_CONTEXT ( 3 ) GLOBAL_UNCERTAINTY_ASSIGNED_CONTEXT ( ( #9613 ) ) GLOBAL_UNIT_ASSIGNED_CONTEXT ( ( #5803, #5919, #7661 ) ) REPRESENTATION_CONTEXT ( 'NONE', 'WORKASPACE' ) );
#2319 = DIRECTION ( 'NONE',  ( 0.000000000000000000, 0.000000000000000000, 1.000000000000000000 ) ) ;
#2320 = DIRECTION ( 'NONE',  ( 1.000000000000000000, 8.673617379884035472E-17, -0.000000000000000000 ) ) ;
#2321 = ORIENTED_EDGE ( 'NONE', *, *, #5024, .T. ) ;
#2322 = EDGE_CURVE ( 'NONE', #5307, #6240, #6606, .T. ) ;
#2323 = CARTESIAN_POINT ( 'NONE',  ( -4.000000000000000000, 69.40000000000000568, 0.000000000000000000 ) ) ;
#2324 = AXIS2_PLACEMENT_3D ( 'NONE', #2325, #9008, #1517 ) ;
#2325 = CARTESIAN_POINT ( 'NONE',  ( -64.46620431643836469, 0.000000000000000000, -110.1405347760015161 ) ) ;
#2326 = DIRECTION ( 'NONE',  ( 0.000000000000000000, 0.000000000000000000, -1.000000000000000000 ) ) ;
#2327 = CARTESIAN_POINT ( 'NONE',  ( 4.142135623730935023, -59.14213562373096522, 0.000000000000000000 ) ) ;
#2328 = ORIENTED_EDGE ( 'NONE', *, *, #4711, .F. ) ;
#2329 = LINE ( 'NONE', #9013, #6909 ) ;
#2330 = DIRECTION ( 'NONE',  ( 0.000000000000000000, 1.000000000000000000, 0.000000000000000000 ) ) ;
#2331 = DIRECTION ( 'NONE',  ( -0.000000000000000000, -1.000000000000000000, -0.000000000000000000 ) ) ;
#2332 = EDGE_LOOP ( 'NONE', ( #5286, #4674, #4541, #1966 ) ) ;
#2333 = VERTEX_POINT ( 'NONE', #6775 ) ;
#2334 = CIRCLE ( 'NONE', #2700, 5.000000000000000888 ) ;
#2335 = CARTESIAN_POINT ( 'NONE',  ( -85.36863799491800364, 0.000000000000000000, -94.52829855763729938 ) ) ;
#2336 = VECTOR ( 'NONE', #1187, 1000.000000000000000 ) ;
#2337 = EDGE_CURVE ( 'NONE', #9247, #1485, #9589, .T. ) ;
#2338 = CARTESIAN_POINT ( 'NONE',  ( 22.31344247896044664, 34.67986544671986593, -42.59593772390965682 ) ) ;
#2339 = CARTESIAN_POINT ( 'NONE',  ( -10.00000000000000178, -15.00000000000000355, -11.00000000000000000 ) ) ;
#2340 = VECTOR ( 'NONE', #4300, 1000.000000000000000 ) ;
#2341 = DIRECTION ( 'NONE',  ( 1.000000000000000000, -0.000000000000000000, 1.700709290173340409E-17 ) ) ;
#2342 = CARTESIAN_POINT ( 'NONE',  ( 3.250000000000000444, 0.000000000000000000, 0.000000000000000000 ) ) ;
#2343 = ORIENTED_EDGE ( 'NONE', *, *, #3887, .F. ) ;
#2344 = ORIENTED_EDGE ( 'NONE', *, *, #9967, .F. ) ;
#2345 = ITEM_DEFINED_TRANSFORMATION ( 'NONE', 'NONE', #5206,  #9029 ) ;
#2346 = CARTESIAN_POINT ( 'NONE',  ( 2.500000000000000000, 70.90000000000000568, 0.000000000000000000 ) ) ;
#2347 = ORIENTED_EDGE ( 'NONE', *, *, #8287, .F. ) ;
#2348 = ORIENTED_EDGE ( 'NONE', *, *, #9415, .T. ) ;
#2349 = CIRCLE ( 'NONE', #767, 10.00000000000000888 ) ;
#2350 = VECTOR ( 'NONE', #8225, 1000.000000000000000 ) ;
#2351 = ADVANCED_FACE ( 'NONE', ( #1688 ), #5909, .F. ) ;
#2352 = VECTOR ( 'NONE', #10166, 1000.000000000000000 ) ;
#2353 = ORIENTED_EDGE ( 'NONE', *, *, #9275, .T. ) ;
#2354 = LINE ( 'NONE', #9145, #10224 ) ;
#2355 = DIRECTION ( 'NONE',  ( -0.7071067811865483499, -0.7071067811865466846, 0.000000000000000000 ) ) ;
#2356 = AXIS2_PLACEMENT_3D ( 'NONE', #10570, #6416, #3085 ) ;
#2357 = LINE ( 'NONE', #7453, #2030 ) ;
#2358 = AXIS2_PLACEMENT_3D ( 'NONE', #5607, #722, #3147 ) ;
#2359 = ORIENTED_EDGE ( 'NONE', *, *, #4072, .F. ) ;
#2360 = DIRECTION ( 'NONE',  ( 1.763055880024222823E-20, -0.9999999999999998890, 2.477291204862564839E-21 ) ) ;
#2361 = VECTOR ( 'NONE', #2064, 1000.000000000000000 ) ;
#2362 = UNCERTAINTY_MEASURE_WITH_UNIT (LENGTH_MEASURE( 1.000000000000000082E-05 ), #4512, 'distance_accuracy_value', 'NONE');
#2363 = EDGE_LOOP ( 'NONE', ( #5866, #1788, #9234, #5076 ) ) ;
#2364 = VERTEX_POINT ( 'NONE', #1908 ) ;
#2365 = CARTESIAN_POINT ( 'NONE',  ( -4.478839407588473875, 1.135782991834321853, -1.869408138862011848 ) ) ;
#2366 = MANIFOLD_SOLID_BREP ( 'Cut-Extrude4', #7607 ) ;
#2367 = EDGE_CURVE ( 'NONE', #10725, #8497, #10111, .T. ) ;
#2368 = AXIS2_PLACEMENT_3D ( 'NONE', #4016, #9930, #716 ) ;
#2369 = VECTOR ( 'NONE', #872, 1000.000000000000000 ) ;
#2370 = DIRECTION ( 'NONE',  ( 0.000000000000000000, 1.000000000000000000, -0.000000000000000000 ) ) ;
#2371 = CARTESIAN_POINT ( 'NONE',  ( 4.999999999999997335, 0.000000000000000000, -46.48823180562273194 ) ) ;
#2372 = ADVANCED_FACE ( 'NONE', ( #911 ), #7584, .F. ) ;
#2373 = DIRECTION ( 'NONE',  ( 0.000000000000000000, 1.000000000000000000, 0.000000000000000000 ) ) ;
#2374 = DIRECTION ( 'NONE',  ( -0.000000000000000000, -0.000000000000000000, 1.000000000000000000 ) ) ;
#2375 = ORIENTED_EDGE ( 'NONE', *, *, #10207, .F. ) ;
#2376 = CARTESIAN_POINT ( 'NONE',  ( -27.68655752103955692, 34.67986544671986593, -120.2803298308827920 ) ) ;
#2377 = AXIS2_PLACEMENT_3D ( 'NONE', #3891, #8922, #5379 ) ;
#2378 = ORIENTED_EDGE ( 'NONE', *, *, #7942, .T. ) ;
#2379 = AXIS2_PLACEMENT_3D ( 'NONE', #5862, #1637, #4926 ) ;
#2380 = PRODUCT_DEFINITION_SHAPE ( 'NONE', 'NONE',  #10828 ) ;
#2381 = CIRCLE ( 'NONE', #3626, 9.999999999999994671 ) ;
#2382 = APPLICATION_CONTEXT ( 'automotive_design' ) ;
#2383 = DIRECTION ( 'NONE',  ( 0.000000000000000000, 0.000000000000000000, -1.000000000000000000 ) ) ;
#2384 = DIRECTION ( 'NONE',  ( -0.000000000000000000, -0.000000000000000000, 1.000000000000000000 ) ) ;
#2385 = VERTEX_POINT ( 'NONE', #9294 ) ;
#2386 = CARTESIAN_POINT ( 'NONE',  ( -63.94170910735130775, 9.999999999999994671, -99.05349224005493625 ) ) ;
#2387 = VECTOR ( 'NONE', #7542, 1000.000000000000000 ) ;
#2388 = MANIFOLD_SOLID_BREP ( 'Boss-Extrude1', #5151 ) ;
#2389 = AXIS2_PLACEMENT_3D ( 'NONE', #8894, #8067, #563 ) ;
#2390 = CARTESIAN_POINT ( 'NONE',  ( 1.071213963490121435, 18.00000000000000000, -85.67381143027024848 ) ) ;
#2391 = EDGE_CURVE ( 'NONE', #414, #3514, #2241, .T. ) ;
#2392 = DIRECTION ( 'NONE',  ( 1.000000000000000000, 0.000000000000000000, 0.000000000000000000 ) ) ;
#2393 = FACE_BOUND ( 'NONE', #4930, .T. ) ;
#2394 = DIRECTION ( 'NONE',  ( 0.000000000000000000, 0.000000000000000000, 1.000000000000000000 ) ) ;
#2395 = DIRECTION ( 'NONE',  ( -0.000000000000000000, -1.000000000000000000, -0.000000000000000000 ) ) ;
#2396 = DIRECTION ( 'NONE',  ( -1.000000000000000000, 0.000000000000000000, 2.775557561562891351E-16 ) ) ;
#2397 = ORIENTED_EDGE ( 'NONE', *, *, #9922, .T. ) ;
#2398 = ORIENTED_EDGE ( 'NONE', *, *, #463, .T. ) ;
#2399 = DIRECTION ( 'NONE',  ( -0.000000000000000000, -1.000000000000000000, -0.000000000000000000 ) ) ;
#2400 = CIRCLE ( 'NONE', #8178, 10.00000000000000178 ) ;
#2401 = EDGE_CURVE ( 'NONE', #8393, #4387, #7196, .T. ) ;
#2402 = DIRECTION ( 'NONE',  ( 1.000000000000000000, 0.000000000000000000, 0.000000000000000000 ) ) ;
#2403 = LINE ( 'NONE', #4977, #5301 ) ;
#2404 = ORIENTED_EDGE ( 'NONE', *, *, #10362, .F. ) ;
#2405 = LINE ( 'NONE', #592, #8847 ) ;
#2406 = DIRECTION ( 'NONE',  ( 0.000000000000000000, 0.000000000000000000, -1.000000000000000000 ) ) ;
#2407 = ADVANCED_FACE ( 'NONE', ( #2165, #7149, #4537 ), #2885, .T. ) ;
#2408 = ORIENTED_EDGE ( 'NONE', *, *, #9128, .T. ) ;
#2409 = ORIENTED_EDGE ( 'NONE', *, *, #6033, .T. ) ;
#2410 = ADVANCED_FACE ( 'NONE', ( #5350 ), #7037, .F. ) ;
#2411 = VECTOR ( 'NONE', #7318, 1000.000000000000000 ) ;
#2412 = CARTESIAN_POINT ( 'NONE',  ( 0.000000000000000000, 200.0000000000000000, 0.000000000000000000 ) ) ;
#2413 = ORIENTED_EDGE ( 'NONE', *, *, #453, .T. ) ;
#2414 = ORIENTED_EDGE ( 'NONE', *, *, #122, .F. ) ;
#2415 = AXIS2_PLACEMENT_3D ( 'NONE', #8629, #6224, #8841 ) ;
#2416 = AXIS2_PLACEMENT_3D ( 'NONE', #5811, #9138, #1642 ) ;
#2417 = DIRECTION ( 'NONE',  ( 0.000000000000000000, 0.000000000000000000, 1.000000000000000000 ) ) ;
#2418 = EDGE_LOOP ( 'NONE', ( #8285, #7549, #8751, #8039 ) ) ;
#2419 = CARTESIAN_POINT ( 'NONE',  ( 8.572527594031474176E-16, 95.00200000000000955, -103.2793298308826877 ) ) ;
#2420 = VECTOR ( 'NONE', #7996, 1000.000000000000000 ) ;
#2421 = DIRECTION ( 'NONE',  ( -1.000000000000000000, 0.000000000000000000, -1.846235724462871493E-15 ) ) ;
#2422 = FACE_OUTER_BOUND ( 'NONE', #6788, .T. ) ;
#2423 = ORIENTED_EDGE ( 'NONE', *, *, #2907, .T. ) ;
#2424 = DIRECTION ( 'NONE',  ( 0.09891222032696260491, -1.886967108729360762E-17, -0.9950961625239996833 ) ) ;
#2425 = VERTEX_POINT ( 'NONE', #8686 ) ;
#2426 = VERTEX_POINT ( 'NONE', #5406 ) ;
#2427 = DIRECTION ( 'NONE',  ( -1.000000000000000000, 0.000000000000000000, 0.000000000000000000 ) ) ;
#2428 = ADVANCED_FACE ( 'NONE', ( #302 ), #5506, .T. ) ;
#2429 = EDGE_CURVE ( 'NONE', #3060, #7066, #1026, .T. ) ;
#2430 = LINE ( 'NONE', #2308, #10526 ) ;
#2431 = DIRECTION ( 'NONE',  ( -1.000000000000000000, 0.000000000000000000, 0.000000000000000000 ) ) ;
#2432 = FACE_OUTER_BOUND ( 'NONE', #8357, .T. ) ;
#2433 = CARTESIAN_POINT ( 'NONE',  ( -5.204170427930421283E-15, 9.999999999999998224, 5.000000000000000000 ) ) ;
#2434 = ORIENTED_EDGE ( 'NONE', *, *, #7907, .F. ) ;
#2435 = CARTESIAN_POINT ( 'NONE',  ( -2.499999999999999556, 69.40000000000000568, 25.50000000000000000 ) ) ;
#2436 = EDGE_CURVE ( 'NONE', #3924, #1042, #7307, .T. ) ;
#2437 =( NAMED_UNIT ( * ) SI_UNIT ( $, .STERADIAN. ) SOLID_ANGLE_UNIT ( ) );
#2438 = VECTOR ( 'NONE', #9893, 1000.000000000000000 ) ;
#2439 = ORIENTED_EDGE ( 'NONE', *, *, #10669, .F. ) ;
#2440 = VERTEX_POINT ( 'NONE', #2997 ) ;
#2441 = FACE_OUTER_BOUND ( 'NONE', #9866, .T. ) ;
#2442 = CARTESIAN_POINT ( 'NONE',  ( 0.000000000000000000, 47.50000000000000000, -120.2803298308827920 ) ) ;
#2443 = ORIENTED_EDGE ( 'NONE', *, *, #9745, .T. ) ;
#2444 = CARTESIAN_POINT ( 'NONE',  ( 25.00000000000000355, -5.499999999999992895, 10.00000000000000000 ) ) ;
#2445 = EDGE_CURVE ( 'NONE', #2797, #10465, #6972, .T. ) ;
#2446 = CARTESIAN_POINT ( 'NONE',  ( 4.142135623730935023, -59.14213562373096522, 0.000000000000000000 ) ) ;
#2447 = CARTESIAN_POINT ( 'NONE',  ( 30.31344247896044664, 34.67986544671986593, -28.54374205374393725 ) ) ;
#2448 = DIRECTION ( 'NONE',  ( 0.000000000000000000, -0.000000000000000000, 1.000000000000000000 ) ) ;
#2449 = DIRECTION ( 'NONE',  ( 0.000000000000000000, 0.000000000000000000, -1.000000000000000000 ) ) ;
#2450 = DIRECTION ( 'NONE',  ( 0.000000000000000000, 0.000000000000000000, 1.000000000000000000 ) ) ;
#2451 = DIRECTION ( 'NONE',  ( 0.000000000000000000, 1.000000000000000000, -0.000000000000000000 ) ) ;
#2452 = ORIENTED_EDGE ( 'NONE', *, *, #8789, .T. ) ;
#2453 = ORIENTED_EDGE ( 'NONE', *, *, #10037, .F. ) ;
#2454 = CYLINDRICAL_SURFACE ( 'NONE', #4650, 10.00000000000000000 ) ;
#2455 = EDGE_CURVE ( 'NONE', #7762, #5086, #6326, .T. ) ;
#2456 = DIRECTION ( 'NONE',  ( -0.000000000000000000, -1.000000000000000000, -0.000000000000000000 ) ) ;
#2457 = CARTESIAN_POINT ( 'NONE',  ( -64.46620431643836469, 0.000000000000000000, -112.3905347760015161 ) ) ;
#2459 = ADVANCED_FACE ( 'NONE', ( #7908 ), #1131, .F. ) ;
#2458 = PLANE ( 'NONE',  #10452 ) ;
#2460 = ADVANCED_FACE ( 'NONE', ( #521 ), #10534, .F. ) ;
#2461 = DIRECTION ( 'NONE',  ( -8.895006672729878318E-17, -0.000000000000000000, 1.000000000000000000 ) ) ;
#2462 = ORIENTED_EDGE ( 'NONE', *, *, #4433, .F. ) ;
#2463 = ORIENTED_EDGE ( 'NONE', *, *, #6465, .F. ) ;
#2464 = ITEM_DEFINED_TRANSFORMATION ( 'NONE', 'NONE', #5557,  #9029 ) ;
#2465 = CYLINDRICAL_SURFACE ( 'NONE', #2416, 2.250000000000001776 ) ;
#2466 = VERTEX_POINT ( 'NONE', #3759 ) ;
#2467 = ORIENTED_EDGE ( 'NONE', *, *, #5314, .T. ) ;
#2468 = EDGE_CURVE ( 'NONE', #9525, #8111, #6165, .T. ) ;
#2469 = EDGE_CURVE ( 'NONE', #4158, #65, #9511, .T. ) ;
#2470 = PRODUCT ( 'Gripper_Jaw_Plate_\X2\9ed88ba4\X0\', 'Gripper_Jaw_Plate_\X2\9ed88ba4\X0\', '', ( #4453 ) ) ;
#2471 = DIRECTION ( 'NONE',  ( -1.000000000000000000, -1.734723475976807094E-16, 0.000000000000000000 ) ) ;
#2472 = ORIENTED_EDGE ( 'NONE', *, *, #4761, .T. ) ;
#2473 = DIRECTION ( 'NONE',  ( -0.8337546385222527334, 0.000000000000000000, -0.5521351308716262452 ) ) ;
#2474 = DIRECTION ( 'NONE',  ( 0.000000000000000000, 0.000000000000000000, -1.000000000000000000 ) ) ;
#2475 = CARTESIAN_POINT ( 'NONE',  ( -10.00000000000000355, 12.50000000000000000, -2.919778432960205451E-15 ) ) ;
#2476 = ORIENTED_EDGE ( 'NONE', *, *, #6217, .F. ) ;
#2477 = DIRECTION ( 'NONE',  ( 0.9996970064941391731, 6.905012586017056364E-18, -0.02461493868887858899 ) ) ;
#2478 = VERTEX_POINT ( 'NONE', #1 ) ;
#2479 = VERTEX_POINT ( 'NONE', #8999 ) ;
#2480 = FACE_OUTER_BOUND ( 'NONE', #7287, .T. ) ;
#2481 = EDGE_CURVE ( 'NONE', #3, #7212, #8340, .T. ) ;
#2482 = CARTESIAN_POINT ( 'NONE',  ( -15.51771948742469043, 18.00000000000000000, 21.78844835938496871 ) ) ;
#2483 = FACE_OUTER_BOUND ( 'NONE', #6969, .T. ) ;
#2484 = CYLINDRICAL_SURFACE ( 'NONE', #9179, 2.249999999999998668 ) ;
#2485 = ORIENTED_EDGE ( 'NONE', *, *, #10226, .F. ) ;
#2486 = LINE ( 'NONE', #9225, #10583 ) ;
#2487 = EDGE_CURVE ( 'NONE', #3440, #552, #3104, .T. ) ;
#2488 = ORIENTED_EDGE ( 'NONE', *, *, #9894, .F. ) ;
#2489 = ORIENTED_EDGE ( 'NONE', *, *, #4280, .F. ) ;
#2490 = FACE_OUTER_BOUND ( 'NONE', #847, .T. ) ;
#2491 =( BOUNDED_CURVE ( )  B_SPLINE_CURVE ( 3, ( #7312, #7155, #8139, #9630 ),
 .UNSPECIFIED., .F., .F. ) 
 B_SPLINE_CURVE_WITH_KNOTS ( ( 4, 4 ),
 ( 4.712388980384689674, 6.283185307179586232 ),
 .UNSPECIFIED. ) 
 CURVE ( )  GEOMETRIC_REPRESENTATION_ITEM ( )  RATIONAL_B_SPLINE_CURVE ( ( 1.000000000000000000, 0.8047378541243649375, 0.8047378541243649375, 1.000000000000000000 ) ) 
 REPRESENTATION_ITEM ( '' )  );
#2492 = PLANE ( 'NONE',  #3216 ) ;
#2493 = EDGE_LOOP ( 'NONE', ( #1442, #14, #571, #1399 ) ) ;
#2494 = CIRCLE ( 'NONE', #7381, 10.00000000000000178 ) ;
#2495 = EDGE_CURVE ( 'NONE', #4020, #6195, #493, .T. ) ;
#2496 = LINE ( 'NONE', #2554, #2438 ) ;
#2497 = DIRECTION ( 'NONE',  ( -1.000000000000000000, -0.000000000000000000, -0.000000000000000000 ) ) ;
#2498 = DIRECTION ( 'NONE',  ( 1.850371707708594563E-16, 0.000000000000000000, 1.000000000000000000 ) ) ;
#2499 = DIRECTION ( 'NONE',  ( -1.000000000000000000, 0.000000000000000000, 0.000000000000000000 ) ) ;
#2500 = DIRECTION ( 'NONE',  ( 2.602085213965210642E-16, -1.000000000000000000, 0.000000000000000000 ) ) ;
#2501 = DIRECTION ( 'NONE',  ( -0.000000000000000000, -1.000000000000000000, -0.000000000000000000 ) ) ;
#2502 = DIRECTION ( 'NONE',  ( -2.602085213965210642E-16, 1.000000000000000000, -0.000000000000000000 ) ) ;
#2503 = ORIENTED_EDGE ( 'NONE', *, *, #7907, .T. ) ;
#2504 = ORIENTED_EDGE ( 'NONE', *, *, #55, .F. ) ;
#2505 = CARTESIAN_POINT ( 'NONE',  ( -2.499999999999999556, 55.90000000000000568, 21.75000000000000000 ) ) ;
#2506 = VECTOR ( 'NONE', #737, 1000.000000000000000 ) ;
#2507 = DIRECTION ( 'NONE',  ( 1.700709290173340409E-17, 0.000000000000000000, 1.000000000000000000 ) ) ;
#2508 = CYLINDRICAL_SURFACE ( 'NONE', #10411, 2.250000000000001776 ) ;
#2509 = DIRECTION ( 'NONE',  ( 0.7071067811865465735, -0.7071067811865484609, -0.000000000000000000 ) ) ;
#2510 = CYLINDRICAL_SURFACE ( 'NONE', #8153, 2.249999999999998668 ) ;
#2511 = ORIENTED_EDGE ( 'NONE', *, *, #9196, .T. ) ;
#2512 = EDGE_LOOP ( 'NONE', ( #2578, #5422, #379, #7904 ) ) ;
#2513 = VECTOR ( 'NONE', #6821, 1000.000000000000000 ) ;
#2514 = CARTESIAN_POINT ( 'NONE',  ( -24.99999999999999645, -10.49999999999999822, 10.00000000000000000 ) ) ;
#2515 = ORIENTED_EDGE ( 'NONE', *, *, #10082, .F. ) ;
#2516 = VERTEX_POINT ( 'NONE', #8392 ) ;
#2517 = AXIS2_PLACEMENT_3D ( 'NONE', #5019, #18, #7408 ) ;
#2518 = PRODUCT_DEFINITION ( 'UNKNOWN', '', #6259, #4469 ) ;
#2519 = CARTESIAN_POINT ( 'NONE',  ( 35.00000000000000000, -9.499999999999991118, 4.592425496802575944E-16 ) ) ;
#2520 = CARTESIAN_POINT ( 'NONE',  ( -10.00000000000000355, 9.999999999999998224, -16.00000000000000000 ) ) ;
#2521 = CARTESIAN_POINT ( 'NONE',  ( -85.36863799491800364, 0.000000000000000000, -99.02829855763729938 ) ) ;
#2522 = CARTESIAN_POINT ( 'NONE',  ( -21.97224293596365641, -85.25651418342550869, -4.763511508049224297 ) ) ;
#2523 = ORIENTED_EDGE ( 'NONE', *, *, #10163, .F. ) ;
#2524 = CIRCLE ( 'NONE', #10230, 10.00000000000000178 ) ;
#2525 = CARTESIAN_POINT ( 'NONE',  ( -105.9611620733579684, 95.00000000000068212, -198.6011201451132138 ) ) ;
#2526 = CARTESIAN_POINT ( 'NONE',  ( 58.67999999999999972, 0.000000000000000000, 10.00000000000000178 ) ) ;
#2527 = VERTEX_POINT ( 'NONE', #2526 ) ;
#2528 = EDGE_LOOP ( 'NONE', ( #4388, #4554, #1892, #1934 ) ) ;
#2529 = VECTOR ( 'NONE', #6577, 1000.000000000000000 ) ;
#2530 = EDGE_CURVE ( 'NONE', #4713, #7824, #50, .T. ) ;
#2531 = CIRCLE ( 'NONE', #10748, 2.250000000000001776 ) ;
#2532 = CARTESIAN_POINT ( 'NONE',  ( -63.94170910735130775, 85.00000000000000000, -99.05349224005493625 ) ) ;
#2533 = CIRCLE ( 'NONE', #3965, 9.999999999999998224 ) ;
#2534 = VECTOR ( 'NONE', #3646, 1000.000000000000114 ) ;
#2535 = AXIS2_PLACEMENT_3D ( 'NONE', #5985, #5228, #8442 ) ;
#2536 = CLOSED_SHELL ( 'NONE', ( #5182, #6, #9407, #4773, #217, #3730, #9230, #5759, #788, #7842, #814, #156, #6019, #7170, #9110, #9059, #3541, #2952, #2579, #840, #4720, #4887, #10378, #10679, #3531, #5768, #3985, #358, #2135, #10311, #8691, #8898, #10516, #3098, #2459, #6953, #7698, #4222, #205, #7890, #3137, #10312, #9976, #4261, #1887, #3972, #2410 ) ) ;
#2537 = CIRCLE ( 'NONE', #611, 8.750000000000001776 ) ;
#2538 = DIRECTION ( 'NONE',  ( 1.000000000000000000, 0.000000000000000000, 0.000000000000000000 ) ) ;
#2539 = DIRECTION ( 'NONE',  ( -0.000000000000000000, -1.000000000000000000, -0.000000000000000000 ) ) ;
#2540 = LINE ( 'NONE', #9222, #3065 ) ;
#2541 = VERTEX_POINT ( 'NONE', #10651 ) ;
#2542 = CARTESIAN_POINT ( 'NONE',  ( 15.50000000000000000, 67.40000000000000568, 5.999999999999999112 ) ) ;
#2543 = CARTESIAN_POINT ( 'NONE',  ( 0.000000000000000000, 0.000000000000000000, 0.000000000000000000 ) ) ;
#2544 = ORIENTED_EDGE ( 'NONE', *, *, #8540, .T. ) ;
#2545 = ORIENTED_EDGE ( 'NONE', *, *, #10710, .F. ) ;
#2546 = EDGE_CURVE ( 'NONE', #6211, #10725, #4238, .T. ) ;
#2547 = EDGE_CURVE ( 'NONE', #10788, #8113, #2270, .T. ) ;
#2548 = CARTESIAN_POINT ( 'NONE',  ( -14.99999999999999822, 0.000000000000000000, 0.000000000000000000 ) ) ;
#2549 = LINE ( 'NONE', #3202, #8115 ) ;
#2550 = VERTEX_POINT ( 'NONE', #6693 ) ;
#2551 = CIRCLE ( 'NONE', #6561, 10.00000000000000178 ) ;
#2552 = AXIS2_PLACEMENT_3D ( 'NONE', #6069, #1912, #8532 ) ;
#2553 = AXIS2_PLACEMENT_3D ( 'NONE', #8614, #10317, #1016 ) ;
#2554 = CARTESIAN_POINT ( 'NONE',  ( -2.500000000000000000, 0.000000000000000000, 0.000000000000000000 ) ) ;
#2555 = MANIFOLD_SOLID_BREP ( 'Boss-Extrude2', #1719 ) ;
#2556 = DIRECTION ( 'NONE',  ( 1.700709290173340409E-17, 0.000000000000000000, 1.000000000000000000 ) ) ;
#2557 = VECTOR ( 'NONE', #9422, 1000.000000000000000 ) ;
#2558 = LINE ( 'NONE', #966, #3093 ) ;
#2559 = ORIENTED_EDGE ( 'NONE', *, *, #2158, .F. ) ;
#2560 = CARTESIAN_POINT ( 'NONE',  ( -94.00000000000001421, 95.00000000000000000, -104.7964619962940702 ) ) ;
#2561 = AXIS2_PLACEMENT_3D ( 'NONE', #6127, #8694, #4436 ) ;
#2562 =( BOUNDED_CURVE ( )  B_SPLINE_CURVE ( 3, ( #3641, #1984, #2186, #9686 ),
 .UNSPECIFIED., .F., .F. ) 
 B_SPLINE_CURVE_WITH_KNOTS ( ( 4, 4 ),
 ( 1.718401470299429520E-17, 1.570796326794896558 ),
 .UNSPECIFIED. ) 
 CURVE ( )  GEOMETRIC_REPRESENTATION_ITEM ( )  RATIONAL_B_SPLINE_CURVE ( ( 1.000000000000000000, 0.8047378541243649375, 0.8047378541243649375, 1.000000000000000000 ) ) 
 REPRESENTATION_ITEM ( '' )  );
#2563 = DIRECTION ( 'NONE',  ( 0.000000000000000000, 0.000000000000000000, 1.000000000000000000 ) ) ;
#2564 = CIRCLE ( 'NONE', #10086, 4.000000000000000000 ) ;
#2565 = CARTESIAN_POINT ( 'NONE',  ( 15.50000000000000000, 83.40000000000000568, 25.50000000000000000 ) ) ;
#2566 = ORIENTED_EDGE ( 'NONE', *, *, #2673, .T. ) ;
#2567 = ORIENTED_EDGE ( 'NONE', *, *, #8260, .T. ) ;
#2568 = CARTESIAN_POINT ( 'NONE',  ( -46.58206385166875663, 95.00200000000000955, -54.03857957040006710 ) ) ;
#2569 = AXIS2_PLACEMENT_3D ( 'NONE', #4482, #5348, #1700 ) ;
#2570 = PRODUCT_DEFINITION_SHAPE ( 'NONE', 'NONE',  #10845 ) ;
#2571 = AXIS2_PLACEMENT_3D ( 'NONE', #9068, #9120, #8411 ) ;
#2572 = DIRECTION ( 'NONE',  ( 0.000000000000000000, 0.000000000000000000, 1.000000000000000000 ) ) ;
#2573 = CARTESIAN_POINT ( 'NONE',  ( 25.00000000000000000, 5.500000000000011546, 10.00000000000000000 ) ) ;
#2574 = DIRECTION ( 'NONE',  ( -0.5521351308716256900, 0.000000000000000000, 0.8337546385222529555 ) ) ;
#2575 = CYLINDRICAL_SURFACE ( 'NONE', #8163, 4.000000000000000000 ) ;
#2576 = CARTESIAN_POINT ( 'NONE',  ( 0.000000000000000000, 9.000000000000000000, 10.00000000000000888 ) ) ;
#2577 = ORIENTED_EDGE ( 'NONE', *, *, #1049, .T. ) ;
#2578 = ORIENTED_EDGE ( 'NONE', *, *, #167, .F. ) ;
#2579 = ADVANCED_FACE ( 'NONE', ( #7559, #5108 ), #3407, .T. ) ;
#2580 = CARTESIAN_POINT ( 'NONE',  ( -25.00000000000000000, 9.500000000000001776, 10.00000000000000000 ) ) ;
#2581 = ORIENTED_EDGE ( 'NONE', *, *, #5, .F. ) ;
#2582 = EDGE_LOOP ( 'NONE', ( #195, #5696 ) ) ;
#2583 = VECTOR ( 'NONE', #7630, 1000.000000000000000 ) ;
#2584 = DIRECTION ( 'NONE',  ( -0.000000000000000000, -0.000000000000000000, 1.000000000000000000 ) ) ;
#2585 = DIRECTION ( 'NONE',  ( -1.934429153077334629E-32, 2.230244969721269233E-16, 1.000000000000000000 ) ) ;
#2586 = DIRECTION ( 'NONE',  ( 1.000000000000000000, -0.000000000000000000, 1.700709290173340409E-17 ) ) ;
#2587 = DIRECTION ( 'NONE',  ( 0.000000000000000000, 1.000000000000000000, 0.000000000000000000 ) ) ;
#2588 = VECTOR ( 'NONE', #8002, 1000.000000000000000 ) ;
#2589 = ORIENTED_EDGE ( 'NONE', *, *, #6172, .T. ) ;
#2591 = ADVANCED_FACE ( 'NONE', ( #9271 ), #8439, .F. ) ;
#2590 = DIRECTION ( 'NONE',  ( -2.187217985995227964E-05, 4.102443332029100742E-22, 0.9999999997608040037 ) ) ;
#2592 = FILL_AREA_STYLE_COLOUR ( '', #8886 ) ;
#2593 = ORIENTED_EDGE ( 'NONE', *, *, #9219, .T. ) ;
#2594 = ORIENTED_EDGE ( 'NONE', *, *, #8673, .T. ) ;
#2595 = DIRECTION ( 'NONE',  ( 0.000000000000000000, 1.000000000000000000, 0.000000000000000000 ) ) ;
#2596 = MANIFOLD_SOLID_BREP ( 'Boss-Extrude1', #1995 ) ;
#2597 = VECTOR ( 'NONE', #276, 1000.000000000000000 ) ;
#2598 = EDGE_CURVE ( 'NONE', #9743, #2965, #7777, .T. ) ;
#2599 = CIRCLE ( 'NONE', #7493, 10.00000000000000000 ) ;
#2600 = APPLICATION_CONTEXT ( 'automotive_design' ) ;
#2601 = VECTOR ( 'NONE', #8360, 1000.000000000000000 ) ;
#2602 = CARTESIAN_POINT ( 'NONE',  ( -2.499999999999999556, 15.00000000000000000, 21.75000000000000000 ) ) ;
#2603 = DIRECTION ( 'NONE',  ( 0.000000000000000000, 1.000000000000000000, 0.000000000000000000 ) ) ;
#2604 = CARTESIAN_POINT ( 'NONE',  ( -1.924702886938325141, 18.00000000000000000, -84.20205095511482796 ) ) ;
#2605 = ORIENTED_EDGE ( 'NONE', *, *, #1825, .T. ) ;
#2606 = CARTESIAN_POINT ( 'NONE',  ( 64.46620431643836469, 0.000000000000000000, -112.3905347760015161 ) ) ;
#2607 =( NAMED_UNIT ( * ) PLANE_ANGLE_UNIT ( ) SI_UNIT ( $, .RADIAN. ) );
#2608 = ADVANCED_FACE ( 'NONE', ( #5001, #5381 ), #5224, .T. ) ;
#2609 = VERTEX_POINT ( 'NONE', #4402 ) ;
#2610 = ORIENTED_EDGE ( 'NONE', *, *, #5494, .T. ) ;
#2611 = AXIS2_PLACEMENT_3D ( 'NONE', #5407, #8842, #3870 ) ;
#2612 = CARTESIAN_POINT ( 'NONE',  ( -25.54669227613990046, 9.000000000000000000, -3.555388392487212723 ) ) ;
#2613 = DIRECTION ( 'NONE',  ( -1.404885872131212786E-33, 1.000000000000000000, 8.260587980841942477E-17 ) ) ;
#2614 = EDGE_LOOP ( 'NONE', ( #2082, #3394, #2443, #837 ) ) ;
#2615 = AXIS2_PLACEMENT_3D ( 'NONE', #10442, #8740, #3002 ) ;
#2616 = PLANE ( 'NONE',  #2838 ) ;
#2617 = ADVANCED_FACE ( 'NONE', ( #1933 ), #5273, .T. ) ;
#2618 = MANIFOLD_SOLID_BREP ( 'Fillet3', #2536 ) ;
#2619 = ADVANCED_FACE ( 'NONE', ( #6035 ), #8500, .F. ) ;
#2620 = DIRECTION ( 'NONE',  ( -0.000000000000000000, -1.000000000000000000, -0.000000000000000000 ) ) ;
#2621 = DIRECTION ( 'NONE',  ( -1.000000000000000000, 0.000000000000000000, -1.700709290173340409E-17 ) ) ;
#2622 = ORIENTED_EDGE ( 'NONE', *, *, #2992, .F. ) ;
#2623 = DIRECTION ( 'NONE',  ( -1.623211227490745260E-15, -1.846235724462868337E-15, -1.000000000000000000 ) ) ;
#2624 = SURFACE_SIDE_STYLE ('',( #4263 ) ) ;
#2625 = LINE ( 'NONE', #4428, #2246 ) ;
#2626 = VERTEX_POINT ( 'NONE', #7839 ) ;
#2627 = ORIENTED_EDGE ( 'NONE', *, *, #8776, .T. ) ;
#2628 = FACE_OUTER_BOUND ( 'NONE', #3483, .T. ) ;
#2629 = DIRECTION ( 'NONE',  ( -0.7071067811865467956, 0.7071067811865483499, -1.577021341797097314E-16 ) ) ;
#2630 = EDGE_CURVE ( 'NONE', #6145, #2385, #10459, .T. ) ;
#2631 = CARTESIAN_POINT ( 'NONE',  ( -23.68655752103996548, 54.67986544671986593, -28.54374205374393725 ) ) ;
#2632 = DIRECTION ( 'NONE',  ( -0.000000000000000000, -1.000000000000000000, 0.000000000000000000 ) ) ;
#2633 = EDGE_CURVE ( 'NONE', #3000, #1096, #1881, .T. ) ;
#2634 = DIRECTION ( 'NONE',  ( 3.231206387738610909E-17, 0.000000000000000000, 1.000000000000000000 ) ) ;
#2635 = ORIENTED_EDGE ( 'NONE', *, *, #5839, .T. ) ;
#2636 = ORIENTED_EDGE ( 'NONE', *, *, #4694, .F. ) ;
#2637 = MANIFOLD_SOLID_BREP ( 'Boss-Extrude1', #2897 ) ;
#2638 = CARTESIAN_POINT ( 'NONE',  ( 11.42115850004998734, 5.571067811865469288, 22.00000000000000355 ) ) ;
#2639 = ADVANCED_FACE ( 'NONE', ( #2248 ), #10195, .F. ) ;
#2640 = VERTEX_POINT ( 'NONE', #8871 ) ;
#2641 = ORIENTED_EDGE ( 'NONE', *, *, #2401, .F. ) ;
#2642 = AXIS2_PLACEMENT_3D ( 'NONE', #2444, #4087, #4863 ) ;
#2643 = DIRECTION ( 'NONE',  ( 1.000000000000000000, 0.000000000000000000, -0.000000000000000000 ) ) ;
#2644 = DIRECTION ( 'NONE',  ( 1.000000000000000000, 0.000000000000000000, 0.000000000000000000 ) ) ;
#2645 = CARTESIAN_POINT ( 'NONE',  ( -2.499999999999999556, 63.40000000000001279, 21.75000000000000000 ) ) ;
#2646 = DIRECTION ( 'NONE',  ( -0.000000000000000000, -0.000000000000000000, 1.000000000000000000 ) ) ;
#2647 = ORIENTED_EDGE ( 'NONE', *, *, #2913, .T. ) ;
#2648 = SURFACE_STYLE_FILL_AREA ( #6194 ) ;
#2649 = VERTEX_POINT ( 'NONE', #1380 ) ;
#2650 = VERTEX_POINT ( 'NONE', #4829 ) ;
#2651 = LINE ( 'NONE', #3477, #778 ) ;
#2652 = EDGE_CURVE ( 'NONE', #4680, #9360, #3953, .T. ) ;
#2653 = DIRECTION ( 'NONE',  ( 0.000000000000000000, 0.000000000000000000, 1.000000000000000000 ) ) ;
#2654 = CARTESIAN_POINT ( 'NONE',  ( -1.924702886938325141, 18.00000000000000000, -84.20205095511482796 ) ) ;
#2655 = LINE ( 'NONE', #6047, #1142 ) ;
#2656 = ORIENTED_EDGE ( 'NONE', *, *, #9802, .T. ) ;
#2657 = CARTESIAN_POINT ( 'NONE',  ( -2.499999999999999556, 15.00000000000000000, 19.50000000000000000 ) ) ;
#2658 = EDGE_LOOP ( 'NONE', ( #7668, #1070, #6679, #4096 ) ) ;
#2659 = ORIENTED_EDGE ( 'NONE', *, *, #1219, .T. ) ;
#2660 = PRODUCT_DEFINITION_SHAPE ( 'NONE', 'NONE',  #10844 ) ;
#2661 = DIRECTION ( 'NONE',  ( 0.000000000000000000, 1.000000000000000000, 0.000000000000000000 ) ) ;
#2662 = CARTESIAN_POINT ( 'NONE',  ( 5.000000000000000888, 8.499999999999996447, 17.00000000000000000 ) ) ;
#2663 = DIRECTION ( 'NONE',  ( 1.000000000000000000, 0.000000000000000000, 0.000000000000000000 ) ) ;
#2664 = CARTESIAN_POINT ( 'NONE',  ( -19.68655752103997258, 74.67986544671987303, -28.54374205374393725 ) ) ;
#2665 = LINE ( 'NONE', #7740, #992 ) ;
#2666 = VERTEX_POINT ( 'NONE', #545 ) ;
#2667 = DIRECTION ( 'NONE',  ( -0.000000000000000000, -1.000000000000000000, 0.000000000000000000 ) ) ;
#2668 =( NAMED_UNIT ( * ) SI_UNIT ( $, .STERADIAN. ) SOLID_ANGLE_UNIT ( ) );
#2669 = DIRECTION ( 'NONE',  ( -1.000000000000000000, 0.000000000000000000, 0.000000000000000000 ) ) ;
#2670 = CARTESIAN_POINT ( 'NONE',  ( 15.20803270774493576, -6.928932188134524495, 21.99999999999999645 ) ) ;
#2671 = VERTEX_POINT ( 'NONE', #2097 ) ;
#2672 = FACE_OUTER_BOUND ( 'NONE', #2043, .T. ) ;
#2673 = EDGE_CURVE ( 'NONE', #1305, #7561, #3894, .T. ) ;
#2674 = CARTESIAN_POINT ( 'NONE',  ( -10.00000000000000178, -15.00000000000000355, 5.000000000000000000 ) ) ;
#2675 = CIRCLE ( 'NONE', #5643, 10.00000000000000178 ) ;
#2676 = DIRECTION ( 'NONE',  ( -0.7071067811865483499, -0.7071067811865466846, 0.000000000000000000 ) ) ;
#2677 = CARTESIAN_POINT ( 'NONE',  ( -10.00000000000000178, -15.00000000000000355, 5.000000000000000000 ) ) ;
#2678 = VERTEX_POINT ( 'NONE', #7065 ) ;
#2679 = PLANE ( 'NONE',  #1162 ) ;
#2680 = ORIENTED_EDGE ( 'NONE', *, *, #6339, .F. ) ;
#2681 = ORIENTED_EDGE ( 'NONE', *, *, #4946, .F. ) ;
#2682 = DIRECTION ( 'NONE',  ( -0.7071067811865465735, 0.7071067811865485719, -0.000000000000000000 ) ) ;
#2683 = ORIENTED_EDGE ( 'NONE', *, *, #9219, .F. ) ;
#2684 = EDGE_LOOP ( 'NONE', ( #497, #3954, #612, #2025 ) ) ;
#2685 = EDGE_CURVE ( 'NONE', #1508, #3720, #5594, .T. ) ;
#2686 = MECHANICAL_DESIGN_GEOMETRIC_PRESENTATION_REPRESENTATION (  '', ( #3376 ), #9501 ) ;
#2687 = ADVANCED_FACE ( 'NONE', ( #6256 ), #6303, .F. ) ;
#2688 = CARTESIAN_POINT ( 'NONE',  ( -23.34636207545350572, -86.63063332291532959, -24.99999999999999289 ) ) ;
#2689 = FACE_BOUND ( 'NONE', #110, .T. ) ;
#2690 = AXIS2_PLACEMENT_3D ( 'NONE', #9241, #6771, #798 ) ;
#2691 = CARTESIAN_POINT ( 'NONE',  ( -4.999999999999999112, 0.1715728752538100144, -0.5000000000000004441 ) ) ;
#2692 = DIRECTION ( 'NONE',  ( 0.000000000000000000, -0.000000000000000000, 1.000000000000000000 ) ) ;
#2693 = PLANE ( 'NONE',  #3603 ) ;
#2694 = ORIENTED_EDGE ( 'NONE', *, *, #8075, .T. ) ;
#2695 = APPLICATION_PROTOCOL_DEFINITION ( 'draft international standard', 'automotive_design', 1998, #10217 ) ;
#2696 = SURFACE_SIDE_STYLE ('',( #2648 ) ) ;
#2697 = EDGE_LOOP ( 'NONE', ( #5159, #9269, #1834, #421 ) ) ;
#2698 = ORIENTED_EDGE ( 'NONE', *, *, #7533, .F. ) ;
#2699 = CARTESIAN_POINT ( 'NONE',  ( -26.24777966571251753, -61.24777966571249976, 0.9999999999999991118 ) ) ;
#2700 = AXIS2_PLACEMENT_3D ( 'NONE', #2662, #9335, #1023 ) ;
#2701 = AXIS2_PLACEMENT_3D ( 'NONE', #2216, #5447, #8779 ) ;
#2702 = AXIS2_PLACEMENT_3D ( 'NONE', #10702, #6542, #6053 ) ;
#2703 = DIRECTION ( 'NONE',  ( -0.000000000000000000, -1.000000000000000000, 0.000000000000000000 ) ) ;
#2704 = SURFACE_STYLE_FILL_AREA ( #10201 ) ;
#2705 = VECTOR ( 'NONE', #2499, 1000.000000000000000 ) ;
#2706 = CARTESIAN_POINT ( 'NONE',  ( 9.999999999999992895, 10.00000000000000000, -11.00000000000000000 ) ) ;
#2707 = ORIENTED_EDGE ( 'NONE', *, *, #1366, .F. ) ;
#2708 = DIRECTION ( 'NONE',  ( 1.700709290173340101E-17, 1.816464372750583628E-16, -1.000000000000000000 ) ) ;
#2709 = AXIS2_PLACEMENT_3D ( 'NONE', #9548, #8818, #3740 ) ;
#2710 = VERTEX_POINT ( 'NONE', #9696 ) ;
#2711 = ORIENTED_EDGE ( 'NONE', *, *, #3464, .F. ) ;
#2712 = EDGE_CURVE ( 'NONE', #8971, #4756, #8811, .T. ) ;
#2713 = DIRECTION ( 'NONE',  ( 0.000000000000000000, 0.000000000000000000, 1.000000000000000000 ) ) ;
#2714 = CYLINDRICAL_SURFACE ( 'NONE', #2169, 2.250000000000000444 ) ;
#2715 = VECTOR ( 'NONE', #3903, 1000.000000000000000 ) ;
#2716 = CIRCLE ( 'NONE', #4115, 2.250000000000000000 ) ;
#2717 = LINE ( 'NONE', #10273, #5077 ) ;
#2718 = CARTESIAN_POINT ( 'NONE',  ( 7.499999999999998224, 18.00000000000000000, -79.08229419209513367 ) ) ;
#2719 = CARTESIAN_POINT ( 'NONE',  ( -41.81980515339466820, -90.96194077712553394, -1.333527993263397552E-13 ) ) ;
#2720 = VERTEX_POINT ( 'NONE', #10559 ) ;
#2721 = CARTESIAN_POINT ( 'NONE',  ( -85.36863799491800364, 0.000000000000000000, -96.77829855763729938 ) ) ;
#2722 = VECTOR ( 'NONE', #7893, 1000.000000000000000 ) ;
#2723 = DIRECTION ( 'NONE',  ( 1.264933817329266432E-17, 0.000000000000000000, -1.000000000000000000 ) ) ;
#2724 = VECTOR ( 'NONE', #3172, 1000.000000000000000 ) ;
#2725 = AXIS2_PLACEMENT_3D ( 'NONE', #285, #2708, #5172 ) ;
#2726 = LINE ( 'NONE', #3548, #8195 ) ;
#2727 = CARTESIAN_POINT ( 'NONE',  ( -9.999999999999996447, -40.85786437626902767, -11.00000000000000000 ) ) ;
#2728 = ORIENTED_EDGE ( 'NONE', *, *, #7436, .T. ) ;
#2729 = DIRECTION ( 'NONE',  ( 0.000000000000000000, 1.000000000000000000, 0.000000000000000000 ) ) ;
#2730 = EDGE_CURVE ( 'NONE', #5524, #8748, #8924, .T. ) ;
#2731 = AXIS2_PLACEMENT_3D ( 'NONE', #9635, #1204, #1412 ) ;
#2732 = CYLINDRICAL_SURFACE ( 'NONE', #9383, 2.000000000000001776 ) ;
#2733 = VECTOR ( 'NONE', #8933, 1000.000000000000000 ) ;
#2734 = CARTESIAN_POINT ( 'NONE',  ( -85.36863799491800364, 95.00000000000000000, -96.77829855763729938 ) ) ;
#2735 = CARTESIAN_POINT ( 'NONE',  ( 15.50000000000000000, -9.500000000000001776, 22.50000000000000000 ) ) ;
#2736 = AXIS2_PLACEMENT_3D ( 'NONE', #7659, #191, #5198 ) ;
#2737 = ORIENTED_EDGE ( 'NONE', *, *, #8182, .F. ) ;
#2738 = LINE ( 'NONE', #3389, #6573 ) ;
#2739 = EDGE_LOOP ( 'NONE', ( #3145, #9752, #4265, #3513 ) ) ;
#2740 = VERTEX_POINT ( 'NONE', #499 ) ;
#2741 = CARTESIAN_POINT ( 'NONE',  ( 11.31261843528554500, 3.500000000000001332, 17.00000000000000000 ) ) ;
#2742 = EDGE_CURVE ( 'NONE', #7049, #1782, #1424, .T. ) ;
#2743 = VERTEX_POINT ( 'NONE', #1322 ) ;
#2744 = VERTEX_POINT ( 'NONE', #8099 ) ;
#2745 = EDGE_CURVE ( 'NONE', #8426, #9588, #1542, .T. ) ;
#2746 = VECTOR ( 'NONE', #9132, 1000.000000000000000 ) ;
#2747 = AXIS2_PLACEMENT_3D ( 'NONE', #2735, #3614, #8637 ) ;
#2748 =( REPRESENTATION_RELATIONSHIP ('NONE','NONE', #1790, #9568 ) REPRESENTATION_RELATIONSHIP_WITH_TRANSFORMATION ( #10463 )SHAPE_REPRESENTATION_RELATIONSHIP( ) );
#2749 = CARTESIAN_POINT ( 'NONE',  ( 75.00000000000001421, 150.0000000000000000, 74.99999999999997158 ) ) ;
#2750 = DIRECTION ( 'NONE',  ( 0.000000000000000000, 1.000000000000000000, 0.000000000000000000 ) ) ;
#2751 = EDGE_CURVE ( 'NONE', #9243, #599, #6460, .T. ) ;
#2752 = PRODUCT ( 'Actuation_Link_\X2\9ed88ba4\X0\', 'Actuation_Link_\X2\9ed88ba4\X0\', '', ( #4289 ) ) ;
#2753 = EDGE_CURVE ( 'NONE', #2744, #9473, #3796, .T. ) ;
#2754 = CIRCLE ( 'NONE', #8862, 8.146642442969032061 ) ;
#2755 = FACE_OUTER_BOUND ( 'NONE', #4534, .T. ) ;
#2756 = CARTESIAN_POINT ( 'NONE',  ( 5.000000000000000000, -9.500000000000001776, 25.50000000000000000 ) ) ;
#2757 = CARTESIAN_POINT ( 'NONE',  ( 5.000000000000000888, 74.89999999999997726, 6.000000000000001776 ) ) ;
#2758 = ORIENTED_EDGE ( 'NONE', *, *, #8736, .T. ) ;
#2759 = SHAPE_DEFINITION_REPRESENTATION ( #4143, #8918 ) ;
#2760 = VERTEX_POINT ( 'NONE', #8973 ) ;
#2761 = ORIENTED_EDGE ( 'NONE', *, *, #4225, .F. ) ;
#2762 = CARTESIAN_POINT ( 'NONE',  ( 5.000000000000000000, 83.40000000000000568, 0.5000000000000000000 ) ) ;
#2763 = AXIS2_PLACEMENT_3D ( 'NONE', #4942, #4999, #10686 ) ;
#2764 = CIRCLE ( 'NONE', #1355, 2.999999999999999112 ) ;
#2765 = ADVANCED_FACE ( 'NONE', ( #9602 ), #7174, .T. ) ;
#2766 = DIRECTION ( 'NONE',  ( -0.000000000000000000, 0.000000000000000000, 1.000000000000000000 ) ) ;
#2767 = CARTESIAN_POINT ( 'NONE',  ( 15.00000000000000178, -12.50000000000000000, -10.00000000000000000 ) ) ;
#2768 = DIRECTION ( 'NONE',  ( 0.000000000000000000, 0.000000000000000000, 1.000000000000000000 ) ) ;
#2769 = VERTEX_POINT ( 'NONE', #7124 ) ;
#2770 = CARTESIAN_POINT ( 'NONE',  ( 5.000000000000000000, -9.000000000000000000, -6.802062274093115168E-16 ) ) ;
#2771 = DIRECTION ( 'NONE',  ( 0.7071067811865485719, 0.7071067811865465735, -2.655995914072783456E-16 ) ) ;
#2772 = EDGE_CURVE ( 'NONE', #7840, #2671, #489, .T. ) ;
#2773 = EDGE_LOOP ( 'NONE', ( #9143, #8542, #2344, #164 ) ) ;
#2774 = ORIENTED_EDGE ( 'NONE', *, *, #4272, .F. ) ;
#2775 = CIRCLE ( 'NONE', #9231, 9.999999999999994671 ) ;
#2776 = CARTESIAN_POINT ( 'NONE',  ( 4.999999999999997335, 18.00000000000000000, -28.73104673259540931 ) ) ;
#2777 = EDGE_CURVE ( 'NONE', #3883, #564, #5765, .T. ) ;
#2778 = DIRECTION ( 'NONE',  ( 0.000000000000000000, 0.000000000000000000, -1.000000000000000000 ) ) ;
#2779 = CARTESIAN_POINT ( 'NONE',  ( -90.00000000000000000, 9.999999999999994671, -97.86825876601857033 ) ) ;
#2780 = ADVANCED_BREP_SHAPE_REPRESENTATION ( '', ( #2366, #9029 ), #2219 ) ;
#2781 = VECTOR ( 'NONE', #10436, 1000.000000000000000 ) ;
#2782 = PLANE ( 'NONE',  #1466 ) ;
#2783 = FACE_OUTER_BOUND ( 'NONE', #6768, .T. ) ;
#2784 = CIRCLE ( 'NONE', #4179, 5.000000000000004441 ) ;
#2785 = VERTEX_POINT ( 'NONE', #3290 ) ;
#2786 = DIRECTION ( 'NONE',  ( 0.000000000000000000, 0.000000000000000000, 1.000000000000000000 ) ) ;
#2787 = LINE ( 'NONE', #2884, #7459 ) ;
#2788 = DIRECTION ( 'NONE',  ( 0.000000000000000000, 1.000000000000000000, 0.000000000000000000 ) ) ;
#2789 = CARTESIAN_POINT ( 'NONE',  ( -85.36863799491800364, 0.000000000000000000, -99.02829855763729938 ) ) ;
#2790 = VERTEX_POINT ( 'NONE', #6681 ) ;
#2791 = ORIENTED_EDGE ( 'NONE', *, *, #6782, .T. ) ;
#2792 = EDGE_CURVE ( 'NONE', #1415, #629, #1732, .T. ) ;
#2793 = CARTESIAN_POINT ( 'NONE',  ( -15.00000000000000178, 9.500000000000003553, 20.00000000000000000 ) ) ;
#2794 = DIRECTION ( 'NONE',  ( -0.000000000000000000, -1.000000000000000000, -0.000000000000000000 ) ) ;
#2795 = DIRECTION ( 'NONE',  ( -1.000000000000000000, -1.734723475976807094E-16, 0.000000000000000000 ) ) ;
#2796 = DIRECTION ( 'NONE',  ( 0.05233595624293726351, -0.9986295347545742773, 8.900824699246884438E-19 ) ) ;
#2797 = VERTEX_POINT ( 'NONE', #4174 ) ;
#2798 = CARTESIAN_POINT ( 'NONE',  ( -4.000000000000000000, 0.000000000000000000, 0.000000000000000000 ) ) ;
#2799 = ORIENTED_EDGE ( 'NONE', *, *, #7550, .F. ) ;
#2800 = ORIENTED_EDGE ( 'NONE', *, *, #181, .T. ) ;
#2801 = DIRECTION ( 'NONE',  ( 1.000000000000000000, -0.000000000000000000, 1.700709290173340409E-17 ) ) ;
#2802 = ORIENTED_EDGE ( 'NONE', *, *, #1207, .F. ) ;
#2803 = VERTEX_POINT ( 'NONE', #1589 ) ;
#2804 = CARTESIAN_POINT ( 'NONE',  ( 4.999999999999999112, 70.90000000000000568, 25.50000000000000000 ) ) ;
#2805 = CARTESIAN_POINT ( 'NONE',  ( 35.00000000000000000, 9.500000000000012434, 0.000000000000000000 ) ) ;
#2806 = ADVANCED_FACE ( 'NONE', ( #1759 ), #9919, .F. ) ;
#2807 = CARTESIAN_POINT ( 'NONE',  ( 0.000000000000000000, 0.000000000000000000, 0.000000000000000000 ) ) ;
#2808 = LINE ( 'NONE', #8494, #5741 ) ;
#2809 = DIRECTION ( 'NONE',  ( 0.000000000000000000, 0.000000000000000000, 1.000000000000000000 ) ) ;
#2810 = EDGE_LOOP ( 'NONE', ( #9330, #585 ) ) ;
#2811 = APPLICATION_PROTOCOL_DEFINITION ( 'draft international standard', 'automotive_design', 1998, #5540 ) ;
#2812 = FILL_AREA_STYLE_COLOUR ( '', #9594 ) ;
#2813 = ORIENTED_EDGE ( 'NONE', *, *, #9089, .T. ) ;
#2814 = VERTEX_POINT ( 'NONE', #5050 ) ;
#2815 = CARTESIAN_POINT ( 'NONE',  ( 11.57465733170070799, 62.40000000000000568, 1.000000000000000000 ) ) ;
#2816 = EDGE_CURVE ( 'NONE', #2650, #10330, #9197, .T. ) ;
#2817 = CARTESIAN_POINT ( 'NONE',  ( 0.000000000000000000, -10.00000000000000178, 0.000000000000000000 ) ) ;
#2818 = CARTESIAN_POINT ( 'NONE',  ( 0.000000000000000000, 9.000000000000000000, 0.000000000000000000 ) ) ;
#2819 = DIRECTION ( 'NONE',  ( 0.000000000000000000, 1.000000000000000000, 0.000000000000000000 ) ) ;
#2820 = ORIENTED_EDGE ( 'NONE', *, *, #87, .T. ) ;
#2821 = DIRECTION ( 'NONE',  ( -0.000000000000000000, -1.000000000000000000, -0.000000000000000000 ) ) ;
#2822 =( LENGTH_UNIT ( ) NAMED_UNIT ( * ) SI_UNIT ( .MILLI., .METRE. ) );
#2823 = UNCERTAINTY_MEASURE_WITH_UNIT (LENGTH_MEASURE( 1.000000000000000082E-05 ), #6597, 'distance_accuracy_value', 'NONE');
#2824 = ORIENTED_EDGE ( 'NONE', *, *, #1583, .F. ) ;
#2825 = ORIENTED_EDGE ( 'NONE', *, *, #8830, .T. ) ;
#2826 = FACE_OUTER_BOUND ( 'NONE', #5249, .T. ) ;
#2827 = EDGE_CURVE ( 'NONE', #62, #3546, #10676, .T. ) ;
#2828 = DIRECTION ( 'NONE',  ( 0.000000000000000000, 0.000000000000000000, -1.000000000000000000 ) ) ;
#2829 = DIRECTION ( 'NONE',  ( -1.577021341797097560E-16, -0.000000000000000000, 1.000000000000000000 ) ) ;
#2830 = LINE ( 'NONE', #4479, #102 ) ;
#2831 = ORIENTED_EDGE ( 'NONE', *, *, #5394, .T. ) ;
#2832 = FACE_OUTER_BOUND ( 'NONE', #10612, .T. ) ;
#2833 = CARTESIAN_POINT ( 'NONE',  ( 22.75000000000000711, -9.499999999999992895, 10.00000000000000000 ) ) ;
#2834 = DIRECTION ( 'NONE',  ( 1.734723475976805246E-17, 0.000000000000000000, 1.000000000000000000 ) ) ;
#2835 = DIRECTION ( 'NONE',  ( 0.000000000000000000, 0.000000000000000000, -1.000000000000000000 ) ) ;
#2836 = EDGE_LOOP ( 'NONE', ( #2515, #531, #8000, #9320 ) ) ;
#2837 = ORIENTED_EDGE ( 'NONE', *, *, #3661, .T. ) ;
#2838 = AXIS2_PLACEMENT_3D ( 'NONE', #5955, #8522, #2663 ) ;
#2839 = EDGE_CURVE ( 'NONE', #1578, #10196, #658, .T. ) ;
#2840 = DIRECTION ( 'NONE',  ( 0.000000000000000000, 0.000000000000000000, 1.000000000000000000 ) ) ;
#2841 =( NAMED_UNIT ( * ) PLANE_ANGLE_UNIT ( ) SI_UNIT ( $, .RADIAN. ) );
#2842 = CARTESIAN_POINT ( 'NONE',  ( 9.999999999999994671, 2.081668171172167330E-15, -16.00000000000000000 ) ) ;
#2843 = DIRECTION ( 'NONE',  ( -0.000000000000000000, -1.000000000000000000, -0.000000000000000000 ) ) ;
#2844 = ORIENTED_EDGE ( 'NONE', *, *, #6878, .T. ) ;
#2845 = CARTESIAN_POINT ( 'NONE',  ( 11.12919120779491955, -4.120587966646320898E-15, -1.257359312880711677 ) ) ;
#2846 = ORIENTED_EDGE ( 'NONE', *, *, #1974, .F. ) ;
#2847 = ORIENTED_EDGE ( 'NONE', *, *, #10052, .F. ) ;
#2848 = ORIENTED_EDGE ( 'NONE', *, *, #5640, .F. ) ;
#2849 = ORIENTED_EDGE ( 'NONE', *, *, #5051, .T. ) ;
#2850 = ADVANCED_FACE ( 'NONE', ( #708 ), #9973, .T. ) ;
#2851 =( BOUNDED_CURVE ( )  B_SPLINE_CURVE ( 3, ( #4637, #9669, #10533, #4029 ),
 .UNSPECIFIED., .F., .F. ) 
 B_SPLINE_CURVE_WITH_KNOTS ( ( 4, 4 ),
 ( 4.712388980384689674, 6.283185307179586232 ),
 .UNSPECIFIED. ) 
 CURVE ( )  GEOMETRIC_REPRESENTATION_ITEM ( )  RATIONAL_B_SPLINE_CURVE ( ( 1.000000000000000000, 0.8047378541243649375, 0.8047378541243649375, 1.000000000000000000 ) ) 
 REPRESENTATION_ITEM ( '' )  );
#2852 = CIRCLE ( 'NONE', #3024, 2.250000000000001776 ) ;
#2853 = DIRECTION ( 'NONE',  ( -1.000000000000000000, -0.000000000000000000, 1.734723475976807094E-17 ) ) ;
#2854 = SURFACE_SIDE_STYLE ('',( #4506 ) ) ;
#2855 = DIRECTION ( 'NONE',  ( -1.878072721644630547E-16, -1.878072721644625616E-16, -1.000000000000000000 ) ) ;
#2856 = DIRECTION ( 'NONE',  ( -1.387778780781446464E-14, 0.000000000000000000, -1.000000000000000000 ) ) ;
#2857 = DIRECTION ( 'NONE',  ( -0.000000000000000000, -1.000000000000000000, -0.000000000000000000 ) ) ;
#2858 = VERTEX_POINT ( 'NONE', #3179 ) ;
#2859 = APPLICATION_PROTOCOL_DEFINITION ( 'draft international standard', 'automotive_design', 1998, #5054 ) ;
#2860 = STYLED_ITEM ( 'NONE', ( #1635 ), #6138 ) ;
#2861 = VERTEX_POINT ( 'NONE', #9853 ) ;
#2862 = VERTEX_POINT ( 'NONE', #7547 ) ;
#2863 = ADVANCED_FACE ( 'NONE', ( #4986 ), #7378, .T. ) ;
#2864 = ADVANCED_FACE ( 'NONE', ( #877 ), #40, .F. ) ;
#2865 = VECTOR ( 'NONE', #6442, 1000.000000000000000 ) ;
#2866 = LINE ( 'NONE', #5436, #247 ) ;
#2867 = FACE_OUTER_BOUND ( 'NONE', #5751, .T. ) ;
#2868 = DIRECTION ( 'NONE',  ( -1.000000000000000000, 0.000000000000000000, -1.700709290173340409E-17 ) ) ;
#2869 = ORIENTED_EDGE ( 'NONE', *, *, #7515, .F. ) ;
#2870 = DIRECTION ( 'NONE',  ( 1.000000000000000000, -0.000000000000000000, 1.700709290173340409E-17 ) ) ;
#2871 = EDGE_LOOP ( 'NONE', ( #10522, #697, #950, #10284 ) ) ;
#2872 = EDGE_LOOP ( 'NONE', ( #5734, #2028 ) ) ;
#2873 = VECTOR ( 'NONE', #6757, 1000.000000000000000 ) ;
#2874 = DIRECTION ( 'NONE',  ( -0.7071067811865485719, -0.7071067811865463515, 0.000000000000000000 ) ) ;
#2875 = VECTOR ( 'NONE', #2949, 1000.000000000000000 ) ;
#2876 = CARTESIAN_POINT ( 'NONE',  ( 26.31344247896003807, 54.67986544671986593, -120.2803298308827920 ) ) ;
#2877 = AXIS2_PLACEMENT_3D ( 'NONE', #2602, #5945, #2653 ) ;
#2878 = DIRECTION ( 'NONE',  ( 0.000000000000000000, 0.000000000000000000, 1.000000000000000000 ) ) ;
#2879 = DIRECTION ( 'NONE',  ( 0.7071067811865465735, -0.7071067811865484609, -0.000000000000000000 ) ) ;
#2880 = EDGE_CURVE ( 'NONE', #9850, #6244, #3393, .T. ) ;
#2881 = VERTEX_POINT ( 'NONE', #4110 ) ;
#2882 = DIRECTION ( 'NONE',  ( -0.000000000000000000, -0.000000000000000000, 1.000000000000000000 ) ) ;
#2883 = EDGE_CURVE ( 'NONE', #6220, #4783, #4689, .T. ) ;
#2884 = CARTESIAN_POINT ( 'NONE',  ( 5.000000000000000000, 3.500000000000001776, 2.800871253635643039E-16 ) ) ;
#2885 = PLANE ( 'NONE',  #1902 ) ;
#2886 = AXIS2_PLACEMENT_3D ( 'NONE', #3427, #2661, #9334 ) ;
#2887 = FACE_OUTER_BOUND ( 'NONE', #10611, .T. ) ;
#2888 = DIRECTION ( 'NONE',  ( 0.000000000000000000, 0.000000000000000000, -1.000000000000000000 ) ) ;
#2889 = ORIENTED_EDGE ( 'NONE', *, *, #4192, .T. ) ;
#2890 = AXIS2_PLACEMENT_3D ( 'NONE', #1709, #9926, #7552 ) ;
#2891 = AXIS2_PLACEMENT_3D ( 'NONE', #3166, #10662, #8200 ) ;
#2892 = DIRECTION ( 'NONE',  ( 1.734723475976805246E-17, 0.000000000000000000, 1.000000000000000000 ) ) ;
#2893 = PLANE ( 'NONE',  #3739 ) ;
#2894 = AXIS2_PLACEMENT_3D ( 'NONE', #3482, #5280, #8511 ) ;
#2895 = CYLINDRICAL_SURFACE ( 'NONE', #7281, 2.250000000000001776 ) ;
#2896 = AXIS2_PLACEMENT_3D ( 'NONE', #53, #839, #166 ) ;
#2897 = CLOSED_SHELL ( 'NONE', ( #264, #9505, #582, #4447, #2942, #7750 ) ) ;
#2898 = CARTESIAN_POINT ( 'NONE',  ( 3.367778697655221012E-16, 0.000000000000000000, 2.750000000000000000 ) ) ;
#2899 = VERTEX_POINT ( 'NONE', #756 ) ;
#2900 = CIRCLE ( 'NONE', #10070, 2.249999999999998668 ) ;
#2901 = DIRECTION ( 'NONE',  ( -0.5521351308716263562, 0.000000000000000000, -0.8337546385222526224 ) ) ;
#2902 = EDGE_LOOP ( 'NONE', ( #6398, #1862, #7284, #4960 ) ) ;
#2903 = VERTEX_POINT ( 'NONE', #9032 ) ;
#2904 = CARTESIAN_POINT ( 'NONE',  ( 85.36863799491800364, 0.000000000000000000, -96.77829855763729938 ) ) ;
#2905 = EDGE_LOOP ( 'NONE', ( #5428, #7449, #1537, #6023 ) ) ;
#2906 = ORIENTED_EDGE ( 'NONE', *, *, #3372, .F. ) ;
#2907 = EDGE_CURVE ( 'NONE', #4983, #9463, #4164, .T. ) ;
#2908 = ADVANCED_FACE ( 'NONE', ( #6631 ), #2465, .F. ) ;
#2909 = AXIS2_PLACEMENT_3D ( 'NONE', #4431, #7703, #6829 ) ;
#2910 = VECTOR ( 'NONE', #373, 1000.000000000000000 ) ;
#2911 = CARTESIAN_POINT ( 'NONE',  ( 0.000000000000000000, 50.00000000000001421, 0.000000000000000000 ) ) ;
#2912 = DIRECTION ( 'NONE',  ( 0.000000000000000000, 0.000000000000000000, 1.000000000000000000 ) ) ;
#2913 = EDGE_CURVE ( 'NONE', #6749, #4680, #7005, .T. ) ;
#2914 = CARTESIAN_POINT ( 'NONE',  ( 64.46620431643836469, 10.00000000000000000, -110.1405347760015161 ) ) ;
#2915 = LINE ( 'NONE', #7171, #3283 ) ;
#2916 = CIRCLE ( 'NONE', #2037, 2.499999999999999556 ) ;
#2917 = CARTESIAN_POINT ( 'NONE',  ( 30.31344247896045729, 14.67986544671986238, -28.54374205374393725 ) ) ;
#2918 = ORIENTED_EDGE ( 'NONE', *, *, #7251, .F. ) ;
#2919 = AXIS2_PLACEMENT_3D ( 'NONE', #8434, #7613, #104 ) ;
#2920 = AXIS2_PLACEMENT_3D ( 'NONE', #691, #3112, #6287 ) ;
#2921 = DIRECTION ( 'NONE',  ( -7.703719777548943412E-34, 1.000000000000000000, -1.310178779456958743E-50 ) ) ;
#2922 = ORIENTED_EDGE ( 'NONE', *, *, #2827, .F. ) ;
#2923 = ORIENTED_EDGE ( 'NONE', *, *, #3386, .F. ) ;
#2924 =( GEOMETRIC_REPRESENTATION_CONTEXT ( 3 ) GLOBAL_UNCERTAINTY_ASSIGNED_CONTEXT ( ( #390 ) ) GLOBAL_UNIT_ASSIGNED_CONTEXT ( ( #7569, #2607, #9057 ) ) REPRESENTATION_CONTEXT ( 'NONE', 'WORKASPACE' ) );
#2925 = VECTOR ( 'NONE', #5248, 1000.000000000000000 ) ;
#2926 = CARTESIAN_POINT ( 'NONE',  ( -27.68655752103955692, 34.67986544671986593, -42.59593772390965682 ) ) ;
#2927 = PLANE ( 'NONE',  #1010 ) ;#2928 = CARTESIAN_POINT ( 'NONE',  ( -4.999999999999999112, 3.000000000000000000, 0.5000000000000000000 ) ) ;
#2929 = ORIENTED_EDGE ( 'NONE', *, *, #7877, .F. ) ;
#2930 = LINE ( 'NONE', #1335, #2733 ) ;
#2931 = EDGE_LOOP ( 'NONE', ( #7186, #5684, #10472, #10447 ) ) ;
#2932 = ORIENTED_EDGE ( 'NONE', *, *, #4974, .F. ) ;
#2933 =( GEOMETRIC_REPRESENTATION_CONTEXT ( 3 ) GLOBAL_UNCERTAINTY_ASSIGNED_CONTEXT ( ( #6419 ) ) GLOBAL_UNIT_ASSIGNED_CONTEXT ( ( #5553, #5442, #9813 ) ) REPRESENTATION_CONTEXT ( 'NONE', 'WORKASPACE' ) );
#2934 = VECTOR ( 'NONE', #6202, 1000.000000000000000 ) ;
#2935 = CARTESIAN_POINT ( 'NONE',  ( 15.50000000000000000, 74.89999999999997726, 6.000000000000001776 ) ) ;
#2936 = LINE ( 'NONE', #5562, #7558 ) ;
#2937 = EDGE_CURVE ( 'NONE', #4590, #7875, #3800, .T. ) ;
#2938 = AXIS2_PLACEMENT_3D ( 'NONE', #4822, #2341, #3336 ) ;
#2939 = FACE_OUTER_BOUND ( 'NONE', #5660, .T. ) ;
#2940 = EDGE_CURVE ( 'NONE', #10215, #10377, #10136, .T. ) ;
#2941 = CARTESIAN_POINT ( 'NONE',  ( -4.999999999999999112, 7.500000000000000000, 21.75000000000000000 ) ) ;
#2942 = ADVANCED_FACE ( 'NONE', ( #7601 ), #1046, .T. ) ;
#2943 = VERTEX_POINT ( 'NONE', #8429 ) ;
#2944 = FACE_BOUND ( 'NONE', #4684, .T. ) ;
#2945 = DIRECTION ( 'NONE',  ( -1.000000000000000000, 0.000000000000000000, 1.734723475976807094E-17 ) ) ;
#2946 = CARTESIAN_POINT ( 'NONE',  ( 5.000000000000000888, 83.40000000000000568, 0.5000000000000000000 ) ) ;
#2947 = VECTOR ( 'NONE', #7501, 1000.000000000000000 ) ;
#2948 = DIRECTION ( 'NONE',  ( -8.895006672729878318E-17, -0.000000000000000000, 1.000000000000000000 ) ) ;
#2949 = DIRECTION ( 'NONE',  ( 1.000000000000000000, 3.421138828918011187E-49, 1.700709290173340409E-17 ) ) ;
#2950 = ORIENTED_EDGE ( 'NONE', *, *, #9593, .T. ) ;
#2951 = ADVANCED_FACE ( 'NONE', ( #319 ), #5208, .T. ) ;
#2952 = ADVANCED_FACE ( 'NONE', ( #6183 ), #6082, .F. ) ;
#2953 = AXIS2_PLACEMENT_3D ( 'NONE', #1003, #6903, #9486 ) ;
#2954 = DIRECTION ( 'NONE',  ( 1.000000000000000000, 0.000000000000000000, 0.000000000000000000 ) ) ;
#2955 = VECTOR ( 'NONE', #9586, 1000.000000000000000 ) ;
#2956 =( REPRESENTATION_RELATIONSHIP ('NONE','NONE', #1790, #4330 ) REPRESENTATION_RELATIONSHIP_WITH_TRANSFORMATION ( #7063 )SHAPE_REPRESENTATION_RELATIONSHIP( ) );
#2957 = DIRECTION ( 'NONE',  ( -1.000000000000000000, 0.000000000000000000, -1.700709290173340409E-17 ) ) ;
#2958 = DIRECTION ( 'NONE',  ( 0.000000000000000000, 0.000000000000000000, -1.000000000000000000 ) ) ;
#2959 = DIRECTION ( 'NONE',  ( -1.850371707708594563E-16, -0.000000000000000000, -1.000000000000000000 ) ) ;
#2960 = ORIENTED_EDGE ( 'NONE', *, *, #515, .T. ) ;
#2961 = PLANE ( 'NONE',  #2066 ) ;
#2962 = ORIENTED_EDGE ( 'NONE', *, *, #5441, .F. ) ;
#2963 = VERTEX_POINT ( 'NONE', #151 ) ;
#2964 = CARTESIAN_POINT ( 'NONE',  ( -29.04331074782909994, -64.04331074782906796, -4.763511508049220744 ) ) ;
#2965 = VERTEX_POINT ( 'NONE', #5097 ) ;
#2966 = VERTEX_POINT ( 'NONE', #6952 ) ;
#2967 = VECTOR ( 'NONE', #9295, 1000.000000000000000 ) ;
#2968 = EDGE_CURVE ( 'NONE', #5299, #3440, #239, .T. ) ;
#2969 = FACE_OUTER_BOUND ( 'NONE', #7759, .T. ) ;
#2970 = CARTESIAN_POINT ( 'NONE',  ( 5.000000000000000000, 3.500000000000001332, 5.999999999999999112 ) ) ;
#2971 = EDGE_CURVE ( 'NONE', #7535, #2209, #4498, .T. ) ;
#2972 = CARTESIAN_POINT ( 'NONE',  ( -2.999999999999999556, 70.90000000000000568, -0.5000000000000004441 ) ) ;
#2973 = CARTESIAN_POINT ( 'NONE',  ( -64.46620431643836469, 0.000000000000000000, -110.1405347760015161 ) ) ;
#2974 = EDGE_LOOP ( 'NONE', ( #3511, #1116, #2774, #4511 ) ) ;
#2975 = CONTEXT_DEPENDENT_SHAPE_REPRESENTATION ( #5598, #100 ) ;
#2976 = DIRECTION ( 'NONE',  ( 8.673617379884035472E-17, -1.000000000000000000, 0.000000000000000000 ) ) ;
#2977 = VERTEX_POINT ( 'NONE', #1921 ) ;
#2978 = VERTEX_POINT ( 'NONE', #260 ) ;
#2979 = ADVANCED_FACE ( 'NONE', ( #199 ), #9307, .F. ) ;
#2980 = DIRECTION ( 'NONE',  ( 1.878072721644630547E-16, 1.878072721644625616E-16, 1.000000000000000000 ) ) ;
#2981 = DIRECTION ( 'NONE',  ( 0.000000000000000000, 0.000000000000000000, -1.000000000000000000 ) ) ;
#2982 = DIRECTION ( 'NONE',  ( 0.000000000000000000, 0.000000000000000000, 1.000000000000000000 ) ) ;
#2983 = VERTEX_POINT ( 'NONE', #8646 ) ;
#2984 = CARTESIAN_POINT ( 'NONE',  ( -75.00000000000001421, 150.0000000000000000, -75.00000000000000000 ) ) ;
#2985 = DIRECTION ( 'NONE',  ( 9.710196063122624887E-18, -1.000000000000000000, -9.416641125483621599E-18 ) ) ;
#2986 = ORIENTED_EDGE ( 'NONE', *, *, #1825, .F. ) ;
#2987 = ORIENTED_EDGE ( 'NONE', *, *, #8830, .F. ) ;
#2988 = CARTESIAN_POINT ( 'NONE',  ( -2.250000000000004885, 9.999999999999998224, -11.00000000000000000 ) ) ;
#2989 = EDGE_CURVE ( 'NONE', #5461, #9742, #5261, .T. ) ;
#2990 = DIRECTION ( 'NONE',  ( -0.000000000000000000, -0.000000000000000000, -1.000000000000000000 ) ) ;
#2991 = LINE ( 'NONE', #8023, #10038 ) ;
#2992 = EDGE_CURVE ( 'NONE', #9184, #4854, #8545, .T. ) ;
#2993 = DIRECTION ( 'NONE',  ( 0.000000000000000000, 0.000000000000000000, -1.000000000000000000 ) ) ;
#2994 = ORIENTED_EDGE ( 'NONE', *, *, #1576, .T. ) ;
#2995 = CARTESIAN_POINT ( 'NONE',  ( 15.31657277250937987, 79.90000000000000568, 6.000000000000001776 ) ) ;
#2996 = DIRECTION ( 'NONE',  ( 0.000000000000000000, 0.000000000000000000, -1.000000000000000000 ) ) ;
#2997 = CARTESIAN_POINT ( 'NONE',  ( -13.47468831681135271, 0.000000000000000000, 0.3057232255736196391 ) ) ;
#2998 = DIRECTION ( 'NONE',  ( -0.000000000000000000, -0.000000000000000000, 1.000000000000000000 ) ) ;
#2999 = CARTESIAN_POINT ( 'NONE',  ( -30.38298617678111668, -65.38298617678107405, -11.09330355699791859 ) ) ;
#3000 = VERTEX_POINT ( 'NONE', #6838 ) ;
#3001 = PRODUCT_RELATED_PRODUCT_CATEGORY ( 'part', '', ( #2470 ) ) ;
#3002 = DIRECTION ( 'NONE',  ( 1.000000000000000000, 0.000000000000000000, 0.000000000000000000 ) ) ;
#3003 = DIRECTION ( 'NONE',  ( -1.000000000000000000, 0.000000000000000000, 0.000000000000000000 ) ) ;
#3004 = CARTESIAN_POINT ( 'NONE',  ( 4.999999999999998224, 18.00000000000000000, -85.14486490616359049 ) ) ;
#3005 = CARTESIAN_POINT ( 'NONE',  ( 11.12919120779491244, 70.90000000000000568, 24.25735931288071612 ) ) ;
#3006 = ORIENTED_EDGE ( 'NONE', *, *, #10225, .T. ) ;
#3007 = LINE ( 'NONE', #10337, #3247 ) ;
#3008 = VERTEX_POINT ( 'NONE', #927 ) ;
#3009 = ORIENTED_EDGE ( 'NONE', *, *, #9227, .F. ) ;
#3010 = EDGE_CURVE ( 'NONE', #8063, #9473, #3293, .T. ) ;
#3011 = ORIENTED_EDGE ( 'NONE', *, *, #8473, .F. ) ;
#3012 = ORIENTED_EDGE ( 'NONE', *, *, #4393, .F. ) ;
#3013 = LINE ( 'NONE', #486, #6907 ) ;
#3014 = DIRECTION ( 'NONE',  ( 1.734723475976806601E-16, -1.000000000000000000, 1.543037689415486249E-32 ) ) ;
#3015 = CARTESIAN_POINT ( 'NONE',  ( -10.00000000000000355, -12.50000000000000000, -5.000000000000000888 ) ) ;
#3016 = CYLINDRICAL_SURFACE ( 'NONE', #5709, 10.00000000000000178 ) ;
#3017 = CARTESIAN_POINT ( 'NONE',  ( 2.499999999999999556, 70.90000000000000568, 25.50000000000000000 ) ) ;
#3018 = EDGE_CURVE ( 'NONE', #5110, #6068, #986, .T. ) ;
#3019 = ORIENTED_EDGE ( 'NONE', *, *, #6050, .F. ) ;
#3020 = EDGE_CURVE ( 'NONE', #9088, #3960, #7823, .T. ) ;
#3021 = CARTESIAN_POINT ( 'NONE',  ( 58.67999999999999972, 5.000000000000000000, 0.000000000000000000 ) ) ;
#3022 = VERTEX_POINT ( 'NONE', #4276 ) ;
#3023 = ORIENTED_EDGE ( 'NONE', *, *, #6155, .F. ) ;
#3024 = AXIS2_PLACEMENT_3D ( 'NONE', #1557, #9818, #5153 ) ;
#3025 = VECTOR ( 'NONE', #10131, 1000.000000000000000 ) ;
#3026 = CARTESIAN_POINT ( 'NONE',  ( 15.50000000000000000, -12.50000000000000178, 22.50000000000000000 ) ) ;
#3027 = DIRECTION ( 'NONE',  ( 0.000000000000000000, 0.000000000000000000, -1.000000000000000000 ) ) ;
#3028 = ORIENTED_EDGE ( 'NONE', *, *, #10428, .F. ) ;
#3029 = CARTESIAN_POINT ( 'NONE',  ( -2.499999999999999556, 63.40000000000001279, 23.99999999999999645 ) ) ;
#3030 = PRODUCT_DEFINITION_CONTEXT ( 'detailed design', #1467, 'design' ) ;
#3031 = ORIENTED_EDGE ( 'NONE', *, *, #3478, .F. ) ;
#3032 = ORIENTED_EDGE ( 'NONE', *, *, #4560, .F. ) ;
#3033 = DIRECTION ( 'NONE',  ( -0.000000000000000000, -0.000000000000000000, 1.000000000000000000 ) ) ;
#3034 = AXIS2_PLACEMENT_3D ( 'NONE', #10493, #8140, #634 ) ;
#3035 = DIRECTION ( 'NONE',  ( -2.602085213965210149E-16, 0.000000000000000000, 1.000000000000000000 ) ) ;
#3036 = CARTESIAN_POINT ( 'NONE',  ( 15.50000000000000000, -12.50000000000000000, 2.418211663346640430E-16 ) ) ;
#3037 = CARTESIAN_POINT ( 'NONE',  ( 5.000000000000000000, 70.90000000000000568, 4.251773225433351024E-17 ) ) ;
#3038 = ORIENTED_EDGE ( 'NONE', *, *, #7977, .T. ) ;
#3039 = CARTESIAN_POINT ( 'NONE',  ( 11.57465733170070799, 62.40000000000000568, 22.00000000000000355 ) ) ;
#3040 = ADVANCED_FACE ( 'NONE', ( #6888 ), #6021, .F. ) ;
#3041 = CARTESIAN_POINT ( 'NONE',  ( -98.00100000000000477, 85.00000000000000000, -100.2793298308827730 ) ) ;
#3042 = ADVANCED_FACE ( 'NONE', ( #10500 ), #7050, .F. ) ;
#3043 = CARTESIAN_POINT ( 'NONE',  ( 8.673617379884035472E-16, 15.00000000000000000, 21.75000000000000000 ) ) ;
#3044 = DIRECTION ( 'NONE',  ( -1.734723475976807094E-16, 1.000000000000000000, -0.000000000000000000 ) ) ;
#3045 = CARTESIAN_POINT ( 'NONE',  ( 15.00000000000000178, 9.500000000000008882, 0.000000000000000000 ) ) ;
#3046 = ORIENTED_EDGE ( 'NONE', *, *, #5196, .T. ) ;
#3047 = AXIS2_PLACEMENT_3D ( 'NONE', #4615, #7639, #10159 ) ;
#3048 = AXIS2_PLACEMENT_3D ( 'NONE', #7844, #2703, #6103 ) ;
#3049 = DIRECTION ( 'NONE',  ( -0.7071067811865484609, -0.7071067811865465735, -0.000000000000000000 ) ) ;
#3050 = CYLINDRICAL_SURFACE ( 'NONE', #1812, 2.249999999999998668 ) ;
#3051 = LINE ( 'NONE', #7260, #7980 ) ;
#3052 = DIRECTION ( 'NONE',  ( 0.9986295347545742773, -0.05233595624293713860, 0.000000000000000000 ) ) ;
#3053 = VERTEX_POINT ( 'NONE', #1367 ) ;
#3054 = VECTOR ( 'NONE', #6657, 1000.000000000000000 ) ;
#3055 = VECTOR ( 'NONE', #2796, 1000.000000000000000 ) ;
#3056 = CARTESIAN_POINT ( 'NONE',  ( -25.00000000000000000, 5.500000000000001776, 10.00000000000000000 ) ) ;
#3057 = ORIENTED_EDGE ( 'NONE', *, *, #3917, .T. ) ;
#3058 = CIRCLE ( 'NONE', #7941, 10.00000000000000178 ) ;
#3059 = FACE_OUTER_BOUND ( 'NONE', #1767, .T. ) ;
#3060 = VERTEX_POINT ( 'NONE', #2964 ) ;
#3061 = ORIENTED_EDGE ( 'NONE', *, *, #3768, .T. ) ;
#3062 = VECTOR ( 'NONE', #5358, 1000.000000000000000 ) ;
#3063 = DIRECTION ( 'NONE',  ( -3.831675488388170706E-47, -2.230244969721268739E-16, -1.000000000000000000 ) ) ;
#3064 = EDGE_CURVE ( 'NONE', #9495, #4069, #1379, .T. ) ;
#3065 = VECTOR ( 'NONE', #9991, 1000.000000000000227 ) ;
#3066 = CARTESIAN_POINT ( 'NONE',  ( 0.000000000000000000, 85.00000000000000000, -110.2793298308826877 ) ) ;
#3067 = CIRCLE ( 'NONE', #609, 2.250000000000001776 ) ;
#3068 = CIRCLE ( 'NONE', #7078, 2.250000000000001776 ) ;
#3069 = DIRECTION ( 'NONE',  ( 1.000000000000000000, 0.000000000000000000, 0.000000000000000000 ) ) ;
#3071 = EDGE_CURVE ( 'NONE', #6383, #9821, #663, .T. ) ;
#3070 = PLANE ( 'NONE',  #3625 ) ;
#3072 = DIRECTION ( 'NONE',  ( 1.000000000000000000, 1.734723475976806848E-16, 0.000000000000000000 ) ) ;
#3073 = EDGE_LOOP ( 'NONE', ( #10406, #6459, #1228, #9287, #1775 ) ) ;
#3074 = ITEM_DEFINED_TRANSFORMATION ( 'NONE', 'NONE', #470,  #9029 ) ;
#3075 = DIRECTION ( 'NONE',  ( -0.000000000000000000, -0.000000000000000000, 1.000000000000000000 ) ) ;
#3076 = ORIENTED_EDGE ( 'NONE', *, *, #7414, .T. ) ;
#3077 = ORIENTED_EDGE ( 'NONE', *, *, #9227, .T. ) ;
#3078 = AXIS2_PLACEMENT_3D ( 'NONE', #2757, #8602, #105 ) ;
#3079 = ADVANCED_FACE ( 'NONE', ( #3882 ), #4714, .F. ) ;
#3080 = EDGE_CURVE ( 'NONE', #1168, #10215, #10453, .T. ) ;
#3081 = AXIS2_PLACEMENT_3D ( 'NONE', #9849, #8210, #704 ) ;
#3082 = VECTOR ( 'NONE', #6623, 1000.000000000000114 ) ;
#3083 = CARTESIAN_POINT ( 'NONE',  ( -2.999999999999999556, 3.673940397442059375E-16, -6.499999999999999112 ) ) ;
#3084 = DIRECTION ( 'NONE',  ( -2.775557561562891351E-16, 0.000000000000000000, 1.000000000000000000 ) ) ;
#3085 = DIRECTION ( 'NONE',  ( 0.000000000000000000, 0.000000000000000000, -1.000000000000000000 ) ) ;
#3086 = ORIENTED_EDGE ( 'NONE', *, *, #5977, .T. ) ;
#3087 = DIRECTION ( 'NONE',  ( -1.000000000000000000, 0.000000000000000000, 1.700709290173341026E-17 ) ) ;
#3088 = SHAPE_REPRESENTATION_RELATIONSHIP ( 'NONE' , 'NONE' ,  #10328, #10598 ) ;
#3089 = ORIENTED_EDGE ( 'NONE', *, *, #3887, .T. ) ;
#3090 = ORIENTED_EDGE ( 'NONE', *, *, #5704, .T. ) ;
#3091 = CARTESIAN_POINT ( 'NONE',  ( 22.31344247896003097, 74.67986544671987303, -28.54374205374393725 ) ) ;
#3092 = AXIS2_PLACEMENT_3D ( 'NONE', #4745, #9823, #7248 ) ;
#3093 = VECTOR ( 'NONE', #7528, 1000.000000000000000 ) ;
#3094 = EDGE_CURVE ( 'NONE', #9100, #2740, #9683, .T. ) ;
#3095 = CARTESIAN_POINT ( 'NONE',  ( -85.36863799491800364, 10.00000000000000000, -96.77829855763729938 ) ) ;
#3096 = FACE_OUTER_BOUND ( 'NONE', #6304, .T. ) ;
#3098 = ADVANCED_FACE ( 'NONE', ( #7923 ), #10547, .F. ) ;
#3097 = DIRECTION ( 'NONE',  ( 0.000000000000000000, 0.000000000000000000, 1.000000000000000000 ) ) ;
#3099 = EDGE_LOOP ( 'NONE', ( #7990, #5070, #713, #3574 ) ) ;
#3100 =( GEOMETRIC_REPRESENTATION_CONTEXT ( 3 ) GLOBAL_UNCERTAINTY_ASSIGNED_CONTEXT ( ( #10576 ) ) GLOBAL_UNIT_ASSIGNED_CONTEXT ( ( #7183, #7233, #5488 ) ) REPRESENTATION_CONTEXT ( 'NONE', 'WORKASPACE' ) );
#3101 = CARTESIAN_POINT ( 'NONE',  ( 25.00000000000000000, 5.500000000000009770, 5.204748896376250699E-16 ) ) ;
#3102 = LINE ( 'NONE', #3041, #4848 ) ;
#3103 = EDGE_CURVE ( 'NONE', #10466, #5895, #7211, .T. ) ;
#3104 = LINE ( 'NONE', #10032, #7138 ) ;
#3105 = PLANE ( 'NONE',  #3230 ) ;
#3106 = DIRECTION ( 'NONE',  ( -0.000000000000000000, -0.000000000000000000, 1.000000000000000000 ) ) ;
#3107 = ORIENTED_EDGE ( 'NONE', *, *, #1255, .T. ) ;
#3108 = ORIENTED_EDGE ( 'NONE', *, *, #3760, .T. ) ;
#3109 = CYLINDRICAL_SURFACE ( 'NONE', #8035, 1.499999999999999556 ) ;
#3110 = CIRCLE ( 'NONE', #6427, 9.999999999999994671 ) ;
#3111 = DIRECTION ( 'NONE',  ( 0.000000000000000000, 0.000000000000000000, -1.000000000000000000 ) ) ;
#3112 = DIRECTION ( 'NONE',  ( 0.000000000000000000, -1.000000000000000000, 0.000000000000000000 ) ) ;
#3113 = CARTESIAN_POINT ( 'NONE',  ( -23.33682390399132700, 18.00000000000000000, -1.703843954410612094 ) ) ;
#3114 = ORIENTED_EDGE ( 'NONE', *, *, #9453, .T. ) ;
#3115 = DIRECTION ( 'NONE',  ( -0.000000000000000000, -1.000000000000000000, -0.000000000000000000 ) ) ;
#3116 = PLANE ( 'NONE',  #3643 ) ;
#3117 = ORIENTED_EDGE ( 'NONE', *, *, #4420, .F. ) ;
#3118 = VERTEX_POINT ( 'NONE', #1288 ) ;
#3119 = CARTESIAN_POINT ( 'NONE',  ( -22.75000000000000000, -10.49999999999999822, 10.00000000000000000 ) ) ;
#3120 = ORIENTED_EDGE ( 'NONE', *, *, #4922, .T. ) ;
#3121 = ORIENTED_EDGE ( 'NONE', *, *, #7286, .T. ) ;
#3122 = CARTESIAN_POINT ( 'NONE',  ( -63.25715662211381130, 95.00200000000000955, -42.99587695296753509 ) ) ;
#3123 = EDGE_CURVE ( 'NONE', #2861, #19, #8749, .T. ) ;
#3124 = PRESENTATION_LAYER_ASSIGNMENT (  '', '', ( #1543 ) ) ;
#3125 = AXIS2_PLACEMENT_3D ( 'NONE', #1252, #7111, #8042 ) ;
#3126 = LINE ( 'NONE', #6402, #5227 ) ;
#3127 = CARTESIAN_POINT ( 'NONE',  ( 0.000000000000000000, 200.0000000000000000, 0.000000000000000000 ) ) ;
#3128 = ADVANCED_FACE ( 'NONE', ( #3059 ), #3781, .T. ) ;
#3129 = LINE ( 'NONE', #5807, #1533 ) ;
#3130 = DIRECTION ( 'NONE',  ( -1.000000000000000000, 0.000000000000000000, -3.469446951953614189E-16 ) ) ;
#3131 = VECTOR ( 'NONE', #187, 1000.000000000000000 ) ;
#3132 = VERTEX_POINT ( 'NONE', #8798 ) ;
#3133 = VERTEX_POINT ( 'NONE', #9639 ) ;
#3134 = DIRECTION ( 'NONE',  ( 0.000000000000000000, 0.000000000000000000, 1.000000000000000000 ) ) ;
#3135 = ORIENTED_EDGE ( 'NONE', *, *, #4616, .T. ) ;
#3136 = ORIENTED_EDGE ( 'NONE', *, *, #10696, .T. ) ;
#3137 = ADVANCED_FACE ( 'NONE', ( #482 ), #2131, .T. ) ;
#3138 = ORIENTED_EDGE ( 'NONE', *, *, #4243, .F. ) ;
#3139 = DIRECTION ( 'NONE',  ( 0.000000000000000000, 0.000000000000000000, 1.000000000000000000 ) ) ;
#3140 = CARTESIAN_POINT ( 'NONE',  ( 2.755455298081544285E-16, 18.00000000000000000, 2.250000000000000000 ) ) ;
#3141 = DIRECTION ( 'NONE',  ( 0.000000000000000000, 0.000000000000000000, 1.000000000000000000 ) ) ;
#3142 = ORIENTED_EDGE ( 'NONE', *, *, #2745, .F. ) ;
#3143 = UNCERTAINTY_MEASURE_WITH_UNIT (LENGTH_MEASURE( 1.000000000000000082E-05 ), #7929, 'distance_accuracy_value', 'NONE');
#3144 = VERTEX_POINT ( 'NONE', #8856 ) ;
#3145 = ORIENTED_EDGE ( 'NONE', *, *, #8284, .F. ) ;
#3146 = EDGE_CURVE ( 'NONE', #8107, #339, #8008, .T. ) ;
#3147 = DIRECTION ( 'NONE',  ( -1.000000000000000000, 0.000000000000000000, 0.000000000000000000 ) ) ;
#3148 = PLANE ( 'NONE',  #8081 ) ;
#3149 = CARTESIAN_POINT ( 'NONE',  ( 22.31344247896003452, 54.67986544671986593, -42.59593772390964972 ) ) ;
#3150 = FACE_OUTER_BOUND ( 'NONE', #8096, .T. ) ;
#3151 = ORIENTED_EDGE ( 'NONE', *, *, #8302, .F. ) ;
#3152 = CARTESIAN_POINT ( 'NONE',  ( 38.65252493663746947, 0.000000000000000000, 12.26998839547777642 ) ) ;
#3153 = CARTESIAN_POINT ( 'NONE',  ( 59.14441049068480538, 85.00000000000000000, -100.2793298308827730 ) ) ;
#3154 = EDGE_CURVE ( 'NONE', #3292, #7560, #4552, .T. ) ;
#3155 =( REPRESENTATION_RELATIONSHIP ('NONE','NONE', #1790, #8918 ) REPRESENTATION_RELATIONSHIP_WITH_TRANSFORMATION ( #10625 )SHAPE_REPRESENTATION_RELATIONSHIP( ) );
#3156 = LINE ( 'NONE', #8191, #9873 ) ;
#3157 = CARTESIAN_POINT ( 'NONE',  ( 2.249999999999994671, 9.999999999999998224, 5.000000000000000000 ) ) ;
#3158 = ORIENTED_EDGE ( 'NONE', *, *, #3018, .F. ) ;
#3159 = EDGE_CURVE ( 'NONE', #4363, #6863, #5366, .T. ) ;
#3160 = ADVANCED_BREP_SHAPE_REPRESENTATION ( '', ( #2388, #9029 ), #10274 ) ;
#3161 = CARTESIAN_POINT ( 'NONE',  ( 0.000000000000000000, 5.000000000000000000, 0.000000000000000000 ) ) ;
#3162 = DIRECTION ( 'NONE',  ( -1.000000000000000000, 0.000000000000000000, -1.700709290173340409E-17 ) ) ;
#3163 = DIRECTION ( 'NONE',  ( -0.000000000000000000, -1.000000000000000000, -0.000000000000000000 ) ) ;
#3164 = CARTESIAN_POINT ( 'NONE',  ( 15.50000000000000000, 79.90000000000000568, 2.418211663346640430E-16 ) ) ;
#3165 = VERTEX_POINT ( 'NONE', #3722 ) ;
#3166 = CARTESIAN_POINT ( 'NONE',  ( -23.68655752103954981, 14.67986544671986238, -120.2803298308827920 ) ) ;
#3167 = FACE_BOUND ( 'NONE', #4790, .T. ) ;
#3168 = EDGE_CURVE ( 'NONE', #2983, #6257, #10391, .T. ) ;
#3169 = DIRECTION ( 'NONE',  ( 7.703719777548943412E-34, -1.000000000000000000, 1.310178779456958743E-50 ) ) ;
#3170 = VERTEX_POINT ( 'NONE', #2084 ) ;
#3171 = VERTEX_POINT ( 'NONE', #1628 ) ;
#3172 = DIRECTION ( 'NONE',  ( -1.700709290173340409E-17, 0.000000000000000000, 1.000000000000000000 ) ) ;
#3173 = DIRECTION ( 'NONE',  ( -0.000000000000000000, -1.000000000000000000, -0.000000000000000000 ) ) ;
#3174 = CARTESIAN_POINT ( 'NONE',  ( 15.05453387609420624, -4.000000000000000888, 1.000000000000000222 ) ) ;
#3175 = FACE_OUTER_BOUND ( 'NONE', #1778, .T. ) ;
#3176 = FACE_OUTER_BOUND ( 'NONE', #10732, .T. ) ;
#3177 = EDGE_LOOP ( 'NONE', ( #9540, #7690, #5479, #5984 ) ) ;
#3178 = ORIENTED_EDGE ( 'NONE', *, *, #5535, .T. ) ;
#3179 = CARTESIAN_POINT ( 'NONE',  ( -59.14441049068477696, 85.00000000000000000, -100.2793298308827730 ) ) ;
#3180 = ORIENTED_EDGE ( 'NONE', *, *, #4644, .T. ) ;
#3181 = VERTEX_POINT ( 'NONE', #3271 ) ;
#3182 = ORIENTED_EDGE ( 'NONE', *, *, #9490, .T. ) ;
#3183 = PLANE ( 'NONE',  #4468 ) ;
#3184 = DIRECTION ( 'NONE',  ( 0.000000000000000000, -1.000000000000000000, 0.000000000000000000 ) ) ;
#3185 = CARTESIAN_POINT ( 'NONE',  ( -51.81980515339469662, -90.96194077712557657, 15.00000000000001421 ) ) ;
#3186 = ORIENTED_EDGE ( 'NONE', *, *, #1545, .F. ) ;
#3187 = DIRECTION ( 'NONE',  ( -0.9999999997608038926, -2.398444934063164612E-22, -2.187217985081374959E-05 ) ) ;
#3188 = EDGE_CURVE ( 'NONE', #2785, #3855, #5849, .T. ) ;
#3189 = ORIENTED_EDGE ( 'NONE', *, *, #869, .F. ) ;
#3190 = VERTEX_POINT ( 'NONE', #3994 ) ;
#3191 = CARTESIAN_POINT ( 'NONE',  ( -5.000000000000000000, 0.2318943177929212451, -0.6706148042814338295 ) ) ;
#3192 = FACE_OUTER_BOUND ( 'NONE', #321, .T. ) ;
#3193 = CARTESIAN_POINT ( 'NONE',  ( -2.999999999999999556, 70.90000000000000568, -0.5000000000000004441 ) ) ;
#3194 = CARTESIAN_POINT ( 'NONE',  ( -10.00000000000000355, -6.938893903907230350E-16, -11.00000000000000000 ) ) ;
#3195 = ORIENTED_EDGE ( 'NONE', *, *, #8704, .T. ) ;
#3196 = CARTESIAN_POINT ( 'NONE',  ( 39.00443338159792006, 95.00200000000000955, -42.59593772390965682 ) ) ;
#3197 =( NAMED_UNIT ( * ) PLANE_ANGLE_UNIT ( ) SI_UNIT ( $, .RADIAN. ) );
#3198 = EDGE_CURVE ( 'NONE', #5895, #5053, #4156, .T. ) ;
#3199 = EDGE_LOOP ( 'NONE', ( #6061, #3745, #3488, #3182 ) ) ;
#3200 =( GEOMETRIC_REPRESENTATION_CONTEXT ( 3 ) GLOBAL_UNCERTAINTY_ASSIGNED_CONTEXT ( ( #3143 ) ) GLOBAL_UNIT_ASSIGNED_CONTEXT ( ( #7929, #10458, #4722 ) ) REPRESENTATION_CONTEXT ( 'NONE', 'WORKASPACE' ) );
#3201 = LINE ( 'NONE', #8291, #3761 ) ;
#3202 = CARTESIAN_POINT ( 'NONE',  ( 94.00000000000001421, 95.00000000000000000, -104.7964619962940844 ) ) ;
#3203 = EDGE_LOOP ( 'NONE', ( #890, #2467, #5364, #5226 ) ) ;
#3204 = DIRECTION ( 'NONE',  ( -0.000000000000000000, -1.000000000000000000, -0.000000000000000000 ) ) ;
#3205 = EDGE_CURVE ( 'NONE', #5204, #914, #5397, .T. ) ;
#3206 = EDGE_CURVE ( 'NONE', #8539, #9495, #10664, .T. ) ;
#3207 = CIRCLE ( 'NONE', #4445, 8.146642442969032061 ) ;
#3208 = DIRECTION ( 'NONE',  ( 1.000000000000000000, 0.000000000000000000, -0.000000000000000000 ) ) ;
#3209 = CARTESIAN_POINT ( 'NONE',  ( -10.00000000000000178, -15.00000000000000355, 0.000000000000000000 ) ) ;
#3210 = CARTESIAN_POINT ( 'NONE',  ( -27.68655752103996903, 54.67986544671986593, -28.54374205374393725 ) ) ;
#3211 = DIRECTION ( 'NONE',  ( 0.000000000000000000, 0.000000000000000000, -1.000000000000000000 ) ) ;
#3212 = CARTESIAN_POINT ( 'NONE',  ( 0.000000000000000000, 9.000000000000000000, 0.000000000000000000 ) ) ;
#3213 = DIRECTION ( 'NONE',  ( 0.7071067811865465735, -0.7071067811865485719, 0.000000000000000000 ) ) ;
#3214 = VERTEX_POINT ( 'NONE', #8307 ) ;
#3215 = VERTEX_POINT ( 'NONE', #4968 ) ;
#3216 = AXIS2_PLACEMENT_3D ( 'NONE', #5737, #5837, #9233 ) ;
#3217 = DIRECTION ( 'NONE',  ( 0.000000000000000000, 0.000000000000000000, -1.000000000000000000 ) ) ;
#3218 = CIRCLE ( 'NONE', #6189, 2.250000000000001776 ) ;
#3219 = CARTESIAN_POINT ( 'NONE',  ( 2.500000000000000000, 70.85803989154980798, 0.000000000000000000 ) ) ;
#3220 = VECTOR ( 'NONE', #5771, 1000.000000000000000 ) ;
#3221 = FACE_OUTER_BOUND ( 'NONE', #9851, .T. ) ;
#3222 = ADVANCED_FACE ( 'NONE', ( #9016 ), #5797, .F. ) ;
#3223 = DIRECTION ( 'NONE',  ( 0.000000000000000000, 0.000000000000000000, -1.000000000000000000 ) ) ;
#3224 = EDGE_LOOP ( 'NONE', ( #6871, #1656 ) ) ;
#3225 = VERTEX_POINT ( 'NONE', #5031 ) ;
#3226 = DIRECTION ( 'NONE',  ( 0.000000000000000000, 1.000000000000000000, 0.000000000000000000 ) ) ;
#3227 = EDGE_CURVE ( 'NONE', #9151, #3510, #6621, .T. ) ;
#3228 = ORIENTED_EDGE ( 'NONE', *, *, #5294, .F. ) ;
#3229 = EDGE_LOOP ( 'NONE', ( #10360, #9554, #8452, #4062 ) ) ;
#3230 = AXIS2_PLACEMENT_3D ( 'NONE', #7309, #9950, #1511 ) ;
#3231 = VECTOR ( 'NONE', #2374, 1000.000000000000000 ) ;
#3232 = VECTOR ( 'NONE', #9769, 1000.000000000000000 ) ;
#3233 = VECTOR ( 'NONE', #4208, 1000.000000000000000 ) ;
#3234 = DIRECTION ( 'NONE',  ( 0.000000000000000000, 1.000000000000000000, 0.000000000000000000 ) ) ;
#3235 = ORIENTED_EDGE ( 'NONE', *, *, #8239, .F. ) ;
#3236 = FACE_BOUND ( 'NONE', #1209, .T. ) ;
#3237 = DIRECTION ( 'NONE',  ( 1.734723475976805246E-17, 0.000000000000000000, 1.000000000000000000 ) ) ;
#3238 = AXIS2_PLACEMENT_3D ( 'NONE', #495, #3950, #3072 ) ;
#3239 = FACE_OUTER_BOUND ( 'NONE', #6640, .T. ) ;
#3240 = ORIENTED_EDGE ( 'NONE', *, *, #652, .T. ) ;
#3241 = CARTESIAN_POINT ( 'NONE',  ( -64.46620431643836469, -6.000000000000000000, -81.59679272225757529 ) ) ;
#3242 = VECTOR ( 'NONE', #3254, 1000.000000000000000 ) ;
#3243 = ORIENTED_EDGE ( 'NONE', *, *, #5735, .T. ) ;
#3244 = EDGE_LOOP ( 'NONE', ( #8882, #5148, #7380, #5418 ) ) ;
#3245 = CARTESIAN_POINT ( 'NONE',  ( -2.499999999999999556, 1.500000000000001332, 25.50000000000000000 ) ) ;
#3246 = EDGE_CURVE ( 'NONE', #10725, #1747, #4210, .T. ) ;
#3247 = VECTOR ( 'NONE', #1363, 1000.000000000000000 ) ;
#3248 = AXIS2_PLACEMENT_3D ( 'NONE', #982, #6833, #7434 ) ;
#3249 = LINE ( 'NONE', #5779, #1097 ) ;
#3250 = DIRECTION ( 'NONE',  ( -0.000000000000000000, -1.000000000000000000, -0.000000000000000000 ) ) ;
#3251 = CARTESIAN_POINT ( 'NONE',  ( 64.99999999999980105, 0.000000000000000000, -112.1326873879137622 ) ) ;
#3252 = CARTESIAN_POINT ( 'NONE',  ( -64.46620431643836469, 85.00000000000000000, -107.8905347760015161 ) ) ;
#3253 = ORIENTED_EDGE ( 'NONE', *, *, #485, .T. ) ;
#3254 = DIRECTION ( 'NONE',  ( -0.05233595624293726351, 0.9986295347545742773, 1.805074146758927949E-16 ) ) ;
#3255 = EDGE_CURVE ( 'NONE', #9714, #2161, #4177, .T. ) ;
#3256 = EDGE_LOOP ( 'NONE', ( #8828, #9305, #5786, #9126 ) ) ;
#3257 = PRODUCT ( 'Gripper_Mounting_Frame_\X2\9ed88ba4\X0\', 'Gripper_Mounting_Frame_\X2\9ed88ba4\X0\', '', ( #544 ) ) ;
#3258 = VECTOR ( 'NONE', #3323, 1000.000000000000000 ) ;
#3259 = CARTESIAN_POINT ( 'NONE',  ( 15.50000000000000000, -12.50000000000000000, 25.50000000000000000 ) ) ;
#3260 = FACE_OUTER_BOUND ( 'NONE', #2299, .T. ) ;
#3261 = VERTEX_POINT ( 'NONE', #6668 ) ;
#3262 = EDGE_CURVE ( 'NONE', #6982, #9636, #10007, .T. ) ;
#3263 = EDGE_CURVE ( 'NONE', #4952, #2966, #865, .T. ) ;
#3264 = CARTESIAN_POINT ( 'NONE',  ( -37.48849769918442831, -72.48849769918437858, 23.00000000000000711 ) ) ;
#3265 = VECTOR ( 'NONE', #1444, 1000.000000000000000 ) ;
#3266 = CARTESIAN_POINT ( 'NONE',  ( 0.000000000000000000, 0.000000000000000000, -10.00000000000000178 ) ) ;
#3267 = DIRECTION ( 'NONE',  ( 0.000000000000000000, 1.000000000000000000, 0.000000000000000000 ) ) ;
#3268 = DIRECTION ( 'NONE',  ( 1.000000000000000000, 5.551115123125781913E-15, 0.000000000000000000 ) ) ;
#3269 = DIRECTION ( 'NONE',  ( -1.000000000000000000, -1.734723475976806848E-16, 0.000000000000000000 ) ) ;
#3270 = FACE_OUTER_BOUND ( 'NONE', #42, .T. ) ;
#3271 = CARTESIAN_POINT ( 'NONE',  ( -4.000000000000000000, 70.90000000000000568, 25.50000000000000000 ) ) ;
#3272 = ORIENTED_EDGE ( 'NONE', *, *, #4553, .T. ) ;
#3273 = VERTEX_POINT ( 'NONE', #4045 ) ;
#3274 = EDGE_CURVE ( 'NONE', #2678, #6750, #10804, .T. ) ;
#3275 = AXIS2_PLACEMENT_3D ( 'NONE', #9098, #2590, #5061 ) ;
#3276 = CARTESIAN_POINT ( 'NONE',  ( 15.50000000000000000, -9.500000000000001776, 25.50000000000000000 ) ) ;
#3277 = EDGE_CURVE ( 'NONE', #7454, #9674, #9790, .T. ) ;
#3278 = VECTOR ( 'NONE', #3582, 1000.000000000000000 ) ;
#3279 = DIRECTION ( 'NONE',  ( 0.000000000000000000, 0.000000000000000000, 1.000000000000000000 ) ) ;
#3280 = AXIS2_PLACEMENT_3D ( 'NONE', #438, #4672, #3134 ) ;
#3281 = CARTESIAN_POINT ( 'NONE',  ( -5.204170427930421283E-15, 9.999999999999998224, -16.00000000000000000 ) ) ;
#3282 = DIRECTION ( 'NONE',  ( -1.000000000000000000, 0.000000000000000000, 0.000000000000000000 ) ) ;
#3283 = VECTOR ( 'NONE', #8759, 1000.000000000000000 ) ;
#3284 = DIRECTION ( 'NONE',  ( -1.000000000000000000, 0.000000000000000000, 0.000000000000000000 ) ) ;
#3285 = CARTESIAN_POINT ( 'NONE',  ( -37.48849769918442831, -72.48849769918437858, 23.00000000000000711 ) ) ;
#3286 = ORIENTED_EDGE ( 'NONE', *, *, #4442, .T. ) ;
#3287 = ORIENTED_EDGE ( 'NONE', *, *, #8419, .F. ) ;
#3288 = ITEM_DEFINED_TRANSFORMATION ( 'NONE', 'NONE', #1707,  #9029 ) ;
#3289 = VECTOR ( 'NONE', #5848, 1000.000000000000000 ) ;
#3290 = CARTESIAN_POINT ( 'NONE',  ( 58.67999999999999972, 5.000000000000000000, -2.250000000000002220 ) ) ;
#3291 = ORIENTED_EDGE ( 'NONE', *, *, #6981, .T. ) ;
#3292 = VERTEX_POINT ( 'NONE', #2282 ) ;
#3293 = CIRCLE ( 'NONE', #10632, 4.000000000000000000 ) ;
#3294 = EDGE_CURVE ( 'NONE', #7710, #510, #5628, .T. ) ;
#3295 = ADVANCED_FACE ( 'NONE', ( #4812 ), #8148, .T. ) ;
#3296 = VECTOR ( 'NONE', #9124, 1000.000000000000000 ) ;
#3297 = DIRECTION ( 'NONE',  ( -0.000000000000000000, -0.000000000000000000, 1.000000000000000000 ) ) ;
#3298 = ORIENTED_EDGE ( 'NONE', *, *, #6641, .F. ) ;
#3299 =( REPRESENTATION_RELATIONSHIP ('NONE','NONE', #1790, #9277 ) REPRESENTATION_RELATIONSHIP_WITH_TRANSFORMATION ( #3288 )SHAPE_REPRESENTATION_RELATIONSHIP( ) );
#3300 = CARTESIAN_POINT ( 'NONE',  ( 1.734723475976807094E-15, 18.00000000000000000, -6.938893903907228378E-15 ) ) ;
#3301 = CYLINDRICAL_SURFACE ( 'NONE', #3642, 2.500000000000000000 ) ;
#3302 = DIRECTION ( 'NONE',  ( 0.000000000000000000, 0.000000000000000000, 1.000000000000000000 ) ) ;
#3303 = ORIENTED_EDGE ( 'NONE', *, *, #4579, .F. ) ;
#3304 = DIRECTION ( 'NONE',  ( 2.187217990944696262E-05, 5.202525601741775553E-22, 0.9999999997608038926 ) ) ;
#3305 = ORIENTED_EDGE ( 'NONE', *, *, #2546, .F. ) ;
#3306 = ORIENTED_EDGE ( 'NONE', *, *, #192, .F. ) ;
#3307 = ADVANCED_FACE ( 'NONE', ( #4872 ), #696, .F. ) ;
#3308 = DIRECTION ( 'NONE',  ( -0.000000000000000000, -1.000000000000000000, 0.000000000000000000 ) ) ;
#3309 = DIRECTION ( 'NONE',  ( -0.000000000000000000, -0.000000000000000000, 1.000000000000000000 ) ) ;
#3310 = PLANE ( 'NONE',  #4114 ) ;
#3311 = ORIENTED_EDGE ( 'NONE', *, *, #8950, .F. ) ;
#3312 = DIRECTION ( 'NONE',  ( 1.734723475976807094E-16, -1.000000000000000000, 0.000000000000000000 ) ) ;
#3313 = SHAPE_REPRESENTATION_RELATIONSHIP ( 'NONE' , 'NONE' ,  #7727, #2780 ) ;
#3314 = EDGE_LOOP ( 'NONE', ( #8348, #8404, #4056, #960 ) ) ;
#3315 = ORIENTED_EDGE ( 'NONE', *, *, #5640, .T. ) ;
#3316 = AXIS2_PLACEMENT_3D ( 'NONE', #9732, #1297, #2228 ) ;
#3317 = DIRECTION ( 'NONE',  ( 1.000000000000000000, 0.000000000000000000, 0.000000000000000000 ) ) ;
#3318 = FACE_OUTER_BOUND ( 'NONE', #7040, .T. ) ;
#3319 = ORIENTED_EDGE ( 'NONE', *, *, #3851, .T. ) ;
#3320 = EDGE_CURVE ( 'NONE', #2760, #7587, #2599, .T. ) ;
#3321 = CARTESIAN_POINT ( 'NONE',  ( 4.999999999999998224, -10.20430779190339265, -56.55488636134291625 ) ) ;
#3322 = PLANE ( 'NONE',  #4617 ) ;
#3323 = DIRECTION ( 'NONE',  ( -0.000000000000000000, -1.000000000000000000, -0.000000000000000000 ) ) ;
#3324 = DIRECTION ( 'NONE',  ( 0.05233595624293726351, -0.9986295347545742773, -0.000000000000000000 ) ) ;
#3325 = CARTESIAN_POINT ( 'NONE',  ( 9.999999999999992895, 9.999999999999998224, 5.000000000000000000 ) ) ;
#3326 = CARTESIAN_POINT ( 'NONE',  ( -58.74171087241097666, 9.999999999999994671, -90.51182856389573317 ) ) ;
#3327 = DIRECTION ( 'NONE',  ( 0.000000000000000000, 0.000000000000000000, 1.000000000000000000 ) ) ;
#3328 = VERTEX_POINT ( 'NONE', #7424 ) ;
#3329 = EDGE_LOOP ( 'NONE', ( #5449, #2737, #2258, #8043 ) ) ;
#3330 = LINE ( 'NONE', #4875, #10241 ) ;
#3331 = EDGE_CURVE ( 'NONE', #8352, #1978, #5762, .T. ) ;
#3332 = DIRECTION ( 'NONE',  ( -1.000000000000000000, -7.703719777548943412E-34, -1.264933817329266432E-17 ) ) ;
#3333 = CARTESIAN_POINT ( 'NONE',  ( -16.16773349595811737, 9.000000000000000000, -3.907055864655816890 ) ) ;
#3334 = CARTESIAN_POINT ( 'NONE',  ( 64.46620431643836469, 85.00000000000000000, -107.8905347760015161 ) ) ;
#3335 = EDGE_CURVE ( 'NONE', #1675, #510, #10282, .T. ) ;
#3336 = DIRECTION ( 'NONE',  ( 0.000000000000000000, 0.000000000000000000, -1.000000000000000000 ) ) ;
#3337 = CARTESIAN_POINT ( 'NONE',  ( -85.36863799491800364, 85.00000000000000000, -96.77829855763729938 ) ) ;
#3338 = ORIENTED_EDGE ( 'NONE', *, *, #3205, .F. ) ;
#3339 = VERTEX_POINT ( 'NONE', #5085 ) ;
#3340 = DIRECTION ( 'NONE',  ( -0.000000000000000000, -1.000000000000000000, -0.000000000000000000 ) ) ;
#3341 = ORIENTED_EDGE ( 'NONE', *, *, #3874, .T. ) ;
#3342 = ORIENTED_EDGE ( 'NONE', *, *, #7477, .T. ) ;
#3343 = EDGE_CURVE ( 'NONE', #3687, #4566, #7700, .T. ) ;
#3344 = PRODUCT_DEFINITION_SHAPE ( 'NONE', 'NONE',  #10839 ) ;
#3345 = EDGE_CURVE ( 'NONE', #7146, #6954, #3607, .T. ) ;
#3346 = CARTESIAN_POINT ( 'NONE',  ( 5.000000000000000000, 8.499999999999994671, 22.00000000000000000 ) ) ;
#3347 = CARTESIAN_POINT ( 'NONE',  ( -9.999999999999996447, -44.99999999999998579, -11.00000000000000000 ) ) ;
#3348 = DIRECTION ( 'NONE',  ( -0.000000000000000000, -1.000000000000000000, -0.000000000000000000 ) ) ;
#3349 = CARTESIAN_POINT ( 'NONE',  ( 22.75000000000000711, -5.499999999999992895, 10.00000000000000000 ) ) ;
#3350 = VERTEX_POINT ( 'NONE', #77 ) ;
#3351 = DIRECTION ( 'NONE',  ( -0.9982254054838944901, 0.05954863429596506108, 1.354127125251688575E-21 ) ) ;
#3352 = DIRECTION ( 'NONE',  ( 1.066854937725735416E-14, 0.000000000000000000, -1.000000000000000000 ) ) ;
#3353 = ORIENTED_EDGE ( 'NONE', *, *, #10658, .T. ) ;
#3354 = EDGE_LOOP ( 'NONE', ( #9931, #7922, #6633, #3311, #2566, #2060 ) ) ;
#3355 = DIRECTION ( 'NONE',  ( 0.000000000000000000, 0.000000000000000000, -1.000000000000000000 ) ) ;
#3356 = CARTESIAN_POINT ( 'NONE',  ( -55.96194077712564052, -90.96194077712553394, 15.00000000000001421 ) ) ;
#3357 = LINE ( 'NONE', #6699, #5375 ) ;
#3358 = DIRECTION ( 'NONE',  ( 0.000000000000000000, 0.000000000000000000, 1.000000000000000000 ) ) ;
#3359 = ORIENTED_EDGE ( 'NONE', *, *, #9721, .F. ) ;
#3360 = CARTESIAN_POINT ( 'NONE',  ( 35.00000000000000000, -9.499999999999991118, 4.592425496802575944E-16 ) ) ;
#3361 = ORIENTED_EDGE ( 'NONE', *, *, #4366, .T. ) ;
#3362 = ORIENTED_EDGE ( 'NONE', *, *, #7359, .F. ) ;
#3363 = DIRECTION ( 'NONE',  ( -0.000000000000000000, -0.000000000000000000, -1.000000000000000000 ) ) ;
#3364 = EDGE_CURVE ( 'NONE', #9651, #10110, #8414, .T. ) ;
#3365 = CARTESIAN_POINT ( 'NONE',  ( 15.50000000000000000, 70.90000000000000568, 22.50000000000000000 ) ) ;
#3366 = ORIENTED_EDGE ( 'NONE', *, *, #200, .T. ) ;
#3367 = CIRCLE ( 'NONE', #9491, 10.00000000000000000 ) ;
#3368 = PLANE ( 'NONE',  #5435 ) ;
#3369 = EDGE_CURVE ( 'NONE', #3720, #5951, #241, .T. ) ;
#3370 = CARTESIAN_POINT ( 'NONE',  ( -58.74171087241097666, 95.00000000000000000, -90.51182856389573317 ) ) ;
#3371 = DIRECTION ( 'NONE',  ( -1.000000000000000000, 0.000000000000000000, -0.000000000000000000 ) ) ;
#3372 = EDGE_CURVE ( 'NONE', #926, #9714, #2726, .T. ) ;
#3373 = CLOSED_SHELL ( 'NONE', ( #8251, #8022, #10418, #5120, #1783, #9077, #7478, #1832, #8586, #3769, #7624, #9702, #4236, #320, #4162, #1197, #2428, #5707, #1024, #43, #2372, #5283, #3437, #4367, #425, #8599, #4661, #10491, #9767, #754, #9939, #9778, #9831, #9590, #7551, #6661, #10778 ) ) ;
#3374 = VERTEX_POINT ( 'NONE', #1133 ) ;
#3375 = DIRECTION ( 'NONE',  ( -0.000000000000000000, 1.000000000000000000, -0.000000000000000000 ) ) ;
#3376 = STYLED_ITEM ( 'NONE', ( #4593 ), #6229 ) ;
#3377 = PLANE ( 'NONE',  #10803 ) ;
#3378 = DIRECTION ( 'NONE',  ( 0.000000000000000000, 0.000000000000000000, -1.000000000000000000 ) ) ;
#3379 = EDGE_LOOP ( 'NONE', ( #9904, #7456 ) ) ;
#3380 = ORIENTED_EDGE ( 'NONE', *, *, #3448, .T. ) ;
#3381 = DIRECTION ( 'NONE',  ( -0.000000000000000000, -0.000000000000000000, 1.000000000000000000 ) ) ;
#3382 = VECTOR ( 'NONE', #7646, 1000.000000000000000 ) ;
#3383 = CARTESIAN_POINT ( 'NONE',  ( 22.75000000000000711, -10.49999999999999112, 10.00000000000000000 ) ) ;
#3384 = CARTESIAN_POINT ( 'NONE',  ( 0.000000000000000000, 0.000000000000000000, -4.999999999999998224 ) ) ;
#3385 = CARTESIAN_POINT ( 'NONE',  ( 10.00000000000000178, 47.50000000000000000, -42.59593772390965682 ) ) ;
#3386 = EDGE_CURVE ( 'NONE', #2541, #1354, #2087, .T. ) ;
#3387 = LINE ( 'NONE', #1349, #3970 ) ;
#3388 = AXIS2_PLACEMENT_3D ( 'NONE', #359, #6937, #2888 ) ;
#3389 = CARTESIAN_POINT ( 'NONE',  ( -2.250000000000004885, 9.999999999999998224, 5.000000000000000000 ) ) ;
#3390 = ORIENTED_EDGE ( 'NONE', *, *, #5885, .T. ) ;
#3391 = EDGE_LOOP ( 'NONE', ( #6495, #6683, #672 ) ) ;
#3392 = AXIS2_PLACEMENT_3D ( 'NONE', #7738, #7032, #4315 ) ;
#3393 = LINE ( 'NONE', #6733, #9050 ) ;
#3394 = ORIENTED_EDGE ( 'NONE', *, *, #6455, .F. ) ;
#3395 = ORIENTED_EDGE ( 'NONE', *, *, #1708, .T. ) ;
#3396 = AXIS2_PLACEMENT_3D ( 'NONE', #2442, #2384, #7474 ) ;
#3397 = AXIS2_PLACEMENT_3D ( 'NONE', #10090, #998, #2644 ) ;
#3398 = EDGE_CURVE ( 'NONE', #6500, #8773, #6874, .T. ) ;
#3399 = EDGE_CURVE ( 'NONE', #3835, #1611, #6121, .T. ) ;
#3400 = DIRECTION ( 'NONE',  ( 0.000000000000000000, 1.000000000000000000, 0.000000000000000000 ) ) ;
#3401 = CARTESIAN_POINT ( 'NONE',  ( -22.75000000000000000, -5.500000000000001776, 10.00000000000000000 ) ) ;
#3402 = DIRECTION ( 'NONE',  ( 0.000000000000000000, -1.000000000000000000, -0.000000000000000000 ) ) ;
#3403 = CARTESIAN_POINT ( 'NONE',  ( -4.000000000000000000, 70.90000000000000568, 25.50000000000000000 ) ) ;
#3404 = ORIENTED_EDGE ( 'NONE', *, *, #67, .T. ) ;
#3405 = VECTOR ( 'NONE', #7638, 1000.000000000000000 ) ;
#3406 = DIRECTION ( 'NONE',  ( 1.970935891347508518E-15, -1.000000000000000000, -3.679346551542558781E-16 ) ) ;
#3407 = PLANE ( 'NONE',  #8018 ) ;
#3408 = EDGE_LOOP ( 'NONE', ( #9641, #7159, #1520, #61 ) ) ;
#3409 = ORIENTED_EDGE ( 'NONE', *, *, #9894, .T. ) ;
#3410 = AXIS2_PLACEMENT_3D ( 'NONE', #5361, #3052, #6391 ) ;
#3411 = AXIS2_PLACEMENT_3D ( 'NONE', #3325, #9070, #2500 ) ;
#3412 = DIRECTION ( 'NONE',  ( 0.000000000000000000, 0.000000000000000000, -1.000000000000000000 ) ) ;
#3413 = VECTOR ( 'NONE', #919, 1000.000000000000000 ) ;
#3414 = EDGE_CURVE ( 'NONE', #2081, #3546, #2625, .T. ) ;
#3415 = EDGE_CURVE ( 'NONE', #1931, #4886, #5962, .T. ) ;
#3416 = AXIS2_PLACEMENT_3D ( 'NONE', #7846, #2868, #6150 ) ;
#3417 = AXIS2_PLACEMENT_3D ( 'NONE', #4071, #614, #2427 ) ;
#3418 = AXIS2_PLACEMENT_3D ( 'NONE', #6702, #10698, #5892 ) ;
#3419 = LINE ( 'NONE', #6649, #2873 ) ;
#3420 = DIRECTION ( 'NONE',  ( -1.000000000000000000, 0.000000000000000000, -1.700709290173340409E-17 ) ) ;
#3421 = DIRECTION ( 'NONE',  ( 1.000000000000000000, 1.734723475976807094E-16, 0.000000000000000000 ) ) ;
#3422 = ORIENTED_EDGE ( 'NONE', *, *, #5957, .T. ) ;
#3423 = DIRECTION ( 'NONE',  ( -0.000000000000000000, -1.000000000000000000, -0.000000000000000000 ) ) ;
#3424 =( NAMED_UNIT ( * ) PLANE_ANGLE_UNIT ( ) SI_UNIT ( $, .RADIAN. ) );
#3425 = ORIENTED_EDGE ( 'NONE', *, *, #4927, .F. ) ;
#3426 = EDGE_LOOP ( 'NONE', ( #9357, #10415 ) ) ;
#3427 = CARTESIAN_POINT ( 'NONE',  ( 0.000000000000000000, 0.000000000000000000, 0.000000000000000000 ) ) ;
#3428 = DIRECTION ( 'NONE',  ( -0.000000000000000000, -0.000000000000000000, 1.000000000000000000 ) ) ;
#3429 = EDGE_LOOP ( 'NONE', ( #1649, #8858, #10148, #2825, #6890, #604, #876, #1294 ) ) ;
#3430 = AXIS2_PLACEMENT_3D ( 'NONE', #159, #9435, #8657 ) ;
#3431 = AXIS2_PLACEMENT_3D ( 'NONE', #9127, #8249, #1631 ) ;
#3432 = EDGE_CURVE ( 'NONE', #8526, #6108, #1555, .T. ) ;
#3433 = VECTOR ( 'NONE', #4979, 1000.000000000000000 ) ;
#3434 = EDGE_CURVE ( 'NONE', #8095, #3690, #674, .T. ) ;
#3435 = DIRECTION ( 'NONE',  ( -0.000000000000000000, -0.000000000000000000, 1.000000000000000000 ) ) ;
#3436 = DIRECTION ( 'NONE',  ( -0.000000000000000000, -1.000000000000000000, -0.000000000000000000 ) ) ;
#3437 = ADVANCED_FACE ( 'NONE', ( #1909 ), #136, .F. ) ;
#3438 = CIRCLE ( 'NONE', #9556, 4.000000000000003553 ) ;
#3439 = DIRECTION ( 'NONE',  ( -0.000000000000000000, -1.000000000000000000, -0.000000000000000000 ) ) ;
#3440 = VERTEX_POINT ( 'NONE', #1033 ) ;
#3441 = CARTESIAN_POINT ( 'NONE',  ( 2.499999999999999556, 70.90000000000000568, 22.50000000000000000 ) ) ;
#3442 = CIRCLE ( 'NONE', #7806, 2.250000000000000000 ) ;
#3443 = LINE ( 'NONE', #9343, #4344 ) ;
#3444 = LINE ( 'NONE', #1852, #2967 ) ;
#3445 = ORIENTED_EDGE ( 'NONE', *, *, #9261, .T. ) ;
#3446 = ORIENTED_EDGE ( 'NONE', *, *, #9103, .T. ) ;
#3447 = DIRECTION ( 'NONE',  ( 1.387778780781445676E-16, -1.000000000000000000, 0.000000000000000000 ) ) ;
#3448 = EDGE_CURVE ( 'NONE', #989, #1760, #10467, .T. ) ;
#3449 = AXIS2_PLACEMENT_3D ( 'NONE', #8944, #8027, #4792 ) ;
#3450 = PRODUCT ( 'Actuator_Crosshead_\X2\9ed88ba4\X0\', 'Actuator_Crosshead_\X2\9ed88ba4\X0\', '', ( #10404 ) ) ;
#3451 = VECTOR ( 'NONE', #4900, 1000.000000000000000 ) ;
#3452 = CARTESIAN_POINT ( 'NONE',  ( -5.204170427930421283E-15, 9.999999999999998224, 5.000000000000000000 ) ) ;
#3453 = CARTESIAN_POINT ( 'NONE',  ( 2.249999999999994671, 9.999999999999998224, 5.000000000000000000 ) ) ;
#3454 = EDGE_CURVE ( 'NONE', #6211, #10482, #10062, .T. ) ;
#3455 = CARTESIAN_POINT ( 'NONE',  ( 3.367778697655221012E-16, 39.00000000000000000, 2.750000000000000000 ) ) ;
#3456 = FACE_OUTER_BOUND ( 'NONE', #5367, .T. ) ;
#3457 = ORIENTED_EDGE ( 'NONE', *, *, #4389, .F. ) ;
#3458 = ORIENTED_EDGE ( 'NONE', *, *, #488, .F. ) ;
#3459 = EDGE_CURVE ( 'NONE', #8648, #9457, #3444, .T. ) ;
#3460 = AXIS2_PLACEMENT_3D ( 'NONE', #9095, #10683, #4939 ) ;
#3461 = DIRECTION ( 'NONE',  ( -0.000000000000000000, -1.000000000000000000, -0.000000000000000000 ) ) ;
#3462 = ORIENTED_EDGE ( 'NONE', *, *, #7810, .F. ) ;
#3463 = ORIENTED_EDGE ( 'NONE', *, *, #6197, .T. ) ;
#3464 = EDGE_CURVE ( 'NONE', #9821, #926, #1792, .T. ) ;
#3465 = EDGE_CURVE ( 'NONE', #8796, #4349, #6325, .T. ) ;
#3466 = VECTOR ( 'NONE', #7892, 1000.000000000000000 ) ;
#3467 = PLANE ( 'NONE',  #4772 ) ;
#3468 = CIRCLE ( 'NONE', #8535, 2.750000000000000000 ) ;
#3469 = FACE_BOUND ( 'NONE', #5677, .T. ) ;
#3470 = CARTESIAN_POINT ( 'NONE',  ( 69.07332122148433484, 85.00000000000000000, -119.1878866990734736 ) ) ;
#3471 = LINE ( 'NONE', #272, #3956 ) ;
#3472 = AXIS2_PLACEMENT_3D ( 'NONE', #4009, #7440, #5699 ) ;
#3473 = ORIENTED_EDGE ( 'NONE', *, *, #8950, .T. ) ;
#3474 = SHAPE_DEFINITION_REPRESENTATION ( #9205, #9208 ) ;
#3475 = ORIENTED_EDGE ( 'NONE', *, *, #594, .T. ) ;
#3476 = ORIENTED_EDGE ( 'NONE', *, *, #10443, .F. ) ;
#3477 = CARTESIAN_POINT ( 'NONE',  ( 15.49999999999999822, 67.90000000000000568, -2.500000000000000000 ) ) ;
#3478 = EDGE_CURVE ( 'NONE', #8497, #8984, #6002, .T. ) ;
#3479 = AXIS2_PLACEMENT_3D ( 'NONE', #2904, #4600, #7989 ) ;
#3480 = LINE ( 'NONE', #1172, #7412 ) ;
#3481 = DIRECTION ( 'NONE',  ( 1.000000000000000000, -0.000000000000000000, -0.000000000000000000 ) ) ;
#3482 = CARTESIAN_POINT ( 'NONE',  ( 25.00000000000000000, 9.000000000000000000, 0.000000000000000000 ) ) ;
#3483 = EDGE_LOOP ( 'NONE', ( #8660, #9916, #10248, #7818 ) ) ;
#3484 = CARTESIAN_POINT ( 'NONE',  ( -2.499999999999999556, 69.40000000000000568, 25.50000000000000000 ) ) ;
#3485 = EDGE_CURVE ( 'NONE', #3374, #1668, #9066, .T. ) ;
#3486 =( NAMED_UNIT ( * ) SI_UNIT ( $, .STERADIAN. ) SOLID_ANGLE_UNIT ( ) );
#3487 = ORIENTED_EDGE ( 'NONE', *, *, #9256, .T. ) ;
#3488 = ORIENTED_EDGE ( 'NONE', *, *, #7177, .T. ) ;
#3489 = AXIS2_PLACEMENT_3D ( 'NONE', #912, #4485, #6717 ) ;
#3490 = CARTESIAN_POINT ( 'NONE',  ( 58.67999999999999972, 5.000000000000000000, 10.00000000000000178 ) ) ;
#3491 = DIRECTION ( 'NONE',  ( -0.000000000000000000, -1.000000000000000000, -0.000000000000000000 ) ) ;
#3492 = DIRECTION ( 'NONE',  ( 0.000000000000000000, 0.000000000000000000, 1.000000000000000000 ) ) ;
#3493 = LINE ( 'NONE', #2718, #2513 ) ;
#3494 = DIRECTION ( 'NONE',  ( 0.000000000000000000, -1.000000000000000000, 0.000000000000000000 ) ) ;
#3495 = EDGE_LOOP ( 'NONE', ( #3881, #8468 ) ) ;
#3496 = LINE ( 'NONE', #6824, #4476 ) ;
#3497 = EDGE_CURVE ( 'NONE', #8603, #8539, #311, .T. ) ;
#3498 = SURFACE_STYLE_USAGE ( .BOTH. , #7651 ) ;
#3499 = DIRECTION ( 'NONE',  ( 7.703719777548943412E-34, -1.000000000000000000, 1.310178779456958743E-50 ) ) ;
#3500 = ORIENTED_EDGE ( 'NONE', *, *, #9363, .T. ) ;
#3501 = EDGE_LOOP ( 'NONE', ( #210, #1919, #2347, #7293 ) ) ;
#3502 = EDGE_CURVE ( 'NONE', #10369, #8556, #1240, .T. ) ;
#3503 = DIRECTION ( 'NONE',  ( -1.000000000000000000, -0.000000000000000000, 1.734723475976807094E-17 ) ) ;
#3504 = DIRECTION ( 'NONE',  ( 0.000000000000000000, 0.000000000000000000, -1.000000000000000000 ) ) ;
#3505 = CARTESIAN_POINT ( 'NONE',  ( 11.12919120779491244, 70.90000000000000568, 0.4999999999999991673 ) ) ;
#3506 = LINE ( 'NONE', #7662, #10769 ) ;
#3507 = ORIENTED_EDGE ( 'NONE', *, *, #1843, .F. ) ;
#3508 = ADVANCED_FACE ( 'NONE', ( #2166 ), #7150, .F. ) ;
#3509 = CARTESIAN_POINT ( 'NONE',  ( 0.000000000000000000, 5.000000000000000000, -10.00000000000000178 ) ) ;
#3510 = VERTEX_POINT ( 'NONE', #6327 ) ;
#3511 = ORIENTED_EDGE ( 'NONE', *, *, #4113, .T. ) ;
#3512 = CARTESIAN_POINT ( 'NONE',  ( -5.204170427930421283E-15, 9.999999999999998224, -16.00000000000000000 ) ) ;
#3513 = ORIENTED_EDGE ( 'NONE', *, *, #10352, .F. ) ;
#3514 = VERTEX_POINT ( 'NONE', #1403 ) ;
#3515 = VECTOR ( 'NONE', #513, 1000.000000000000114 ) ;
#3516 = APPLICATION_CONTEXT ( 'automotive_design' ) ;
#3517 = CARTESIAN_POINT ( 'NONE',  ( 1.108192987669307072, -48.66918367361086695, 0.000000000000000000 ) ) ;
#3518 = DIRECTION ( 'NONE',  ( 1.000000000000000000, 0.000000000000000000, 0.000000000000000000 ) ) ;
#3519 = ADVANCED_FACE ( 'NONE', ( #522 ), #8070, .F. ) ;
#3520 = CARTESIAN_POINT ( 'NONE',  ( 90.00000000000000000, 95.00000000000000000, -97.86825876601857033 ) ) ;
#3521 = CARTESIAN_POINT ( 'NONE',  ( 5.000000000000000000, -9.000000000000000000, 5.999999999999999112 ) ) ;
#3522 = DIRECTION ( 'NONE',  ( 0.000000000000000000, 1.000000000000000000, 0.000000000000000000 ) ) ;
#3523 = ORIENTED_EDGE ( 'NONE', *, *, #10718, .T. ) ;
#3524 = APPLICATION_PROTOCOL_DEFINITION ( 'draft international standard', 'automotive_design', 1998, #9662 ) ;
#3525 = DIRECTION ( 'NONE',  ( 1.000000000000000000, 0.000000000000000000, 0.000000000000000000 ) ) ;
#3526 = ORIENTED_EDGE ( 'NONE', *, *, #165, .F. ) ;
#3527 = ORIENTED_EDGE ( 'NONE', *, *, #6101, .F. ) ;
#3528 = CYLINDRICAL_SURFACE ( 'NONE', #2535, 5.000000000000000000 ) ;
#3529 = CYLINDRICAL_SURFACE ( 'NONE', #6722, 5.000000000000000888 ) ;
#3530 = CARTESIAN_POINT ( 'NONE',  ( 9.999999999999991118, 0.000000000000000000, -99.99999999999906208 ) ) ;
#3531 = ADVANCED_FACE ( 'NONE', ( #6381, #2887 ), #1352, .T. ) ;
#3532 = CARTESIAN_POINT ( 'NONE',  ( -2.999999999999999556, 0.000000000000000000, -2.500000000000000000 ) ) ;
#3533 = EDGE_LOOP ( 'NONE', ( #8384, #6813, #8308, #41 ) ) ;
#3534 = CARTESIAN_POINT ( 'NONE',  ( -4.478847317826296859, 69.76422791295735237, -1.869399277538289716 ) ) ;
#3535 =( LENGTH_UNIT ( ) NAMED_UNIT ( * ) SI_UNIT ( .MILLI., .METRE. ) );
#3536 = EDGE_LOOP ( 'NONE', ( #8217, #9028, #8502, #8747 ) ) ;
#3537 = ORIENTED_EDGE ( 'NONE', *, *, #2907, .F. ) ;
#3538 = PRODUCT_DEFINITION_SHAPE ( 'NONE', 'NONE',  #6535 ) ;
#3539 = CARTESIAN_POINT ( 'NONE',  ( 15.50000000000000000, 67.40000000000000568, 2.418211663346640430E-16 ) ) ;
#3540 = CARTESIAN_POINT ( 'NONE',  ( 2.755455298081544285E-16, 9.000000000000000000, 2.250000000000000000 ) ) ;
#3541 = ADVANCED_FACE ( 'NONE', ( #1194 ), #10488, .T. ) ;
#3542 = DIRECTION ( 'NONE',  ( -0.000000000000000000, -1.000000000000000000, -0.000000000000000000 ) ) ;
#3543 = CARTESIAN_POINT ( 'NONE',  ( -64.99999999999980105, 95.00000000000000000, -112.1326873879137622 ) ) ;
#3544 = EDGE_CURVE ( 'NONE', #3855, #8381, #4005, .T. ) ;
#3545 = LINE ( 'NONE', #6161, #9397 ) ;
#3546 = VERTEX_POINT ( 'NONE', #6993 ) ;
#3547 = CARTESIAN_POINT ( 'NONE',  ( -25.00000000000000000, 5.500000000000001776, 10.00000000000000000 ) ) ;
#3548 = CARTESIAN_POINT ( 'NONE',  ( 9.999999999999991118, 0.000000000000000000, -99.99999999999906208 ) ) ;
#3549 = PLANE ( 'NONE',  #6908 ) ;
#3550 = VERTEX_POINT ( 'NONE', #2118 ) ;
#3551 = CARTESIAN_POINT ( 'NONE',  ( -15.51771948742469043, 18.00000000000000000, 21.78844835938496871 ) ) ;
#3552 = EDGE_CURVE ( 'NONE', #6420, #6257, #8890, .T. ) ;
#3553 = EDGE_CURVE ( 'NONE', #7333, #5948, #2784, .T. ) ;
#3554 = DIRECTION ( 'NONE',  ( -0.000000000000000000, -1.000000000000000000, -0.000000000000000000 ) ) ;
#3555 = VECTOR ( 'NONE', #3629, 1000.000000000000000 ) ;
#3556 = DIRECTION ( 'NONE',  ( -1.000000000000000000, 0.000000000000000000, -0.000000000000000000 ) ) ;
#3557 = VERTEX_POINT ( 'NONE', #2223 ) ;
#3558 = DIRECTION ( 'NONE',  ( -0.000000000000000000, -0.000000000000000000, 1.000000000000000000 ) ) ;
#3559 = ORIENTED_EDGE ( 'NONE', *, *, #8736, .F. ) ;
#3560 = ORIENTED_EDGE ( 'NONE', *, *, #9560, .F. ) ;
#3561 = DIRECTION ( 'NONE',  ( 0.7071067811865465735, -0.7071067811865484609, -0.000000000000000000 ) ) ;
#3562 = ORIENTED_EDGE ( 'NONE', *, *, #8089, .T. ) ;
#3563 = ORIENTED_EDGE ( 'NONE', *, *, #10631, .F. ) ;
#3564 = CIRCLE ( 'NONE', #9676, 10.00000000000000178 ) ;
#3565 = EDGE_CURVE ( 'NONE', #3585, #2466, #8373, .T. ) ;
#3566 = CARTESIAN_POINT ( 'NONE',  ( -37.48849769918442831, -72.48849769918437858, -32.99999999999998579 ) ) ;
#3567 = CARTESIAN_POINT ( 'NONE',  ( 4.999999999999989342, 18.00000000000000000, -105.0000000000000142 ) ) ;
#3568 = EDGE_CURVE ( 'NONE', #4170, #7733, #7861, .T. ) ;
#3569 = AXIS2_PLACEMENT_3D ( 'NONE', #2002, #296, #6059 ) ;
#3570 = DIRECTION ( 'NONE',  ( 8.591214980214289756E-18, -0.7118920901450974670, -0.7022888664850415186 ) ) ;
#3571 = EDGE_CURVE ( 'NONE', #2671, #7840, #324, .T. ) ;
#3572 = CARTESIAN_POINT ( 'NONE',  ( 2.999999999999999112, 18.00000000000000000, -87.14486490616359049 ) ) ;
#3573 = CARTESIAN_POINT ( 'NONE',  ( 30.31344247896044664, 34.67986544671986593, -120.2803298308827920 ) ) ;
#3574 = ORIENTED_EDGE ( 'NONE', *, *, #2268, .T. ) ;
#3575 = SHAPE_DEFINITION_REPRESENTATION ( #6487, #8076 ) ;
#3576 = ORIENTED_EDGE ( 'NONE', *, *, #4161, .F. ) ;
#3577 = ORIENTED_EDGE ( 'NONE', *, *, #5451, .T. ) ;
#3578 = DIRECTION ( 'NONE',  ( -0.000000000000000000, -1.000000000000000000, 0.000000000000000000 ) ) ;
#3579 = VECTOR ( 'NONE', #8680, 1000.000000000000000 ) ;
#3580 = CIRCLE ( 'NONE', #2177, 2.999999999999999556 ) ;
#3581 = DIRECTION ( 'NONE',  ( -0.000000000000000000, -0.000000000000000000, -1.000000000000000000 ) ) ;
#3582 = DIRECTION ( 'NONE',  ( -0.000000000000000000, -0.000000000000000000, 1.000000000000000000 ) ) ;
#3583 = VECTOR ( 'NONE', #7815, 1000.000000000000000 ) ;
#3584 = CARTESIAN_POINT ( 'NONE',  ( -24.19888394073830185, 9.000000000000000000, -4.050512335977082934 ) ) ;
#3585 = VERTEX_POINT ( 'NONE', #2069 ) ;
#3586 = DIRECTION ( 'NONE',  ( 1.264933817329266432E-17, 0.000000000000000000, -1.000000000000000000 ) ) ;
#3587 = AXIS2_PLACEMENT_3D ( 'NONE', #7385, #8171, #8268 ) ;
#3588 = VERTEX_POINT ( 'NONE', #404 ) ;
#3590 = EDGE_LOOP ( 'NONE', ( #3228, #2923 ) ) ;
#3589 = AXIS2_PLACEMENT_3D ( 'NONE', #7168, #9689, #6562 ) ;
#3591 = EDGE_CURVE ( 'NONE', #8796, #9229, #10129, .T. ) ;
#3592 = DIRECTION ( 'NONE',  ( -0.000000000000000000, -1.000000000000000000, -0.000000000000000000 ) ) ;
#3593 = CARTESIAN_POINT ( 'NONE',  ( -64.46620431643836469, 10.00000000000000000, -110.1405347760015161 ) ) ;
#3594 = CIRCLE ( 'NONE', #9706, 10.00000000000000178 ) ;
#3595 = CIRCLE ( 'NONE', #4819, 9.999999999999994671 ) ;
#3596 = VECTOR ( 'NONE', #10216, 1000.000000000000000 ) ;
#3597 = LINE ( 'NONE', #6927, #8893 ) ;
#3598 = LINE ( 'NONE', #5246, #9155 ) ;
#3599 = DIRECTION ( 'NONE',  ( -1.000000000000000000, 0.000000000000000000, 0.000000000000000000 ) ) ;
#3600 = ORIENTED_EDGE ( 'NONE', *, *, #525, .F. ) ;
#3601 = DIRECTION ( 'NONE',  ( 0.000000000000000000, 0.000000000000000000, 1.000000000000000000 ) ) ;
#3602 = LINE ( 'NONE', #10327, #8683 ) ;
#3603 = AXIS2_PLACEMENT_3D ( 'NONE', #10143, #8555, #4451 ) ;
#3604 = DIRECTION ( 'NONE',  ( 0.000000000000000000, 0.000000000000000000, 1.000000000000000000 ) ) ;
#3605 = AXIS2_PLACEMENT_3D ( 'NONE', #2505, #7536, #5035 ) ;
#3606 = CIRCLE ( 'NONE', #5340, 5.000000000000000000 ) ;
#3607 = LINE ( 'NONE', #9410, #6973 ) ;
#3608 = CYLINDRICAL_SURFACE ( 'NONE', #8104, 2.249999999999999112 ) ;
#3609 = VERTEX_POINT ( 'NONE', #9627 ) ;
#3610 = EDGE_CURVE ( 'NONE', #4291, #4729, #1292, .T. ) ;
#3611 = AXIS2_PLACEMENT_3D ( 'NONE', #3337, #2291, #874 ) ;
#3612 = CARTESIAN_POINT ( 'NONE',  ( -14.99999999999999822, 12.50000000000000000, -10.00000000000000355 ) ) ;
#3613 = DIRECTION ( 'NONE',  ( -1.000000000000000000, 0.000000000000000000, 0.000000000000000000 ) ) ;
#3614 = DIRECTION ( 'NONE',  ( 1.000000000000000000, 0.000000000000000000, 0.000000000000000000 ) ) ;
#3615 = LINE ( 'NONE', #1762, #10742 ) ;
#3616 = ORIENTED_EDGE ( 'NONE', *, *, #4870, .F. ) ;
#3617 = PLANE ( 'NONE',  #3958 ) ;
#3618 = EDGE_CURVE ( 'NONE', #655, #5697, #9114, .T. ) ;
#3619 = EDGE_LOOP ( 'NONE', ( #1001, #6762, #4391, #4190 ) ) ;
#3620 = ORIENTED_EDGE ( 'NONE', *, *, #700, .T. ) ;
#3621 = ADVANCED_FACE ( 'NONE', ( #7407 ), #9779, .F. ) ;
#3622 = DIRECTION ( 'NONE',  ( -5.204170427930420297E-16, 1.000000000000000000, -4.629113068246459294E-32 ) ) ;
#3623 = ORIENTED_EDGE ( 'NONE', *, *, #7957, .F. ) ;
#3624 = ORIENTED_EDGE ( 'NONE', *, *, #4560, .T. ) ;
#3625 = AXIS2_PLACEMENT_3D ( 'NONE', #7832, #10460, #2140 ) ;
#3626 = AXIS2_PLACEMENT_3D ( 'NONE', #8142, #7204, #2958 ) ;
#3627 =( BOUNDED_CURVE ( )  B_SPLINE_CURVE ( 3, ( #9681, #1304, #2845, #2179 ),
 .UNSPECIFIED., .F., .F. ) 
 B_SPLINE_CURVE_WITH_KNOTS ( ( 4, 4 ),
 ( 1.570796326794896780, 3.141592653589795336 ),
 .UNSPECIFIED. ) 
 CURVE ( )  GEOMETRIC_REPRESENTATION_ITEM ( )  RATIONAL_B_SPLINE_CURVE ( ( 1.000000000000000000, 0.8047378541243644934, 0.8047378541243644934, 1.000000000000000000 ) ) 
 REPRESENTATION_ITEM ( '' )  );
#3628 = CARTESIAN_POINT ( 'NONE',  ( -34.99999999999999289, -9.500000000000003553, 10.00000000000000000 ) ) ;
#3629 = DIRECTION ( 'NONE',  ( -6.938893903907228378E-17, 1.000000000000000000, 0.000000000000000000 ) ) ;
#3630 = AXIS2_PLACEMENT_3D ( 'NONE', #4857, #682, #7352 ) ;
#3631 = MECHANICAL_DESIGN_GEOMETRIC_PRESENTATION_REPRESENTATION (  '', ( #10270 ), #7811 ) ;
#3632 = DIRECTION ( 'NONE',  ( 0.000000000000000000, -0.000000000000000000, 1.000000000000000000 ) ) ;
#3633 = CARTESIAN_POINT ( 'NONE',  ( 0.000000000000000000, 5.000000000000000000, 0.000000000000000000 ) ) ;
#3634 = DIRECTION ( 'NONE',  ( -0.000000000000000000, -1.000000000000000000, -0.000000000000000000 ) ) ;
#3635 = ORIENTED_EDGE ( 'NONE', *, *, #7865, .F. ) ;
#3636 = EDGE_CURVE ( 'NONE', #9944, #5964, #1616, .T. ) ;
#3637 = DIRECTION ( 'NONE',  ( 1.000000000000000000, 0.000000000000000000, 0.000000000000000000 ) ) ;
#3638 = DIRECTION ( 'NONE',  ( 0.000000000000000000, 1.000000000000000000, 0.000000000000000000 ) ) ;
#3639 = ORIENTED_EDGE ( 'NONE', *, *, #6996, .F. ) ;
#3640 = ORIENTED_EDGE ( 'NONE', *, *, #4093, .F. ) ;
#3641 = CARTESIAN_POINT ( 'NONE',  ( 7.499999999999998224, 18.00000000000000000, -32.24281492697222973 ) ) ;
#3642 = AXIS2_PLACEMENT_3D ( 'NONE', #10028, #8388, #1711 ) ;
#3643 = AXIS2_PLACEMENT_3D ( 'NONE', #8202, #9788, #6498 ) ;
#3644 = FACE_OUTER_BOUND ( 'NONE', #8469, .T. ) ;
#3645 = CARTESIAN_POINT ( 'NONE',  ( 75.00000000000001421, 0.000000000000000000, 74.99999999999997158 ) ) ;
#3646 = DIRECTION ( 'NONE',  ( 0.7071067811865465735, -0.7071067811865484609, -0.000000000000000000 ) ) ;
#3647 = VERTEX_POINT ( 'NONE', #7473 ) ;
#3648 = LINE ( 'NONE', #3484, #1155 ) ;
#3649 = EDGE_LOOP ( 'NONE', ( #524, #8732, #7225, #7776 ) ) ;
#3650 = ORIENTED_EDGE ( 'NONE', *, *, #5791, .T. ) ;
#3651 = VECTOR ( 'NONE', #7208, 1000.000000000000114 ) ;
#3652 = CARTESIAN_POINT ( 'NONE',  ( 9.999999999999996447, -10.00000000000000178, -11.00000000000000000 ) ) ;
#3653 = AXIS2_PLACEMENT_3D ( 'NONE', #6396, #5466, #7874 ) ;
#3654 = CARTESIAN_POINT ( 'NONE',  ( 22.75000000000000355, 9.500000000000008882, 10.00000000000000000 ) ) ;
#3655 =( GEOMETRIC_REPRESENTATION_CONTEXT ( 3 ) GLOBAL_UNCERTAINTY_ASSIGNED_CONTEXT ( ( #8061 ) ) GLOBAL_UNIT_ASSIGNED_CONTEXT ( ( #8715, #7886, #6968 ) ) REPRESENTATION_CONTEXT ( 'NONE', 'WORKASPACE' ) );
#3656 = CARTESIAN_POINT ( 'NONE',  ( 9.999999999999998224, -15.00000000000000355, 0.000000000000000000 ) ) ;
#3657 = CYLINDRICAL_SURFACE ( 'NONE', #5025, 10.00000000000000178 ) ;
#3658 = AXIS2_PLACEMENT_3D ( 'NONE', #8737, #2835, #6168 ) ;
#3659 = VERTEX_POINT ( 'NONE', #5018 ) ;
#3660 = CARTESIAN_POINT ( 'NONE',  ( 0.000000000000000000, 0.000000000000000000, 0.000000000000000000 ) ) ;
#3661 = EDGE_CURVE ( 'NONE', #5964, #1578, #4629, .T. ) ;
#3662 = CARTESIAN_POINT ( 'NONE',  ( -19.68655752103955692, 34.67986544671986593, -28.54374205374393725 ) ) ;
#3663 = AXIS2_PLACEMENT_3D ( 'NONE', #1529, #10457, #7216 ) ;
#3664 = CARTESIAN_POINT ( 'NONE',  ( -36.11437855969458610, -71.11437855969452926, -4.763511508049220744 ) ) ;
#3665 = CARTESIAN_POINT ( 'NONE',  ( 8.283304597789253876E-16, 63.40000000000001279, 19.50000000000000000 ) ) ;
#3666 = ORIENTED_EDGE ( 'NONE', *, *, #7431, .F. ) ;
#3667 = ORIENTED_EDGE ( 'NONE', *, *, #3737, .T. ) ;
#3668 = VECTOR ( 'NONE', #232, 1000.000000000000000 ) ;
#3669 = CARTESIAN_POINT ( 'NONE',  ( -51.81980515339471083, -90.96194077712557657, 23.00000000000001421 ) ) ;
#3670 = DIRECTION ( 'NONE',  ( -1.040834085586094610E-16, -0.000000000000000000, -1.000000000000000000 ) ) ;
#3671 = CARTESIAN_POINT ( 'NONE',  ( -48.89087296526018633, -83.89087296526010107, 23.00000000000004263 ) ) ;
#3672 = DIRECTION ( 'NONE',  ( 0.000000000000000000, 1.000000000000000000, 0.000000000000000000 ) ) ;
#3673 = ORIENTED_EDGE ( 'NONE', *, *, #7810, .T. ) ;
#3674 = EDGE_CURVE ( 'NONE', #8761, #9766, #4807, .T. ) ;
#3675 = CARTESIAN_POINT ( 'NONE',  ( -2.499999999999999556, 55.90000000000000568, 21.75000000000000000 ) ) ;
#3676 = VERTEX_POINT ( 'NONE', #10813 ) ;
#3677 = ORIENTED_EDGE ( 'NONE', *, *, #6347, .F. ) ;
#3678 = DIRECTION ( 'NONE',  ( 1.000000000000000000, 0.000000000000000000, 0.000000000000000000 ) ) ;
#3679 = ORIENTED_EDGE ( 'NONE', *, *, #5173, .F. ) ;
#3680 = ORIENTED_EDGE ( 'NONE', *, *, #7739, .T. ) ;
#3681 = DIRECTION ( 'NONE',  ( 0.7071067811865474617, 0.7071067811865474617, -0.000000000000000000 ) ) ;
#3682 = EDGE_CURVE ( 'NONE', #2649, #2740, #3580, .T. ) ;
#3683 = DIRECTION ( 'NONE',  ( -5.204170427930420297E-16, 1.000000000000000000, -0.000000000000000000 ) ) ;
#3684 = DIRECTION ( 'NONE',  ( -1.000000000000000000, 0.000000000000000000, 1.878072721644630547E-16 ) ) ;
#3685 = CARTESIAN_POINT ( 'NONE',  ( -24.99999999999999289, -5.500000000000001776, -1.925929944387235853E-31 ) ) ;
#3686 = DIRECTION ( 'NONE',  ( 1.000000000000000000, 5.204170427930420297E-16, 0.000000000000000000 ) ) ;
#3687 = VERTEX_POINT ( 'NONE', #6600 ) ;
#3688 = DIRECTION ( 'NONE',  ( -0.000000000000000000, -1.000000000000000000, -0.000000000000000000 ) ) ;
#3689 = ORIENTED_EDGE ( 'NONE', *, *, #517, .T. ) ;
#3690 = VERTEX_POINT ( 'NONE', #3980 ) ;
#3691 = ADVANCED_FACE ( 'NONE', ( #2441 ), #3105, .T. ) ;
#3692 = EDGE_CURVE ( 'NONE', #10687, #3676, #9352, .T. ) ;
#3693 = CARTESIAN_POINT ( 'NONE',  ( 9.063930161978817068E-16, 7.500000000000000000, 23.99999999999999645 ) ) ;
#3694 = CARTESIAN_POINT ( 'NONE',  ( 4.999999999999989342, 0.000000000000000000, -100.0000000000000000 ) ) ;
#3695 = DIRECTION ( 'NONE',  ( -0.000000000000000000, 1.000000000000000000, -0.000000000000000000 ) ) ;
#3696 = ORIENTED_EDGE ( 'NONE', *, *, #2455, .F. ) ;
#3697 = CARTESIAN_POINT ( 'NONE',  ( -19.68655752103955692, 34.67986544671986593, -42.59593772390965682 ) ) ;
#3698 = ORIENTED_EDGE ( 'NONE', *, *, #6100, .F. ) ;
#3699 = ORIENTED_EDGE ( 'NONE', *, *, #1764, .F. ) ;
#3700 = FACE_OUTER_BOUND ( 'NONE', #7534, .T. ) ;
#3701 = DIRECTION ( 'NONE',  ( -1.000000000000000000, 0.000000000000000000, 1.040834085586094610E-16 ) ) ;
#3702 = CARTESIAN_POINT ( 'NONE',  ( -23.68655752103996548, 54.67986544671986593, -42.59593772390965682 ) ) ;
#3703 = CARTESIAN_POINT ( 'NONE',  ( 9.999999999999998224, -10.00000000000000178, 5.000000000000000000 ) ) ;
#3704 = ORIENTED_EDGE ( 'NONE', *, *, #5429, .T. ) ;
#3705 = CYLINDRICAL_SURFACE ( 'NONE', #8137, 2.999999999999999556 ) ;
#3706 = LINE ( 'NONE', #238, #4675 ) ;
#3707 = EDGE_CURVE ( 'NONE', #4086, #6889, #3201, .T. ) ;
#3708 = DIRECTION ( 'NONE',  ( -0.7071067811865485719, -0.7071067811865463515, 0.000000000000000000 ) ) ;
#3709 = CARTESIAN_POINT ( 'NONE',  ( -4.999999999999999112, 15.00000000000000000, 21.75000000000000000 ) ) ;
#3710 = DIRECTION ( 'NONE',  ( 0.000000000000000000, 0.000000000000000000, -1.000000000000000000 ) ) ;
#3711 = ORIENTED_EDGE ( 'NONE', *, *, #2391, .T. ) ;
#3712 = EDGE_CURVE ( 'NONE', #5630, #258, #1673, .T. ) ;
#3713 = DIRECTION ( 'NONE',  ( 0.8337546385222526224, 0.000000000000000000, 0.5521351308716263562 ) ) ;
#3714 =( REPRESENTATION_RELATIONSHIP ('NONE','NONE', #1790, #8918 ) REPRESENTATION_RELATIONSHIP_WITH_TRANSFORMATION ( #9601 )SHAPE_REPRESENTATION_RELATIONSHIP( ) );
#3715 = CARTESIAN_POINT ( 'NONE',  ( 9.999999999999991118, 18.00000000000000000, -99.99999999999906208 ) ) ;
#3716 = CARTESIAN_POINT ( 'NONE',  ( 61.82390241499603434, 9.999999999999994671, -100.2793298308827872 ) ) ;
#3717 = CARTESIAN_POINT ( 'NONE',  ( -74.99999999999998579, 150.0000000000000000, 74.99999999999997158 ) ) ;
#3718 = EDGE_LOOP ( 'NONE', ( #5163, #9715, #7193, #5205 ) ) ;
#3719 = DIRECTION ( 'NONE',  ( 1.000000000000000000, 0.000000000000000000, 0.000000000000000000 ) ) ;
#3720 = VERTEX_POINT ( 'NONE', #9997 ) ;
#3721 = EDGE_LOOP ( 'NONE', ( #8412, #2126, #3624, #2589, #3473, #3366, #2409, #10104, #3982, #5770, #5443 ) ) ;
#3722 = CARTESIAN_POINT ( 'NONE',  ( 11.31261843528553435, 67.40000000000000568, 17.00000000000000000 ) ) ;
#3723 = EDGE_LOOP ( 'NONE', ( #1951, #769, #2316, #10499 ) ) ;
#3724 = ORIENTED_EDGE ( 'NONE', *, *, #4677, .F. ) ;
#3725 = CIRCLE ( 'NONE', #8958, 10.00000000000000178 ) ;
#3726 = PLANE ( 'NONE',  #7619 ) ;
#3727 = CARTESIAN_POINT ( 'NONE',  ( 5.000000000000000000, -4.000000000000001776, 21.99999999999999289 ) ) ;
#3728 = DIRECTION ( 'NONE',  ( 0.000000000000000000, 0.000000000000000000, -1.000000000000000000 ) ) ;
#3729 = DIRECTION ( 'NONE',  ( -1.850371707708594809E-16, 0.000000000000000000, -1.000000000000000000 ) ) ;
#3730 = ADVANCED_FACE ( 'NONE', ( #2490 ), #627, .F. ) ;
#3731 = DIRECTION ( 'NONE',  ( 1.000000000000000000, 0.000000000000000000, 0.000000000000000000 ) ) ;
#3732 = VERTEX_POINT ( 'NONE', #5836 ) ;
#3733 = CONTEXT_DEPENDENT_SHAPE_REPRESENTATION ( #6505, #8331 ) ;
#3734 = CIRCLE ( 'NONE', #3901, 2.250000000000001776 ) ;
#3735 = ORIENTED_EDGE ( 'NONE', *, *, #10718, .F. ) ;
#3736 = ORIENTED_EDGE ( 'NONE', *, *, #1231, .T. ) ;
#3737 = EDGE_CURVE ( 'NONE', #6836, #5971, #3156, .T. ) ;
#3738 = EDGE_CURVE ( 'NONE', #4987, #7919, #66, .T. ) ;
#3739 = AXIS2_PLACEMENT_3D ( 'NONE', #1961, #10176, #6011 ) ;
#3740 = DIRECTION ( 'NONE',  ( 0.000000000000000000, 0.000000000000000000, -1.000000000000000000 ) ) ;
#3741 = DIRECTION ( 'NONE',  ( -1.734723475976807094E-16, 1.000000000000000000, 0.000000000000000000 ) ) ;
#3742 = DIRECTION ( 'NONE',  ( 0.000000000000000000, 0.000000000000000000, -1.000000000000000000 ) ) ;
#3743 = ORIENTED_EDGE ( 'NONE', *, *, #6318, .F. ) ;
#3744 = PLANE ( 'NONE',  #5705 ) ;
#3745 = ORIENTED_EDGE ( 'NONE', *, *, #5040, .F. ) ;
#3746 = ORIENTED_EDGE ( 'NONE', *, *, #485, .F. ) ;
#3747 = VECTOR ( 'NONE', #10210, 1000.000000000000000 ) ;
#3748 = EDGE_CURVE ( 'NONE', #2134, #418, #685, .T. ) ;
#3749 = ADVANCED_FACE ( 'NONE', ( #1447 ), #4794, .F. ) ;
#3750 = CARTESIAN_POINT ( 'NONE',  ( -63.25715662211381130, 85.00000000000000000, -42.99587695296753509 ) ) ;
#3751 = VECTOR ( 'NONE', #3324, 1000.000000000000114 ) ;
#3752 = DIRECTION ( 'NONE',  ( 0.000000000000000000, 0.000000000000000000, 1.000000000000000000 ) ) ;
#3753 = AXIS2_PLACEMENT_3D ( 'NONE', #7891, #10469, #5548 ) ;
#3754 = DIRECTION ( 'NONE',  ( 0.000000000000000000, 0.000000000000000000, 1.000000000000000000 ) ) ;
#3755 = CARTESIAN_POINT ( 'NONE',  ( 7.499999999999996447, 0.000000000000000000, -49.99999999999955236 ) ) ;
#3756 = ORIENTED_EDGE ( 'NONE', *, *, #7222, .F. ) ;
#3757 = FACE_OUTER_BOUND ( 'NONE', #3199, .T. ) ;
#3758 = DIRECTION ( 'NONE',  ( 0.000000000000000000, 0.000000000000000000, 1.000000000000000000 ) ) ;
#3759 = CARTESIAN_POINT ( 'NONE',  ( -44.06980515339471083, -90.96194077712557657, -24.99999999999999289 ) ) ;
#3760 = EDGE_CURVE ( 'NONE', #8771, #7426, #4461, .T. ) ;
#3761 = VECTOR ( 'NONE', #5616, 1000.000000000000114 ) ;
#3762 = CARTESIAN_POINT ( 'NONE',  ( 0.000000000000000000, 47.50000000000000000, -42.59593772390965682 ) ) ;
#3763 = DIRECTION ( 'NONE',  ( -0.000000000000000000, -1.000000000000000000, -0.000000000000000000 ) ) ;
#3764 = ORIENTED_EDGE ( 'NONE', *, *, #10610, .T. ) ;
#3765 = AXIS2_PLACEMENT_3D ( 'NONE', #9762, #4778, #3742 ) ;
#3766 = CIRCLE ( 'NONE', #75, 2.749999999999999556 ) ;
#3767 = AXIS2_PLACEMENT_3D ( 'NONE', #2807, #6139, #9481 ) ;
#3768 = EDGE_CURVE ( 'NONE', #4983, #6703, #5952, .T. ) ;
#3769 = ADVANCED_FACE ( 'NONE', ( #9285 ), #17, .F. ) ;
#3770 = DIRECTION ( 'NONE',  ( -0.2644732620533331580, 0.000000000000000000, 0.9643930182549378394 ) ) ;
#3771 = AXIS2_PLACEMENT_3D ( 'NONE', #4195, #6536, #9880 ) ;
#3772 = FACE_BOUND ( 'NONE', #4814, .T. ) ;
#3773 = AXIS2_PLACEMENT_3D ( 'NONE', #10717, #3217, #1579 ) ;
#3774 = LINE ( 'NONE', #3832, #2011 ) ;
#3775 = ORIENTED_EDGE ( 'NONE', *, *, #6172, .F. ) ;
#3776 = CIRCLE ( 'NONE', #5000, 2.249999999999998668 ) ;
#3777 = CARTESIAN_POINT ( 'NONE',  ( -26.75513206539151057, 9.000000000000000000, -3.111462161873686849 ) ) ;
#3778 = ORIENTED_EDGE ( 'NONE', *, *, #3415, .T. ) ;
#3779 = ORIENTED_EDGE ( 'NONE', *, *, #10257, .T. ) ;
#3780 = EDGE_CURVE ( 'NONE', #988, #7876, #8120, .T. ) ;
#3781 = CYLINDRICAL_SURFACE ( 'NONE', #3653, 8.000000000000007105 ) ;
#3782 = EDGE_LOOP ( 'NONE', ( #7966, #6627 ) ) ;
#3783 = EDGE_LOOP ( 'NONE', ( #9037, #4499, #6804, #6134, #889, #955 ) ) ;
#3784 = VECTOR ( 'NONE', #2857, 1000.000000000000000 ) ;
#3785 = CIRCLE ( 'NONE', #9203, 2.250000000000000000 ) ;
#3786 = CARTESIAN_POINT ( 'NONE',  ( 0.000000000000000000, 0.000000000000000000, 0.000000000000000000 ) ) ;
#3787 = EDGE_CURVE ( 'NONE', #3165, #8086, #6684, .T. ) ;
#3788 = CARTESIAN_POINT ( 'NONE',  ( -37.48849769918442831, -72.48849769918437858, 23.00000000000000711 ) ) ;
#3789 = DIRECTION ( 'NONE',  ( 1.000000000000000000, 0.000000000000000000, 0.000000000000000000 ) ) ;
#3790 = AXIS2_PLACEMENT_3D ( 'NONE', #6730, #983, #10074 ) ;
#3791 = DIRECTION ( 'NONE',  ( 0.000000000000000000, -0.000000000000000000, 1.000000000000000000 ) ) ;
#3792 = ORIENTED_EDGE ( 'NONE', *, *, #6006, .F. ) ;
#3793 = AXIS2_PLACEMENT_3D ( 'NONE', #10142, #4398, #6964 ) ;
#3794 = SHAPE_DEFINITION_REPRESENTATION ( #1593, #1429 ) ;
#3795 = VECTOR ( 'NONE', #2498, 1000.000000000000000 ) ;
#3796 = LINE ( 'NONE', #5639, #2588 ) ;
#3797 = ORIENTED_EDGE ( 'NONE', *, *, #8473, .T. ) ;
#3798 = VERTEX_POINT ( 'NONE', #3490 ) ;
#3799 = FACE_OUTER_BOUND ( 'NONE', #9781, .T. ) ;
#3800 = CIRCLE ( 'NONE', #6245, 2.250000000000001776 ) ;
#3801 = AXIS2_PLACEMENT_3D ( 'NONE', #4373, #5448, #10430 ) ;
#3802 = PLANE ( 'NONE',  #4632 ) ;
#3803 = DIRECTION ( 'NONE',  ( 0.000000000000000000, 1.000000000000000000, 0.000000000000000000 ) ) ;
#3804 = FACE_OUTER_BOUND ( 'NONE', #1150, .T. ) ;
#3805 = ORIENTED_EDGE ( 'NONE', *, *, #3851, .F. ) ;
#3806 = FACE_OUTER_BOUND ( 'NONE', #7213, .T. ) ;
#3807 = DIRECTION ( 'NONE',  ( 1.000000000000000000, 0.000000000000000000, 0.000000000000000000 ) ) ;
#3808 = UNCERTAINTY_MEASURE_WITH_UNIT (LENGTH_MEASURE( 1.000000000000000082E-05 ), #10755, 'distance_accuracy_value', 'NONE');
#3809 = ORIENTED_EDGE ( 'NONE', *, *, #3922, .F. ) ;
#3810 = ORIENTED_EDGE ( 'NONE', *, *, #843, .F. ) ;
#3811 = AXIS2_PLACEMENT_3D ( 'NONE', #9042, #9270, #7512 ) ;
#3812 = AXIS2_PLACEMENT_3D ( 'NONE', #7289, #3741, #5600 ) ;
#3813 = DIRECTION ( 'NONE',  ( 0.000000000000000000, 1.000000000000000000, 0.000000000000000000 ) ) ;
#3814 = DIRECTION ( 'NONE',  ( 1.000000000000000000, 0.000000000000000000, 2.602085213965210149E-16 ) ) ;
#3815 =( GEOMETRIC_REPRESENTATION_CONTEXT ( 3 ) GLOBAL_UNCERTAINTY_ASSIGNED_CONTEXT ( ( #2362 ) ) GLOBAL_UNIT_ASSIGNED_CONTEXT ( ( #4512, #107, #6094 ) ) REPRESENTATION_CONTEXT ( 'NONE', 'WORKASPACE' ) );
#3816 = EDGE_CURVE ( 'NONE', #709, #3273, #4416, .T. ) ;
#3817 = AXIS2_PLACEMENT_3D ( 'NONE', #3633, #6899, #46 ) ;
#3818 = CARTESIAN_POINT ( 'NONE',  ( 69.07332122148433484, 0.000000000000000000, -119.1878866990734736 ) ) ;
#3819 = CARTESIAN_POINT ( 'NONE',  ( 25.00000000000000000, 9.500000000000010658, 0.000000000000000000 ) ) ;
#3820 = ORIENTED_EDGE ( 'NONE', *, *, #3497, .F. ) ;
#3821 = CARTESIAN_POINT ( 'NONE',  ( -39.56980515339470372, -90.96194077712557657, -32.99999999999999289 ) ) ;
#3822 = FACE_OUTER_BOUND ( 'NONE', #4189, .T. ) ;
#3823 = CIRCLE ( 'NONE', #4517, 9.999999999999994671 ) ;
#3824 = CARTESIAN_POINT ( 'NONE',  ( 26.31344247896045374, 14.67986544671986238, -28.54374205374393725 ) ) ;
#3825 = CARTESIAN_POINT ( 'NONE',  ( 14.99999999999999822, 12.50000000000000000, 20.00000000000000000 ) ) ;
#3826 = EDGE_LOOP ( 'NONE', ( #1128, #10799 ) ) ;
#3827 = CARTESIAN_POINT ( 'NONE',  ( 15.50000000000000000, 83.40000000000000568, -2.500000000000000000 ) ) ;
#3828 = VECTOR ( 'NONE', #2236, 1000.000000000000000 ) ;
#3829 = EDGE_CURVE ( 'NONE', #4412, #3908, #124, .T. ) ;
#3830 = CARTESIAN_POINT ( 'NONE',  ( 2.500000000000000000, 3.000000000000000000, 0.5000000000000000000 ) ) ;
#3831 = LINE ( 'NONE', #7157, #1696 ) ;
#3832 = CARTESIAN_POINT ( 'NONE',  ( 74.99999999999998579, 0.000000000000000000, -75.00000000000000000 ) ) ;
#3833 = VERTEX_POINT ( 'NONE', #9232 ) ;
#3834 = DIRECTION ( 'NONE',  ( -1.700709290173340409E-17, 0.000000000000000000, -1.000000000000000000 ) ) ;
#3835 = VERTEX_POINT ( 'NONE', #854 ) ;
#3836 = VERTEX_POINT ( 'NONE', #1022 ) ;
#3837 = DIRECTION ( 'NONE',  ( -0.000000000000000000, 0.000000000000000000, 1.000000000000000000 ) ) ;
#3838 = VERTEX_POINT ( 'NONE', #2612 ) ;
#3839 = VERTEX_POINT ( 'NONE', #1780 ) ;
#3840 = CARTESIAN_POINT ( 'NONE',  ( 25.00000000000000000, 9.000000000000000000, 2.249999999999999112 ) ) ;
#3841 = VECTOR ( 'NONE', #10705, 1000.000000000000227 ) ;
#3842 = CARTESIAN_POINT ( 'NONE',  ( -2.500000000000000000, 70.90000000000000568, 0.000000000000000000 ) ) ;
#3843 =( NAMED_UNIT ( * ) PLANE_ANGLE_UNIT ( ) SI_UNIT ( $, .RADIAN. ) );
#3844 = DIRECTION ( 'NONE',  ( 0.7147181510295885776, 0.000000000000000000, 0.6994125853806507642 ) ) ;
#3845 = CARTESIAN_POINT ( 'NONE',  ( 15.50000000000000000, 8.500000000000000000, 5.999999999999999112 ) ) ;
#3846 = ORIENTED_EDGE ( 'NONE', *, *, #3454, .T. ) ;
#3847 = ITEM_DEFINED_TRANSFORMATION ( 'NONE', 'NONE', #8349,  #9029 ) ;
#3848 =( NAMED_UNIT ( * ) PLANE_ANGLE_UNIT ( ) SI_UNIT ( $, .RADIAN. ) );
#3849 = ORIENTED_EDGE ( 'NONE', *, *, #10690, .F. ) ;
#3850 = ORIENTED_EDGE ( 'NONE', *, *, #6101, .T. ) ;
#3851 = EDGE_CURVE ( 'NONE', #3214, #3659, #228, .T. ) ;
#3852 = FACE_OUTER_BOUND ( 'NONE', #6461, .T. ) ;
#3853 = DIRECTION ( 'NONE',  ( -0.000000000000000000, -1.000000000000000000, -0.000000000000000000 ) ) ;
#3854 = DIRECTION ( 'NONE',  ( 1.734723475976807094E-16, -1.000000000000000000, 0.000000000000000000 ) ) ;
#3855 = VERTEX_POINT ( 'NONE', #7691 ) ;
#3856 = CARTESIAN_POINT ( 'NONE',  ( -3.112489182934855769, 68.03777061876971288, -2.500000000000000444 ) ) ;
#3857 = ORIENTED_EDGE ( 'NONE', *, *, #4816, .F. ) ;
#3858 = ORIENTED_EDGE ( 'NONE', *, *, #7903, .T. ) ;
#3859 = LINE ( 'NONE', #8727, #7766 ) ;
#3860 =( REPRESENTATION_RELATIONSHIP ('NONE','NONE', #1790, #665 ) REPRESENTATION_RELATIONSHIP_WITH_TRANSFORMATION ( #2464 )SHAPE_REPRESENTATION_RELATIONSHIP( ) );
#3861 = EDGE_CURVE ( 'NONE', #8722, #3215, #4308, .T. ) ;
#3862 = CARTESIAN_POINT ( 'NONE',  ( 2.500000000000000000, 70.90000000000000568, 0.5000000000000000000 ) ) ;
#3863 = PLANE ( 'NONE',  #8460 ) ;
#3864 = DIRECTION ( 'NONE',  ( 0.000000000000000000, 1.000000000000000000, 0.000000000000000000 ) ) ;
#3865 = ORIENTED_EDGE ( 'NONE', *, *, #7382, .T. ) ;
#3866 = DIRECTION ( 'NONE',  ( 0.000000000000000000, -0.000000000000000000, 1.000000000000000000 ) ) ;
#3867 = DIRECTION ( 'NONE',  ( 0.000000000000000000, 1.000000000000000000, 0.000000000000000000 ) ) ;
#3868 = ADVANCED_FACE ( 'NONE', ( #8454 ), #8355, .T. ) ;
#3869 = CARTESIAN_POINT ( 'NONE',  ( -5.204170427930421283E-15, 9.999999999999998224, -11.00000000000000000 ) ) ;
#3870 = DIRECTION ( 'NONE',  ( -1.387778780781445676E-16, 1.000000000000000000, 0.000000000000000000 ) ) ;
#3871 = FACE_OUTER_BOUND ( 'NONE', #4304, .T. ) ;
#3872 = VERTEX_POINT ( 'NONE', #5242 ) ;
#3873 = EDGE_CURVE ( 'NONE', #7017, #1508, #956, .T. ) ;
#3874 = EDGE_CURVE ( 'NONE', #5520, #4695, #1947, .T. ) ;
#3875 = LINE ( 'NONE', #1452, #6634 ) ;
#3876 = FACE_BOUND ( 'NONE', #8703, .T. ) ;
#3877 = DIRECTION ( 'NONE',  ( -1.000000000000000000, 0.000000000000000000, 0.000000000000000000 ) ) ;
#3878 = DIRECTION ( 'NONE',  ( -0.000000000000000000, -1.000000000000000000, -0.000000000000000000 ) ) ;
#3879 = EDGE_LOOP ( 'NONE', ( #1425, #5716, #2503, #3272, #6410, #2413 ) ) ;
#3880 = DIRECTION ( 'NONE',  ( 0.000000000000000000, 0.000000000000000000, 1.000000000000000000 ) ) ;
#3881 = ORIENTED_EDGE ( 'NONE', *, *, #9133, .T. ) ;
#3882 = FACE_OUTER_BOUND ( 'NONE', #7621, .T. ) ;
#3883 = VERTEX_POINT ( 'NONE', #2776 ) ;
#3884 = ORIENTED_EDGE ( 'NONE', *, *, #3829, .T. ) ;
#3885 = EDGE_CURVE ( 'NONE', #2134, #9801, #4200, .T. ) ;
#3886 = DIRECTION ( 'NONE',  ( -0.000000000000000000, -1.000000000000000000, -0.000000000000000000 ) ) ;
#3887 = EDGE_CURVE ( 'NONE', #1485, #5355, #6816, .T. ) ;
#3888 = CARTESIAN_POINT ( 'NONE',  ( 0.000000000000000000, 18.00000000000000000, -2.250000000000000000 ) ) ;
#3889 = SURFACE_STYLE_FILL_AREA ( #9846 ) ;
#3890 = CARTESIAN_POINT ( 'NONE',  ( 85.36863799491800364, 10.00000000000000000, -99.02829855763729938 ) ) ;
#3891 = CARTESIAN_POINT ( 'NONE',  ( 4.999999999999999112, 67.90000000000000568, 22.50000000000000000 ) ) ;
#3892 = ORIENTED_EDGE ( 'NONE', *, *, #1127, .F. ) ;
#3893 = APPLICATION_PROTOCOL_DEFINITION ( 'draft international standard', 'automotive_design', 1998, #7202 ) ;
#3894 = LINE ( 'NONE', #5431, #127 ) ;
#3895 = EDGE_LOOP ( 'NONE', ( #79, #3463, #1970, #7758 ) ) ;
#3896 = ORIENTED_EDGE ( 'NONE', *, *, #4381, .F. ) ;
#3897 = EDGE_CURVE ( 'NONE', #6096, #8593, #8405, .T. ) ;
#3898 = VECTOR ( 'NONE', #3518, 1000.000000000000000 ) ;
#3899 = EDGE_CURVE ( 'NONE', #7066, #4086, #5074, .T. ) ;
#3900 = EDGE_CURVE ( 'NONE', #6703, #5554, #7593, .T. ) ;
#3901 = AXIS2_PLACEMENT_3D ( 'NONE', #5740, #4924, #8316 ) ;
#3902 = DIRECTION ( 'NONE',  ( -1.000000000000000000, 0.000000000000000000, 1.700709290173340409E-17 ) ) ;
#3903 = DIRECTION ( 'NONE',  ( -0.8337546385222526224, 0.000000000000000000, 0.5521351308716263562 ) ) ;
#3904 = VERTEX_POINT ( 'NONE', #3750 ) ;
#3905 = CARTESIAN_POINT ( 'NONE',  ( -34.74873734152924243, -98.03300858899105208, -33.00000000000002132 ) ) ;
#3906 = UNCERTAINTY_MEASURE_WITH_UNIT (LENGTH_MEASURE( 1.000000000000000082E-05 ), #5665, 'distance_accuracy_value', 'NONE');
#3907 = ORIENTED_EDGE ( 'NONE', *, *, #7647, .F. ) ;
#3908 = VERTEX_POINT ( 'NONE', #5493 ) ;
#3909 = CARTESIAN_POINT ( 'NONE',  ( -4.978593902481657452, 0.3058064118600897774, -0.8310871186964501334 ) ) ;
#3910 = CIRCLE ( 'NONE', #8628, 7.000000000000006217 ) ;
#3911 = CARTESIAN_POINT ( 'NONE',  ( 4.999999999999999112, 80.40000000000000568, 22.50000000000000000 ) ) ;
#3912 = DIRECTION ( 'NONE',  ( 1.264933817329266432E-17, 0.000000000000000000, -1.000000000000000000 ) ) ;
#3913 = CARTESIAN_POINT ( 'NONE',  ( 25.00000000000000000, 9.500000000000010658, 10.00000000000000000 ) ) ;
#3914 = AXIS2_PLACEMENT_3D ( 'NONE', #9346, #1956, #188 ) ;
#3915 = ORIENTED_EDGE ( 'NONE', *, *, #10816, .T. ) ;
#3916 = FACE_BOUND ( 'NONE', #4278, .T. ) ;
#3917 = EDGE_CURVE ( 'NONE', #1846, #4412, #8989, .T. ) ;
#3918 = LINE ( 'NONE', #8783, #1171 ) ;
#3919 = CIRCLE ( 'NONE', #1824, 2.249999999999998668 ) ;
#3920 = SURFACE_STYLE_USAGE ( .BOTH. , #836 ) ;
#3921 = CARTESIAN_POINT ( 'NONE',  ( 85.36863799491800364, 95.00000000000000000, -96.77829855763729938 ) ) ;#3922 = EDGE_CURVE ( 'NONE', #4685, #2744, #10394, .T. ) ;
#3923 = FACE_OUTER_BOUND ( 'NONE', #3649, .T. ) ;
#3924 = VERTEX_POINT ( 'NONE', #10364 ) ;
#3925 = AXIS2_PLACEMENT_3D ( 'NONE', #9951, #10703, #8292 ) ;
#3926 = VECTOR ( 'NONE', #2585, 1000.000000000000000 ) ;
#3927 = DIRECTION ( 'NONE',  ( -1.000000000000000000, 0.000000000000000000, 1.700709290173340409E-17 ) ) ;
#3928 = CARTESIAN_POINT ( 'NONE',  ( 7.499999999999998224, 18.00000000000000000, -79.08229419209513367 ) ) ;
#3929 = CYLINDRICAL_SURFACE ( 'NONE', #455, 2.250000000000001776 ) ;
#3930 = CARTESIAN_POINT ( 'NONE',  ( 5.000000000000000000, 67.40000000000000568, 17.00000000000000000 ) ) ;
#3931 = EDGE_LOOP ( 'NONE', ( #2472, #4466, #6144, #278 ) ) ;
#3932 = AXIS2_PLACEMENT_3D ( 'NONE', #2935, #9618, #5445 ) ;
#3933 = VECTOR ( 'NONE', #1202, 1000.000000000000114 ) ;
#3934 = DIRECTION ( 'NONE',  ( 0.9386673526265887357, -0.000000000000000000, -0.3448240146987898713 ) ) ;
#3935 = ORIENTED_EDGE ( 'NONE', *, *, #8149, .T. ) ;
#3936 = AXIS2_PLACEMENT_3D ( 'NONE', #5316, #8600, #10303 ) ;
#3937 = CARTESIAN_POINT ( 'NONE',  ( 0.000000000000000000, 200.0000000000000000, -2.999999999999999556 ) ) ;
#3938 = EDGE_CURVE ( 'NONE', #7956, #6989, #5396, .T. ) ;
#3939 = ORIENTED_EDGE ( 'NONE', *, *, #6100, .T. ) ;
#3940 = ORIENTED_EDGE ( 'NONE', *, *, #8359, .T. ) ;
#3941 = PRODUCT_DEFINITION ( 'UNKNOWN', '', #10619, #2257 ) ;
#3942 = CARTESIAN_POINT ( 'NONE',  ( 1.071565949253934321E-15, 50.00000000000001421, -8.750000000000001776 ) ) ;
#3943 = CIRCLE ( 'NONE', #2356, 2.250000000000001776 ) ;
#3944 = CARTESIAN_POINT ( 'NONE',  ( 15.34277666215089475, -9.500000000000001776, 25.50000000000000000 ) ) ;
#3945 = VECTOR ( 'NONE', #5853, 1000.000000000000000 ) ;
#3946 = AXIS2_PLACEMENT_3D ( 'NONE', #8186, #4028, #7147 ) ;
#3947 = CARTESIAN_POINT ( 'NONE',  ( -25.00000000000000000, 9.500000000000001776, 10.00000000000000000 ) ) ;
#3948 = EDGE_CURVE ( 'NONE', #8593, #7332, #6157, .T. ) ;
#3949 = LINE ( 'NONE', #5760, #9045 ) ;
#3950 = DIRECTION ( 'NONE',  ( 1.734723475976807094E-16, -1.000000000000000000, 0.000000000000000000 ) ) ;
#3951 = VERTEX_POINT ( 'NONE', #4626 ) ;
#3952 = ORIENTED_EDGE ( 'NONE', *, *, #10668, .T. ) ;
#3953 = LINE ( 'NONE', #7282, #1713 ) ;
#3954 = ORIENTED_EDGE ( 'NONE', *, *, #3873, .F. ) ;
#3955 = ORIENTED_EDGE ( 'NONE', *, *, #5291, .T. ) ;
#3956 = VECTOR ( 'NONE', #3634, 1000.000000000000000 ) ;
#3957 = AXIS2_PLACEMENT_3D ( 'NONE', #9420, #5360, #3556 ) ;
#3958 = AXIS2_PLACEMENT_3D ( 'NONE', #924, #2634, #9304 ) ;
#3959 = EDGE_CURVE ( 'NONE', #989, #7426, #2110, .T. ) ;
#3960 = VERTEX_POINT ( 'NONE', #6317 ) ;
#3961 = VECTOR ( 'NONE', #8538, 1000.000000000000000 ) ;
#3962 = LINE ( 'NONE', #5484, #4281 ) ;
#3963 = PLANE ( 'NONE',  #3812 ) ;
#3964 = DIRECTION ( 'NONE',  ( -1.000000000000000000, 0.000000000000000000, 1.700709290173340409E-17 ) ) ;
#3965 = AXIS2_PLACEMENT_3D ( 'NONE', #3452, #2572, #9251 ) ;
#3966 = EDGE_LOOP ( 'NONE', ( #7199, #8913, #3680, #4620, #3846, #3756, #7113, #6106 ) ) ;
#3967 = VERTEX_POINT ( 'NONE', #3652 ) ;
#3968 = VERTEX_POINT ( 'NONE', #2988 ) ;
#3969 = CARTESIAN_POINT ( 'NONE',  ( 58.67999999999999972, 5.000000000000000000, 0.000000000000000000 ) ) ;
#3970 = VECTOR ( 'NONE', #10485, 1000.000000000000000 ) ;
#3971 = DIRECTION ( 'NONE',  ( -1.000000000000000000, 0.000000000000000000, 0.000000000000000000 ) ) ;
#3972 = ADVANCED_FACE ( 'NONE', ( #2826 ), #9661, .F. ) ;
#3973 = CARTESIAN_POINT ( 'NONE',  ( -23.34636207545350572, -86.63063332291532959, 15.00000000000001421 ) ) ;
#3974 = DIRECTION ( 'NONE',  ( -1.000000000000000000, 0.000000000000000000, 0.000000000000000000 ) ) ;
#3975 = ORIENTED_EDGE ( 'NONE', *, *, #4824, .F. ) ;
#3976 = DIRECTION ( 'NONE',  ( 0.000000000000000000, -1.000000000000000000, 0.000000000000000000 ) ) ;
#3978 = AXIS2_PLACEMENT_3D ( 'NONE', #7565, #4853, #1666 ) ;
#3977 = DIRECTION ( 'NONE',  ( 0.000000000000000000, 0.000000000000000000, 1.000000000000000000 ) ) ;
#3979 = DIRECTION ( 'NONE',  ( -0.000000000000000000, -1.000000000000000000, -0.000000000000000000 ) ) ;
#3980 = CARTESIAN_POINT ( 'NONE',  ( -44.06980515339471083, -90.96194077712557657, -32.99999999999999289 ) ) ;
#3981 = DIRECTION ( 'NONE',  ( 1.000000000000000000, 0.000000000000000000, 0.000000000000000000 ) ) ;
#3982 = ORIENTED_EDGE ( 'NONE', *, *, #5419, .F. ) ;
#3983 = VECTOR ( 'NONE', #1487, 1000.000000000000000 ) ;
#3984 = FACE_OUTER_BOUND ( 'NONE', #4984, .T. ) ;
#3985 = ADVANCED_FACE ( 'NONE', ( #1120 ), #349, .F. ) ;
#3986 = STYLED_ITEM ( 'NONE', ( #4209 ), #2366 ) ;
#3987 = DIRECTION ( 'NONE',  ( -0.000000000000000000, -0.000000000000000000, 1.000000000000000000 ) ) ;
#3988 = CARTESIAN_POINT ( 'NONE',  ( -24.99999999999999645, -10.49999999999999822, 10.00000000000000000 ) ) ;
#3989 = AXIS2_PLACEMENT_3D ( 'NONE', #10464, #4932, #1539 ) ;
#3990 = PLANE ( 'NONE',  #962 ) ;
#3991 = ORIENTED_EDGE ( 'NONE', *, *, #3146, .T. ) ;
#3992 = CARTESIAN_POINT ( 'NONE',  ( -64.99999999999980105, 9.999999999999994671, -120.2793298308826877 ) ) ;
#3993 = DIRECTION ( 'NONE',  ( -0.000000000000000000, 1.000000000000000000, -0.000000000000000000 ) ) ;
#3994 = CARTESIAN_POINT ( 'NONE',  ( 94.00000000000001421, 95.00000000000000000, -104.7964619962940844 ) ) ;
#3995 = ORIENTED_EDGE ( 'NONE', *, *, #4148, .F. ) ;
#3996 = ORIENTED_EDGE ( 'NONE', *, *, #6412, .F. ) ;
#3997 = CARTESIAN_POINT ( 'NONE',  ( 35.00000000000000000, 9.500000000000012434, 20.00000000000000000 ) ) ;
#3998 = AXIS2_PLACEMENT_3D ( 'NONE', #10146, #1167, #4351 ) ;
#3999 = VECTOR ( 'NONE', #1151, 1000.000000000000000 ) ;
#4000 = DIRECTION ( 'NONE',  ( 0.000000000000000000, 0.000000000000000000, -1.000000000000000000 ) ) ;
#4001 = CARTESIAN_POINT ( 'NONE',  ( -5.204170427930421283E-15, 9.999999999999998224, 5.000000000000000000 ) ) ;
#4002 = ADVANCED_FACE ( 'NONE', ( #9555 ), #2058, .T. ) ;
#4003 = CARTESIAN_POINT ( 'NONE',  ( 0.000000000000000000, 50.00000000000001421, 8.750000000000001776 ) ) ;
#4004 = CARTESIAN_POINT ( 'NONE',  ( 4.999999999999989342, 18.00000000000000000, -100.0000000000000000 ) ) ;
#4005 = CIRCLE ( 'NONE', #10812, 2.250000000000002220 ) ;
#4006 = ORIENTED_EDGE ( 'NONE', *, *, #2240, .T. ) ;
#4007 = EDGE_LOOP ( 'NONE', ( #450, #5711, #4185, #5119 ) ) ;
#4008 = CONTEXT_DEPENDENT_SHAPE_REPRESENTATION ( #3860, #8518 ) ;
#4009 = CARTESIAN_POINT ( 'NONE',  ( -24.99999999999999289, -3.469446951953614189E-15, 10.00000000000000000 ) ) ;
#4010 = ORIENTED_EDGE ( 'NONE', *, *, #8138, .F. ) ;
#4011 = ORIENTED_EDGE ( 'NONE', *, *, #3899, .T. ) ;
#4012 = EDGE_CURVE ( 'NONE', #6836, #1983, #2349, .T. ) ;
#4013 = ORIENTED_EDGE ( 'NONE', *, *, #7977, .F. ) ;
#4014 = CARTESIAN_POINT ( 'NONE',  ( 0.000000000000000000, 47.50000000000000000, -42.59593772390965682 ) ) ;
#4015 = DIRECTION ( 'NONE',  ( 1.846235724462872282E-15, 1.623211227490741118E-15, -1.000000000000000000 ) ) ;
#4016 = CARTESIAN_POINT ( 'NONE',  ( 15.50000000000000000, 62.40000000000000568, 17.00000000000000000 ) ) ;
#4017 = ORIENTED_EDGE ( 'NONE', *, *, #818, .F. ) ;
#4018 = DIRECTION ( 'NONE',  ( -2.187217985081374959E-05, 3.295734897466840793E-21, 0.9999999997608038926 ) ) ;
#4019 = UNCERTAINTY_MEASURE_WITH_UNIT (LENGTH_MEASURE( 1.000000000000000082E-05 ), #9221, 'distance_accuracy_value', 'NONE');
#4020 = VERTEX_POINT ( 'NONE', #8676 ) ;
#4021 = ORIENTED_EDGE ( 'NONE', *, *, #6812, .T. ) ;
#4022 = FACE_OUTER_BOUND ( 'NONE', #8072, .T. ) ;
#4023 = EDGE_CURVE ( 'NONE', #6920, #687, #9699, .T. ) ;
#4024 = EDGE_CURVE ( 'NONE', #5259, #4202, #3859, .T. ) ;
#4025 = CARTESIAN_POINT ( 'NONE',  ( -10.00000000000000000, -10.00000000000000178, -11.00000000000000000 ) ) ;
#4026 = DIRECTION ( 'NONE',  ( -0.000000000000000000, 1.000000000000000000, -0.000000000000000000 ) ) ;
#4027 = ORIENTED_EDGE ( 'NONE', *, *, #9432, .T. ) ;
#4028 = DIRECTION ( 'NONE',  ( -0.5000000000000009992, 0.000000000000000000, 0.8660254037844381525 ) ) ;
#4029 = CARTESIAN_POINT ( 'NONE',  ( 15.50000000000000000, 83.40000000000000568, 22.50000000000000000 ) ) ;
#4030 = ORIENTED_EDGE ( 'NONE', *, *, #9166, .T. ) ;
#4031 = CARTESIAN_POINT ( 'NONE',  ( -85.36863799491800364, 0.000000000000000000, -96.77829855763729938 ) ) ;
#4032 =( BOUNDED_CURVE ( )  B_SPLINE_CURVE ( 3, ( #4509, #8711, #10401, #2036 ),
 .UNSPECIFIED., .F., .F. ) 
 B_SPLINE_CURVE_WITH_KNOTS ( ( 4, 4 ),
 ( 4.712388980384689674, 6.283185307179586232 ),
 .UNSPECIFIED. ) 
 CURVE ( )  GEOMETRIC_REPRESENTATION_ITEM ( )  RATIONAL_B_SPLINE_CURVE ( ( 1.000000000000000000, 0.8047378541243649375, 0.8047378541243649375, 1.000000000000000000 ) ) 
 REPRESENTATION_ITEM ( '' )  );
#4033 = FACE_OUTER_BOUND ( 'NONE', #5393, .T. ) ;
#4034 = ORIENTED_EDGE ( 'NONE', *, *, #3610, .F. ) ;
#4035 = VECTOR ( 'NONE', #689, 999.9999999999998863 ) ;
#4036 = EDGE_CURVE ( 'NONE', #8427, #10681, #6271, .T. ) ;
#4037 = LINE ( 'NONE', #1515, #500 ) ;
#4038 = DIRECTION ( 'NONE',  ( -0.000000000000000000, -1.000000000000000000, -0.000000000000000000 ) ) ;
#4039 = ADVANCED_FACE ( 'NONE', ( #4578, #6366 ), #5338, .F. ) ;
#4040 = CYLINDRICAL_SURFACE ( 'NONE', #4144, 2.249999999999998668 ) ;
#4041 = DIRECTION ( 'NONE',  ( -1.734723475976807094E-16, 1.000000000000000000, 0.000000000000000000 ) ) ;
#4042 = ORIENTED_EDGE ( 'NONE', *, *, #953, .F. ) ;
#4043 = LINE ( 'NONE', #7831, #4645 ) ;
#4044 = CARTESIAN_POINT ( 'NONE',  ( -59.14441049068477696, 0.000000000000000000, -90.27932983088280139 ) ) ;
#4045 = CARTESIAN_POINT ( 'NONE',  ( 0.000000000000000000, 0.000000000000000000, -2.250000000000000000 ) ) ;
#4046 = ORIENTED_EDGE ( 'NONE', *, *, #7334, .F. ) ;
#4047 = VERTEX_POINT ( 'NONE', #4527 ) ;
#4048 = CARTESIAN_POINT ( 'NONE',  ( -24.99999999999999289, -3.469446951953614189E-15, 10.00000000000000000 ) ) ;
#4049 = ADVANCED_FACE ( 'NONE', ( #3700 ), #1230, .F. ) ;
#4050 = PRODUCT ( 'Actuation_Link_Spacer_Sleeve', 'Actuation_Link_Spacer_Sleeve', '', ( #6850 ) ) ;
#4051 = FACE_OUTER_BOUND ( 'NONE', #7137, .T. ) ;
#4052 = DIRECTION ( 'NONE',  ( -1.734723475976805517E-15, 0.000000000000000000, 1.000000000000000000 ) ) ;
#4053 = LINE ( 'NONE', #9798, #2746 ) ;
#4054 = LINE ( 'NONE', #3285, #6924 ) ;
#4055 = EDGE_LOOP ( 'NONE', ( #7136, #6701, #10350, #9382 ) ) ;
#4056 = ORIENTED_EDGE ( 'NONE', *, *, #1450, .F. ) ;
#4057 = CONTEXT_DEPENDENT_SHAPE_REPRESENTATION ( #3299, #1695 ) ;
#4058 = EDGE_CURVE ( 'NONE', #3, #7500, #6113, .T. ) ;
#4059 = CARTESIAN_POINT ( 'NONE',  ( 15.43487596114133176, -11.25735931288070901, -2.500000000000000000 ) ) ;
#4060 = ORIENTED_EDGE ( 'NONE', *, *, #7647, .T. ) ;
#4061 = ORIENTED_EDGE ( 'NONE', *, *, #6050, .T. ) ;
#4062 = ORIENTED_EDGE ( 'NONE', *, *, #1356, .F. ) ;
#4063 =( REPRESENTATION_RELATIONSHIP ('NONE','NONE', #1790, #8918 ) REPRESENTATION_RELATIONSHIP_WITH_TRANSFORMATION ( #598 )SHAPE_REPRESENTATION_RELATIONSHIP( ) );
#4064 = DIRECTION ( 'NONE',  ( 1.000000000000000000, 0.000000000000000000, 0.000000000000000000 ) ) ;
#4065 = DIRECTION ( 'NONE',  ( -1.000000000000000000, 0.000000000000000000, 3.469446951953613696E-16 ) ) ;
#4066 = CARTESIAN_POINT ( 'NONE',  ( -27.25000000000000000, 5.500000000000001776, 10.00000000000000000 ) ) ;
#4067 = VERTEX_POINT ( 'NONE', #10744 ) ;
#4068 = DIRECTION ( 'NONE',  ( 0.000000000000000000, 0.000000000000000000, 1.000000000000000000 ) ) ;
#4069 = VERTEX_POINT ( 'NONE', #7346 ) ;
#4070 = ORIENTED_EDGE ( 'NONE', *, *, #5357, .F. ) ;
#4071 = CARTESIAN_POINT ( 'NONE',  ( 25.00000000000000000, 9.500000000000008882, 10.00000000000000000 ) ) ;
#4072 = EDGE_CURVE ( 'NONE', #4277, #2977, #2524, .T. ) ;
#4073 = EDGE_CURVE ( 'NONE', #5525, #1428, #557, .T. ) ;
#4074 = STYLED_ITEM ( 'NONE', ( #430 ), #6008 ) ;
#4075 = DIRECTION ( 'NONE',  ( -1.000000000000000000, -1.734723475976807094E-16, 0.000000000000000000 ) ) ;
#4076 = DIRECTION ( 'NONE',  ( -1.734723475976807094E-16, 1.000000000000000000, 0.000000000000000000 ) ) ;
#4077 = DIRECTION ( 'NONE',  ( 0.000000000000000000, 0.000000000000000000, 1.000000000000000000 ) ) ;
#4078 = FACE_OUTER_BOUND ( 'NONE', #6329, .T. ) ;
#4079 = EDGE_CURVE ( 'NONE', #6863, #6749, #5164, .T. ) ;
#4080 = ORIENTED_EDGE ( 'NONE', *, *, #517, .F. ) ;
#4081 = DIRECTION ( 'NONE',  ( 0.000000000000000000, -1.000000000000000000, -3.122048140665065957E-17 ) ) ;
#4082 = EDGE_CURVE ( 'NONE', #2743, #2861, #9181, .T. ) ;
#4083 = ORIENTED_EDGE ( 'NONE', *, *, #721, .F. ) ;
#4084 = DIRECTION ( 'NONE',  ( 0.000000000000000000, 0.000000000000000000, -1.000000000000000000 ) ) ;
#4085 = FACE_OUTER_BOUND ( 'NONE', #10701, .T. ) ;
#4086 = VERTEX_POINT ( 'NONE', #8119 ) ;
#4087 = DIRECTION ( 'NONE',  ( -1.734723475976807094E-16, 1.000000000000000000, 0.000000000000000000 ) ) ;
#4088 = AXIS2_PLACEMENT_3D ( 'NONE', #9175, #5743, #1680 ) ;
#4089 = DIRECTION ( 'NONE',  ( 0.000000000000000000, 0.000000000000000000, -1.000000000000000000 ) ) ;
#4090 = CYLINDRICAL_SURFACE ( 'NONE', #9386, 1.500000000000000000 ) ;
#4091 = DIRECTION ( 'NONE',  ( 0.000000000000000000, -1.000000000000000000, 0.000000000000000000 ) ) ;
#4092 = DIRECTION ( 'NONE',  ( -1.734723475976807094E-16, 1.000000000000000000, 0.000000000000000000 ) ) ;
#4093 = EDGE_CURVE ( 'NONE', #2978, #5480, #8479, .T. ) ;
#4094 = FACE_OUTER_BOUND ( 'NONE', #2296, .T. ) ;
#4095 = DIRECTION ( 'NONE',  ( 1.000000000000000000, 1.734723475976807094E-16, 0.000000000000000000 ) ) ;
#4096 = ORIENTED_EDGE ( 'NONE', *, *, #7849, .T. ) ;
#4097 = ORIENTED_EDGE ( 'NONE', *, *, #6765, .T. ) ;
#4098 = DIRECTION ( 'NONE',  ( 1.000000000000000000, -0.000000000000000000, -0.000000000000000000 ) ) ;
#4099 = AXIS2_PLACEMENT_3D ( 'NONE', #9220, #4193, #10101 ) ;
#4100 = EDGE_CURVE ( 'NONE', #4086, #543, #8276, .T. ) ;
#4101 = DIRECTION ( 'NONE',  ( 0.000000000000000000, 0.000000000000000000, 1.000000000000000000 ) ) ;
#4102 = VECTOR ( 'NONE', #3363, 1000.000000000000000 ) ;
#4103 = VECTOR ( 'NONE', #5460, 1000.000000000000000 ) ;
#4104 = DIRECTION ( 'NONE',  ( -1.700709290173340409E-17, 0.000000000000000000, -1.000000000000000000 ) ) ;
#4105 = CARTESIAN_POINT ( 'NONE',  ( -41.81980515339470372, -90.96194077712557657, -32.99999999999999289 ) ) ;
#4106 = CARTESIAN_POINT ( 'NONE',  ( -23.33682390399132700, 18.00000000000000000, -1.703843954410612094 ) ) ;
#4107 = ORIENTED_EDGE ( 'NONE', *, *, #9467, .F. ) ;
#4108 = ORIENTED_EDGE ( 'NONE', *, *, #1590, .T. ) ;
#4109 = CONTEXT_DEPENDENT_SHAPE_REPRESENTATION ( #9093, #2570 ) ;
#4110 = CARTESIAN_POINT ( 'NONE',  ( 2.500000000000000000, 0.000000000000000000, 0.000000000000000000 ) ) ;
#4111 = VERTEX_POINT ( 'NONE', #3245 ) ;
#4112 = VERTEX_POINT ( 'NONE', #9102 ) ;
#4113 = EDGE_CURVE ( 'NONE', #6863, #3339, #6587, .T. ) ;
#4114 = AXIS2_PLACEMENT_3D ( 'NONE', #6700, #9107, #726 ) ;
#4115 = AXIS2_PLACEMENT_3D ( 'NONE', #10504, #8608, #1170 ) ;
#4116 = AXIS2_PLACEMENT_3D ( 'NONE', #10122, #2623, #1573 ) ;
#4117 = CARTESIAN_POINT ( 'NONE',  ( 85.36863799491800364, 10.00000000000000000, -96.77829855763729938 ) ) ;
#4118 = EDGE_LOOP ( 'NONE', ( #2485, #7603, #4861, #8682, #5645, #2837, #6947, #5368, #8031, #3775, #8823, #7173 ) ) ;
#4119 = DIRECTION ( 'NONE',  ( 0.000000000000000000, 1.000000000000000000, 0.000000000000000000 ) ) ;
#4120 = LINE ( 'NONE', #4183, #5036 ) ;
#4121 = VECTOR ( 'NONE', #9539, 1000.000000000000000 ) ;
#4122 = CARTESIAN_POINT ( 'NONE',  ( -3.391807012330693372, -48.66918367361086695, 5.000000000000000888 ) ) ;
#4123 = VECTOR ( 'NONE', #3503, 1000.000000000000000 ) ;
#4124 = ORIENTED_EDGE ( 'NONE', *, *, #8850, .T. ) ;
#4125 = DIRECTION ( 'NONE',  ( 0.9771454807441555257, 2.081668171172167897E-17, -0.2125716572388548498 ) ) ;
#4126 = VECTOR ( 'NONE', #10264, 1000.000000000000000 ) ;
#4127 = PRODUCT_DEFINITION_CONTEXT ( 'detailed design', #2172, 'design' ) ;
#4128 = ORIENTED_EDGE ( 'NONE', *, *, #5505, .F. ) ;
#4129 = VERTEX_POINT ( 'NONE', #5778 ) ;
#4130 = CARTESIAN_POINT ( 'NONE',  ( 15.00000000000000178, -9.499999999999994671, 0.000000000000000000 ) ) ;
#4131 = VECTOR ( 'NONE', #9193, 1000.000000000000000 ) ;
#4132 = VECTOR ( 'NONE', #2091, 1000.000000000000000 ) ;
#4133 = FACE_OUTER_BOUND ( 'NONE', #5992, .T. ) ;
#4134 = FACE_OUTER_BOUND ( 'NONE', #644, .T. ) ;
#4135 = PRODUCT_DEFINITION ( 'UNKNOWN', '', #2235, #4127 ) ;
#4136 = CARTESIAN_POINT ( 'NONE',  ( -96.67003710817802187, 95.00000000000000000, -93.45117771904557458 ) ) ;
#4137 = VERTEX_POINT ( 'NONE', #4738 ) ;
#4138 = PLANE ( 'NONE',  #973 ) ;
#4139 = SHAPE_REPRESENTATION_RELATIONSHIP ( 'NONE' , 'NONE' ,  #4330, #7590 ) ;
#4140 = EDGE_LOOP ( 'NONE', ( #6823, #4010 ) ) ;
#4141 = ORIENTED_EDGE ( 'NONE', *, *, #9508, .F. ) ;
#4142 = CIRCLE ( 'NONE', #5538, 10.00000000000000178 ) ;
#4143 = PRODUCT_DEFINITION_SHAPE ( 'NONE', 'NONE',  #5410 ) ;
#4144 = AXIS2_PLACEMENT_3D ( 'NONE', #3988, #6443, #9834 ) ;
#4145 = CARTESIAN_POINT ( 'NONE',  ( 0.000000000000000000, 5.000000000000000000, 10.00000000000000178 ) ) ;
#4146 = DIRECTION ( 'NONE',  ( 1.000000000000000000, 0.000000000000000000, 0.000000000000000000 ) ) ;
#4147 = ORIENTED_EDGE ( 'NONE', *, *, #9432, .F. ) ;
#4148 = EDGE_CURVE ( 'NONE', #1603, #2785, #5691, .T. ) ;
#4149 = DIRECTION ( 'NONE',  ( -1.734723475976807094E-16, 1.000000000000000000, -0.000000000000000000 ) ) ;
#4150 = AXIS2_PLACEMENT_3D ( 'NONE', #9990, #2539, #5889 ) ;
#4151 = CARTESIAN_POINT ( 'NONE',  ( 25.00000000000000000, -9.499999999999992895, 20.00000000000000000 ) ) ;
#4152 = CARTESIAN_POINT ( 'NONE',  ( -37.48849769918442831, -72.48849769918437858, -24.99999999999999289 ) ) ;
#4153 = CARTESIAN_POINT ( 'NONE',  ( 64.99999999999980105, 10.00000000000000000, -120.2793298308826877 ) ) ;
#4154 = DIRECTION ( 'NONE',  ( -1.000000000000000000, -1.734723475976807094E-16, 0.000000000000000000 ) ) ;
#4155 = LINE ( 'NONE', #10770, #2411 ) ;
#4156 = LINE ( 'NONE', #7486, #9949 ) ;
#4157 = ORIENTED_EDGE ( 'NONE', *, *, #7971, .T. ) ;
#4158 = VERTEX_POINT ( 'NONE', #4947 ) ;
#4159 = CARTESIAN_POINT ( 'NONE',  ( 11.57465733170070799, 62.40000000000000568, 1.000000000000000000 ) ) ;
#4160 = VECTOR ( 'NONE', #6914, 1000.000000000000000 ) ;
#4161 = EDGE_CURVE ( 'NONE', #1071, #10183, #673, .T. ) ;
#4162 = ADVANCED_FACE ( 'NONE', ( #4022 ), #7238, .T. ) ;
#4163 = CARTESIAN_POINT ( 'NONE',  ( 2.499999999999999556, 67.90000000000000568, 25.50000000000000000 ) ) ;
#4164 = CIRCLE ( 'NONE', #833, 5.500000000000000000 ) ;
#4165 = LINE ( 'NONE', #5041, #10023 ) ;
#4166 = DIRECTION ( 'NONE',  ( -0.000000000000000000, -1.000000000000000000, 0.000000000000000000 ) ) ;
#4167 = PRODUCT_DEFINITION_FORMATION_WITH_SPECIFIED_SOURCE ( 'ANY', '', #7537, .NOT_KNOWN. ) ;
#4168 = CARTESIAN_POINT ( 'NONE',  ( 30.31497855141494568, 9.999999999999994671, 6.748637086761525516 ) ) ;
#4169 = CARTESIAN_POINT ( 'NONE',  ( -23.68655752103955692, 34.67986544671986593, -42.59593772390965682 ) ) ;
#4170 = VERTEX_POINT ( 'NONE', #4130 ) ;
#4171 = EDGE_LOOP ( 'NONE', ( #10513, #786, #5133, #5972 ) ) ;
#4172 = ITEM_DEFINED_TRANSFORMATION ( 'NONE', 'NONE', #6422,  #9029 ) ;
#4173 = PRESENTATION_LAYER_ASSIGNMENT (  '', '', ( #4699 ) ) ;
#4174 = CARTESIAN_POINT ( 'NONE',  ( -39.56980515339470372, -90.96194077712557657, 22.99999999999998579 ) ) ;
#4175 = VERTEX_POINT ( 'NONE', #10801 ) ;
#4176 = ORIENTED_EDGE ( 'NONE', *, *, #3897, .T. ) ;
#4177 = CIRCLE ( 'NONE', #8020, 5.000000000000004441 ) ;
#4178 = AXIS2_PLACEMENT_3D ( 'NONE', #3664, #403, #10373 ) ;
#4179 = AXIS2_PLACEMENT_3D ( 'NONE', #10329, #7197, #9727 ) ;
#4180 = DIRECTION ( 'NONE',  ( 1.000000000000000000, 0.000000000000000000, 0.000000000000000000 ) ) ;
#4181 = ORIENTED_EDGE ( 'NONE', *, *, #8284, .T. ) ;
#4182 = DIRECTION ( 'NONE',  ( -1.000000000000000000, 0.000000000000000000, 0.000000000000000000 ) ) ;
#4183 = CARTESIAN_POINT ( 'NONE',  ( 25.00000000000000000, 9.000000000000000000, -2.249999999999999112 ) ) ;
#4184 = LINE ( 'NONE', #9096, #5516 ) ;
#4185 = ORIENTED_EDGE ( 'NONE', *, *, #9757, .F. ) ;
#4186 = VECTOR ( 'NONE', #9675, 1000.000000000000000 ) ;
#4187 = CARTESIAN_POINT ( 'NONE',  ( -24.99999999999999289, 43.00000000000000000, -52.92007128642742231 ) ) ;
#4188 = PRESENTATION_STYLE_ASSIGNMENT (( #3920 ) ) ;
#4189 = EDGE_LOOP ( 'NONE', ( #6017, #2711, #1218, #9528 ) ) ;
#4190 = ORIENTED_EDGE ( 'NONE', *, *, #1296, .T. ) ;
#4191 = LINE ( 'NONE', #10098, #428 ) ;
#4192 = EDGE_CURVE ( 'NONE', #8058, #3339, #6646, .T. ) ;
#4193 = DIRECTION ( 'NONE',  ( -1.000000000000000000, -0.000000000000000000, 1.734723475976807094E-17 ) ) ;
#4194 = DIRECTION ( 'NONE',  ( -1.000000000000000000, -1.734723475976807094E-16, 0.000000000000000000 ) ) ;
#4195 = CARTESIAN_POINT ( 'NONE',  ( -85.36863799491800364, 10.00000000000000000, -96.77829855763729938 ) ) ;
#4196 = VERTEX_POINT ( 'NONE', #2210 ) ;
#4197 = DIRECTION ( 'NONE',  ( 1.734723475976807094E-16, -1.000000000000000000, 0.000000000000000000 ) ) ;
#4198 = VERTEX_POINT ( 'NONE', #2306 ) ;
#4199 = ORIENTED_EDGE ( 'NONE', *, *, #4381, .T. ) ;
#4200 = LINE ( 'NONE', #1731, #1480 ) ;
#4201 = DIRECTION ( 'NONE',  ( 0.8660254037844380415, 0.000000000000000000, -0.5000000000000008882 ) ) ;
#4202 = VERTEX_POINT ( 'NONE', #8887 ) ;
#4203 = DIRECTION ( 'NONE',  ( 3.068079190820900971E-33, -1.000000000000000000, -1.816464372750583135E-16 ) ) ;
#4204 = CARTESIAN_POINT ( 'NONE',  ( 63.94170910735155644, 90.00000000000000000, -99.05349224005480835 ) ) ;
#4205 = EDGE_CURVE ( 'NONE', #2364, #8211, #3067, .T. ) ;
#4206 = DIRECTION ( 'NONE',  ( 0.000000000000000000, 0.000000000000000000, 1.000000000000000000 ) ) ;
#4207 = ORIENTED_EDGE ( 'NONE', *, *, #6387, .F. ) ;
#4208 = DIRECTION ( 'NONE',  ( -0.000000000000000000, 1.000000000000000000, -0.000000000000000000 ) ) ;
#4209 = PRESENTATION_STYLE_ASSIGNMENT (( #5191 ) ) ;
#4210 = LINE ( 'NONE', #806, #4529 ) ;
#4211 = ORIENTED_EDGE ( 'NONE', *, *, #651, .T. ) ;
#4212 = ORIENTED_EDGE ( 'NONE', *, *, #5732, .T. ) ;
#4213 = CARTESIAN_POINT ( 'NONE',  ( 9.999999999999991118, 18.00000000000000000, -99.99999999999906208 ) ) ;
#4214 = ADVANCED_BREP_SHAPE_REPRESENTATION ( '', ( #2637, #9029 ), #7820 ) ;
#4215 = EDGE_CURVE ( 'NONE', #8596, #2814, #1497, .T. ) ;
#4216 = EDGE_CURVE ( 'NONE', #8764, #7710, #8822, .T. ) ;
#4217 = CARTESIAN_POINT ( 'NONE',  ( -16.24085055305020120, -79.52512180051203927, 1.093303556997917481 ) ) ;
#4218 = DIRECTION ( 'NONE',  ( 1.000000000000000000, 0.000000000000000000, 0.000000000000000000 ) ) ;
#4219 = CARTESIAN_POINT ( 'NONE',  ( 85.36863799491800364, 0.000000000000000000, -94.52829855763729938 ) ) ;
#4220 = CARTESIAN_POINT ( 'NONE',  ( -23.34636207545350572, -86.63063332291532959, 15.00000000000001421 ) ) ;
#4221 = LINE ( 'NONE', #7543, #9375 ) ;
#4222 = ADVANCED_FACE ( 'NONE', ( #6041 ), #9384, .F. ) ;
#4223 = ORIENTED_EDGE ( 'NONE', *, *, #4785, .T. ) ;
#4224 = ORIENTED_EDGE ( 'NONE', *, *, #3369, .T. ) ;
#4225 = EDGE_CURVE ( 'NONE', #10034, #8068, #943, .T. ) ;
#4226 = ITEM_DEFINED_TRANSFORMATION ( 'NONE', 'NONE', #5034,  #9029 ) ;
#4227 = DIRECTION ( 'NONE',  ( -1.223316414399868618E-17, 0.000000000000000000, 1.000000000000000000 ) ) ;
#4228 = ORIENTED_EDGE ( 'NONE', *, *, #9936, .T. ) ;
#4229 = ORIENTED_EDGE ( 'NONE', *, *, #423, .T. ) ;
#4230 = PRODUCT_DEFINITION_SHAPE ( 'NONE', 'NONE',  #10837 ) ;
#4231 = CARTESIAN_POINT ( 'NONE',  ( -142.2579957929710304, 10.00000000000000000, -76.93469513467034915 ) ) ;
#4232 = DIRECTION ( 'NONE',  ( 0.000000000000000000, -1.000000000000000000, 0.000000000000000000 ) ) ;
#4233 = DIRECTION ( 'NONE',  ( -1.000000000000000000, 0.000000000000000000, 3.469446951953613696E-16 ) ) ;
#4234 = LINE ( 'NONE', #10092, #8312 ) ;
#4235 = ORIENTED_EDGE ( 'NONE', *, *, #5966, .T. ) ;
#4236 = ADVANCED_FACE ( 'NONE', ( #5884 ), #1060, .T. ) ;
#4237 = DIRECTION ( 'NONE',  ( 0.9999999997608040037, 1.763050461226156246E-20, -2.187217990942857523E-05 ) ) ;
#4238 = LINE ( 'NONE', #108, #5395 ) ;
#4239 = ORIENTED_EDGE ( 'NONE', *, *, #5473, .F. ) ;
#4240 = VERTEX_POINT ( 'NONE', #4295 ) ;
#4241 = CARTESIAN_POINT ( 'NONE',  ( 4.999999999999989342, 18.00000000000000000, -100.0000000000000000 ) ) ;
#4242 = ADVANCED_FACE ( 'NONE', ( #9216 ), #3528, .F. ) ;
#4243 = EDGE_CURVE ( 'NONE', #8214, #7340, #6384, .T. ) ;
#4244 = DIRECTION ( 'NONE',  ( -0.000000000000000000, -1.000000000000000000, -0.000000000000000000 ) ) ;
#4245 = DIRECTION ( 'NONE',  ( -1.734723475976807094E-16, 1.000000000000000000, -0.000000000000000000 ) ) ;
#4246 = PLANE ( 'NONE',  #10059 ) ;
#4247 = EDGE_LOOP ( 'NONE', ( #354, #2020, #8221, #9623 ) ) ;
#4248 = LINE ( 'NONE', #5949, #3242 ) ;
#4249 = ORIENTED_EDGE ( 'NONE', *, *, #7210, .F. ) ;
#4250 = ORIENTED_EDGE ( 'NONE', *, *, #6974, .T. ) ;
#4251 = DIRECTION ( 'NONE',  ( -0.4141393648650371628, -0.4141393648650361081, 0.8105412839198062880 ) ) ;
#4252 = FACE_OUTER_BOUND ( 'NONE', #4969, .T. ) ;
#4253 = VERTEX_POINT ( 'NONE', #7681 ) ;
#4254 = CIRCLE ( 'NONE', #6335, 1.499999999999999556 ) ;
#4255 = LINE ( 'NONE', #69, #9099 ) ;
#4256 = EDGE_CURVE ( 'NONE', #10183, #10578, #2651, .T. ) ;
#4257 = CARTESIAN_POINT ( 'NONE',  ( 59.14441049068479117, 9.999999999999994671, -100.2793298308827872 ) ) ;
#4258 = CARTESIAN_POINT ( 'NONE',  ( -90.00000000000000000, 0.000000000000000000, -97.86825876601857033 ) ) ;
#4259 = ORIENTED_EDGE ( 'NONE', *, *, #662, .T. ) ;
#4260 = DIRECTION ( 'NONE',  ( -0.000000000000000000, -1.000000000000000000, -0.000000000000000000 ) ) ;
#4261 = ADVANCED_FACE ( 'NONE', ( #2480 ), #9323, .F. ) ;
#4262 = EDGE_CURVE ( 'NONE', #4340, #2790, #3595, .T. ) ;
#4263 = SURFACE_STYLE_FILL_AREA ( #7699 ) ;
#4264 = DIRECTION ( 'NONE',  ( 0.000000000000000000, 0.000000000000000000, 1.000000000000000000 ) ) ;
#4265 = ORIENTED_EDGE ( 'NONE', *, *, #6348, .F. ) ;
#4266 = EDGE_LOOP ( 'NONE', ( #783, #6615, #5304, #1378 ) ) ;
#4267 = DIRECTION ( 'NONE',  ( -1.000000000000000000, 0.000000000000000000, 0.000000000000000000 ) ) ;
#4268 = DIRECTION ( 'NONE',  ( 0.000000000000000000, 0.000000000000000000, -1.000000000000000000 ) ) ;
#4269 = CARTESIAN_POINT ( 'NONE',  ( -22.75000000000000355, 9.500000000000001776, 10.00000000000000000 ) ) ;
#4270 = CARTESIAN_POINT ( 'NONE',  ( -64.99999999999980105, 0.000000000000000000, -120.2793298308828014 ) ) ;
#4272 = EDGE_CURVE ( 'NONE', #6749, #4576, #4405, .T. ) ;
#4271 = DIRECTION ( 'NONE',  ( 1.264933817329266432E-17, 6.195440985631455317E-17, -1.000000000000000000 ) ) ;
#4273 = DIRECTION ( 'NONE',  ( 1.000000000000000000, 0.000000000000000000, -0.000000000000000000 ) ) ;
#4274 = EDGE_LOOP ( 'NONE', ( #9634, #5551, #8794, #3457, #2960, #4748, #3409, #2504 ) ) ;
#4275 = EDGE_LOOP ( 'NONE', ( #6978, #10714 ) ) ;
#4276 = CARTESIAN_POINT ( 'NONE',  ( 9.184850993605147944E-16, 39.00000000000000000, 7.500000000000000000 ) ) ;
#4277 = VERTEX_POINT ( 'NONE', #6805 ) ;
#4278 = EDGE_LOOP ( 'NONE', ( #7809, #9043, #5444, #6670, #1819, #8853, #4097, #2452 ) ) ;
#4279 = VECTOR ( 'NONE', #3981, 1000.000000000000000 ) ;
#4280 = EDGE_CURVE ( 'NONE', #5948, #2161, #4191, .T. ) ;
#4281 = VECTOR ( 'NONE', #5386, 1000.000000000000000 ) ;
#4282 = FACE_OUTER_BOUND ( 'NONE', #1525, .T. ) ;
#4283 = DIRECTION ( 'NONE',  ( 1.000000000000000000, 0.000000000000000000, -2.775557561562891351E-16 ) ) ;
#4284 = CARTESIAN_POINT ( 'NONE',  ( 5.000000000000000000, 62.40000000000000568, 1.000000000000000000 ) ) ;
#4285 = CARTESIAN_POINT ( 'NONE',  ( 5.386090358293497360, 18.00000000000000000, 8.425558180458891044 ) ) ;
#4286 = CARTESIAN_POINT ( 'NONE',  ( -37.50947722270052509, 85.00000000000000000, -40.33847109630991667 ) ) ;
#4287 = VERTEX_POINT ( 'NONE', #1821 ) ;
#4288 = AXIS2_PLACEMENT_3D ( 'NONE', #4906, #5666, #789 ) ;
#4289 = PRODUCT_CONTEXT ( 'NONE', #3516, 'mechanical' ) ;
#4290 = DIRECTION ( 'NONE',  ( 0.000000000000000000, 1.000000000000000000, 0.000000000000000000 ) ) ;
#4291 = VERTEX_POINT ( 'NONE', #10150 ) ;
#4292 = VERTEX_POINT ( 'NONE', #10198 ) ;
#4293 = AXIS2_PLACEMENT_3D ( 'NONE', #9633, #2125, #8695 ) ;
#4294 = CIRCLE ( 'NONE', #2012, 2.999999999999999556 ) ;
#4295 = CARTESIAN_POINT ( 'NONE',  ( 0.000000000000000000, 0.000000000000000000, -2.750000000000000000 ) ) ;
#4296 = EDGE_CURVE ( 'NONE', #1449, #9861, #3766, .T. ) ;
#4297 = CIRCLE ( 'NONE', #3771, 2.250000000000001776 ) ;
#4298 = VECTOR ( 'NONE', #8045, 1000.000000000000000 ) ;
#4299 = VECTOR ( 'NONE', #6118, 1000.000000000000000 ) ;
#4300 = DIRECTION ( 'NONE',  ( -0.000000000000000000, -1.000000000000000000, -0.000000000000000000 ) ) ;
#4302 = EDGE_CURVE ( 'NONE', #926, #2743, #9876, .T. ) ;
#4301 = DIRECTION ( 'NONE',  ( 0.000000000000000000, 1.000000000000000000, 0.000000000000000000 ) ) ;
#4303 = CARTESIAN_POINT ( 'NONE',  ( 15.00000000000000178, 5.500000000000008882, 0.000000000000000000 ) ) ;
#4304 = EDGE_LOOP ( 'NONE', ( #9125, #4080, #5668, #6524, #6669, #9041, #5014, #5543, #1435, #8885, #5365, #9064 ) ) ;
#4305 = CARTESIAN_POINT ( 'NONE',  ( 0.000000000000000000, 0.000000000000000000, -6.499999999999999112 ) ) ;
#4306 = EDGE_LOOP ( 'NONE', ( #6586, #6440, #4223, #9763 ) ) ;
#4307 = ORIENTED_EDGE ( 'NONE', *, *, #7849, .F. ) ;
#4308 = LINE ( 'NONE', #5121, #4102 ) ;
#4309 = DIRECTION ( 'NONE',  ( -0.000000000000000000, -1.000000000000000000, -0.000000000000000000 ) ) ;
#4310 = ORIENTED_EDGE ( 'NONE', *, *, #7177, .F. ) ;
#4311 = VECTOR ( 'NONE', #2205, 1000.000000000000000 ) ;
#4312 = VECTOR ( 'NONE', #190, 1000.000000000000000 ) ;
#4313 = AXIS2_PLACEMENT_3D ( 'NONE', #2911, #6247, #9591 ) ;
#4314 = CARTESIAN_POINT ( 'NONE',  ( 4.999999999999989342, 0.000000000000000000, -100.0000000000000000 ) ) ;
#4315 = DIRECTION ( 'NONE',  ( 0.000000000000000000, -0.000000000000000000, 1.000000000000000000 ) ) ;
#4316 = VECTOR ( 'NONE', #3834, 1000.000000000000000 ) ;
#4317 = CARTESIAN_POINT ( 'NONE',  ( 0.000000000000000000, 57.00000000000000000, -5.500000000000000000 ) ) ;
#4318 = ORIENTED_EDGE ( 'NONE', *, *, #2297, .T. ) ;
#4319 = LINE ( 'NONE', #134, #6728 ) ;
#4320 = AXIS2_PLACEMENT_3D ( 'NONE', #6609, #738, #10820 ) ;
#4321 = SURFACE_STYLE_FILL_AREA ( #971 ) ;
#4322 = DIRECTION ( 'NONE',  ( -1.000000000000000000, -1.387778780781445478E-15, 0.000000000000000000 ) ) ;
#4323 = ORIENTED_EDGE ( 'NONE', *, *, #7116, .F. ) ;
#4324 = VERTEX_POINT ( 'NONE', #9274 ) ;
#4325 = DIRECTION ( 'NONE',  ( 0.000000000000000000, 0.000000000000000000, -1.000000000000000000 ) ) ;
#4326 = CIRCLE ( 'NONE', #10432, 2.249999999999998668 ) ;
#4327 = PRODUCT_DEFINITION_SHAPE ( 'NONE', 'NONE',  #10842 ) ;
#4328 = EDGE_CURVE ( 'NONE', #5652, #10740, #5166, .T. ) ;
#4329 = VECTOR ( 'NONE', #1076, 1000.000000000000000 ) ;
#4330 = SHAPE_REPRESENTATION ( 'Actuation_Link_\X2\9ed88ba4\X0\', ( #9029 ), #289 ) ;
#4331 = CARTESIAN_POINT ( 'NONE',  ( -2.499999999999999556, 7.500000000000000000, 21.75000000000000000 ) ) ;
#4332 = DIRECTION ( 'NONE',  ( 0.000000000000000000, 0.000000000000000000, -1.000000000000000000 ) ) ;
#4333 = CARTESIAN_POINT ( 'NONE',  ( 15.20803270774493576, 77.82893218813453018, 22.00000000000001421 ) ) ;
#4334 = DIRECTION ( 'NONE',  ( -1.000000000000000000, 0.000000000000000000, 0.000000000000000000 ) ) ;
#4335 = ORIENTED_EDGE ( 'NONE', *, *, #9117, .T. ) ;
#4336 = ORIENTED_EDGE ( 'NONE', *, *, #8640, .T. ) ;
#4337 = AXIS2_PLACEMENT_3D ( 'NONE', #1064, #5279, #1012 ) ;
#4338 = CARTESIAN_POINT ( 'NONE',  ( -37.48849769918442831, -72.48849769918437858, -24.99999999999999289 ) ) ;
#4339 = EDGE_LOOP ( 'NONE', ( #5738, #3562, #225, #10097 ) ) ;
#4340 = VERTEX_POINT ( 'NONE', #2532 ) ;
#4341 = PRODUCT_DEFINITION_FORMATION_WITH_SPECIFIED_SOURCE ( 'ANY', '', #4050, .NOT_KNOWN. ) ;
#4342 = VECTOR ( 'NONE', #9597, 1000.000000000000000 ) ;
#4343 = CARTESIAN_POINT ( 'NONE',  ( 2.755455298081544285E-16, 9.000000000000000000, 2.250000000000000000 ) ) ;
#4344 = VECTOR ( 'NONE', #4426, 1000.000000000000000 ) ;
#4345 = FACE_OUTER_BOUND ( 'NONE', #2293, .T. ) ;
#4346 = DIRECTION ( 'NONE',  ( -0.000000000000000000, -1.000000000000000000, -0.000000000000000000 ) ) ;
#4347 = EDGE_CURVE ( 'NONE', #10047, #5408, #6039, .T. ) ;
#4348 = CARTESIAN_POINT ( 'NONE',  ( -75.00000000000001421, 150.0000000000000000, -75.00000000000000000 ) ) ;
#4349 = VERTEX_POINT ( 'NONE', #892 ) ;
#4350 = SHAPE_DEFINITION_REPRESENTATION ( #4835, #4330 ) ;
#4351 = DIRECTION ( 'NONE',  ( 0.000000000000000000, 0.000000000000000000, -1.000000000000000000 ) ) ;
#4352 = ORIENTED_EDGE ( 'NONE', *, *, #5735, .F. ) ;
#4353 = EDGE_LOOP ( 'NONE', ( #4656, #3526, #4042, #2343 ) ) ;
#4354 = DIRECTION ( 'NONE',  ( 1.000000000000000000, 0.000000000000000000, 0.000000000000000000 ) ) ;
#4355 = MECHANICAL_DESIGN_GEOMETRIC_PRESENTATION_REPRESENTATION (  '', ( #7492 ), #3655 ) ;
#4356 = EDGE_CURVE ( 'NONE', #3904, #288, #9441, .T. ) ;
#4357 = VECTOR ( 'NONE', #2027, 1000.000000000000000 ) ;
#4358 = DIRECTION ( 'NONE',  ( -0.000000000000000000, -1.000000000000000000, -0.000000000000000000 ) ) ;
#4359 = CYLINDRICAL_SURFACE ( 'NONE', #8867, 2.500000000000002220 ) ;
#4360 = CARTESIAN_POINT ( 'NONE',  ( -64.99999999999980105, 0.000000000000000000, -120.2793298308828014 ) ) ;
#4361 = ORIENTED_EDGE ( 'NONE', *, *, #2989, .F. ) ;
#4362 = DIRECTION ( 'NONE',  ( 0.000000000000000000, 0.000000000000000000, -1.000000000000000000 ) ) ;
#4363 = VERTEX_POINT ( 'NONE', #6399 ) ;
#4364 = ORIENTED_EDGE ( 'NONE', *, *, #2121, .T. ) ;
#4365 = AXIS2_PLACEMENT_3D ( 'NONE', #3824, #5507, #2008 ) ;
#4366 = EDGE_CURVE ( 'NONE', #5954, #6840, #5276, .T. ) ;
#4367 = ADVANCED_FACE ( 'NONE', ( #4760 ), #10310, .T. ) ;
#4368 = CARTESIAN_POINT ( 'NONE',  ( 0.000000000000000000, 0.000000000000000000, 22.50000000000000000 ) ) ;
#4369 = LINE ( 'NONE', #3540, #3747 ) ;
#4370 = CIRCLE ( 'NONE', #1039, 2.250000000000000000 ) ;
#4371 = CYLINDRICAL_SURFACE ( 'NONE', #9530, 7.000000000000006217 ) ;
#4372 = FACE_OUTER_BOUND ( 'NONE', #6851, .T. ) ;
#4373 = CARTESIAN_POINT ( 'NONE',  ( 85.36863799491800364, 85.00000000000000000, -96.77829855763729938 ) ) ;
#4374 = VERTEX_POINT ( 'NONE', #5324 ) ;
#4375 = DIRECTION ( 'NONE',  ( 1.000000000000000000, 0.000000000000000000, 0.000000000000000000 ) ) ;
#4376 = DIRECTION ( 'NONE',  ( -0.000000000000000000, -1.000000000000000000, -0.000000000000000000 ) ) ;
#4377 = CARTESIAN_POINT ( 'NONE',  ( 0.000000000000000000, 0.000000000000000000, 0.000000000000000000 ) ) ;
#4378 = DIRECTION ( 'NONE',  ( 1.000000000000000000, 0.000000000000000000, 0.000000000000000000 ) ) ;
#4379 = EDGE_LOOP ( 'NONE', ( #4030, #4307, #5612, #222 ) ) ;
#4380 = CARTESIAN_POINT ( 'NONE',  ( 4.999999999999999112, -9.499999999999994671, 0.5000000000000000000 ) ) ;
#4381 = EDGE_CURVE ( 'NONE', #3687, #9488, #7781, .T. ) ;
#4382 = CARTESIAN_POINT ( 'NONE',  ( 63.25715662211381130, 95.00200000000000955, -42.99587695296753509 ) ) ;
#4383 = CARTESIAN_POINT ( 'NONE',  ( -46.58206385166875663, 85.00000000000000000, -54.03857957040007420 ) ) ;
#4384 = PLANE ( 'NONE',  #280 ) ;
#4385 = EDGE_LOOP ( 'NONE', ( #4430, #8289, #4584, #3849 ) ) ;
#4386 = CARTESIAN_POINT ( 'NONE',  ( -15.00000000000000000, -5.500000000000001776, 20.00000000000000000 ) ) ;
#4387 = VERTEX_POINT ( 'NONE', #2762 ) ;
#4388 = ORIENTED_EDGE ( 'NONE', *, *, #1077, .F. ) ;
#4389 = EDGE_CURVE ( 'NONE', #4521, #4439, #7798, .T. ) ;
#4390 = DIRECTION ( 'NONE',  ( 1.000000000000000000, 0.000000000000000000, 0.000000000000000000 ) ) ;
#4391 = ORIENTED_EDGE ( 'NONE', *, *, #9299, .T. ) ;
#4392 = VERTEX_POINT ( 'NONE', #2239 ) ;
#4393 = EDGE_CURVE ( 'NONE', #7017, #8971, #7993, .T. ) ;
#4394 = FACE_OUTER_BOUND ( 'NONE', #9584, .T. ) ;
#4395 = CARTESIAN_POINT ( 'NONE',  ( -10.00000000000000178, -10.00000000000000178, 0.000000000000000000 ) ) ;
#4396 = EDGE_CURVE ( 'NONE', #10126, #7507, #2716, .T. ) ;
#4397 = DIRECTION ( 'NONE',  ( -1.000000000000000000, -1.734723475976807094E-16, 0.000000000000000000 ) ) ;
#4398 = DIRECTION ( 'NONE',  ( 0.000000000000000000, 1.000000000000000000, 0.000000000000000000 ) ) ;
#4399 = DIRECTION ( 'NONE',  ( 1.000000000000000000, 0.000000000000000000, 0.000000000000000000 ) ) ;
#4400 = EDGE_LOOP ( 'NONE', ( #7870, #2423 ) ) ;
#4401 = SHAPE_DEFINITION_REPRESENTATION ( #5101, #665 ) ;
#4402 = CARTESIAN_POINT ( 'NONE',  ( 58.67999999999999972, 0.000000000000000000, -10.00000000000000178 ) ) ;
#4403 = EDGE_LOOP ( 'NONE', ( #1310, #7894, #1540, #9421, #8788, #1436, #3935, #3023 ) ) ;
#4404 = ORIENTED_EDGE ( 'NONE', *, *, #3414, .F. ) ;
#4405 = LINE ( 'NONE', #8343, #1314 ) ;
#4406 = EDGE_CURVE ( 'NONE', #3676, #2541, #3013, .T. ) ;
#4407 = DIRECTION ( 'NONE',  ( 1.700709290173340409E-17, 0.000000000000000000, -1.000000000000000000 ) ) ;
#4408 = CARTESIAN_POINT ( 'NONE',  ( 5.000000000000000000, -3.996221620051282847E-15, 22.00000000000000000 ) ) ;
#4409 = CARTESIAN_POINT ( 'NONE',  ( 9.999999999999994671, -17.63119035439492421, -63.88158237122078020 ) ) ;
#4410 = EDGE_LOOP ( 'NONE', ( #9185, #660, #5924, #8942 ) ) ;
#4411 = CARTESIAN_POINT ( 'NONE',  ( -3.884651667782116569, 68.99154895029673185, -2.308466096083436891 ) ) ;
#4412 = VERTEX_POINT ( 'NONE', #3840 ) ;
#4413 = EDGE_LOOP ( 'NONE', ( #9394, #7262, #9952, #7457 ) ) ;
#4414 = EDGE_CURVE ( 'NONE', #8539, #3883, #2562, .T. ) ;
#4415 = PRODUCT_DEFINITION_SHAPE ( 'NONE', 'NONE',  #4606 ) ;
#4416 = LINE ( 'NONE', #7735, #10738 ) ;
#4417 = CYLINDRICAL_SURFACE ( 'NONE', #10730, 8.000000000000007105 ) ;
#4418 = DIRECTION ( 'NONE',  ( -1.700709290173340409E-17, 0.000000000000000000, -1.000000000000000000 ) ) ;
#4419 = EDGE_CURVE ( 'NONE', #78, #7887, #1417, .T. ) ;
#4420 = EDGE_CURVE ( 'NONE', #8961, #1247, #8088, .T. ) ;
#4421 = DIRECTION ( 'NONE',  ( -1.000000000000000000, 0.000000000000000000, 0.000000000000000000 ) ) ;
#4422 = CARTESIAN_POINT ( 'NONE',  ( 30.31344247896003097, 74.67986544671987303, -28.54374205374393725 ) ) ;
#4423 = ORIENTED_EDGE ( 'NONE', *, *, #8673, .F. ) ;
#4424 = PLANE ( 'NONE',  #10761 ) ;
#4425 = APPLICATION_CONTEXT ( 'automotive_design' ) ;
#4426 = DIRECTION ( 'NONE',  ( 0.000000000000000000, -1.000000000000000000, 0.000000000000000000 ) ) ;
#4427 = VECTOR ( 'NONE', #2059, 1000.000000000000000 ) ;
#4428 = CARTESIAN_POINT ( 'NONE',  ( -15.00000000000000000, 5.500000000000003553, 20.00000000000000000 ) ) ;
#4429 = CARTESIAN_POINT ( 'NONE',  ( -15.00000000000000178, 12.50000000000000000, 20.00000000000000000 ) ) ;
#4430 = ORIENTED_EDGE ( 'NONE', *, *, #3829, .F. ) ;
#4431 = CARTESIAN_POINT ( 'NONE',  ( -15.00000000000000178, 12.50000000000000000, 20.00000000000000000 ) ) ;
#4432 = LINE ( 'NONE', #2793, #9730 ) ;
#4433 = EDGE_CURVE ( 'NONE', #7847, #8698, #9793, .T. ) ;
#4434 = CIRCLE ( 'NONE', #8090, 9.999999999999998224 ) ;
#4435 = FACE_BOUND ( 'NONE', #7122, .T. ) ;
#4436 = DIRECTION ( 'NONE',  ( -0.5521351308716256900, 0.000000000000000000, 0.8337546385222529555 ) ) ;
#4437 = EDGE_LOOP ( 'NONE', ( #9984, #3287, #1014, #121 ) ) ;
#4438 = FACE_BOUND ( 'NONE', #9377, .T. ) ;
#4439 = VERTEX_POINT ( 'NONE', #5587 ) ;
#4440 = VERTEX_POINT ( 'NONE', #3942 ) ;
#4441 = CARTESIAN_POINT ( 'NONE',  ( -4.000000000000000000, 1.500000000000001332, 25.50000000000000000 ) ) ;
#4442 = EDGE_CURVE ( 'NONE', #8214, #2303, #2286, .T. ) ;
#4443 = ORIENTED_EDGE ( 'NONE', *, *, #1037, .T. ) ;
#4444 = ORIENTED_EDGE ( 'NONE', *, *, #8089, .F. ) ;
#4445 = AXIS2_PLACEMENT_3D ( 'NONE', #860, #8241, #9119 ) ;
#4446 = CARTESIAN_POINT ( 'NONE',  ( 0.000000000000000000, 10.00000000000000000, -117.2793298308827019 ) ) ;
#4447 = ADVANCED_FACE ( 'NONE', ( #7268, #10256 ), #10614, .F. ) ;
#4448 = LINE ( 'NONE', #1157, #10711 ) ;
#4449 = PLANE ( 'NONE',  #3767 ) ;
#4450 = CARTESIAN_POINT ( 'NONE',  ( -41.81980515339471083, -90.96194077712557657, -32.99999999999999289 ) ) ;
#4451 = DIRECTION ( 'NONE',  ( 0.000000000000000000, -0.000000000000000000, 1.000000000000000000 ) ) ;
#4452 = ORIENTED_EDGE ( 'NONE', *, *, #8895, .F. ) ;
#4453 = PRODUCT_CONTEXT ( 'NONE', #7764, 'mechanical' ) ;
#4454 = FILL_AREA_STYLE_COLOUR ( '', #8188 ) ;
#4455 = VERTEX_POINT ( 'NONE', #1109 ) ;
#4456 = EDGE_LOOP ( 'NONE', ( #2439, #4176, #9962, #3940 ) ) ;
#4457 = LINE ( 'NONE', #2335, #3945 ) ;
#4458 = VECTOR ( 'NONE', #790, 1000.000000000000000 ) ;
#4459 = VECTOR ( 'NONE', #4633, 1000.000000000000000 ) ;
#4460 = EDGE_CURVE ( 'NONE', #6750, #6558, #6214, .T. ) ;
#4461 = CIRCLE ( 'NONE', #2702, 3.250000000000000444 ) ;
#4462 = DIRECTION ( 'NONE',  ( -0.4141393648650380510, -0.4141393648650367743, -0.8105412839198055108 ) ) ;
#4463 = CARTESIAN_POINT ( 'NONE',  ( 0.000000000000000000, 95.00200000000000955, -117.2793298308827019 ) ) ;
#4464 = AXIS2_PLACEMENT_3D ( 'NONE', #10495, #5414, #4709 ) ;
#4465 = LINE ( 'NONE', #4360, #5689 ) ;
#4466 = ORIENTED_EDGE ( 'NONE', *, *, #7415, .T. ) ;
#4467 = LINE ( 'NONE', #10204, #7432 ) ;
#4468 = AXIS2_PLACEMENT_3D ( 'NONE', #2300, #5057, #8387 ) ;
#4469 = PRODUCT_DEFINITION_CONTEXT ( 'detailed design', #8190, 'design' ) ;
#4470 = VERTEX_POINT ( 'NONE', #6098 ) ;
#4472 = ORIENTED_EDGE ( 'NONE', *, *, #3010, .F. ) ;
#4471 = AXIS2_PLACEMENT_3D ( 'NONE', #249, #6010, #5255 ) ;
#4473 = CARTESIAN_POINT ( 'NONE',  ( -24.14213562373096522, -59.14213562373093680, 0.000000000000000000 ) ) ;
#4474 = AXIS2_PLACEMENT_3D ( 'NONE', #5115, #949, #10695 ) ;
#4475 = AXIS2_PLACEMENT_3D ( 'NONE', #6451, #6146, #279 ) ;
#4476 = VECTOR ( 'NONE', #1907, 1000.000000000000000 ) ;
#4477 = CARTESIAN_POINT ( 'NONE',  ( 10.00000000000000178, 12.50000000000000000, 4.770489558936219510E-15 ) ) ;
#4478 = DIRECTION ( 'NONE',  ( 0.000000000000000000, 0.000000000000000000, 1.000000000000000000 ) ) ;
#4479 = CARTESIAN_POINT ( 'NONE',  ( 15.50000000000000000, 79.90000000000000568, 6.000000000000001776 ) ) ;
#4480 = ORIENTED_EDGE ( 'NONE', *, *, #6307, .T. ) ;
#4481 = FACE_OUTER_BOUND ( 'NONE', #9887, .T. ) ;
#4482 = CARTESIAN_POINT ( 'NONE',  ( 64.46620431643836469, 0.000000000000000000, -110.1405347760015161 ) ) ;
#4483 = VECTOR ( 'NONE', #4399, 1000.000000000000000 ) ;
#4484 = DIRECTION ( 'NONE',  ( -1.000000000000000000, -0.000000000000000000, 1.734723475976807094E-17 ) ) ;
#4485 = DIRECTION ( 'NONE',  ( -0.000000000000000000, -1.000000000000000000, -0.000000000000000000 ) ) ;
#4486 = FACE_OUTER_BOUND ( 'NONE', #8914, .T. ) ;
#4487 = ORIENTED_EDGE ( 'NONE', *, *, #5177, .T. ) ;
#4488 = EDGE_CURVE ( 'NONE', #10178, #10561, #4457, .T. ) ;
#4489 = AXIS2_PLACEMENT_3D ( 'NONE', #3509, #5142, #5923 ) ;
#4490 = CARTESIAN_POINT ( 'NONE',  ( 74.99999999999998579, 0.000000000000000000, -75.00000000000000000 ) ) ;
#4491 = DIRECTION ( 'NONE',  ( 0.000000000000000000, 1.000000000000000000, 0.000000000000000000 ) ) ;
#4492 = LINE ( 'NONE', #1041, #4671 ) ;
#4493 = LINE ( 'NONE', #761, #3583 ) ;
#4494 = ORIENTED_EDGE ( 'NONE', *, *, #2816, .F. ) ;
#4495 = CYLINDRICAL_SURFACE ( 'NONE', #3790, 8.146642442969032061 ) ;
#4496 = ORIENTED_EDGE ( 'NONE', *, *, #1160, .F. ) ;
#4497 = ORIENTED_EDGE ( 'NONE', *, *, #5921, .F. ) ;
#4498 = LINE ( 'NONE', #5973, #3999 ) ;
#4499 = ORIENTED_EDGE ( 'NONE', *, *, #1384, .T. ) ;
#4500 = EDGE_LOOP ( 'NONE', ( #202, #1267, #6598, #6000 ) ) ;
#4501 = EDGE_CURVE ( 'NONE', #10110, #4729, #9963, .T. ) ;
#4502 = VECTOR ( 'NONE', #9625, 1000.000000000000000 ) ;
#4503 = EDGE_CURVE ( 'NONE', #7364, #5964, #5687, .T. ) ;
#4504 = VECTOR ( 'NONE', #577, 1000.000000000000000 ) ;
#4505 = DIRECTION ( 'NONE',  ( 1.000000000000000000, 0.000000000000000000, 1.878072721644630547E-16 ) ) ;
#4506 = SURFACE_STYLE_FILL_AREA ( #1973 ) ;
#4507 = AXIS2_PLACEMENT_3D ( 'NONE', #1845, #5185, #1029 ) ;
#4508 = CARTESIAN_POINT ( 'NONE',  ( -69.07332122148433484, 0.000000000000000000, -119.1878866990734736 ) ) ;
#4509 = CARTESIAN_POINT ( 'NONE',  ( 11.28641454564401769, 67.90000000000000568, -2.499999999999998668 ) ) ;
#4510 = CARTESIAN_POINT ( 'NONE',  ( 58.67999999999999972, 5.000000000000000000, -10.00000000000000178 ) ) ;
#4511 = ORIENTED_EDGE ( 'NONE', *, *, #4079, .F. ) ;
#4512 =( LENGTH_UNIT ( ) NAMED_UNIT ( * ) SI_UNIT ( .MILLI., .METRE. ) );
#4513 = ORIENTED_EDGE ( 'NONE', *, *, #8753, .T. ) ;
#4514 = ORIENTED_EDGE ( 'NONE', *, *, #8767, .F. ) ;
#4515 = EDGE_CURVE ( 'NONE', #1978, #4854, #31, .T. ) ;
#4516 = VECTOR ( 'NONE', #1015, 1000.000000000000000 ) ;
#4517 = AXIS2_PLACEMENT_3D ( 'NONE', #4044, #1574, #10712 ) ;
#4518 = CARTESIAN_POINT ( 'NONE',  ( 0.000000000000000000, 5.000000000000000000, 0.000000000000000000 ) ) ;
#4519 = CARTESIAN_POINT ( 'NONE',  ( -23.33682390399132700, 9.000000000000000000, -4.203843954410611872 ) ) ;
#4520 = DIRECTION ( 'NONE',  ( -0.000000000000000000, 1.000000000000000000, -0.000000000000000000 ) ) ;
#4521 = VERTEX_POINT ( 'NONE', #4159 ) ;
#4522 = DIRECTION ( 'NONE',  ( 0.000000000000000000, 1.000000000000000000, 0.000000000000000000 ) ) ;
#4523 = ORIENTED_EDGE ( 'NONE', *, *, #651, .F. ) ;
#4524 = ORIENTED_EDGE ( 'NONE', *, *, #423, .F. ) ;
#4525 = EDGE_CURVE ( 'NONE', #2479, #3261, #8489, .T. ) ;
#4526 = STYLED_ITEM ( 'NONE', ( #4188 ), #2596 ) ;
#4527 = CARTESIAN_POINT ( 'NONE',  ( -2.499999999999999556, 69.40000000000000568, 25.50000000000000000 ) ) ;
#4528 = EDGE_CURVE ( 'NONE', #4685, #8063, #7490, .T. ) ;
#4529 = VECTOR ( 'NONE', #3169, 1000.000000000000000 ) ;
#4530 = FACE_OUTER_BOUND ( 'NONE', #8661, .T. ) ;
#4531 = FACE_OUTER_BOUND ( 'NONE', #2114, .T. ) ;
#4532 = CARTESIAN_POINT ( 'NONE',  ( 5.000000000000000888, -12.50000000000000000, 22.50000000000000000 ) ) ;
#4533 = VECTOR ( 'NONE', #732, 1000.000000000000114 ) ;
#4534 = EDGE_LOOP ( 'NONE', ( #5253, #7099 ) ) ;
#4535 = LINE ( 'NONE', #8527, #9189 ) ;
#4536 = DIRECTION ( 'NONE',  ( 0.000000000000000000, 0.000000000000000000, 1.000000000000000000 ) ) ;
#4537 = FACE_BOUND ( 'NONE', #4710, .T. ) ;
#4538 = EDGE_CURVE ( 'NONE', #8903, #2650, #442, .T. ) ;
#4539 = DIRECTION ( 'NONE',  ( 0.000000000000000000, 1.000000000000000000, 0.000000000000000000 ) ) ;
#4540 = DIRECTION ( 'NONE',  ( 0.000000000000000000, -0.000000000000000000, 1.000000000000000000 ) ) ;
#4541 = ORIENTED_EDGE ( 'NONE', *, *, #1127, .T. ) ;
#4542 = VECTOR ( 'NONE', #8621, 1000.000000000000227 ) ;
#4543 = EDGE_CURVE ( 'NONE', #3951, #4685, #7427, .T. ) ;
#4544 = DIRECTION ( 'NONE',  ( -1.000000000000000000, 0.000000000000000000, 0.000000000000000000 ) ) ;
#4545 = CARTESIAN_POINT ( 'NONE',  ( 0.1780349087250471252, 0.000000000000000000, -101.3223663102657497 ) ) ;
#4546 = CARTESIAN_POINT ( 'NONE',  ( -58.74171087241097666, 95.00000000000000000, -90.51182856389573317 ) ) ;
#4547 = CARTESIAN_POINT ( 'NONE',  ( 0.000000000000000000, 39.00000000000000000, 0.000000000000000000 ) ) ;
#4548 = ORIENTED_EDGE ( 'NONE', *, *, #8888, .T. ) ;
#4549 = DIRECTION ( 'NONE',  ( -0.000000000000000000, 1.000000000000000000, -0.000000000000000000 ) ) ;
#4550 = ORIENTED_EDGE ( 'NONE', *, *, #6815, .F. ) ;
#4551 = ORIENTED_EDGE ( 'NONE', *, *, #8311, .F. ) ;
#4552 = LINE ( 'NONE', #3119, #4357 ) ;
#4553 = EDGE_CURVE ( 'NONE', #8698, #4908, #6617, .T. ) ;
#4554 = ORIENTED_EDGE ( 'NONE', *, *, #3780, .F. ) ;
#4555 = ORIENTED_EDGE ( 'NONE', *, *, #2429, .F. ) ;
#4556 = EDGE_CURVE ( 'NONE', #7333, #9714, #6721, .T. ) ;
#4557 = DIRECTION ( 'NONE',  ( 0.000000000000000000, -0.000000000000000000, 1.000000000000000000 ) ) ;
#4558 = DIRECTION ( 'NONE',  ( 0.000000000000000000, 1.000000000000000000, 0.000000000000000000 ) ) ;
#4559 = ADVANCED_FACE ( 'NONE', ( #699 ), #2454, .T. ) ;
#4560 = EDGE_CURVE ( 'NONE', #1071, #392, #3330, .T. ) ;
#4561 = CARTESIAN_POINT ( 'NONE',  ( 0.000000000000000000, 57.00000000000000000, 0.000000000000000000 ) ) ;
#4562 = LINE ( 'NONE', #7881, #6260 ) ;
#4563 = DIRECTION ( 'NONE',  ( 0.000000000000000000, 0.000000000000000000, 1.000000000000000000 ) ) ;
#4564 = ORIENTED_EDGE ( 'NONE', *, *, #1483, .F. ) ;
#4565 = SURFACE_STYLE_USAGE ( .BOTH. , #2696 ) ;
#4566 = VERTEX_POINT ( 'NONE', #1527 ) ;
#4567 = EDGE_LOOP ( 'NONE', ( #6142, #6886, #1595, #10665, #4452 ) ) ;
#4568 = AXIS2_PLACEMENT_3D ( 'NONE', #1568, #5079, #905 ) ;
#4569 = EDGE_CURVE ( 'NONE', #2516, #4349, #8314, .T. ) ;
#4570 = CARTESIAN_POINT ( 'NONE',  ( -24.99999999999999289, -9.500000000000001776, 4.592425496802575944E-16 ) ) ;
#4571 =( NAMED_UNIT ( * ) SI_UNIT ( $, .STERADIAN. ) SOLID_ANGLE_UNIT ( ) );
#4572 = LINE ( 'NONE', #9707, #7083 ) ;
#4573 = EDGE_LOOP ( 'NONE', ( #3650, #9551, #6814, #387, #10538 ) ) ;
#4574 = DIRECTION ( 'NONE',  ( -1.734723475976808475E-15, -1.734723475976804728E-15, -1.000000000000000000 ) ) ;
#4575 = EDGE_CURVE ( 'NONE', #6334, #6162, #9906, .T. ) ;
#4576 = VERTEX_POINT ( 'NONE', #1693 ) ;
#4577 = ORIENTED_EDGE ( 'NONE', *, *, #7672, .T. ) ;
#4578 = FACE_OUTER_BOUND ( 'NONE', #1761, .T. ) ;
#4579 = EDGE_CURVE ( 'NONE', #8441, #2144, #8832, .T. ) ;
#4580 = LINE ( 'NONE', #8834, #1799 ) ;
#4581 = EDGE_CURVE ( 'NONE', #8381, #3855, #7786, .T. ) ;
#4582 = CYLINDRICAL_SURFACE ( 'NONE', #7403, 2.250000000000002220 ) ;
#4583 = DIRECTION ( 'NONE',  ( 0.000000000000000000, 0.000000000000000000, -1.000000000000000000 ) ) ;
#4584 = ORIENTED_EDGE ( 'NONE', *, *, #9907, .T. ) ;
#4585 = DIRECTION ( 'NONE',  ( 1.000000000000000000, 0.000000000000000000, 0.000000000000000000 ) ) ;
#4586 = DIRECTION ( 'NONE',  ( -0.000000000000000000, -0.000000000000000000, -1.000000000000000000 ) ) ;
#4587 = CARTESIAN_POINT ( 'NONE',  ( -36.11437855969458610, -71.11437855969452926, -5.236488491950767710 ) ) ;
#4588 = DIRECTION ( 'NONE',  ( 0.000000000000000000, 0.000000000000000000, 1.000000000000000000 ) ) ;
#4589 = LINE ( 'NONE', #305, #1118 ) ;
#4590 = VERTEX_POINT ( 'NONE', #4919 ) ;
#4591 = EDGE_CURVE ( 'NONE', #5595, #3292, #6744, .T. ) ;
#4592 = CARTESIAN_POINT ( 'NONE',  ( -20.98969858723281234, 18.00000000000000000, -5.229422174922484068 ) ) ;
#4593 = PRESENTATION_STYLE_ASSIGNMENT (( #144 ) ) ;
#4594 = DIRECTION ( 'NONE',  ( 0.000000000000000000, 0.000000000000000000, -1.000000000000000000 ) ) ;
#4595 = CARTESIAN_POINT ( 'NONE',  ( -4.335685432575668408, 9.000000000000000000, -84.86323411024817176 ) ) ;
#4596 = ORIENTED_EDGE ( 'NONE', *, *, #181, .F. ) ;
#4597 = DIRECTION ( 'NONE',  ( 0.5521351308716254680, 0.000000000000000000, -0.8337546385222531775 ) ) ;
#4598 = ORIENTED_EDGE ( 'NONE', *, *, #7436, .F. ) ;
#4599 = ORIENTED_EDGE ( 'NONE', *, *, #10362, .T. ) ;
#4600 = DIRECTION ( 'NONE',  ( -0.000000000000000000, 1.000000000000000000, -0.000000000000000000 ) ) ;
#4601 = ORIENTED_EDGE ( 'NONE', *, *, #10187, .F. ) ;
#4602 = ORIENTED_EDGE ( 'NONE', *, *, #8909, .T. ) ;
#4603 = VECTOR ( 'NONE', #9771, 1000.000000000000000 ) ;
#4604 = DIRECTION ( 'NONE',  ( 1.000000000000000000, -0.000000000000000000, 1.223316414399868464E-17 ) ) ;
#4605 = EDGE_CURVE ( 'NONE', #10596, #826, #746, .T. ) ;
#4606 = PRODUCT_DEFINITION ( 'UNKNOWN', '', #1531, #10798 ) ;
#4607 = FACE_OUTER_BOUND ( 'NONE', #133, .T. ) ;
#4608 = DIRECTION ( 'NONE',  ( -0.000000000000000000, -0.000000000000000000, 1.000000000000000000 ) ) ;
#4609 = DIRECTION ( 'NONE',  ( -0.000000000000000000, -1.000000000000000000, -0.000000000000000000 ) ) ;
#4610 = ORIENTED_EDGE ( 'NONE', *, *, #7334, .T. ) ;
#4611 = AXIS2_PLACEMENT_3D ( 'NONE', #10671, #1469, #5589 ) ;
#4612 = DIRECTION ( 'NONE',  ( 0.000000000000000000, 0.000000000000000000, -1.000000000000000000 ) ) ;
#4613 = EDGE_LOOP ( 'NONE', ( #751, #10144, #6516, #6602 ) ) ;
#4614 = ORIENTED_EDGE ( 'NONE', *, *, #7741, .T. ) ;
#4615 = CARTESIAN_POINT ( 'NONE',  ( -59.14441049068477696, 85.00000000000000000, -90.27932983088280139 ) ) ;
#4616 = EDGE_CURVE ( 'NONE', #6153, #414, #868, .T. ) ;
#4617 = AXIS2_PLACEMENT_3D ( 'NONE', #10054, #5904, #2556 ) ;
#4618 = DIRECTION ( 'NONE',  ( -0.4141393648650380510, -0.4141393648650367743, -0.8105412839198055108 ) ) ;
#4619 = CARTESIAN_POINT ( 'NONE',  ( 53.68655752103997258, 95.00200000000000955, -28.54374205374392659 ) ) ;
#4620 = ORIENTED_EDGE ( 'NONE', *, *, #10735, .F. ) ;
#4621 = CARTESIAN_POINT ( 'NONE',  ( -2.999999999999999556, 67.90000000000000568, -2.500000000000000000 ) ) ;
#4622 = EDGE_LOOP ( 'NONE', ( #6841, #2698, #2846, #9650 ) ) ;
#4623 = ORIENTED_EDGE ( 'NONE', *, *, #8756, .F. ) ;
#4624 = VECTOR ( 'NONE', #628, 1000.000000000000000 ) ;
#4625 = VECTOR ( 'NONE', #56, 1000.000000000000000 ) ;
#4626 = CARTESIAN_POINT ( 'NONE',  ( -19.68655752103996193, 54.67986544671986593, -42.59593772390965682 ) ) ;
#4627 = EDGE_CURVE ( 'NONE', #8441, #5783, #5088, .T. ) ;
#4628 =( REPRESENTATION_RELATIONSHIP ('NONE','NONE', #1790, #10328 ) REPRESENTATION_RELATIONSHIP_WITH_TRANSFORMATION ( #9972 )SHAPE_REPRESENTATION_RELATIONSHIP( ) );
#4629 = CIRCLE ( 'NONE', #4288, 5.000000000000000888 ) ;
#4630 = AXIS2_PLACEMENT_3D ( 'NONE', #4951, #5890, #7518 ) ;
#4631 = LINE ( 'NONE', #2157, #3515 ) ;
#4632 = AXIS2_PLACEMENT_3D ( 'NONE', #1223, #1385, #605 ) ;
#4633 = DIRECTION ( 'NONE',  ( -0.000000000000000000, -1.000000000000000000, -0.000000000000000000 ) ) ;
#4634 = CARTESIAN_POINT ( 'NONE',  ( -85.36863799491800364, 85.00000000000000000, -94.52829855763729938 ) ) ;
#4635 = EDGE_LOOP ( 'NONE', ( #7622, #2813, #5941, #7954 ) ) ;
#4636 = DIRECTION ( 'NONE',  ( 0.000000000000000000, 0.000000000000000000, 1.000000000000000000 ) ) ;
#4637 = CARTESIAN_POINT ( 'NONE',  ( 15.34277666215089475, 80.40000000000000568, 25.50000000000000000 ) ) ;
#4638 = DIRECTION ( 'NONE',  ( -0.7071067811865465735, 0.7071067811865484609, 0.000000000000000000 ) ) ;
#4639 = CARTESIAN_POINT ( 'NONE',  ( 15.00000000000000178, 0.000000000000000000, 0.000000000000000000 ) ) ;
#4640 = DIRECTION ( 'NONE',  ( 0.000000000000000000, 1.000000000000000000, 0.000000000000000000 ) ) ;
#4641 = EDGE_LOOP ( 'NONE', ( #7873, #6131, #3180, #10181 ) ) ;
#4642 = CIRCLE ( 'NONE', #1839, 7.500000000000000000 ) ;
#4643 = AXIS2_PLACEMENT_3D ( 'NONE', #5005, #7623, #4354 ) ;
#4644 = EDGE_CURVE ( 'NONE', #9463, #5554, #917, .T. ) ;
#4645 = VECTOR ( 'NONE', #7365, 1000.000000000000000 ) ;
#4646 = CARTESIAN_POINT ( 'NONE',  ( 59.14441049068479117, 95.00000000000000000, -100.2793298308827872 ) ) ;
#4647 = CARTESIAN_POINT ( 'NONE',  ( 11.42115850004998734, 5.571067811865474617, 1.000000000000001332 ) ) ;
#4648 = VECTOR ( 'NONE', #7615, 1000.000000000000227 ) ;
#4649 = CARTESIAN_POINT ( 'NONE',  ( 90.00000000000000000, 85.00000000000000000, -97.86825876601857033 ) ) ;
#4650 = AXIS2_PLACEMENT_3D ( 'NONE', #4048, #10775, #8310 ) ;
#4651 = DIRECTION ( 'NONE',  ( -0.000000000000000000, -1.000000000000000000, -0.000000000000000000 ) ) ;
#4652 = EDGE_LOOP ( 'NONE', ( #2488, #4766, #6316, #1388 ) ) ;
#4653 = AXIS2_PLACEMENT_3D ( 'NONE', #4305, #8450, #7467 ) ;
#4654 = CARTESIAN_POINT ( 'NONE',  ( -63.25715662211381130, 95.00200000000000955, -42.99587695296753509 ) ) ;
#4655 = EDGE_LOOP ( 'NONE', ( #4601, #3635, #10784, #9317 ) ) ;
#4656 = ORIENTED_EDGE ( 'NONE', *, *, #2337, .F. ) ;
#4657 = CARTESIAN_POINT ( 'NONE',  ( -41.81980515339471083, -90.96194077712557657, -33.00000000000002132 ) ) ;
#4658 = ORIENTED_EDGE ( 'NONE', *, *, #7249, .T. ) ;
#4659 = ORIENTED_EDGE ( 'NONE', *, *, #9256, .F. ) ;
#4660 = CARTESIAN_POINT ( 'NONE',  ( -10.00000000000000355, 9.999999999999998224, 5.000000000000000000 ) ) ;
#4661 = ADVANCED_FACE ( 'NONE', ( #2628 ), #7656, .F. ) ;
#4662 = VECTOR ( 'NONE', #4765, 1000.000000000000000 ) ;
#4663 = VECTOR ( 'NONE', #4104, 1000.000000000000000 ) ;
#4664 = CARTESIAN_POINT ( 'NONE',  ( 61.82390241499603434, 95.00000000000000000, -100.2793298308827872 ) ) ;
#4665 = AXIS2_PLACEMENT_3D ( 'NONE', #4382, #6880, #3713 ) ;
#4666 = ADVANCED_FACE ( 'NONE', ( #10223, #2672 ), #6779, .F. ) ;
#4667 = LINE ( 'NONE', #1259, #10424 ) ;
#4668 = DIRECTION ( 'NONE',  ( 0.000000000000000000, 0.000000000000000000, -1.000000000000000000 ) ) ;
#4669 = ORIENTED_EDGE ( 'NONE', *, *, #1125, .F. ) ;
#4670 = CIRCLE ( 'NONE', #8006, 9.999999999999994671 ) ;
#4671 = VECTOR ( 'NONE', #7044, 1000.000000000000000 ) ;
#4672 = DIRECTION ( 'NONE',  ( -1.000000000000000000, 0.000000000000000000, 1.700709290173340409E-17 ) ) ;
#4673 = ORIENTED_EDGE ( 'NONE', *, *, #10332, .F. ) ;
#4674 = ORIENTED_EDGE ( 'NONE', *, *, #512, .T. ) ;
#4675 = VECTOR ( 'NONE', #6164, 1000.000000000000000 ) ;
#4676 = AXIS2_PLACEMENT_3D ( 'NONE', #9622, #2113, #2993 ) ;
#4677 = EDGE_CURVE ( 'NONE', #8385, #1146, #5703, .T. ) ;
#4678 = LINE ( 'NONE', #8929, #8472 ) ;
#4679 = DIRECTION ( 'NONE',  ( -0.8425558180458874169, 0.000000000000000000, 0.5386090358293532665 ) ) ;
#4680 = VERTEX_POINT ( 'NONE', #9298 ) ;
#4681 = LINE ( 'NONE', #8824, #2202 ) ;
#4682 = SHAPE_REPRESENTATION_RELATIONSHIP ( 'NONE' , 'NONE' ,  #9277, #3160 ) ;
#4683 = UNCERTAINTY_MEASURE_WITH_UNIT (LENGTH_MEASURE( 1.000000000000000082E-05 ), #1895, 'distance_accuracy_value', 'NONE');
#4684 = EDGE_LOOP ( 'NONE', ( #2994, #1413 ) ) ;
#4685 = VERTEX_POINT ( 'NONE', #1795 ) ;
#4686 = AXIS2_PLACEMENT_3D ( 'NONE', #7557, #5775, #1551 ) ;
#4687 = DIRECTION ( 'NONE',  ( 0.000000000000000000, 1.000000000000000000, 0.000000000000000000 ) ) ;
#4688 = EDGE_CURVE ( 'NONE', #2081, #3118, #6005, .T. ) ;
#4689 = CIRCLE ( 'NONE', #5561, 2.249999999999998668 ) ;
#4690 = FACE_OUTER_BOUND ( 'NONE', #6360, .T. ) ;
#4691 = DIRECTION ( 'NONE',  ( 0.000000000000000000, -1.000000000000000000, 0.000000000000000000 ) ) ;
#4692 = CARTESIAN_POINT ( 'NONE',  ( 35.00000000000000000, 9.500000000000012434, 20.00000000000000000 ) ) ;
#4693 = CARTESIAN_POINT ( 'NONE',  ( 85.36863799491800364, 10.00000000000000000, -94.52829855763729938 ) ) ;
#4694 = EDGE_CURVE ( 'NONE', #7027, #1668, #5135, .T. ) ;
#4695 = VERTEX_POINT ( 'NONE', #1085 ) ;
#4696 = CARTESIAN_POINT ( 'NONE',  ( 30.31344247896044664, 34.67986544671986593, -120.2803298308827920 ) ) ;
#4697 = EDGE_CURVE ( 'NONE', #3215, #6578, #793, .T. ) ;
#4698 = FACE_OUTER_BOUND ( 'NONE', #7004, .T. ) ;
#4699 = STYLED_ITEM ( 'NONE', ( #6825 ), #2388 ) ;
#4700 = CARTESIAN_POINT ( 'NONE',  ( -37.48849769918442831, -72.48849769918437858, 15.00000000000001421 ) ) ;
#4701 = AXIS2_PLACEMENT_3D ( 'NONE', #4441, #1094, #4390 ) ;
#4702 = CARTESIAN_POINT ( 'NONE',  ( 25.00000000000000000, 0.000000000000000000, 0.000000000000000000 ) ) ;
#4703 = CARTESIAN_POINT ( 'NONE',  ( -64.46620431643836469, 0.000000000000000000, -107.8905347760015161 ) ) ;
#4704 = ORIENTED_EDGE ( 'NONE', *, *, #6641, .T. ) ;
#4705 = DIRECTION ( 'NONE',  ( 0.000000000000000000, 0.000000000000000000, -1.000000000000000000 ) ) ;
#4706 = AXIS2_PLACEMENT_3D ( 'NONE', #6226, #3044, #10375 ) ;
#4707 = DIRECTION ( 'NONE',  ( -0.000000000000000000, -1.000000000000000000, 0.000000000000000000 ) ) ;
#4708 = DIRECTION ( 'NONE',  ( 0.000000000000000000, 0.000000000000000000, 1.000000000000000000 ) ) ;
#4709 = DIRECTION ( 'NONE',  ( 1.850371707708594809E-16, 0.000000000000000000, 1.000000000000000000 ) ) ;
#4710 = EDGE_LOOP ( 'NONE', ( #6037, #3995 ) ) ;
#4711 = EDGE_CURVE ( 'NONE', #3171, #6205, #5718, .T. ) ;
#4712 = LINE ( 'NONE', #5521, #8361 ) ;
#4713 = VERTEX_POINT ( 'NONE', #5195 ) ;
#4714 = CYLINDRICAL_SURFACE ( 'NONE', #3479, 2.250000000000001776 ) ;
#4715 = AXIS2_PLACEMENT_3D ( 'NONE', #8573, #9289, #10161 ) ;
#4716 = VERTEX_POINT ( 'NONE', #3551 ) ;
#4717 = EDGE_LOOP ( 'NONE', ( #8884, #6291, #9884, #10510 ) ) ;
#4718 = EDGE_CURVE ( 'NONE', #4779, #8613, #1683, .T. ) ;
#4719 = DIRECTION ( 'NONE',  ( -1.700709290173340409E-17, 0.000000000000000000, 1.000000000000000000 ) ) ;
#4720 = ADVANCED_FACE ( 'NONE', ( #9413 ), #245, .T. ) ;
#4721 = CARTESIAN_POINT ( 'NONE',  ( 0.000000000000000000, 9.000000000000000000, 10.00000000000000888 ) ) ;
#4722 =( NAMED_UNIT ( * ) SI_UNIT ( $, .STERADIAN. ) SOLID_ANGLE_UNIT ( ) );
#4723 = CARTESIAN_POINT ( 'NONE',  ( 59.14441049068479117, 85.00000000000000000, -90.27932983088280139 ) ) ;
#4724 = LINE ( 'NONE', #10509, #4662 ) ;
#4725 = ORIENTED_EDGE ( 'NONE', *, *, #8756, .T. ) ;
#4726 = AXIS2_PLACEMENT_3D ( 'NONE', #4592, #7914, #3770 ) ;
#4727 = CARTESIAN_POINT ( 'NONE',  ( -10.00000000000000178, -15.00000000000000355, 5.000000000000000000 ) ) ;
#4728 = ORIENTED_EDGE ( 'NONE', *, *, #5535, .F. ) ;
#4729 = VERTEX_POINT ( 'NONE', #3944 ) ;
#4730 = ADVANCED_FACE ( 'NONE', ( #4876 ), #539, .F. ) ;
#4731 = CARTESIAN_POINT ( 'NONE',  ( 25.00000000000000000, 9.000000000000000000, 0.000000000000000000 ) ) ;
#4732 = CARTESIAN_POINT ( 'NONE',  ( 2.499999999999999556, 3.000000000000000000, 22.50000000000000000 ) ) ;
#4733 = CARTESIAN_POINT ( 'NONE',  ( -37.48849769918442831, -72.48849769918437858, -24.99999999999999289 ) ) ;
#4734 = VERTEX_POINT ( 'NONE', #10616 ) ;
#4735 = CARTESIAN_POINT ( 'NONE',  ( -85.36863799491800364, 95.00000000000000000, -94.52829855763729938 ) ) ;
#4736 = ORIENTED_EDGE ( 'NONE', *, *, #6958, .T. ) ;
#4737 = VERTEX_POINT ( 'NONE', #427 ) ;
#4738 = CARTESIAN_POINT ( 'NONE',  ( 25.00000000000000000, -5.499999999999992895, -1.925929944387235853E-31 ) ) ;
#4739 =( BOUNDED_CURVE ( )  B_SPLINE_CURVE ( 3, ( #6235, #1040, #9578, #5412 ),
 .UNSPECIFIED., .F., .F. ) 
 B_SPLINE_CURVE_WITH_KNOTS ( ( 4, 4 ),
 ( 0.000000000000000000, 1.570796326794896780 ),
 .UNSPECIFIED. ) 
 CURVE ( )  GEOMETRIC_REPRESENTATION_ITEM ( )  RATIONAL_B_SPLINE_CURVE ( ( 1.000000000000000000, 0.8047378541243649375, 0.8047378541243649375, 1.000000000000000000 ) ) 
 REPRESENTATION_ITEM ( '' )  );
#4740 = CARTESIAN_POINT ( 'NONE',  ( 0.000000000000000000, 5.000000000000000000, 10.00000000000000178 ) ) ;
#4741 = CARTESIAN_POINT ( 'NONE',  ( -27.68655752103955336, 14.67986544671986948, -42.59593772390965682 ) ) ;
#4742 = DIRECTION ( 'NONE',  ( -0.000000000000000000, 1.000000000000000000, -0.000000000000000000 ) ) ;
#4743 = ORIENTED_EDGE ( 'NONE', *, *, #6033, .F. ) ;
#4744 = DIRECTION ( 'NONE',  ( 0.000000000000000000, 1.000000000000000000, 0.000000000000000000 ) ) ;
#4745 = CARTESIAN_POINT ( 'NONE',  ( 30.31344247896003097, 74.67986544671987303, -120.2803298308827920 ) ) ;
#4746 = DIRECTION ( 'NONE',  ( 0.000000000000000000, 0.000000000000000000, 1.000000000000000000 ) ) ;
#4747 = LINE ( 'NONE', #4703, #9158 ) ;
#4748 = ORIENTED_EDGE ( 'NONE', *, *, #6330, .F. ) ;
#4749 = EDGE_CURVE ( 'NONE', #10687, #1354, #2188, .T. ) ;
#4750 = DIRECTION ( 'NONE',  ( -0.000000000000000000, -0.000000000000000000, 1.000000000000000000 ) ) ;
#4751 = DIRECTION ( 'NONE',  ( -7.703719777548943412E-34, 1.000000000000000000, -1.310178779456958743E-50 ) ) ;
#4752 = FACE_OUTER_BOUND ( 'NONE', #7888, .T. ) ;
#4753 = CARTESIAN_POINT ( 'NONE',  ( 0.000000000000000000, 0.000000000000000000, 20.00000000000000000 ) ) ;
#4754 = EDGE_LOOP ( 'NONE', ( #2581, #3395, #3523, #380 ) ) ;
#4755 = CARTESIAN_POINT ( 'NONE',  ( 0.000000000000000000, 57.00000000000000000, 0.000000000000000000 ) ) ;
#4756 = VERTEX_POINT ( 'NONE', #9643 ) ;
#4757 = DIRECTION ( 'NONE',  ( -1.734723475976808672E-15, -1.734723475976804728E-15, -1.000000000000000000 ) ) ;
#4758 = ORIENTED_EDGE ( 'NONE', *, *, #4272, .T. ) ;
#4759 = ORIENTED_EDGE ( 'NONE', *, *, #1764, .T. ) ;
#4760 = FACE_OUTER_BOUND ( 'NONE', #8144, .T. ) ;
#4761 = EDGE_CURVE ( 'NONE', #3550, #596, #9909, .T. ) ;
#4762 = CARTESIAN_POINT ( 'NONE',  ( 8.572527594031469245E-16, 10.00000000000000000, -103.2793298308826877 ) ) ;
#4763 = DIRECTION ( 'NONE',  ( -1.734723475976807094E-16, 1.000000000000000000, 0.000000000000000000 ) ) ;
#4764 = CARTESIAN_POINT ( 'NONE',  ( -20.90380984571846312, 18.00000000000000000, 11.11289017892626063 ) ) ;
#4765 = DIRECTION ( 'NONE',  ( 0.000000000000000000, 1.000000000000000000, 0.000000000000000000 ) ) ;
#4766 = ORIENTED_EDGE ( 'NONE', *, *, #2139, .T. ) ;
#4767 = ORIENTED_EDGE ( 'NONE', *, *, #6348, .T. ) ;
#4768 = ITEM_DEFINED_TRANSFORMATION ( 'NONE', 'NONE', #8167,  #9029 ) ;
#4769 = DIRECTION ( 'NONE',  ( -1.223316414399868618E-17, 0.000000000000000000, 1.000000000000000000 ) ) ;
#4770 = EDGE_LOOP ( 'NONE', ( #825, #610, #5882, #1643 ) ) ;
#4771 = ORIENTED_EDGE ( 'NONE', *, *, #8117, .F. ) ;
#4772 = AXIS2_PLACEMENT_3D ( 'NONE', #723, #7396, #10139 ) ;
#4773 = ADVANCED_FACE ( 'NONE', ( #2288 ), #8864, .F. ) ;
#4774 = ORIENTED_EDGE ( 'NONE', *, *, #7019, .F. ) ;
#4775 = CIRCLE ( 'NONE', #1633, 2.249999999999998668 ) ;
#4776 = FACE_BOUND ( 'NONE', #9805, .T. ) ;
#4777 =( NAMED_UNIT ( * ) PLANE_ANGLE_UNIT ( ) SI_UNIT ( $, .RADIAN. ) );
#4778 = DIRECTION ( 'NONE',  ( -0.000000000000000000, -1.000000000000000000, 0.000000000000000000 ) ) ;
#4779 = VERTEX_POINT ( 'NONE', #4762 ) ;
#4780 = CARTESIAN_POINT ( 'NONE',  ( 1.071213963490121435, 18.00000000000000000, -85.67381143027024848 ) ) ;
#4781 = UNCERTAINTY_MEASURE_WITH_UNIT (LENGTH_MEASURE( 1.000000000000000082E-05 ), #7860, 'distance_accuracy_value', 'NONE');
#4782 = ORIENTED_EDGE ( 'NONE', *, *, #10189, .T. ) ;
#4783 = VERTEX_POINT ( 'NONE', #7273 ) ;
#4784 = DIRECTION ( 'NONE',  ( 0.000000000000000000, 0.000000000000000000, -1.000000000000000000 ) ) ;
#4785 = EDGE_CURVE ( 'NONE', #7507, #6828, #2136, .T. ) ;
#4786 = CIRCLE ( 'NONE', #7395, 7.500000000000000000 ) ;
#4787 = CARTESIAN_POINT ( 'NONE',  ( 58.74171087241099087, 95.00000000000000000, -90.51182856389574738 ) ) ;
#4788 = FACE_OUTER_BOUND ( 'NONE', #8696, .T. ) ;
#4789 = CARTESIAN_POINT ( 'NONE',  ( 0.000000000000000000, 5.000000000000000000, 0.000000000000000000 ) ) ;
#4790 = EDGE_LOOP ( 'NONE', ( #5777, #4107 ) ) ;
#4791 = CARTESIAN_POINT ( 'NONE',  ( -2.500000000000000000, 70.90000000000000568, 0.000000000000000000 ) ) ;
#4792 = DIRECTION ( 'NONE',  ( -1.000000000000000000, 0.000000000000000000, -1.156482317317871725E-16 ) ) ;
#4793 = AXIS2_PLACEMENT_3D ( 'NONE', #9819, #10646, #2159 ) ;
#4794 = CYLINDRICAL_SURFACE ( 'NONE', #6724, 5.000000000000000888 ) ;
#4795 =( BOUNDED_CURVE ( )  B_SPLINE_CURVE ( 3, ( #8793, #3005, #314, #6333 ),
 .UNSPECIFIED., .F., .F. ) 
 B_SPLINE_CURVE_WITH_KNOTS ( ( 4, 4 ),
 ( 3.141592653589790896, 4.712388980384689674 ),
 .UNSPECIFIED. ) 
 CURVE ( )  GEOMETRIC_REPRESENTATION_ITEM ( )  RATIONAL_B_SPLINE_CURVE ( ( 1.000000000000000000, 0.8047378541243644934, 0.8047378541243644934, 1.000000000000000000 ) ) 
 REPRESENTATION_ITEM ( '' )  );
#4796 = CARTESIAN_POINT ( 'NONE',  ( 0.000000000000000000, 0.000000000000000000, 0.000000000000000000 ) ) ;
#4797 = ORIENTED_EDGE ( 'NONE', *, *, #2487, .F. ) ;
#4798 = CIRCLE ( 'NONE', #1470, 2.249999999999998668 ) ;
#4799 = VECTOR ( 'NONE', #5979, 1000.000000000000000 ) ;
#4800 = DIRECTION ( 'NONE',  ( 1.846235724462872282E-15, 1.623211227490741118E-15, -1.000000000000000000 ) ) ;
#4801 = CARTESIAN_POINT ( 'NONE',  ( 5.000000000000000000, 3.851859888774471706E-33, -2.500000000000000000 ) ) ;
#4802 = EDGE_CURVE ( 'NONE', #5637, #4287, #3126, .T. ) ;
#4803 = CARTESIAN_POINT ( 'NONE',  ( 0.000000000000000000, 3.000000000000000000, 22.50000000000000000 ) ) ;
#4804 = DIRECTION ( 'NONE',  ( -1.734723475976807094E-16, 1.000000000000000000, 0.000000000000000000 ) ) ;
#4805 = ORIENTED_EDGE ( 'NONE', *, *, #1028, .T. ) ;
#4806 = CARTESIAN_POINT ( 'NONE',  ( 25.00000000000000000, 9.000000000000000000, 0.000000000000000000 ) ) ;
#4807 = CIRCLE ( 'NONE', #7410, 2.250000000000001776 ) ;
#4808 = CIRCLE ( 'NONE', #4978, 10.00000000000000000 ) ;
#4809 = CARTESIAN_POINT ( 'NONE',  ( 0.000000000000000000, 0.000000000000000000, 10.00000000000000888 ) ) ;
#4810 = ADVANCED_FACE ( 'NONE', ( #2969 ), #8966, .T. ) ;
#4811 = AXIS2_PLACEMENT_3D ( 'NONE', #4806, #3115, #3211 ) ;
#4812 = FACE_OUTER_BOUND ( 'NONE', #10605, .T. ) ;
#4813 = VERTEX_POINT ( 'NONE', #4818 ) ;
#4814 = EDGE_LOOP ( 'NONE', ( #3009, #1286 ) ) ;
#4815 = CARTESIAN_POINT ( 'NONE',  ( 25.00000000000000000, -9.499999999999992895, 10.00000000000000000 ) ) ;
#4816 = EDGE_CURVE ( 'NONE', #1983, #2234, #6506, .T. ) ;
#4817 = AXIS2_PLACEMENT_3D ( 'NONE', #342, #1829, #6105 ) ;
#4818 = CARTESIAN_POINT ( 'NONE',  ( -96.67003710817800766, 10.00000000000000000, -93.45117771904557458 ) ) ;
#4819 = AXIS2_PLACEMENT_3D ( 'NONE', #6853, #8561, #3412 ) ;
#4820 = CLOSED_SHELL ( 'NONE', ( #2687, #2073, #2407, #7641, #5209, #1856, #5230, #1945, #7129, #6861 ) ) ;
#4821 = VECTOR ( 'NONE', #9723, 1000.000000000000000 ) ;
#4822 = CARTESIAN_POINT ( 'NONE',  ( 5.000000000000000888, 62.40000000000000568, 17.00000000000000000 ) ) ;
#4823 = DIRECTION ( 'NONE',  ( -0.000000000000000000, 1.000000000000000000, 0.000000000000000000 ) ) ;
#4824 = EDGE_CURVE ( 'NONE', #9112, #6392, #5471, .T. ) ;
#4825 = ORIENTED_EDGE ( 'NONE', *, *, #7958, .F. ) ;
#4826 = ORIENTED_EDGE ( 'NONE', *, *, #2730, .T. ) ;
#4827 = EDGE_CURVE ( 'NONE', #5554, #6703, #6264, .T. ) ;
#4828 = CONTEXT_DEPENDENT_SHAPE_REPRESENTATION ( #7064, #9300 ) ;
#4829 = CARTESIAN_POINT ( 'NONE',  ( 85.36863799491800364, 0.000000000000000000, -99.02829855763729938 ) ) ;
#4830 = VERTEX_POINT ( 'NONE', #8156 ) ;
#4831 = EDGE_LOOP ( 'NONE', ( #3915, #93, #4323, #9195 ) ) ;
#4832 = CIRCLE ( 'NONE', #615, 4.000000000000003553 ) ;
#4833 = AXIS2_PLACEMENT_3D ( 'NONE', #4928, #4823, #8256 ) ;
#4834 = AXIS2_PLACEMENT_3D ( 'NONE', #5635, #703, #7435 ) ;
#4835 = PRODUCT_DEFINITION_SHAPE ( 'NONE', 'NONE',  #9288 ) ;
#4836 = ORIENTED_EDGE ( 'NONE', *, *, #7145, .F. ) ;
#4837 = AXIS2_PLACEMENT_3D ( 'NONE', #9291, #8462, #7362 ) ;
#4838 =( REPRESENTATION_RELATIONSHIP ('NONE','NONE', #1790, #1429 ) REPRESENTATION_RELATIONSHIP_WITH_TRANSFORMATION ( #7123 )SHAPE_REPRESENTATION_RELATIONSHIP( ) );
#4839 = CARTESIAN_POINT ( 'NONE',  ( 63.25715662211381130, 10.00000000000000000, -42.99587695296753509 ) ) ;
#4840 = CARTESIAN_POINT ( 'NONE',  ( 2.249999999999994671, 9.999999999999998224, -16.00000000000000000 ) ) ;
#4841 = FACE_OUTER_BOUND ( 'NONE', #3099, .T. ) ;
#4842 = ORIENTED_EDGE ( 'NONE', *, *, #4749, .F. ) ;
#4843 = CARTESIAN_POINT ( 'NONE',  ( -64.46620431643836469, 96.00000000000000000, -81.59679272225757529 ) ) ;
#4844 = ORIENTED_EDGE ( 'NONE', *, *, #8534, .T. ) ;
#4845 = EDGE_LOOP ( 'NONE', ( #9792, #4782, #3240, #3032, #7816, #9740 ) ) ;
#4846 = DIRECTION ( 'NONE',  ( 0.000000000000000000, 0.000000000000000000, 1.000000000000000000 ) ) ;
#4847 = ADVANCED_FACE ( 'NONE', ( #647 ), #6297, .F. ) ;
#4848 = VECTOR ( 'NONE', #520, 1000.000000000000000 ) ;
#4849 = VECTOR ( 'NONE', #2062, 1000.000000000000000 ) ;
#4850 = ADVANCED_FACE ( 'NONE', ( #9023 ), #8803, .F. ) ;
#4851 = LINE ( 'NONE', #5725, #4943 ) ;
#4852 = DIRECTION ( 'NONE',  ( 0.000000000000000000, 0.000000000000000000, -1.000000000000000000 ) ) ;
#4853 = DIRECTION ( 'NONE',  ( 1.000000000000000000, 5.204170427930420297E-16, 0.000000000000000000 ) ) ;
#4854 = VERTEX_POINT ( 'NONE', #1313 ) ;
#4855 = AXIS2_PLACEMENT_3D ( 'NONE', #8175, #6746, #670 ) ;
#4856 = FACE_BOUND ( 'NONE', #10203, .T. ) ;
#4857 = CARTESIAN_POINT ( 'NONE',  ( 0.000000000000000000, 0.000000000000000000, 0.000000000000000000 ) ) ;
#4858 = ORIENTED_EDGE ( 'NONE', *, *, #55, .T. ) ;
#4859 = DIRECTION ( 'NONE',  ( -0.000000000000000000, -0.000000000000000000, -1.000000000000000000 ) ) ;
#4860 = CARTESIAN_POINT ( 'NONE',  ( -37.48849769918442831, -72.48849769918437858, 23.00000000000000711 ) ) ;
#4861 = ORIENTED_EDGE ( 'NONE', *, *, #3364, .F. ) ;
#4862 = VECTOR ( 'NONE', #4346, 1000.000000000000000 ) ;
#4863 = DIRECTION ( 'NONE',  ( -1.000000000000000000, 0.000000000000000000, 0.000000000000000000 ) ) ;
#4864 = MECHANICAL_DESIGN_GEOMETRIC_PRESENTATION_REPRESENTATION (  '', ( #3986 ), #9416 ) ;
#4865 = FACE_BOUND ( 'NONE', #3379, .T. ) ;
#4866 = CYLINDRICAL_SURFACE ( 'NONE', #8848, 2.250000000000000000 ) ;
#4867 = PLANE ( 'NONE',  #8470 ) ;
#4868 = VERTEX_POINT ( 'NONE', #7117 ) ;
#4869 = FACE_OUTER_BOUND ( 'NONE', #6283, .T. ) ;
#4870 = EDGE_CURVE ( 'NONE', #5204, #4830, #10552, .T. ) ;
#4871 = DIRECTION ( 'NONE',  ( -1.700709290173340409E-17, 0.000000000000000000, -1.000000000000000000 ) ) ;
#4872 = FACE_OUTER_BOUND ( 'NONE', #10157, .T. ) ;
#4873 = ORIENTED_EDGE ( 'NONE', *, *, #5370, .F. ) ;
#4874 = ORIENTED_EDGE ( 'NONE', *, *, #5893, .T. ) ;
#4875 = CARTESIAN_POINT ( 'NONE',  ( -2.500000000000000000, 0.000000000000000000, -2.500000000000000000 ) ) ;
#4876 = FACE_OUTER_BOUND ( 'NONE', #896, .T. ) ;
#4878 = ADVANCED_FACE ( 'NONE', ( #6345 ), #490, .T. ) ;
#4877 = LINE ( 'NONE', #1472, #481 ) ;
#4879 = EDGE_CURVE ( 'NONE', #6920, #5480, #7538, .T. ) ;
#4880 = DIRECTION ( 'NONE',  ( 0.000000000000000000, 0.000000000000000000, -1.000000000000000000 ) ) ;
#4881 = VECTOR ( 'NONE', #7652, 1000.000000000000000 ) ;
#4882 = ORIENTED_EDGE ( 'NONE', *, *, #4935, .F. ) ;
#4883 = ORIENTED_EDGE ( 'NONE', *, *, #850, .T. ) ;
#4884 = CARTESIAN_POINT ( 'NONE',  ( 0.000000000000000000, 57.00000000000000000, 0.000000000000000000 ) ) ;
#4885 = ORIENTED_EDGE ( 'NONE', *, *, #3552, .T. ) ;
#4886 = VERTEX_POINT ( 'NONE', #6723 ) ;
#4887 = ADVANCED_FACE ( 'NONE', ( #5917 ), #747, .T. ) ;
#4888 = EDGE_CURVE ( 'NONE', #4387, #2640, #248, .T. ) ;
#4889 = EDGE_LOOP ( 'NONE', ( #9044, #4623 ) ) ;
#4890 = DIRECTION ( 'NONE',  ( 1.224646799147353700E-16, -1.000000000000000000, 0.000000000000000000 ) ) ;
#4891 = DIRECTION ( 'NONE',  ( 1.878072721644630547E-16, 1.878072721644625616E-16, 1.000000000000000000 ) ) ;
#4892 = DIRECTION ( 'NONE',  ( 0.000000000000000000, 0.000000000000000000, 1.000000000000000000 ) ) ;
#4893 = VERTEX_POINT ( 'NONE', #5038 ) ;
#4894 = DIRECTION ( 'NONE',  ( -0.9999999997608038926, -1.970927843343117432E-15, -2.187217985079537236E-05 ) ) ;
#4895 = ORIENTED_EDGE ( 'NONE', *, *, #1647, .F. ) ;
#4896 = ORIENTED_EDGE ( 'NONE', *, *, #6502, .F. ) ;
#4897 = CARTESIAN_POINT ( 'NONE',  ( -15.00000000000000178, 12.50000000000000000, 0.000000000000000000 ) ) ;
#4898 = LINE ( 'NONE', #4949, #8785 ) ;
#4899 = CYLINDRICAL_SURFACE ( 'NONE', #10379, 4.000000000000000000 ) ;
#4900 = DIRECTION ( 'NONE',  ( -1.734723475976807094E-16, 1.000000000000000000, -0.000000000000000000 ) ) ;
#4901 = CARTESIAN_POINT ( 'NONE',  ( 4.999999999999998224, 18.00000000000000000, -85.14486490616359049 ) ) ;
#4902 = VERTEX_POINT ( 'NONE', #3219 ) ;
#4903 = CARTESIAN_POINT ( 'NONE',  ( -24.99999999999999289, -9.500000000000001776, 10.00000000000000000 ) ) ;#4904 = EDGE_CURVE ( 'NONE', #4933, #3839, #9912, .T. ) ;
#4905 = EDGE_LOOP ( 'NONE', ( #10019, #1250, #5975, #5171 ) ) ;
#4906 = CARTESIAN_POINT ( 'NONE',  ( 5.000000000000000888, -4.000000000000000888, 16.99999999999999289 ) ) ;
#4907 = CARTESIAN_POINT ( 'NONE',  ( 2.999999999999999112, 0.000000000000000000, -87.14486490616359049 ) ) ;
#4908 = VERTEX_POINT ( 'NONE', #5090 ) ;
#4909 = EDGE_CURVE ( 'NONE', #1247, #7017, #2533, .T. ) ;
#4910 = CARTESIAN_POINT ( 'NONE',  ( -2.500000000000000000, 70.90000000000000568, -2.500000000000000000 ) ) ;
#4911 = CARTESIAN_POINT ( 'NONE',  ( -3.391807012330693372, -48.66918367361086695, -11.00000000000000000 ) ) ;
#4912 = CARTESIAN_POINT ( 'NONE',  ( -29.04331074782909994, -64.04331074782906796, -1.528669465471105493 ) ) ;
#4913 = FACE_OUTER_BOUND ( 'NONE', #730, .T. ) ;
#4914 = CARTESIAN_POINT ( 'NONE',  ( -2.500000000000000000, 70.90000000000000568, 0.000000000000000000 ) ) ;
#4915 = LINE ( 'NONE', #8082, #8354 ) ;
#4916 = DIRECTION ( 'NONE',  ( 1.000000000000000000, 0.000000000000000000, 0.000000000000000000 ) ) ;
#4917 = ORIENTED_EDGE ( 'NONE', *, *, #2213, .F. ) ;
#4918 = ORIENTED_EDGE ( 'NONE', *, *, #5481, .T. ) ;
#4919 = CARTESIAN_POINT ( 'NONE',  ( 4.332851387010890676, 0.000000000000000000, -97.29470861319067865 ) ) ;
#4920 = EDGE_CURVE ( 'NONE', #6052, #1729, #5856, .T. ) ;
#4921 = PRODUCT_DEFINITION_SHAPE ( 'NONE', 'NONE',  #4135 ) ;
#4922 = EDGE_CURVE ( 'NONE', #1449, #1461, #1580, .T. ) ;
#4923 = CARTESIAN_POINT ( 'NONE',  ( 0.000000000000000000, 18.00000000000000000, 0.000000000000000000 ) ) ;
#4924 = DIRECTION ( 'NONE',  ( -0.000000000000000000, -1.000000000000000000, -0.000000000000000000 ) ) ;
#4925 = CARTESIAN_POINT ( 'NONE',  ( 15.05453387609420624, 74.89999999999999147, 22.00000000000001421 ) ) ;
#4926 = DIRECTION ( 'NONE',  ( 1.000000000000000000, 0.000000000000000000, -0.000000000000000000 ) ) ;
#4927 = EDGE_CURVE ( 'NONE', #9360, #8058, #2564, .T. ) ;
#4928 = CARTESIAN_POINT ( 'NONE',  ( 15.50000000000000000, -12.50000000000000000, 2.418211663346640430E-16 ) ) ;
#4929 = EDGE_LOOP ( 'NONE', ( #7634, #9738 ) ) ;
#4930 = EDGE_LOOP ( 'NONE', ( #3673, #343 ) ) ;
#4931 = ITEM_DEFINED_TRANSFORMATION ( 'NONE', 'NONE', #9924,  #9029 ) ;
#4932 = DIRECTION ( 'NONE',  ( -1.000000000000000000, 0.000000000000000000, 1.734723475976807094E-17 ) ) ;
#4933 = VERTEX_POINT ( 'NONE', #5756 ) ;
#4934 = EDGE_LOOP ( 'NONE', ( #5685, #2404, #10022, #7206 ) ) ;
#4935 = EDGE_CURVE ( 'NONE', #4340, #4993, #8420, .T. ) ;
#4936 = CARTESIAN_POINT ( 'NONE',  ( -94.00000000000001421, 0.000000000000000000, -104.7964619962940702 ) ) ;
#4937 = VERTEX_POINT ( 'NONE', #5802 ) ;
#4938 = CARTESIAN_POINT ( 'NONE',  ( 0.000000000000000000, 0.000000000000000000, 0.000000000000000000 ) ) ;
#4939 = DIRECTION ( 'NONE',  ( 1.734723475976805246E-17, 0.000000000000000000, 1.000000000000000000 ) ) ;
#4940 = PLANE ( 'NONE',  #1676 ) ;
#4941 = ORIENTED_EDGE ( 'NONE', *, *, #6155, .T. ) ;
#4942 = CARTESIAN_POINT ( 'NONE',  ( 113.4593093147776415, 75.50000000000001421, -113.8925828909731308 ) ) ;
#4943 = VECTOR ( 'NONE', #6589, 1000.000000000000000 ) ;
#4944 = EDGE_LOOP ( 'NONE', ( #1820, #8416, #915, #8928 ) ) ;
#4945 = ORIENTED_EDGE ( 'NONE', *, *, #2089, .T. ) ;
#4946 = EDGE_CURVE ( 'NONE', #7507, #10126, #6376, .T. ) ;
#4947 = CARTESIAN_POINT ( 'NONE',  ( 0.4862796586990181247, 18.00000000000000000, -83.54086779998151258 ) ) ;
#4948 = AXIS2_PLACEMENT_3D ( 'NONE', #3095, #6274, #8021 ) ;
#4949 = CARTESIAN_POINT ( 'NONE',  ( 22.31344247896045019, 14.67986544671986238, -120.2803298308827920 ) ) ;
#4950 = CARTESIAN_POINT ( 'NONE',  ( 25.00000000000000000, 9.500000000000010658, 10.00000000000000000 ) ) ;
#4951 = CARTESIAN_POINT ( 'NONE',  ( -4.999999999999999112, 7.500000000000000000, 21.75000000000000000 ) ) ;
#4952 = VERTEX_POINT ( 'NONE', #9188 ) ;
#4953 = CYLINDRICAL_SURFACE ( 'NONE', #8667, 7.000000000000006217 ) ;
#4954 = ORIENTED_EDGE ( 'NONE', *, *, #1007, .T. ) ;
#4955 = ORIENTED_EDGE ( 'NONE', *, *, #7393, .F. ) ;
#4956 = EDGE_CURVE ( 'NONE', #9850, #2206, #870, .T. ) ;
#4957 = CIRCLE ( 'NONE', #218, 2.250000000000001776 ) ;
#4958 = CARTESIAN_POINT ( 'NONE',  ( 25.00000000000000355, -9.499999999999992895, 10.00000000000000000 ) ) ;
#4959 = CYLINDRICAL_SURFACE ( 'NONE', #5659, 10.00000000000000178 ) ;
#4960 = ORIENTED_EDGE ( 'NONE', *, *, #6648, .T. ) ;
#4961 = DIRECTION ( 'NONE',  ( 0.000000000000000000, 0.000000000000000000, -1.000000000000000000 ) ) ;
#4962 = VECTOR ( 'NONE', #2829, 1000.000000000000000 ) ;
#4963 = CARTESIAN_POINT ( 'NONE',  ( -27.09561478503027132, 9.000000000000000000, -1.869903166054073695 ) ) ;
#4964 = DIRECTION ( 'NONE',  ( 0.000000000000000000, 0.000000000000000000, 1.000000000000000000 ) ) ;
#4965 = CYLINDRICAL_SURFACE ( 'NONE', #5150, 9.999999999999998224 ) ;
#4966 = CARTESIAN_POINT ( 'NONE',  ( 11.57465733170071687, 8.499999999999998224, 1.000000000000000222 ) ) ;
#4967 = CARTESIAN_POINT ( 'NONE',  ( -2.499999999999999556, 55.90000000000000568, 23.99999999999999645 ) ) ;
#4968 = CARTESIAN_POINT ( 'NONE',  ( 1.108192987669307072, -48.66918367361086695, -11.00000000000000000 ) ) ;
#4969 = EDGE_LOOP ( 'NONE', ( #9223, #976, #7266, #9263 ) ) ;
#4970 = VERTEX_POINT ( 'NONE', #1798 ) ;
#4971 = VECTOR ( 'NONE', #9142, 1000.000000000000000 ) ;
#4972 = CLOSED_SHELL ( 'NONE', ( #246, #8226, #1270, #5530, #117, #9049, #6986, #3621, #10123, #9575, #8993, #2200, #1327, #3128, #394, #8130, #918, #9617, #36, #5462, #9892, #6742, #1959, #292, #1326, #3295, #1621, #3222, #2285, #8915, #26, #8705, #6475, #1641, #8757, #8976, #10585, #2908, #3079, #4850, #785, #8169, #9596, #5609, #1068, #8863, #2591, #4985, #2351, #6560, #5147, #5556, #2022, #1985, #7491, #290, #7089, #7298, #5828, #562, #6016, #10802, #5671, #4730, #8437, #1463, #540, #2067, #10566, #9648, #7657, #1311 ) ) ;
#4973 = DIRECTION ( 'NONE',  ( -1.000000000000000000, -1.734723475976807094E-16, 0.000000000000000000 ) ) ;
#4974 = EDGE_CURVE ( 'NONE', #7066, #8394, #10130, .T. ) ;
#4975 = CARTESIAN_POINT ( 'NONE',  ( -2.499999999999999556, 70.90000000000000568, 25.50000000000000000 ) ) ;
#4976 = AXIS2_PLACEMENT_3D ( 'NONE', #8775, #1997, #511 ) ;
#4977 = CARTESIAN_POINT ( 'NONE',  ( 11.14116308173940517, 0.2284369631429433445, 1.000000000000000000 ) ) ;
#4978 = AXIS2_PLACEMENT_3D ( 'NONE', #8955, #4804, #5794 ) ;
#4979 = DIRECTION ( 'NONE',  ( -1.000000000000000000, -0.000000000000000000, -0.000000000000000000 ) ) ;
#4980 = CIRCLE ( 'NONE', #1659, 10.00000000000000178 ) ;
#4981 = CYLINDRICAL_SURFACE ( 'NONE', #7115, 2.000000000000000000 ) ;
#4982 = FACE_OUTER_BOUND ( 'NONE', #5490, .T. ) ;
#4983 = VERTEX_POINT ( 'NONE', #8252 ) ;
#4984 = EDGE_LOOP ( 'NONE', ( #7851, #6032, #9365, #5186 ) ) ;
#4985 = ADVANCED_FACE ( 'NONE', ( #1697 ), #5968, .F. ) ;
#4986 = FACE_OUTER_BOUND ( 'NONE', #6421, .T. ) ;
#4987 = VERTEX_POINT ( 'NONE', #7429 ) ;
#4988 = EDGE_LOOP ( 'NONE', ( #925, #4229, #3577, #6919, #3390, #6938 ) ) ;
#4989 = VECTOR ( 'NONE', #4520, 1000.000000000000000 ) ;
#4990 = VECTOR ( 'NONE', #3886, 1000.000000000000000 ) ;
#4991 = AXIS2_PLACEMENT_3D ( 'NONE', #1236, #3601, #1129 ) ;
#4992 = CARTESIAN_POINT ( 'NONE',  ( 5.386090358293497360, 0.000000000000000000, 8.425558180458891044 ) ) ;
#4993 = VERTEX_POINT ( 'NONE', #6622 ) ;
#4994 = DIRECTION ( 'NONE',  ( 0.000000000000000000, 0.000000000000000000, 1.000000000000000000 ) ) ;
#4995 = DIRECTION ( 'NONE',  ( 0.000000000000000000, 1.000000000000000000, -0.000000000000000000 ) ) ;
#4996 = VECTOR ( 'NONE', #832, 1000.000000000000000 ) ;
#4997 = LINE ( 'NONE', #9040, #792 ) ;
#4998 = VERTEX_POINT ( 'NONE', #4163 ) ;
#4999 = DIRECTION ( 'NONE',  ( 0.6949125091559834599, 8.616427975903281965E-17, -0.7190942946641526445 ) ) ;
#5000 = AXIS2_PLACEMENT_3D ( 'NONE', #8996, #10483, #9775 ) ;
#5001 = FACE_OUTER_BOUND ( 'NONE', #710, .T. ) ;
#5002 = ORIENTED_EDGE ( 'NONE', *, *, #3636, .T. ) ;
#5003 = ORIENTED_EDGE ( 'NONE', *, *, #6629, .F. ) ;
#5004 = ADVANCED_FACE ( 'NONE', ( #8207, #9964, #4051 ), #7371, .F. ) ;
#5005 = CARTESIAN_POINT ( 'NONE',  ( 0.000000000000000000, 0.000000000000000000, -6.499999999999999112 ) ) ;
#5006 = CIRCLE ( 'NONE', #8504, 2.250000000000000000 ) ;
#5007 = AXIS2_PLACEMENT_3D ( 'NONE', #5265, #4557, #7928 ) ;
#5008 = DIRECTION ( 'NONE',  ( 0.000000000000000000, 1.000000000000000000, 0.000000000000000000 ) ) ;
#5009 = SURFACE_STYLE_FILL_AREA ( #845 ) ;
#5010 = LINE ( 'NONE', #846, #3231 ) ;
#5011 = ORIENTED_EDGE ( 'NONE', *, *, #1796, .F. ) ;
#5012 = CARTESIAN_POINT ( 'NONE',  ( -64.46620431643836469, 95.00000000000000000, -112.3905347760015161 ) ) ;
#5013 = EDGE_CURVE ( 'NONE', #8166, #4886, #8376, .T. ) ;
#5014 = ORIENTED_EDGE ( 'NONE', *, *, #5409, .T. ) ;
#5015 = ORIENTED_EDGE ( 'NONE', *, *, #731, .F. ) ;
#5016 = VECTOR ( 'NONE', #9374, 1000.000000000000000 ) ;
#5017 = PRODUCT_DEFINITION_SHAPE ( 'NONE', 'NONE',  #10835 ) ;
#5018 = CARTESIAN_POINT ( 'NONE',  ( 2.499999999999999556, 0.000000000000000000, 22.50000000000000000 ) ) ;
#5019 = CARTESIAN_POINT ( 'NONE',  ( 0.000000000000000000, 9.000000000000000000, 0.000000000000000000 ) ) ;
#5020 = ORIENTED_EDGE ( 'NONE', *, *, #8239, .T. ) ;
#5021 = PLANE ( 'NONE',  #9797 ) ;
#5022 = VECTOR ( 'NONE', #9845, 1000.000000000000000 ) ;
#5023 = EDGE_CURVE ( 'NONE', #9636, #1508, #7976, .T. ) ;
#5024 = EDGE_CURVE ( 'NONE', #4387, #8497, #6125, .T. ) ;
#5025 = AXIS2_PLACEMENT_3D ( 'NONE', #2719, #1950, #5290 ) ;
#5026 = DIRECTION ( 'NONE',  ( 0.000000000000000000, 0.000000000000000000, 1.000000000000000000 ) ) ;
#5027 = LINE ( 'NONE', #10707, #3795 ) ;
#5028 = ORIENTED_EDGE ( 'NONE', *, *, #9090, .T. ) ;
#5029 = CARTESIAN_POINT ( 'NONE',  ( -25.00000000000000000, 9.500000000000001776, 10.00000000000000000 ) ) ;
#5030 = CARTESIAN_POINT ( 'NONE',  ( 0.000000000000000000, 0.000000000000000000, 0.000000000000000000 ) ) ;
#5031 = CARTESIAN_POINT ( 'NONE',  ( 3.367778697655221012E-16, 39.00000000000000000, 2.750000000000000000 ) ) ;
#5032 = ORIENTED_EDGE ( 'NONE', *, *, #3255, .F. ) ;
#5033 = EDGE_LOOP ( 'NONE', ( #4108, #898, #3319, #9842 ) ) ;
#5034 = AXIS2_PLACEMENT_3D ( 'NONE', #8272, #3351, #9932 ) ;
#5035 = DIRECTION ( 'NONE',  ( 0.000000000000000000, 0.000000000000000000, 1.000000000000000000 ) ) ;
#5036 = VECTOR ( 'NONE', #3348, 1000.000000000000000 ) ;
#5037 = PRESENTATION_LAYER_ASSIGNMENT (  '', '', ( #3986 ) ) ;
#5038 = CARTESIAN_POINT ( 'NONE',  ( 0.000000000000000000, 200.0000000000000000, 8.750000000000001776 ) ) ;
#5039 = AXIS2_PLACEMENT_3D ( 'NONE', #1476, #2294, #5478 ) ;
#5040 = EDGE_CURVE ( 'NONE', #9521, #5259, #5532, .T. ) ;
#5041 = CARTESIAN_POINT ( 'NONE',  ( 94.00000000000001421, 95.00000000000000000, -104.7964619962940844 ) ) ;
#5042 = CARTESIAN_POINT ( 'NONE',  ( 39.00443338159792006, 95.00000000000000000, -42.59593772390965682 ) ) ;
#5043 = LINE ( 'NONE', #1584, #10087 ) ;
#5044 = DIRECTION ( 'NONE',  ( 0.000000000000000000, 1.000000000000000000, 0.000000000000000000 ) ) ;
#5045 = EDGE_CURVE ( 'NONE', #6052, #8773, #6173, .T. ) ;
#5046 = DIRECTION ( 'NONE',  ( 0.000000000000000000, 0.000000000000000000, -1.000000000000000000 ) ) ;
#5047 = ORIENTED_EDGE ( 'NONE', *, *, #4216, .T. ) ;
#5048 = VERTEX_POINT ( 'NONE', #309 ) ;
#5049 = VECTOR ( 'NONE', #9460, 1000.000000000000000 ) ;
#5050 = CARTESIAN_POINT ( 'NONE',  ( -34.99999999999999289, -5.500000000000003553, 10.00000000000000000 ) ) ;
#5051 = EDGE_CURVE ( 'NONE', #8325, #418, #9417, .T. ) ;
#5052 = ORIENTED_EDGE ( 'NONE', *, *, #5051, .F. ) ;
#5053 = VERTEX_POINT ( 'NONE', #8634 ) ;
#5054 = APPLICATION_CONTEXT ( 'automotive_design' ) ;
#5055 = VECTOR ( 'NONE', #7973, 1000.000000000000000 ) ;
#5056 = FACE_BOUND ( 'NONE', #3426, .T. ) ;
#5057 = DIRECTION ( 'NONE',  ( 8.895006672729878318E-17, 0.000000000000000000, -1.000000000000000000 ) ) ;
#5058 = LINE ( 'NONE', #3140, #6951 ) ;
#5059 = CARTESIAN_POINT ( 'NONE',  ( 15.50000000000000000, -12.50000000000000000, 0.5000000000000000000 ) ) ;
#5060 = ORIENTED_EDGE ( 'NONE', *, *, #4956, .F. ) ;
#5061 = DIRECTION ( 'NONE',  ( -0.9999999997608040037, 3.170412930003568236E-23, -2.187217985995227964E-05 ) ) ;
#5062 = CARTESIAN_POINT ( 'NONE',  ( -94.00000000000001421, 95.00000000000000000, -104.7964619962940844 ) ) ;
#5063 = ORIENTED_EDGE ( 'NONE', *, *, #2827, .T. ) ;
#5064 = VERTEX_POINT ( 'NONE', #8474 ) ;
#5065 = DIRECTION ( 'NONE',  ( 0.000000000000000000, 0.000000000000000000, -1.000000000000000000 ) ) ;
#5066 = EDGE_CURVE ( 'NONE', #2303, #9472, #805, .T. ) ;
#5067 = DIRECTION ( 'NONE',  ( 0.000000000000000000, -0.000000000000000000, 1.000000000000000000 ) ) ;
#5068 =( NAMED_UNIT ( * ) SI_UNIT ( $, .STERADIAN. ) SOLID_ANGLE_UNIT ( ) );
#5069 = CARTESIAN_POINT ( 'NONE',  ( -24.99999999999999645, -10.49999999999999822, 10.00000000000000000 ) ) ;
#5070 = ORIENTED_EDGE ( 'NONE', *, *, #9090, .F. ) ;
#5071 = FACE_BOUND ( 'NONE', #5602, .T. ) ;
#5072 = ORIENTED_EDGE ( 'NONE', *, *, #5089, .T. ) ;
#5073 = ORIENTED_EDGE ( 'NONE', *, *, #6347, .T. ) ;
#5074 = LINE ( 'NONE', #901, #601 ) ;
#5075 = LINE ( 'NONE', #10113, #1121 ) ;
#5076 = ORIENTED_EDGE ( 'NONE', *, *, #4215, .T. ) ;
#5077 = VECTOR ( 'NONE', #3492, 1000.000000000000000 ) ;
#5078 = EDGE_CURVE ( 'NONE', #645, #4240, #9173, .T. ) ;
#5079 = DIRECTION ( 'NONE',  ( -0.000000000000000000, -1.000000000000000000, 0.000000000000000000 ) ) ;
#5080 = FACE_OUTER_BOUND ( 'NONE', #2614, .T. ) ;
#5081 = CARTESIAN_POINT ( 'NONE',  ( -10.00000000000000178, 47.50000000000000000, -42.59593772390965682 ) ) ;
#5082 = ORIENTED_EDGE ( 'NONE', *, *, #1296, .F. ) ;
#5083 = CARTESIAN_POINT ( 'NONE',  ( 4.332851387010890676, 0.000000000000000000, -92.79470861319066444 ) ) ;
#5084 = CARTESIAN_POINT ( 'NONE',  ( -59.14441049068477696, 95.00000000000000000, -90.27932983088280139 ) ) ;
#5085 = CARTESIAN_POINT ( 'NONE',  ( 22.31344247896003452, 54.67986544671986593, -28.54374205374393725 ) ) ;
#5086 = VERTEX_POINT ( 'NONE', #1038 ) ;
#5087 = ORIENTED_EDGE ( 'NONE', *, *, #3071, .T. ) ;
#5088 = LINE ( 'NONE', #8417, #4123 ) ;
#5089 = EDGE_CURVE ( 'NONE', #62, #10596, #4432, .T. ) ;
#5090 = CARTESIAN_POINT ( 'NONE',  ( 5.000000000000000000, 70.90000000000000568, 22.00000000000001421 ) ) ;
#5091 = DIRECTION ( 'NONE',  ( 0.2644732620533331025, 0.000000000000000000, -0.9643930182549378394 ) ) ;
#5092 = DIRECTION ( 'NONE',  ( -1.000000000000000000, 0.000000000000000000, 0.000000000000000000 ) ) ;
#5093 = DIRECTION ( 'NONE',  ( 1.000000000000000000, 0.000000000000000000, 0.000000000000000000 ) ) ;
#5094 = DIRECTION ( 'NONE',  ( -0.000000000000000000, 0.000000000000000000, 1.000000000000000000 ) ) ;
#5095 = ORIENTED_EDGE ( 'NONE', *, *, #2287, .T. ) ;
#5096 = EDGE_LOOP ( 'NONE', ( #4759, #3778, #5260, #3563 ) ) ;
#5097 = CARTESIAN_POINT ( 'NONE',  ( -34.74873734152924953, -98.03300858899103787, -32.99999999999999289 ) ) ;
#5098 = VERTEX_POINT ( 'NONE', #10288 ) ;
#5099 = ORIENTED_EDGE ( 'NONE', *, *, #2989, .T. ) ;
#5100 = ADVANCED_FACE ( 'NONE', ( #1198, #10227, #1914 ), #1087, .F. ) ;
#5101 = PRODUCT_DEFINITION_SHAPE ( 'NONE', 'NONE',  #2518 ) ;
#5102 = CARTESIAN_POINT ( 'NONE',  ( 5.000000000000000888, -9.500000000000001776, 22.50000000000000000 ) ) ;
#5103 = FACE_OUTER_BOUND ( 'NONE', #4413, .T. ) ;
#5104 = DIRECTION ( 'NONE',  ( 1.734723475976806848E-16, -1.000000000000000000, 0.000000000000000000 ) ) ;
#5105 = CARTESIAN_POINT ( 'NONE',  ( -23.68655752103954981, 14.67986544671986238, -28.54374205374393725 ) ) ;
#5106 = VERTEX_POINT ( 'NONE', #3669 ) ;
#5107 = APPLICATION_PROTOCOL_DEFINITION ( 'draft international standard', 'automotive_design', 1998, #4425 ) ;
#5108 = FACE_OUTER_BOUND ( 'NONE', #8085, .T. ) ;
#5109 = ORIENTED_EDGE ( 'NONE', *, *, #407, .T. ) ;
#5110 = VERTEX_POINT ( 'NONE', #3612 ) ;
#5111 = CARTESIAN_POINT ( 'NONE',  ( -64.99999999999980105, 0.000000000000000000, -112.1326873879137622 ) ) ;
#5112 = EDGE_CURVE ( 'NONE', #5480, #2978, #10565, .T. ) ;
#5113 = LINE ( 'NONE', #3693, #6895 ) ;
#5114 = CARTESIAN_POINT ( 'NONE',  ( -48.89087296526016502, -83.89087296526008686, -32.99999999999999289 ) ) ;
#5115 = CARTESIAN_POINT ( 'NONE',  ( -21.97224293596365641, -85.25651418342550869, -5.236488491950767710 ) ) ;
#5116 = ORIENTED_EDGE ( 'NONE', *, *, #7717, .T. ) ;
#5117 = DIRECTION ( 'NONE',  ( 1.000000000000000000, 1.734723475976807094E-16, 0.000000000000000000 ) ) ;
#5118 = ORIENTED_EDGE ( 'NONE', *, *, #6295, .F. ) ;
#5119 = ORIENTED_EDGE ( 'NONE', *, *, #7836, .F. ) ;
#5120 = ADVANCED_FACE ( 'NONE', ( #7866 ), #2732, .F. ) ;
#5121 = CARTESIAN_POINT ( 'NONE',  ( 1.108192987669307072, -48.66918367361086695, 5.000000000000000888 ) ) ;
#5122 = CYLINDRICAL_SURFACE ( 'NONE', #2517, 2.250000000000000000 ) ;
#5123 = ORIENTED_EDGE ( 'NONE', *, *, #2971, .F. ) ;
#5124 = CIRCLE ( 'NONE', #203, 3.000000000000000000 ) ;
#5125 = CARTESIAN_POINT ( 'NONE',  ( -4.999999999999999112, 0.000000000000000000, 25.50000000000000000 ) ) ;
#5126 = PLANE ( 'NONE',  #10726 ) ;
#5127 = CARTESIAN_POINT ( 'NONE',  ( 5.000000000000000888, 3.500000000000001332, 5.999999999999999112 ) ) ;
#5128 = VERTEX_POINT ( 'NONE', #10175 ) ;
#5129 = CARTESIAN_POINT ( 'NONE',  ( 64.46620431643836469, 95.00000000000000000, -110.1405347760015161 ) ) ;
#5130 = AXIS2_PLACEMENT_3D ( 'NONE', #7274, #6507, #4052 ) ;
#5131 = FILL_AREA_STYLE_COLOUR ( '', #841 ) ;
#5132 = CARTESIAN_POINT ( 'NONE',  ( -94.00000000000001421, 95.00000000000000000, -104.7964619962940702 ) ) ;
#5133 = ORIENTED_EDGE ( 'NONE', *, *, #7794, .T. ) ;
#5134 = ORIENTED_EDGE ( 'NONE', *, *, #10443, .T. ) ;
#5135 = LINE ( 'NONE', #7589, #5518 ) ;
#5136 = VECTOR ( 'NONE', #3436, 1000.000000000000000 ) ;
#5137 = EDGE_CURVE ( 'NONE', #9262, #6129, #9351, .T. ) ;
#5138 = DIRECTION ( 'NONE',  ( 0.7071067811865465735, -0.7071067811865484609, -0.000000000000000000 ) ) ;
#5139 = DIRECTION ( 'NONE',  ( 0.05233595624293713860, 0.9986295347545742773, 3.206777729186207225E-17 ) ) ;
#5140 = CARTESIAN_POINT ( 'NONE',  ( 0.000000000000000000, 5.000000000000000000, -10.00000000000000178 ) ) ;
#5141 = VECTOR ( 'NONE', #1353, 1000.000000000000000 ) ;
#5142 = DIRECTION ( 'NONE',  ( 0.000000000000000000, 0.000000000000000000, 1.000000000000000000 ) ) ;
#5143 = ORIENTED_EDGE ( 'NONE', *, *, #1974, .T. ) ;
#5144 = VERTEX_POINT ( 'NONE', #4490 ) ;
#5145 = AXIS2_PLACEMENT_3D ( 'NONE', #617, #7964, #2112 ) ;
#5146 = DIRECTION ( 'NONE',  ( 0.000000000000000000, 0.000000000000000000, 1.000000000000000000 ) ) ;
#5147 = ADVANCED_FACE ( 'NONE', ( #362 ), #6073, .F. ) ;
#5148 = ORIENTED_EDGE ( 'NONE', *, *, #9252, .T. ) ;
#5149 = EDGE_LOOP ( 'NONE', ( #6656, #116, #8212, #10475, #4443 ) ) ;
#5150 = AXIS2_PLACEMENT_3D ( 'NONE', #1572, #739, #801 ) ;
#5151 = CLOSED_SHELL ( 'NONE', ( #6367, #9276, #2608, #4039, #2765, #10762 ) ) ;
#5152 = CIRCLE ( 'NONE', #3753, 10.00000000000000178 ) ;
#5153 = DIRECTION ( 'NONE',  ( 0.000000000000000000, 0.000000000000000000, -1.000000000000000000 ) ) ;
#5154 = ADVANCED_FACE ( 'NONE', ( #7812 ), #6997, .F. ) ;
#5155 = EDGE_CURVE ( 'NONE', #8177, #4734, #6231, .T. ) ;
#5156 = CARTESIAN_POINT ( 'NONE',  ( 0.000000000000000000, 0.000000000000000000, -6.499999999999999112 ) ) ;
#5157 = LINE ( 'NONE', #1877, #1018 ) ;
#5158 = LINE ( 'NONE', #7013, #3784 ) ;
#5159 = ORIENTED_EDGE ( 'NONE', *, *, #2940, .F. ) ;
#5160 = AXIS2_PLACEMENT_3D ( 'NONE', #9885, #4859, #569 ) ;
#5161 = DIRECTION ( 'NONE',  ( 0.000000000000000000, -0.000000000000000000, 1.000000000000000000 ) ) ;
#5162 = EDGE_LOOP ( 'NONE', ( #10393, #4548, #3028, #152 ) ) ;
#5163 = ORIENTED_EDGE ( 'NONE', *, *, #8690, .T. ) ;
#5164 = CIRCLE ( 'NONE', #2358, 4.000000000000003553 ) ;
#5165 = CIRCLE ( 'NONE', #9358, 2.250000000000001776 ) ;
#5166 = LINE ( 'NONE', #1660, #7948 ) ;
#5167 = AXIS2_PLACEMENT_3D ( 'NONE', #6378, #462, #9822 ) ;
#5168 = DIRECTION ( 'NONE',  ( 0.000000000000000000, -1.000000000000000000, 0.000000000000000000 ) ) ;
#5169 = FACE_BOUND ( 'NONE', #8486, .T. ) ;
#5170 = CARTESIAN_POINT ( 'NONE',  ( -64.46620431643836469, 0.000000000000000000, -112.3905347760015161 ) ) ;
#5171 = ORIENTED_EDGE ( 'NONE', *, *, #4543, .T. ) ;
#5172 = DIRECTION ( 'NONE',  ( 0.000000000000000000, 1.000000000000000000, 1.816464372750583628E-16 ) ) ;
#5173 = EDGE_CURVE ( 'NONE', #7443, #2295, #7955, .T. ) ;
#5174 = EDGE_LOOP ( 'NONE', ( #671, #595, #8271, #7522 ) ) ;
#5175 = ORIENTED_EDGE ( 'NONE', *, *, #2367, .F. ) ;
#5176 = DIRECTION ( 'NONE',  ( 1.000000000000000000, -0.000000000000000000, 1.223316414399868464E-17 ) ) ;
#5177 = EDGE_CURVE ( 'NONE', #6889, #10030, #3875, .T. ) ;
#5178 = CARTESIAN_POINT ( 'NONE',  ( 2.500000000000000000, 70.85803989154980798, 0.000000000000000000 ) ) ;
#5179 = AXIS2_PLACEMENT_3D ( 'NONE', #9751, #378, #4668 ) ;
#5180 = VECTOR ( 'NONE', #2574, 1000.000000000000000 ) ;
#5181 = CARTESIAN_POINT ( 'NONE',  ( -27.24999999999999645, -10.49999999999999822, 10.00000000000000000 ) ) ;
#5182 = ADVANCED_FACE ( 'NONE', ( #3984 ), #10539, .F. ) ;
#5183 = CARTESIAN_POINT ( 'NONE',  ( 9.063930161978817068E-16, 55.90000000000000568, 23.99999999999999645 ) ) ;
#5184 = CIRCLE ( 'NONE', #5528, 4.000000000000000000 ) ;
#5185 = DIRECTION ( 'NONE',  ( -0.000000000000000000, -1.000000000000000000, -0.000000000000000000 ) ) ;
#5186 = ORIENTED_EDGE ( 'NONE', *, *, #5469, .F. ) ;
#5187 = VECTOR ( 'NONE', #2355, 1000.000000000000000 ) ;
#5188 = CARTESIAN_POINT ( 'NONE',  ( -1.924702886938330026, 9.000000000000000000, -81.70205095511482796 ) ) ;
#5189 = AXIS2_PLACEMENT_3D ( 'NONE', #9504, #235, #131 ) ;
#5190 =( REPRESENTATION_RELATIONSHIP ('NONE','NONE', #1790, #8076 ) REPRESENTATION_RELATIONSHIP_WITH_TRANSFORMATION ( #5698 )SHAPE_REPRESENTATION_RELATIONSHIP( ) );
#5191 = SURFACE_STYLE_USAGE ( .BOTH. , #2624 ) ;
#5192 = DIRECTION ( 'NONE',  ( -0.000000000000000000, -1.000000000000000000, -0.000000000000000000 ) ) ;
#5193 = ORIENTED_EDGE ( 'NONE', *, *, #10380, .F. ) ;
#5194 = ORIENTED_EDGE ( 'NONE', *, *, #3010, .T. ) ;
#5195 = CARTESIAN_POINT ( 'NONE',  ( -69.07332122148433484, 95.00000000000000000, -119.1878866990734736 ) ) ;
#5196 = EDGE_CURVE ( 'NONE', #2295, #2797, #7978, .T. ) ;
#5197 = AXIS2_PLACEMENT_3D ( 'NONE', #9665, #9720, #7965 ) ;
#5198 = DIRECTION ( 'NONE',  ( 1.000000000000000000, 0.000000000000000000, 0.000000000000000000 ) ) ;
#5199 = LINE ( 'NONE', #1200, #5311 ) ;
#5200 = FACE_BOUND ( 'NONE', #9012, .T. ) ;
#5201 = EDGE_CURVE ( 'NONE', #4729, #7231, #2491, .T. ) ;
#5202 = ORIENTED_EDGE ( 'NONE', *, *, #1735, .T. ) ;
#5203 = DIRECTION ( 'NONE',  ( 1.000000000000000000, 0.000000000000000000, 0.000000000000000000 ) ) ;
#5204 = VERTEX_POINT ( 'NONE', #4646 ) ;
#5205 = ORIENTED_EDGE ( 'NONE', *, *, #1479, .F. ) ;
#5206 = AXIS2_PLACEMENT_3D ( 'NONE', #2525, #2360, #4237 ) ;
#5207 = CIRCLE ( 'NONE', #7997, 5.000000000000000888 ) ;
#5208 = CYLINDRICAL_SURFACE ( 'NONE', #4701, 1.500000000000000000 ) ;
#5209 = ADVANCED_FACE ( 'NONE', ( #10656 ), #2171, .T. ) ;
#5210 = EDGE_LOOP ( 'NONE', ( #5240, #9101, #10715, #1867, #4027, #8956 ) ) ;
#5211 = EDGE_LOOP ( 'NONE', ( #766, #10048, #1702, #2656 ) ) ;
#5212 = EDGE_CURVE ( 'NONE', #360, #8223, #2274, .T. ) ;
#5213 = CARTESIAN_POINT ( 'NONE',  ( 9.999999999999998224, -15.00000000000000355, 0.000000000000000000 ) ) ;
#5214 = CIRCLE ( 'NONE', #2938, 5.000000000000000888 ) ;
#5215 = CARTESIAN_POINT ( 'NONE',  ( 1.734723475976807094E-15, 0.000000000000000000, -6.938893903907228378E-15 ) ) ;
#5216 = EDGE_CURVE ( 'NONE', #8352, #2720, #472, .T. ) ;
#5217 = EDGE_CURVE ( 'NONE', #9722, #7856, #4370, .T. ) ;
#5218 = AXIS2_PLACEMENT_3D ( 'NONE', #7744, #1849, #6065 ) ;
#5219 = CARTESIAN_POINT ( 'NONE',  ( 63.94170910735155644, 5.000000000000004441, -99.05349224005480835 ) ) ;
#5220 = DIRECTION ( 'NONE',  ( 1.000000000000000000, 0.000000000000000000, 0.000000000000000000 ) ) ;
#5221 = LINE ( 'NONE', #4286, #4648 ) ;
#5222 = ORIENTED_EDGE ( 'NONE', *, *, #8102, .T. ) ;
#5223 = APPLICATION_PROTOCOL_DEFINITION ( 'draft international standard', 'automotive_design', 1998, #910 ) ;
#5224 = PLANE ( 'NONE',  #6790 ) ;
#5225 = ORIENTED_EDGE ( 'NONE', *, *, #7415, .F. ) ;
#5226 = ORIENTED_EDGE ( 'NONE', *, *, #7720, .F. ) ;
#5227 = VECTOR ( 'NONE', #2242, 1000.000000000000000 ) ;
#5228 = DIRECTION ( 'NONE',  ( 1.000000000000000000, 0.000000000000000000, 1.700709290173340409E-17 ) ) ;
#5229 = EDGE_CURVE ( 'NONE', #5259, #9521, #9437, .T. ) ;
#5230 = ADVANCED_FACE ( 'NONE', ( #5576 ), #1357, .T. ) ;
#5231 = AXIS2_PLACEMENT_3D ( 'NONE', #3869, #8735, #10487 ) ;
#5232 = AXIS2_PLACEMENT_3D ( 'NONE', #7319, #743, #8203 ) ;
#5233 = AXIS2_PLACEMENT_3D ( 'NONE', #8297, #4149, #6710 ) ;
#5234 = DIRECTION ( 'NONE',  ( 1.000000000000000000, -0.000000000000000000, 1.700709290173340409E-17 ) ) ;
#5235 = CARTESIAN_POINT ( 'NONE',  ( 0.000000000000000000, 18.00000000000000000, -14.24237984354700615 ) ) ;
#5236 = CARTESIAN_POINT ( 'NONE',  ( 9.999999999999994671, 2.081668171172167330E-15, -11.00000000000000000 ) ) ;
#5237 = VERTEX_POINT ( 'NONE', #6386 ) ;
#5238 = CARTESIAN_POINT ( 'NONE',  ( -23.34636207545350572, -86.63063332291532959, 23.00000000000000711 ) ) ;
#5239 = SHAPE_REPRESENTATION_RELATIONSHIP ( 'NONE' , 'NONE' ,  #5930, #5634 ) ;
#5240 = ORIENTED_EDGE ( 'NONE', *, *, #1605, .F. ) ;
#5241 = ORIENTED_EDGE ( 'NONE', *, *, #9967, .T. ) ;
#5242 = CARTESIAN_POINT ( 'NONE',  ( 67.07925725763350044, 0.000000000000000000, -84.99047725517948493 ) ) ;
#5243 = VECTOR ( 'NONE', #3204, 1000.000000000000000 ) ;
#5244 = LINE ( 'NONE', #229, #5491 ) ;
#5245 = DIRECTION ( 'NONE',  ( 0.000000000000000000, 0.000000000000000000, 1.000000000000000000 ) ) ;
#5246 = CARTESIAN_POINT ( 'NONE',  ( -48.89087296526015081, -83.89087296526007265, -25.00000000000001776 ) ) ;
#5247 = EDGE_CURVE ( 'NONE', #3292, #5595, #154, .T. ) ;
#5248 = DIRECTION ( 'NONE',  ( -7.703719777548943412E-34, 1.000000000000000000, -1.310178779456958743E-50 ) ) ;
#5249 = EDGE_LOOP ( 'NONE', ( #4555, #7802, #5776, #2932 ) ) ;
#5250 = LINE ( 'NONE', #237, #3596 ) ;
#5251 = DIRECTION ( 'NONE',  ( -0.000000000000000000, -1.000000000000000000, -0.000000000000000000 ) ) ;
#5252 = FACE_OUTER_BOUND ( 'NONE', #4934, .T. ) ;
#5253 = ORIENTED_EDGE ( 'NONE', *, *, #4243, .T. ) ;
#5254 = CARTESIAN_POINT ( 'NONE',  ( -9.999999999999996447, -45.00000000000000000, -11.00000000000000000 ) ) ;
#5255 = DIRECTION ( 'NONE',  ( 0.000000000000000000, 0.000000000000000000, 1.000000000000000000 ) ) ;
#5256 = FACE_BOUND ( 'NONE', #10309, .T. ) ;
#5257 = ORIENTED_EDGE ( 'NONE', *, *, #9703, .T. ) ;
#5258 = DIRECTION ( 'NONE',  ( -1.734723475976807094E-16, 1.000000000000000000, 0.000000000000000000 ) ) ;
#5259 = VERTEX_POINT ( 'NONE', #7258 ) ;
#5260 = ORIENTED_EDGE ( 'NONE', *, *, #5013, .F. ) ;
#5261 = LINE ( 'NONE', #1807, #1544 ) ;
#5262 = EDGE_LOOP ( 'NONE', ( #5522, #3955 ) ) ;
#5263 = ORIENTED_EDGE ( 'NONE', *, *, #5212, .F. ) ;
#5264 = ADVANCED_FACE ( 'NONE', ( #1243 ), #3109, .T. ) ;
#5265 = CARTESIAN_POINT ( 'NONE',  ( 61.82390241499603434, 95.00000000000000000, -100.2793298308827872 ) ) ;
#5266 = DIRECTION ( 'NONE',  ( -1.000000000000000000, -1.734723475976807094E-16, 0.000000000000000000 ) ) ;
#5267 = EDGE_CURVE ( 'NONE', #5106, #1364, #9782, .T. ) ;
#5268 = CARTESIAN_POINT ( 'NONE',  ( 7.499999999999998224, -10.20430779190339265, -56.55488636134291625 ) ) ;
#5269 = CARTESIAN_POINT ( 'NONE',  ( -64.46620431643836469, 0.000000000000000000, -110.1405347760015161 ) ) ;
#5270 = CARTESIAN_POINT ( 'NONE',  ( -15.00000000000000178, 12.50000000000000000, 20.00000000000000000 ) ) ;
#5271 = ORIENTED_EDGE ( 'NONE', *, *, #1797, .F. ) ;
#5272 = APPLICATION_PROTOCOL_DEFINITION ( 'draft international standard', 'automotive_design', 1998, #7764 ) ;
#5273 = CYLINDRICAL_SURFACE ( 'NONE', #2953, 10.00000000000000000 ) ;
#5274 = ORIENTED_EDGE ( 'NONE', *, *, #2633, .F. ) ;
#5275 = EDGE_LOOP ( 'NONE', ( #8257, #5638, #9600, #2694 ) ) ;
#5276 = LINE ( 'NONE', #7214, #10571 ) ;
#5277 = PRODUCT_DEFINITION ( 'UNKNOWN', '', #4341, #7390 ) ;
#5278 = PLANE ( 'NONE',  #9163 ) ;
#5279 = DIRECTION ( 'NONE',  ( 0.000000000000000000, 1.000000000000000000, 0.000000000000000000 ) ) ;
#5280 = DIRECTION ( 'NONE',  ( 0.000000000000000000, 1.000000000000000000, 0.000000000000000000 ) ) ;
#5281 = ORIENTED_EDGE ( 'NONE', *, *, #10160, .F. ) ;
#5282 = CARTESIAN_POINT ( 'NONE',  ( -4.653721820859910707, 70.00725151701024629, -1.660833245891871535 ) ) ;
#5283 = ADVANCED_FACE ( 'NONE', ( #631 ), #5411, .F. ) ;
#5284 =( NAMED_UNIT ( * ) SI_UNIT ( $, .STERADIAN. ) SOLID_ANGLE_UNIT ( ) );
#5285 = ORIENTED_EDGE ( 'NONE', *, *, #4556, .T. ) ;
#5286 = ORIENTED_EDGE ( 'NONE', *, *, #4012, .T. ) ;
#5287 = CARTESIAN_POINT ( 'NONE',  ( 15.50000000000000000, 3.500000000000001776, 4.586616008317651270E-16 ) ) ;
#5288 = CARTESIAN_POINT ( 'NONE',  ( -39.00443338159792006, 95.00000000000000000, -42.59593772390965682 ) ) ;
#5289 = CARTESIAN_POINT ( 'NONE',  ( 8.283304597789254862E-16, 15.00000000000000000, 19.50000000000000000 ) ) ;
#5290 = DIRECTION ( 'NONE',  ( -1.000000000000000000, 0.000000000000000000, -1.846235724462871493E-15 ) ) ;
#5291 = EDGE_CURVE ( 'NONE', #1461, #8576, #7505, .T. ) ;
#5292 = ORIENTED_EDGE ( 'NONE', *, *, #3188, .T. ) ;
#5293 = DIRECTION ( 'NONE',  ( 1.000000000000000000, -0.000000000000000000, -0.000000000000000000 ) ) ;
#5294 = EDGE_CURVE ( 'NONE', #1354, #2541, #7345, .T. ) ;
#5295 = CARTESIAN_POINT ( 'NONE',  ( -9.999999999999996447, -45.00000000000000000, -5.000000000000000000 ) ) ;
#5296 = CARTESIAN_POINT ( 'NONE',  ( -41.81980515339471083, -90.96194077712557657, 22.99999999999998579 ) ) ;
#5297 = DIRECTION ( 'NONE',  ( 0.000000000000000000, 0.000000000000000000, -1.000000000000000000 ) ) ;
#5298 = CARTESIAN_POINT ( 'NONE',  ( 4.999999999999998224, 18.00000000000000000, -81.58229419209513367 ) ) ;
#5299 = VERTEX_POINT ( 'NONE', #9174 ) ;
#5300 = DIRECTION ( 'NONE',  ( 0.000000000000000000, -1.000000000000000000, 0.000000000000000000 ) ) ;
#5301 = VECTOR ( 'NONE', #5139, 1000.000000000000000 ) ;
#5302 = FACE_OUTER_BOUND ( 'NONE', #6905, .T. ) ;
#5303 = DIRECTION ( 'NONE',  ( -1.000000000000000000, -1.734723475976807094E-16, 0.000000000000000000 ) ) ;
#5304 = ORIENTED_EDGE ( 'NONE', *, *, #4093, .T. ) ;
#5305 = CARTESIAN_POINT ( 'NONE',  ( 15.31657277250937987, 79.90000000000000568, 6.000000000000001776 ) ) ;
#5306 = VERTEX_POINT ( 'NONE', #10763 ) ;
#5307 = VERTEX_POINT ( 'NONE', #2386 ) ;
#5308 = DIRECTION ( 'NONE',  ( -0.000000000000000000, -0.000000000000000000, 1.000000000000000000 ) ) ;
#5309 = ORIENTED_EDGE ( 'NONE', *, *, #10691, .F. ) ;
#5310 = ORIENTED_EDGE ( 'NONE', *, *, #5913, .T. ) ;
#5311 = VECTOR ( 'NONE', #3613, 1000.000000000000000 ) ;
#5312 = CARTESIAN_POINT ( 'NONE',  ( -10.00000000000000355, -12.50000000000000000, 0.000000000000000000 ) ) ;
#5313 = PLANE ( 'NONE',  #8609 ) ;
#5314 = EDGE_CURVE ( 'NONE', #3883, #7049, #5790, .T. ) ;
#5315 = VECTOR ( 'NONE', #8446, 1000.000000000000227 ) ;
#5316 = CARTESIAN_POINT ( 'NONE',  ( -4.000000000000000000, 1.500000000000001332, 25.50000000000000000 ) ) ;
#5317 = DIRECTION ( 'NONE',  ( 1.000000000000000000, 0.000000000000000000, 0.000000000000000000 ) ) ;
#5318 = CARTESIAN_POINT ( 'NONE',  ( 4.332851387010890676, 18.00000000000000000, -92.79470861319066444 ) ) ;
#5319 = EDGE_LOOP ( 'NONE', ( #8025, #90, #2108, #1164 ) ) ;
#5320 = APPLICATION_PROTOCOL_DEFINITION ( 'draft international standard', 'automotive_design', 1998, #2172 ) ;
#5321 = SURFACE_SIDE_STYLE ('',( #9380 ) ) ;
#5322 = ORIENTED_EDGE ( 'NONE', *, *, #6156, .F. ) ;
#5323 = ORIENTED_EDGE ( 'NONE', *, *, #4974, .T. ) ;
#5324 = CARTESIAN_POINT ( 'NONE',  ( 63.94170910735155644, 9.999999999999994671, -99.05349224005480835 ) ) ;
#5325 = AXIS2_PLACEMENT_3D ( 'NONE', #9387, #1889, #9607 ) ;
#5326 = VECTOR ( 'NONE', #9451, 1000.000000000000114 ) ;
#5327 = CARTESIAN_POINT ( 'NONE',  ( -20.98969858723280879, 0.000000000000000000, -5.229422174922485844 ) ) ;
#5328 = DIRECTION ( 'NONE',  ( 0.000000000000000000, 0.000000000000000000, 1.000000000000000000 ) ) ;
#5329 = CIRCLE ( 'NONE', #415, 10.00000000000000178 ) ;
#5330 = LINE ( 'NONE', #5170, #4989 ) ;
#5331 = ORIENTED_EDGE ( 'NONE', *, *, #2751, .T. ) ;
#5332 = FACE_OUTER_BOUND ( 'NONE', #1835, .T. ) ;
#5333 = VECTOR ( 'NONE', #5626, 1000.000000000000114 ) ;
#5334 = UNCERTAINTY_MEASURE_WITH_UNIT (LENGTH_MEASURE( 1.000000000000000082E-05 ), #7292, 'distance_accuracy_value', 'NONE');
#5335 = ORIENTED_EDGE ( 'NONE', *, *, #8917, .F. ) ;
#5337 = VERTEX_POINT ( 'NONE', #5673 ) ;
#5336 = VECTOR ( 'NONE', #9465, 1000.000000000000000 ) ;
#5338 = PLANE ( 'NONE',  #1132 ) ;
#5339 = ADVANCED_FACE ( 'NONE', ( #8408 ), #3368, .T. ) ;
#5340 = AXIS2_PLACEMENT_3D ( 'NONE', #118, #2870, #4362 ) ;
#5341 = DIRECTION ( 'NONE',  ( -1.000000000000000000, 0.000000000000000000, -1.700709290173340409E-17 ) ) ;
#5342 = DIRECTION ( 'NONE',  ( -8.895006672729878318E-17, -0.000000000000000000, 1.000000000000000000 ) ) ;
#5343 = ADVANCED_FACE ( 'NONE', ( #1679 ), #5021, .T. ) ;
#5344 = CARTESIAN_POINT ( 'NONE',  ( -27.24999999999999645, -10.49999999999999822, 10.00000000000000000 ) ) ;
#5345 = EDGE_CURVE ( 'NONE', #727, #7686, #9065, .T. ) ;
#5346 = EDGE_LOOP ( 'NONE', ( #5752, #7567, #2476, #369 ) ) ;
#5347 = DIRECTION ( 'NONE',  ( 0.000000000000000000, 0.000000000000000000, -1.000000000000000000 ) ) ;
#5348 = DIRECTION ( 'NONE',  ( -0.000000000000000000, 1.000000000000000000, -0.000000000000000000 ) ) ;
#5349 = AXIS2_PLACEMENT_3D ( 'NONE', #9483, #10305, #2809 ) ;
#5350 = FACE_OUTER_BOUND ( 'NONE', #4353, .T. ) ;
#5351 = AXIS2_PLACEMENT_3D ( 'NONE', #10065, #10010, #8371 ) ;
#5352 = AXIS2_PLACEMENT_3D ( 'NONE', #6957, #2853, #6026 ) ;
#5353 = CARTESIAN_POINT ( 'NONE',  ( 8.964466094067256918, 18.00000000000000000, -32.24281492697222973 ) ) ;
#5354 = ORIENTED_EDGE ( 'NONE', *, *, #5078, .F. ) ;
#5355 = VERTEX_POINT ( 'NONE', #6548 ) ;
#5356 = ADVANCED_FACE ( 'NONE', ( #9007 ), #859, .F. ) ;
#5357 = EDGE_CURVE ( 'NONE', #7336, #7364, #4037, .T. ) ;
#5358 = DIRECTION ( 'NONE',  ( -1.264933817329266432E-17, 0.000000000000000000, 1.000000000000000000 ) ) ;
#5359 = AXIS2_PLACEMENT_3D ( 'NONE', #10766, #3267, #4964 ) ;
#5360 = DIRECTION ( 'NONE',  ( 0.000000000000000000, 0.000000000000000000, -1.000000000000000000 ) ) ;
#5361 = CARTESIAN_POINT ( 'NONE',  ( 15.50000000000000000, 83.40000000000000568, 25.50000000000000000 ) ) ;
#5362 = EDGE_LOOP ( 'NONE', ( #9440, #5929, #4767, #1691 ) ) ;
#5363 = FACE_OUTER_BOUND ( 'NONE', #2493, .T. ) ;
#5364 = ORIENTED_EDGE ( 'NONE', *, *, #2742, .T. ) ;
#5365 = ORIENTED_EDGE ( 'NONE', *, *, #10036, .T. ) ;
#5366 = LINE ( 'NONE', #1208, #10120 ) ;
#5367 = EDGE_LOOP ( 'NONE', ( #968, #2680, #8224, #2150 ) ) ;
#5368 = ORIENTED_EDGE ( 'NONE', *, *, #6306, .T. ) ;
#5369 = VECTOR ( 'NONE', #2621, 1000.000000000000000 ) ;
#5370 = EDGE_CURVE ( 'NONE', #9084, #198, #7413, .T. ) ;
#5371 = CARTESIAN_POINT ( 'NONE',  ( 0.000000000000000000, 50.00000000000001421, 0.000000000000000000 ) ) ;
#5372 = DIRECTION ( 'NONE',  ( 0.000000000000000000, 0.000000000000000000, 1.000000000000000000 ) ) ;
#5373 = EDGE_CURVE ( 'NONE', #5144, #2963, #9830, .T. ) ;
#5374 = AXIS2_PLACEMENT_3D ( 'NONE', #1277, #7951, #3807 ) ;
#5375 = VECTOR ( 'NONE', #7398, 1000.000000000000000 ) ;
#5376 = CARTESIAN_POINT ( 'NONE',  ( 25.00000000000000000, 0.000000000000000000, 10.00000000000000000 ) ) ;
#5377 = ADVANCED_FACE ( 'NONE', ( #5903 ), #7526, .T. ) ;
#5378 = DIRECTION ( 'NONE',  ( 1.734723475976807094E-16, -1.000000000000000000, 0.000000000000000000 ) ) ;
#5379 = DIRECTION ( 'NONE',  ( 0.000000000000000000, 0.000000000000000000, -1.000000000000000000 ) ) ;
#5380 = ORIENTED_EDGE ( 'NONE', *, *, #3263, .T. ) ;
#5381 = FACE_BOUND ( 'NONE', #1957, .T. ) ;
#5382 = ORIENTED_EDGE ( 'NONE', *, *, #8087, .T. ) ;
#5383 = ORIENTED_EDGE ( 'NONE', *, *, #5045, .F. ) ;
#5384 = AXIS2_PLACEMENT_3D ( 'NONE', #5437, #1273, #3237 ) ;
#5385 = VECTOR ( 'NONE', #2233, 1000.000000000000114 ) ;
#5386 = DIRECTION ( 'NONE',  ( -1.040834085586094610E-16, -0.000000000000000000, -1.000000000000000000 ) ) ;
#5387 = AXIS2_PLACEMENT_3D ( 'NONE', #3786, #8919, #1418 ) ;
#5388 = DIRECTION ( 'NONE',  ( 1.000000000000000000, 0.000000000000000000, -0.000000000000000000 ) ) ;
#5389 = CARTESIAN_POINT ( 'NONE',  ( -4.999999999999999112, 63.40000000000001279, 21.75000000000000000 ) ) ;
#5390 = EDGE_LOOP ( 'NONE', ( #15, #3138, #3286, #8565 ) ) ;
#5391 = CARTESIAN_POINT ( 'NONE',  ( -2.499999999999999556, 70.90000000000000568, 25.50000000000000000 ) ) ;
#5392 = ORIENTED_EDGE ( 'NONE', *, *, #4528, .T. ) ;
#5393 = EDGE_LOOP ( 'NONE', ( #8717, #8936, #2128, #5456, #3012, #2292, #866, #4224, #9729, #2283, #659, #5383 ) ) ;
#5394 = EDGE_CURVE ( 'NONE', #2044, #6162, #7360, .T. ) ;
#5395 = VECTOR ( 'NONE', #7308, 1000.000000000000000 ) ;
#5396 = LINE ( 'NONE', #4473, #5679 ) ;
#5397 = CIRCLE ( 'NONE', #5232, 9.999999999999994671 ) ;
#5398 = EDGE_CURVE ( 'NONE', #3839, #6792, #9118, .T. ) ;
#5399 = FACE_OUTER_BOUND ( 'NONE', #2974, .T. ) ;
#5400 = DIRECTION ( 'NONE',  ( -1.000000000000000000, 0.000000000000000000, 0.000000000000000000 ) ) ;
#5401 = CARTESIAN_POINT ( 'NONE',  ( -3.647693777163361073, 0.04196010845019171320, 0.000000000000000000 ) ) ;
#5402 = VECTOR ( 'NONE', #3499, 1000.000000000000000 ) ;
#5403 = EDGE_LOOP ( 'NONE', ( #5489, #5415, #10316, #4836, #1149, #5382, #5912, #5082, #9215, #9284, #5838, #5222, #6135, #10796, #236, #3507, #9427, #3559 ) ) ;
#5404 = DIRECTION ( 'NONE',  ( 1.734723475976807094E-16, -1.000000000000000000, 0.000000000000000000 ) ) ;
#5405 = CARTESIAN_POINT ( 'NONE',  ( -30.54774002826776425, 0.000000000000000000, 10.71815755839265094 ) ) ;
#5406 = CARTESIAN_POINT ( 'NONE',  ( -35.00000000000000000, 9.500000000000000000, 10.00000000000000000 ) ) ;
#5407 = CARTESIAN_POINT ( 'NONE',  ( -15.00000000000000178, 12.50000000000000000, 20.00000000000000000 ) ) ;
#5408 = VERTEX_POINT ( 'NONE', #9953 ) ;
#5409 = EDGE_CURVE ( 'NONE', #942, #4287, #10818, .T. ) ;
#5410 = PRODUCT_DEFINITION ( 'UNKNOWN', '', #9224, #5651 ) ;
#5411 = PLANE ( 'NONE',  #4726 ) ;
#5412 = CARTESIAN_POINT ( 'NONE',  ( 15.05453387609420624, -4.000000000000000888, 1.000000000000000222 ) ) ;
#5413 = CARTESIAN_POINT ( 'NONE',  ( 15.50000000000000000, 83.40000000000000568, 22.50000000000000000 ) ) ;
#5414 = DIRECTION ( 'NONE',  ( -1.000000000000000000, 0.000000000000000000, 1.850371707708594809E-16 ) ) ;
#5415 = ORIENTED_EDGE ( 'NONE', *, *, #8571, .T. ) ;
#5416 = LINE ( 'NONE', #10387, #8706 ) ;
#5417 = EDGE_LOOP ( 'NONE', ( #10724, #9074, #2847, #5143, #3666, #10033, #3446, #7725, #10455 ) ) ;
#5418 = ORIENTED_EDGE ( 'NONE', *, *, #10003, .F. ) ;
#5419 = EDGE_CURVE ( 'NONE', #1943, #2881, #2496, .T. ) ;
#5420 = CARTESIAN_POINT ( 'NONE',  ( -29.04331074782909994, -64.04331074782906796, -1.528669465471105493 ) ) ;
#5421 = EDGE_LOOP ( 'NONE', ( #5789, #9108, #9656, #1338 ) ) ;
#5422 = ORIENTED_EDGE ( 'NONE', *, *, #2630, .T. ) ;
#5423 = LINE ( 'NONE', #2749, #1329 ) ;
#5424 = CARTESIAN_POINT ( 'NONE',  ( -10.00000000000003553, -73.28427124746190202, 0.9999999999999991118 ) ) ;
#5425 = LINE ( 'NONE', #6496, #7257 ) ;
#5426 = CARTESIAN_POINT ( 'NONE',  ( -25.00000000000000000, 5.500000000000001776, 10.00000000000000000 ) ) ;
#5427 = DIRECTION ( 'NONE',  ( 0.000000000000000000, 0.000000000000000000, 1.000000000000000000 ) ) ;
#5428 = ORIENTED_EDGE ( 'NONE', *, *, #9477, .T. ) ;
#5429 = EDGE_CURVE ( 'NONE', #9272, #9786, #1215, .T. ) ;
#5430 = CONTEXT_DEPENDENT_SHAPE_REPRESENTATION ( #3714, #4230 ) ;
#5431 = CARTESIAN_POINT ( 'NONE',  ( 5.000000000000000000, 3.851859888774471706E-33, 1.000000000000000000 ) ) ;
#5432 = EDGE_LOOP ( 'NONE', ( #7677, #3107, #4021, #5354 ) ) ;
#5433 = ORIENTED_EDGE ( 'NONE', *, *, #2546, .T. ) ;
#5434 = CARTESIAN_POINT ( 'NONE',  ( 0.000000000000000000, 18.00000000000000000, -14.24237984354700615 ) ) ;
#5435 = AXIS2_PLACEMENT_3D ( 'NONE', #5841, #9237, #1622 ) ;
#5436 = CARTESIAN_POINT ( 'NONE',  ( -23.33682390399132700, 18.00000000000000000, -4.203843954410611872 ) ) ;
#5437 = CARTESIAN_POINT ( 'NONE',  ( 8.673617379884035472E-16, 55.90000000000000568, 21.75000000000000000 ) ) ;
#5438 = CARTESIAN_POINT ( 'NONE',  ( 25.00000000000000000, 5.500000000000009770, 10.00000000000000000 ) ) ;
#5439 = EDGE_LOOP ( 'NONE', ( #6490, #10096, #10685, #7679 ) ) ;
#5440 = CARTESIAN_POINT ( 'NONE',  ( 9.999999999999991118, 18.00000000000000000, -99.99999999999906208 ) ) ;
#5441 = EDGE_CURVE ( 'NONE', #10047, #3833, #4255, .T. ) ;
#5442 =( NAMED_UNIT ( * ) PLANE_ANGLE_UNIT ( ) SI_UNIT ( $, .RADIAN. ) );
#5443 = ORIENTED_EDGE ( 'NONE', *, *, #818, .T. ) ;
#5444 = ORIENTED_EDGE ( 'NONE', *, *, #5473, .T. ) ;
#5445 = DIRECTION ( 'NONE',  ( 0.000000000000000000, 0.000000000000000000, -1.000000000000000000 ) ) ;
#5446 = CARTESIAN_POINT ( 'NONE',  ( -2.500000000000000000, 70.90000000000000568, -2.500000000000000000 ) ) ;
#5447 = DIRECTION ( 'NONE',  ( 0.000000000000000000, -1.000000000000000000, 0.000000000000000000 ) ) ;
#5448 = DIRECTION ( 'NONE',  ( -0.000000000000000000, -1.000000000000000000, -0.000000000000000000 ) ) ;
#5449 = ORIENTED_EDGE ( 'NONE', *, *, #8861, .F. ) ;
#5450 = CARTESIAN_POINT ( 'NONE',  ( -59.14441049068477696, 0.000000000000000000, -100.2793298308827872 ) ) ;
#5451 = EDGE_CURVE ( 'NONE', #3171, #360, #8581, .T. ) ;
#5452 = LINE ( 'NONE', #5614, #9396 ) ;
#5453 = DIRECTION ( 'NONE',  ( 0.000000000000000000, 0.000000000000000000, -1.000000000000000000 ) ) ;
#5454 = CARTESIAN_POINT ( 'NONE',  ( 58.67999999999999972, 0.000000000000000000, 0.000000000000000000 ) ) ;
#5455 = LINE ( 'NONE', #1512, #8641 ) ;
#5456 = ORIENTED_EDGE ( 'NONE', *, *, #2712, .F. ) ;
#5457 = CARTESIAN_POINT ( 'NONE',  ( -2.499999999999999556, 7.500000000000000000, 21.75000000000000000 ) ) ;
#5458 = CARTESIAN_POINT ( 'NONE',  ( -10.00000000000000355, 12.50000000000000000, -2.919778432960205451E-15 ) ) ;
#5459 = DIRECTION ( 'NONE',  ( 0.000000000000000000, 1.000000000000000000, 0.000000000000000000 ) ) ;
#5460 = DIRECTION ( 'NONE',  ( 1.000000000000000000, 0.000000000000000000, 0.000000000000000000 ) ) ;
#5461 = VERTEX_POINT ( 'NONE', #10322 ) ;
#5462 = ADVANCED_FACE ( 'NONE', ( #7737 ), #8458, .F. ) ;
#5463 = DIRECTION ( 'NONE',  ( -0.000000000000000000, -1.000000000000000000, -0.000000000000000000 ) ) ;
#5464 = ORIENTED_EDGE ( 'NONE', *, *, #8444, .T. ) ;
#5465 = ORIENTED_EDGE ( 'NONE', *, *, #7504, .T. ) ;
#5466 = DIRECTION ( 'NONE',  ( -0.000000000000000000, -1.000000000000000000, -0.000000000000000000 ) ) ;
#5467 = ORIENTED_EDGE ( 'NONE', *, *, #8054, .T. ) ;
#5468 = ORIENTED_EDGE ( 'NONE', *, *, #9824, .T. ) ;
#5469 = EDGE_CURVE ( 'NONE', #8095, #3585, #6868, .T. ) ;
#5470 = AXIS2_PLACEMENT_3D ( 'NONE', #2876, #10479, #8122 ) ;
#5471 = LINE ( 'NONE', #2338, #7299 ) ;
#5473 = EDGE_CURVE ( 'NONE', #3872, #5098, #9614, .T. ) ;
#5472 = CARTESIAN_POINT ( 'NONE',  ( -10.00000000000000355, -12.50000000000000000, -5.000000000000000888 ) ) ;
#5474 = FACE_OUTER_BOUND ( 'NONE', #10156, .T. ) ;
#5475 = ORIENTED_EDGE ( 'NONE', *, *, #3345, .F. ) ;
#5476 = CONTEXT_DEPENDENT_SHAPE_REPRESENTATION ( #2748, #7447 ) ;
#5477 = AXIS2_PLACEMENT_3D ( 'NONE', #9302, #1581, #10013 ) ;
#5478 = DIRECTION ( 'NONE',  ( 1.000000000000000000, 0.000000000000000000, 0.000000000000000000 ) ) ;
#5479 = ORIENTED_EDGE ( 'NONE', *, *, #3372, .T. ) ;
#5480 = VERTEX_POINT ( 'NONE', #3654 ) ;
#5481 = EDGE_CURVE ( 'NONE', #1603, #8381, #3597, .T. ) ;
#5482 = EDGE_CURVE ( 'NONE', #2425, #5128, #128, .T. ) ;
#5483 = CIRCLE ( 'NONE', #755, 8.146642442969032061 ) ;
#5484 = CARTESIAN_POINT ( 'NONE',  ( 9.999999999999991118, 18.00000000000000000, -99.99999999999906208 ) ) ;
#5485 = LINE ( 'NONE', #4733, #9874 ) ;
#5486 = ORIENTED_EDGE ( 'NONE', *, *, #10577, .F. ) ;
#5487 = CARTESIAN_POINT ( 'NONE',  ( -2.500000000000000000, 1.500000000000001332, -2.551063935260010614E-17 ) ) ;
#5488 =( NAMED_UNIT ( * ) SI_UNIT ( $, .STERADIAN. ) SOLID_ANGLE_UNIT ( ) );
#5489 = ORIENTED_EDGE ( 'NONE', *, *, #4515, .F. ) ;
#5490 = EDGE_LOOP ( 'NONE', ( #5020, #5087, #8801, #7209, #3315, #820, #4883, #867, #939, #4318, #1653, #2085, #10064 ) ) ;
#5491 = VECTOR ( 'NONE', #6054, 1000.000000000000000 ) ;
#5492 = AXIS2_PLACEMENT_3D ( 'NONE', #3193, #1723, #4852 ) ;
#5493 = CARTESIAN_POINT ( 'NONE',  ( 25.00000000000000000, 0.000000000000000000, 2.249999999999999112 ) ) ;
#5494 = EDGE_CURVE ( 'NONE', #3165, #744, #963, .T. ) ;
#5495 = AXIS2_PLACEMENT_3D ( 'NONE', #5287, #291, #2155 ) ;
#5496 = VECTOR ( 'NONE', #4651, 1000.000000000000000 ) ;
#5497 = CYLINDRICAL_SURFACE ( 'NONE', #5470, 4.000000000000003553 ) ;
#5498 = CIRCLE ( 'NONE', #2877, 2.249999999999998668 ) ;
#5499 = CARTESIAN_POINT ( 'NONE',  ( 0.000000000000000000, 0.000000000000000000, -2.250000000000000000 ) ) ;
#5501 = EDGE_CURVE ( 'NONE', #2161, #6244, #328, .T. ) ;
#5500 = DIRECTION ( 'NONE',  ( 0.000000000000000000, -1.000000000000000000, 0.000000000000000000 ) ) ;
#5502 = ORIENTED_EDGE ( 'NONE', *, *, #4460, .T. ) ;
#5503 = CARTESIAN_POINT ( 'NONE',  ( 1.071213963490121435, 0.000000000000000000, -85.67381143027024848 ) ) ;
#5504 = DIRECTION ( 'NONE',  ( 0.000000000000000000, -1.000000000000000000, 0.000000000000000000 ) ) ;
#5505 = EDGE_CURVE ( 'NONE', #8748, #3588, #9401, .T. ) ;
#5506 = CYLINDRICAL_SURFACE ( 'NONE', #2415, 10.00000000000000000 ) ;
#5507 = DIRECTION ( 'NONE',  ( 0.000000000000000000, 0.000000000000000000, 1.000000000000000000 ) ) ;
#5508 = DIRECTION ( 'NONE',  ( -1.000000000000000000, 0.000000000000000000, 0.000000000000000000 ) ) ;
#5509 = ORIENTED_EDGE ( 'NONE', *, *, #2445, .F. ) ;
#5510 = CIRCLE ( 'NONE', #2016, 2.250000000000001776 ) ;
#5511 = VECTOR ( 'NONE', #8503, 1000.000000000000000 ) ;
#5512 = CLOSED_SHELL ( 'NONE', ( #8622, #1445, #1632, #7988, #5377, #4002, #3691, #824, #8278, #1692, #3749, #4049, #9538, #8652, #9006, #7688, #5706, #7127, #7114, #2864, #7269, #4878, #6476, #8135, #7285, #8510, #9239, #10374, #9905, #8073, #2298, #6941, #688 ) ) ;
#5513 = CIRCLE ( 'NONE', #3936, 1.500000000000000000 ) ;
#5514 = DIRECTION ( 'NONE',  ( 0.000000000000000000, 0.000000000000000000, -1.000000000000000000 ) ) ;
#5515 = FACE_OUTER_BOUND ( 'NONE', #4275, .T. ) ;
#5516 = VECTOR ( 'NONE', #6689, 1000.000000000000000 ) ;
#5517 = CARTESIAN_POINT ( 'NONE',  ( -5.204170427930421283E-15, 9.999999999999998224, 0.000000000000000000 ) ) ;
#5518 = VECTOR ( 'NONE', #10171, 1000.000000000000000 ) ;
#5519 = FACE_OUTER_BOUND ( 'NONE', #3966, .T. ) ;
#5520 = VERTEX_POINT ( 'NONE', #1025 ) ;
#5521 = CARTESIAN_POINT ( 'NONE',  ( -9.999999999999996447, -44.99999999999999289, -11.00000000000000000 ) ) ;
#5522 = ORIENTED_EDGE ( 'NONE', *, *, #1158, .T. ) ;
#5523 = DIRECTION ( 'NONE',  ( -1.000000000000000000, 0.000000000000000000, 2.081668171172168119E-15 ) ) ;
#5524 = VERTEX_POINT ( 'NONE', #5288 ) ;
#5525 = VERTEX_POINT ( 'NONE', #4477 ) ;
#5526 = CARTESIAN_POINT ( 'NONE',  ( 15.50000000000000000, 8.500000000000000000, 1.000000000000000222 ) ) ;
#5527 = EDGE_CURVE ( 'NONE', #1941, #5064, #2717, .T. ) ;
#5528 = AXIS2_PLACEMENT_3D ( 'NONE', #4169, #2461, #5808 ) ;
#5529 = AXIS2_PLACEMENT_3D ( 'NONE', #6107, #172, #3586 ) ;
#5530 = ADVANCED_FACE ( 'NONE', ( #179 ), #6818, .F. ) ;
#5531 = DIRECTION ( 'NONE',  ( -1.000000000000000000, -1.734723475976806601E-16, 0.000000000000000000 ) ) ;
#5532 = CIRCLE ( 'NONE', #7446, 2.249999999999998668 ) ;
#5533 = FILL_AREA_STYLE ('',( #9690 ) ) ;
#5534 = DIRECTION ( 'NONE',  ( 1.000000000000000000, 0.000000000000000000, -1.850371707708594809E-16 ) ) ;
#5535 = EDGE_CURVE ( 'NONE', #9610, #5048, #6158, .T. ) ;
#5536 = CARTESIAN_POINT ( 'NONE',  ( 5.000000000000000000, 70.90000000000000568, 25.50000000000000000 ) ) ;
#5537 = ORIENTED_EDGE ( 'NONE', *, *, #1924, .F. ) ;
#5538 = AXIS2_PLACEMENT_3D ( 'NONE', #4105, #10016, #8968 ) ;
#5539 = VECTOR ( 'NONE', #3371, 1000.000000000000000 ) ;
#5540 = APPLICATION_CONTEXT ( 'automotive_design' ) ;
#5541 = DIRECTION ( 'NONE',  ( -0.000000000000000000, -1.000000000000000000, -0.000000000000000000 ) ) ;
#5542 = ORIENTED_EDGE ( 'NONE', *, *, #1139, .T. ) ;
#5543 = ORIENTED_EDGE ( 'NONE', *, *, #5739, .F. ) ;
#5544 = EDGE_CURVE ( 'NONE', #418, #985, #1122, .T. ) ;
#5545 = EDGE_CURVE ( 'NONE', #1675, #4813, #7864, .T. ) ;
#5546 = AXIS2_PLACEMENT_3D ( 'NONE', #6280, #622, #9776 ) ;
#5547 = AXIS2_PLACEMENT_3D ( 'NONE', #7192, #4742, #6375 ) ;
#5548 = DIRECTION ( 'NONE',  ( 1.000000000000000000, -1.387778780781445478E-15, 0.000000000000000000 ) ) ;
#5549 = FACE_OUTER_BOUND ( 'NONE', #4717, .T. ) ;
#5550 = DIRECTION ( 'NONE',  ( -1.000000000000000000, -0.000000000000000000, -2.775557561562891351E-16 ) ) ;
#5551 = ORIENTED_EDGE ( 'NONE', *, *, #3787, .F. ) ;
#5552 = LINE ( 'NONE', #3905, #803 ) ;
#5553 =( LENGTH_UNIT ( ) NAMED_UNIT ( * ) SI_UNIT ( .MILLI., .METRE. ) );
#5554 = VERTEX_POINT ( 'NONE', #1842 ) ;
#5555 = ORIENTED_EDGE ( 'NONE', *, *, #6647, .F. ) ;
#5556 = ADVANCED_FACE ( 'NONE', ( #4530 ), #4371, .T. ) ;
#5557 = AXIS2_PLACEMENT_3D ( 'NONE', #10250, #8498, #3637 ) ;
#5558 = EDGE_CURVE ( 'NONE', #5595, #7884, #8679, .T. ) ;
#5559 = COLOUR_RGB ( '',0.7921568627450980005, 0.8196078431372548767, 0.9333333333333333481 ) ;
#5560 = CARTESIAN_POINT ( 'NONE',  ( -64.46620431643836469, 95.00000000000000000, -110.1405347760015161 ) ) ;
#5561 = AXIS2_PLACEMENT_3D ( 'NONE', #2580, #5927, #8261 ) ;
#5562 = CARTESIAN_POINT ( 'NONE',  ( 35.00000000000000000, -9.499999999999991118, 20.00000000000000000 ) ) ;
#5563 = CARTESIAN_POINT ( 'NONE',  ( -85.36863799491800364, 0.000000000000000000, -96.77829855763729938 ) ) ;
#5564 = CARTESIAN_POINT ( 'NONE',  ( -25.54669227613990046, 9.000000000000000000, -3.555388392487212279 ) ) ;
#5565 = CARTESIAN_POINT ( 'NONE',  ( 25.00000000000000355, -10.49999999999999112, 10.00000000000000000 ) ) ;
#5566 = EDGE_LOOP ( 'NONE', ( #4034, #10623, #6290, #4743, #9616, #5911 ) ) ;
#5567 = CARTESIAN_POINT ( 'NONE',  ( -64.46620431643836469, 85.00000000000000000, -110.1405347760015161 ) ) ;
#5568 = CARTESIAN_POINT ( 'NONE',  ( -1.141807012330693150, -48.66918367361086695, -11.00000000000000000 ) ) ;
#5569 = COLOUR_RGB ( '',0.7921568627450980005, 0.8196078431372548767, 0.9333333333333333481 ) ;
#5570 = VECTOR ( 'NONE', #3213, 1000.000000000000000 ) ;
#5571 = ADVANCED_FACE ( 'NONE', ( #6769 ), #2616, .F. ) ;
#5572 = CARTESIAN_POINT ( 'NONE',  ( 15.50000000000000000, 83.40000000000000568, 22.50000000000000000 ) ) ;
#5573 = CARTESIAN_POINT ( 'NONE',  ( 14.99999999999999822, 12.50000000000000000, 20.00000000000000000 ) ) ;
#5574 = ORIENTED_EDGE ( 'NONE', *, *, #10055, .T. ) ;
#5575 = AXIS2_PLACEMENT_3D ( 'NONE', #6380, #1716, #3352 ) ;
#5576 = FACE_OUTER_BOUND ( 'NONE', #171, .T. ) ;
#5577 = AXIS2_PLACEMENT_3D ( 'NONE', #7097, #9512, #8687 ) ;
#5578 = CARTESIAN_POINT ( 'NONE',  ( 0.000000000000000000, 39.00000000000000000, 0.000000000000000000 ) ) ;
#5579 = DIRECTION ( 'NONE',  ( 1.224646799147353700E-16, -1.000000000000000000, 0.000000000000000000 ) ) ;
#5580 = CARTESIAN_POINT ( 'NONE',  ( 10.00000000000000355, 12.50000000000000000, -4.999999999999995559 ) ) ;
#5581 = ORIENTED_EDGE ( 'NONE', *, *, #2429, .T. ) ;
#5582 = VERTEX_POINT ( 'NONE', #8065 ) ;
#5583 = EDGE_CURVE ( 'NONE', #8325, #1496, #904, .T. ) ;
#5584 = DIRECTION ( 'NONE',  ( -0.000000000000000000, -1.000000000000000000, -0.000000000000000000 ) ) ;
#5585 = ORIENTED_EDGE ( 'NONE', *, *, #4816, .T. ) ;
#5586 = ORIENTED_EDGE ( 'NONE', *, *, #224, .T. ) ;
#5587 = CARTESIAN_POINT ( 'NONE',  ( 11.31261843528553435, 67.40000000000000568, 5.999999999999999112 ) ) ;
#5588 = DIRECTION ( 'NONE',  ( -0.000000000000000000, -1.000000000000000000, -0.000000000000000000 ) ) ;
#5589 = DIRECTION ( 'NONE',  ( 1.000000000000000000, 0.000000000000000000, 0.000000000000000000 ) ) ;
#5590 = PLANE ( 'NONE',  #2379 ) ;
#5591 = CYLINDRICAL_SURFACE ( 'NONE', #441, 2.250000000000001776 ) ;
#5592 = ORIENTED_EDGE ( 'NONE', *, *, #4442, .F. ) ;
#5593 = CONTEXT_DEPENDENT_SHAPE_REPRESENTATION ( #2956, #9996 ) ;
#5594 = LINE ( 'NONE', #7224, #6428 ) ;
#5595 = VERTEX_POINT ( 'NONE', #10366 ) ;
#5596 = ORIENTED_EDGE ( 'NONE', *, *, #5686, .F. ) ;
#5597 = EDGE_CURVE ( 'NONE', #3904, #1096, #4631, .T. ) ;
#5598 =( REPRESENTATION_RELATIONSHIP ('NONE','NONE', #1790, #5930 ) REPRESENTATION_RELATIONSHIP_WITH_TRANSFORMATION ( #3074 )SHAPE_REPRESENTATION_RELATIONSHIP( ) );
#5599 = DIRECTION ( 'NONE',  ( 0.000000000000000000, 1.000000000000000000, 0.000000000000000000 ) ) ;
#5600 = DIRECTION ( 'NONE',  ( -1.000000000000000000, -1.734723475976807094E-16, 0.000000000000000000 ) ) ;
#5601 = LINE ( 'NONE', #8981, #7780 ) ;
#5602 = EDGE_LOOP ( 'NONE', ( #1614, #8407 ) ) ;
#5603 = LINE ( 'NONE', #2984, #84 ) ;
#5604 =( NAMED_UNIT ( * ) SI_UNIT ( $, .STERADIAN. ) SOLID_ANGLE_UNIT ( ) );
#5605 = ORIENTED_EDGE ( 'NONE', *, *, #3610, .T. ) ;
#5606 = ORIENTED_EDGE ( 'NONE', *, *, #1219, .F. ) ;
#5607 = CARTESIAN_POINT ( 'NONE',  ( 26.31344247896003807, 54.67986544671986593, -42.59593772390965682 ) ) ;
#5608 = DIRECTION ( 'NONE',  ( 0.000000000000000000, 1.000000000000000000, 0.000000000000000000 ) ) ;
#5609 = ADVANCED_FACE ( 'NONE', ( #2215 ), #7031, .F. ) ;
#5610 = DIRECTION ( 'NONE',  ( 0.05233595624293726351, -0.9986295347545742773, 0.000000000000000000 ) ) ;
#5611 = LINE ( 'NONE', #10481, #5724 ) ;
#5612 = ORIENTED_EDGE ( 'NONE', *, *, #1396, .F. ) ;
#5613 = LINE ( 'NONE', #2115, #6564 ) ;
#5614 = CARTESIAN_POINT ( 'NONE',  ( -0.1749034964343165188, 9.000000000000000000, -81.12988525434414555 ) ) ;
#5615 = FILL_AREA_STYLE ('',( #2592 ) ) ;
#5616 = DIRECTION ( 'NONE',  ( 0.7071067811865465735, -0.7071067811865484609, -0.000000000000000000 ) ) ;
#5617 = DIRECTION ( 'NONE',  ( 0.8337546385222526224, 0.000000000000000000, 0.5521351308716263562 ) ) ;
#5618 = EDGE_LOOP ( 'NONE', ( #9309, #9987, #6036, #6849 ) ) ;
#5619 = CARTESIAN_POINT ( 'NONE',  ( -4.000000000000000000, 69.40000000000000568, 6.802837160693362871E-17 ) ) ;
#5620 = EDGE_CURVE ( 'NONE', #1428, #8648, #10427, .T. ) ;
#5621 = EDGE_CURVE ( 'NONE', #4129, #1611, #2936, .T. ) ;
#5622 = DIRECTION ( 'NONE',  ( 0.000000000000000000, 0.000000000000000000, 1.000000000000000000 ) ) ;
#5623 = CARTESIAN_POINT ( 'NONE',  ( 10.00000000000000000, -15.00000000000000355, -11.00000000000000000 ) ) ;
#5624 = CARTESIAN_POINT ( 'NONE',  ( -15.00000000000000178, 12.50000000000000000, 20.00000000000000000 ) ) ;
#5625 = ORIENTED_EDGE ( 'NONE', *, *, #731, .T. ) ;
#5626 = DIRECTION ( 'NONE',  ( -0.7071067811865465735, 0.7071067811865484609, 1.800483230470881213E-16 ) ) ;
#5627 = CARTESIAN_POINT ( 'NONE',  ( -4.335685432575668408, 18.00000000000000000, -84.86323411024818597 ) ) ;
#5628 = LINE ( 'NONE', #8960, #842 ) ;
#5629 = VERTEX_POINT ( 'NONE', #3862 ) ;
#5630 = VERTEX_POINT ( 'NONE', #4740 ) ;
#5631 = CARTESIAN_POINT ( 'NONE',  ( 0.000000000000000000, 0.000000000000000000, 0.000000000000000000 ) ) ;
#5632 = CARTESIAN_POINT ( 'NONE',  ( -1.141807012330693150, -48.66918367361086695, 5.000000000000000888 ) ) ;
#5633 = CARTESIAN_POINT ( 'NONE',  ( 15.50000000000000000, 80.40000000000000568, -2.500000000000000000 ) ) ;
#5634 = ADVANCED_BREP_SHAPE_REPRESENTATION ( '', ( #6229, #9029 ), #10613 ) ;
#5635 = CARTESIAN_POINT ( 'NONE',  ( -20.98969858723280879, 9.000000000000000000, -5.229422174922485844 ) ) ;
#5636 = DIRECTION ( 'NONE',  ( -1.000000000000000000, 0.000000000000000000, 0.000000000000000000 ) ) ;
#5637 = VERTEX_POINT ( 'NONE', #1395 ) ;
#5638 = ORIENTED_EDGE ( 'NONE', *, *, #6619, .T. ) ;
#5639 = CARTESIAN_POINT ( 'NONE',  ( -27.68655752103997258, 74.67986544671987303, -120.2803298308827920 ) ) ;
#5640 = EDGE_CURVE ( 'NONE', #5948, #9850, #9130, .T. ) ;
#5641 = EDGE_LOOP ( 'NONE', ( #4673, #8266, #7051, #1235 ) ) ;
#5642 = EDGE_LOOP ( 'NONE', ( #160, #72 ) ) ;
#5643 = AXIS2_PLACEMENT_3D ( 'NONE', #2034, #4558, #5372 ) ;
#5644 = ADVANCED_FACE ( 'NONE', ( #7189, #8938 ), #9558, .T. ) ;
#5645 = ORIENTED_EDGE ( 'NONE', *, *, #4503, .T. ) ;
#5646 = AXIS2_PLACEMENT_3D ( 'NONE', #4001, #1530, #8208 ) ;
#5647 = CARTESIAN_POINT ( 'NONE',  ( -3.250000000000000444, 3.980102097228898231E-16, 20.00000000000000000 ) ) ;
#5648 = DIRECTION ( 'NONE',  ( 0.4141393648650374959, 0.4141393648650363857, 0.8105412839198060659 ) ) ;
#5649 = EDGE_LOOP ( 'NONE', ( #1809, #2605, #7709, #1266, #7342, #1989, #8100, #3704, #9927, #6837 ) ) ;
#5650 = SHAPE_REPRESENTATION_RELATIONSHIP ( 'NONE' , 'NONE' ,  #665, #8116 ) ;
#5651 = PRODUCT_DEFINITION_CONTEXT ( 'detailed design', #10426, 'design' ) ;
#5652 = VERTEX_POINT ( 'NONE', #10527 ) ;
#5653 = ORIENTED_EDGE ( 'NONE', *, *, #4262, .T. ) ;
#5654 = DIRECTION ( 'NONE',  ( 0.000000000000000000, 0.000000000000000000, 1.000000000000000000 ) ) ;
#5655 = VECTOR ( 'NONE', #10541, 1000.000000000000000 ) ;
#5656 = DIRECTION ( 'NONE',  ( 0.000000000000000000, 0.000000000000000000, -1.000000000000000000 ) ) ;
#5657 = FACE_OUTER_BOUND ( 'NONE', #10165, .T. ) ;
#5658 = CARTESIAN_POINT ( 'NONE',  ( -2.499999999999999556, 15.00000000000000000, 23.99999999999999645 ) ) ;
#5659 = AXIS2_PLACEMENT_3D ( 'NONE', #9063, #3428, #4146 ) ;
#5660 = EDGE_LOOP ( 'NONE', ( #8333, #5833, #2321, #9017 ) ) ;
#5661 = DIRECTION ( 'NONE',  ( 0.5521351308716255790, -0.000000000000000000, 0.8337546385222530665 ) ) ;
#5662 = CARTESIAN_POINT ( 'NONE',  ( -20.90380984571846312, 18.00000000000000000, 11.11289017892626063 ) ) ;
#5663 = VECTOR ( 'NONE', #7901, 1000.000000000000000 ) ;
#5664 = EDGE_LOOP ( 'NONE', ( #1066, #8487 ) ) ;
#5665 =( LENGTH_UNIT ( ) NAMED_UNIT ( * ) SI_UNIT ( .MILLI., .METRE. ) );
#5666 = DIRECTION ( 'NONE',  ( 1.000000000000000000, 7.703719777548943412E-34, 1.264933817329266432E-17 ) ) ;
#5667 = DIRECTION ( 'NONE',  ( -0.7071067811865465735, 0.7071067811865484609, -0.000000000000000000 ) ) ;
#5668 = ORIENTED_EDGE ( 'NONE', *, *, #112, .F. ) ;
#5669 = CIRCLE ( 'NONE', #948, 2.250000000000001776 ) ;
#5670 = VECTOR ( 'NONE', #4462, 1000.000000000000114 ) ;
#5671 = ADVANCED_FACE ( 'NONE', ( #5399 ), #5497, .F. ) ;
#5672 = EDGE_CURVE ( 'NONE', #5408, #3968, #4580, .T. ) ;
#5673 = CARTESIAN_POINT ( 'NONE',  ( -48.89087296526015791, -83.89087296526007265, -24.99999999999999289 ) ) ;
#5674 = DIRECTION ( 'NONE',  ( 0.000000000000000000, 0.000000000000000000, -1.000000000000000000 ) ) ;
#5675 = DIRECTION ( 'NONE',  ( 0.000000000000000000, 1.000000000000000000, 0.000000000000000000 ) ) ;
#5676 = FACE_BOUND ( 'NONE', #10134, .T. ) ;
#5677 = EDGE_LOOP ( 'NONE', ( #2681, #8689 ) ) ;
#5678 = LINE ( 'NONE', #1458, #256 ) ;
#5679 = VECTOR ( 'NONE', #1280, 1000.000000000000000 ) ;
#5680 = VECTOR ( 'NONE', #10004, 1000.000000000000000 ) ;
#5681 = DIRECTION ( 'NONE',  ( -0.7071067811865484609, -0.7071067811865465735, 0.000000000000000000 ) ) ;
#5682 = VECTOR ( 'NONE', #5747, 1000.000000000000000 ) ;
#5683 = DIRECTION ( 'NONE',  ( 0.000000000000000000, 0.000000000000000000, -1.000000000000000000 ) ) ;
#5684 = ORIENTED_EDGE ( 'NONE', *, *, #9923, .F. ) ;
#5685 = ORIENTED_EDGE ( 'NONE', *, *, #7404, .F. ) ;
#5686 = EDGE_CURVE ( 'NONE', #8068, #10561, #6692, .T. ) ;
#5687 = LINE ( 'NONE', #809, #10409 ) ;
#5688 = EDGE_CURVE ( 'NONE', #7212, #7847, #6216, .T. ) ;
#5689 = VECTOR ( 'NONE', #8612, 1000.000000000000000 ) ;
#5690 = DIRECTION ( 'NONE',  ( 0.000000000000000000, 0.000000000000000000, -1.000000000000000000 ) ) ;
#5691 = CIRCLE ( 'NONE', #8136, 2.250000000000002220 ) ;
#5692 = AXIS2_PLACEMENT_3D ( 'NONE', #1776, #1612, #1726 ) ;
#5693 = CARTESIAN_POINT ( 'NONE',  ( -27.68655752103955336, 14.67986544671986238, -28.54374205374393725 ) ) ;
#5694 = CARTESIAN_POINT ( 'NONE',  ( -64.46620431643836469, 10.00000000000000000, -110.1405347760015161 ) ) ;
#5695 = DIRECTION ( 'NONE',  ( -0.000000000000000000, -1.000000000000000000, -0.000000000000000000 ) ) ;
#5696 = ORIENTED_EDGE ( 'NONE', *, *, #5893, .F. ) ;
#5697 = VERTEX_POINT ( 'NONE', #6371 ) ;
#5698 = ITEM_DEFINED_TRANSFORMATION ( 'NONE', 'NONE', #8866,  #9029 ) ;
#5699 = DIRECTION ( 'NONE',  ( 0.000000000000000000, 0.000000000000000000, 1.000000000000000000 ) ) ;
#5700 = ORIENTED_EDGE ( 'NONE', *, *, #1260, .T. ) ;
#5701 = ORIENTED_EDGE ( 'NONE', *, *, #3188, .F. ) ;
#5702 = AXIS2_PLACEMENT_3D ( 'NONE', #1489, #6582, #4892 ) ;
#5703 = CIRCLE ( 'NONE', #7961, 3.000000000000000000 ) ;
#5704 = EDGE_CURVE ( 'NONE', #9815, #9088, #9838, .T. ) ;
#5705 = AXIS2_PLACEMENT_3D ( 'NONE', #5440, #7232, #6312 ) ;
#5706 = ADVANCED_FACE ( 'NONE', ( #4690 ), #8891, .T. ) ;
#5707 = ADVANCED_FACE ( 'NONE', ( #6429 ), #2262, .F. ) ;
#5708 = AXIS2_PLACEMENT_3D ( 'NONE', #8160, #10783, #4880 ) ;
#5709 = AXIS2_PLACEMENT_3D ( 'NONE', #541, #8048, #7120 ) ;
#5710 = PRODUCT ( 'Actuator_Push_Rod_\X2\9ed88ba4\X0\', 'Actuator_Push_Rod_\X2\9ed88ba4\X0\', '', ( #1880 ) ) ;
#5711 = ORIENTED_EDGE ( 'NONE', *, *, #10163, .T. ) ;
#5712 = VECTOR ( 'NONE', #1624, 1000.000000000000000 ) ;
#5713 = LINE ( 'NONE', #6580, #10046 ) ;
#5714 = DIRECTION ( 'NONE',  ( 0.000000000000000000, 0.000000000000000000, -1.000000000000000000 ) ) ;
#5715 = DIRECTION ( 'NONE',  ( 0.000000000000000000, 1.000000000000000000, 0.000000000000000000 ) ) ;
#5716 = ORIENTED_EDGE ( 'NONE', *, *, #10077, .T. ) ;
#5717 = DIRECTION ( 'NONE',  ( 0.5503713389351660989, 2.372726910425956160E-16, -0.8349199897467498577 ) ) ;
#5718 = B_SPLINE_CURVE_WITH_KNOTS ( 'NONE', 3,
 ( #1036, #80, #8471, #977 ),
 .UNSPECIFIED., .F., .F.,
 ( 4, 4 ),
 ( 0.000000000000000000, 0.0006131160441195654528 ),
 .UNSPECIFIED. ) ;
#5719 = ORIENTED_EDGE ( 'NONE', *, *, #8410, .T. ) ;
#5720 = VERTEX_POINT ( 'NONE', #8729 ) ;
#5721 = EDGE_CURVE ( 'NONE', #366, #7841, #5124, .T. ) ;
#5722 = CARTESIAN_POINT ( 'NONE',  ( -4.848464284837594285, 0.5772697009757405961, -1.277021568246151428 ) ) ;
#5723 = VECTOR ( 'NONE', #8423, 1000.000000000000000 ) ;
#5724 = VECTOR ( 'NONE', #8941, 1000.000000000000000 ) ;
#5725 = CARTESIAN_POINT ( 'NONE',  ( 10.00000000000000000, -15.00000000000000355, 0.000000000000000000 ) ) ;
#5726 = DIRECTION ( 'NONE',  ( 0.000000000000000000, -1.000000000000000000, 0.000000000000000000 ) ) ;
#5727 = CARTESIAN_POINT ( 'NONE',  ( 0.000000000000000000, 0.000000000000000000, 0.000000000000000000 ) ) ;
#5728 = CARTESIAN_POINT ( 'NONE',  ( -4.999999999999999112, 0.000000000000000000, 0.5000000000000004441 ) ) ;
#5729 = ORIENTED_EDGE ( 'NONE', *, *, #1524, .F. ) ;
#5730 = AXIS2_PLACEMENT_3D ( 'NONE', #4187, #10739, #7455 ) ;
#5731 = CARTESIAN_POINT ( 'NONE',  ( 15.50000000000000000, 74.89999999999999147, 22.00000000000001421 ) ) ;
#5732 = EDGE_CURVE ( 'NONE', #10807, #5204, #993, .T. ) ;
#5733 = AXIS2_PLACEMENT_3D ( 'NONE', #8880, #3084, #6415 ) ;
#5734 = ORIENTED_EDGE ( 'NONE', *, *, #4347, .F. ) ;
#5735 = EDGE_CURVE ( 'NONE', #8639, #9815, #4851, .T. ) ;
#5736 = DIRECTION ( 'NONE',  ( 0.000000000000000000, 1.000000000000000000, 0.000000000000000000 ) ) ;
#5737 = CARTESIAN_POINT ( 'NONE',  ( -30.54774002826776425, 18.00000000000000000, 10.71815755839265094 ) ) ;
#5738 = ORIENTED_EDGE ( 'NONE', *, *, #4904, .F. ) ;
#5739 = EDGE_CURVE ( 'NONE', #7548, #4287, #9051, .T. ) ;
#5740 = CARTESIAN_POINT ( 'NONE',  ( 85.36863799491800364, 85.00000000000000000, -96.77829855763729938 ) ) ;
#5741 = VECTOR ( 'NONE', #8554, 1000.000000000000000 ) ;
#5742 = CARTESIAN_POINT ( 'NONE',  ( -75.00000000000001421, 0.000000000000000000, -75.00000000000000000 ) ) ;
#5743 = DIRECTION ( 'NONE',  ( -0.000000000000000000, -1.000000000000000000, -0.000000000000000000 ) ) ;
#5744 = LINE ( 'NONE', #5127, #5369 ) ;
#5745 = VECTOR ( 'NONE', #3622, 1000.000000000000000 ) ;
#5746 = FACE_OUTER_BOUND ( 'NONE', #5403, .T. ) ;
#5747 = DIRECTION ( 'NONE',  ( -0.000000000000000000, -1.000000000000000000, -0.000000000000000000 ) ) ;
#5748 = AXIS2_PLACEMENT_3D ( 'NONE', #3842, #5690, #8046 ) ;
#5749 = LINE ( 'NONE', #1627, #8007 ) ;
#5750 = CARTESIAN_POINT ( 'NONE',  ( 58.67999999999999972, 5.000000000000000000, -2.250000000000002220 ) ) ;
#5751 = EDGE_LOOP ( 'NONE', ( #6713, #2635, #6680, #24, #1993 ) ) ;
#5752 = ORIENTED_EDGE ( 'NONE', *, *, #2436, .T. ) ;
#5753 = CARTESIAN_POINT ( 'NONE',  ( 58.67999999999999972, 0.000000000000000000, 0.000000000000000000 ) ) ;
#5754 = VECTOR ( 'NONE', #2182, 1000.000000000000000 ) ;
#5755 =( REPRESENTATION_RELATIONSHIP ('NONE','NONE', #1790, #2143 ) REPRESENTATION_RELATIONSHIP_WITH_TRANSFORMATION ( #4226 )SHAPE_REPRESENTATION_RELATIONSHIP( ) );
#5756 = CARTESIAN_POINT ( 'NONE',  ( 94.00000000000001421, 9.999999999999994671, -104.7964619962940844 ) ) ;
#5757 = SURFACE_STYLE_USAGE ( .BOTH. , #7539 ) ;
#5758 = DIRECTION ( 'NONE',  ( -0.000000000000000000, 1.000000000000000000, -0.000000000000000000 ) ) ;
#5759 = ADVANCED_FACE ( 'NONE', ( #3192, #2689 ), #3148, .F. ) ;
#5760 = CARTESIAN_POINT ( 'NONE',  ( 15.50000000000000000, 62.40000000000000568, 22.00000000000000355 ) ) ;
#5761 = PLANE ( 'NONE',  #4833 ) ;
#5762 = CIRCLE ( 'NONE', #853, 10.00000000000000178 ) ;
#5763 = EDGE_LOOP ( 'NONE', ( #2353, #9170, #2791, #1969 ) ) ;
#5764 = ORIENTED_EDGE ( 'NONE', *, *, #7153, .T. ) ;
#5765 = LINE ( 'NONE', #8164, #9409 ) ;
#5766 = ORIENTED_EDGE ( 'NONE', *, *, #7971, .F. ) ;
#5767 = ORIENTED_EDGE ( 'NONE', *, *, #8954, .T. ) ;
#5768 = ADVANCED_FACE ( 'NONE', ( #4282 ), #10746, .T. ) ;
#5769 = PLANE ( 'NONE',  #8815 ) ;
#5770 = ORIENTED_EDGE ( 'NONE', *, *, #6819, .T. ) ;
#5771 = DIRECTION ( 'NONE',  ( -0.000000000000000000, -1.000000000000000000, -0.000000000000000000 ) ) ;
#5772 = CARTESIAN_POINT ( 'NONE',  ( -41.81980515339471083, -90.96194077712557657, 23.00000000000001066 ) ) ;
#5773 = PLANE ( 'NONE',  #9888 ) ;
#5774 = ORIENTED_EDGE ( 'NONE', *, *, #2455, .T. ) ;
#5775 = DIRECTION ( 'NONE',  ( 1.702472356945000610E-17, -1.000000000000000000, 2.105309006708166001E-21 ) ) ;
#5776 = ORIENTED_EDGE ( 'NONE', *, *, #1407, .F. ) ;
#5777 = ORIENTED_EDGE ( 'NONE', *, *, #6171, .F. ) ;
#5778 = CARTESIAN_POINT ( 'NONE',  ( -15.00000000000000000, -9.500000000000000000, 20.00000000000000000 ) ) ;
#5779 = CARTESIAN_POINT ( 'NONE',  ( 25.00000000000000000, -5.499999999999991118, 20.00000000000000000 ) ) ;
#5780 = CARTESIAN_POINT ( 'NONE',  ( -85.36863799491800364, 0.000000000000000000, -96.77829855763729938 ) ) ;
#5781 = CARTESIAN_POINT ( 'NONE',  ( 53.68655752103997969, 0.000000000000000000, -28.54374205374394080 ) ) ;
#5782 = DIRECTION ( 'NONE',  ( 1.000000000000000000, 0.000000000000000000, 0.000000000000000000 ) ) ;
#5783 = VERTEX_POINT ( 'NONE', #10645 ) ;
#5784 = DIRECTION ( 'NONE',  ( -1.700709290173340101E-17, -3.122048140665065957E-17, 1.000000000000000000 ) ) ;
#5785 = ORIENTED_EDGE ( 'NONE', *, *, #994, .T. ) ;
#5786 = ORIENTED_EDGE ( 'NONE', *, *, #9166, .F. ) ;
#5787 = DIRECTION ( 'NONE',  ( 1.734723475976807094E-16, -1.000000000000000000, 0.000000000000000000 ) ) ;
#5788 = FACE_OUTER_BOUND ( 'NONE', #10043, .T. ) ;
#5789 = ORIENTED_EDGE ( 'NONE', *, *, #5201, .F. ) ;
#5790 = LINE ( 'NONE', #3321, #4035 ) ;
#5791 = EDGE_CURVE ( 'NONE', #62, #7294, #2430, .T. ) ;
#5792 = LINE ( 'NONE', #4204, #5136 ) ;
#5793 = CARTESIAN_POINT ( 'NONE',  ( -9.999999999999996447, -45.00000000000000000, 0.000000000000000000 ) ) ;
#5794 = DIRECTION ( 'NONE',  ( -1.000000000000000000, -1.734723475976807094E-16, 0.000000000000000000 ) ) ;
#5795 = DIRECTION ( 'NONE',  ( 1.734723475976806601E-16, -1.000000000000000000, 1.543037689415486249E-32 ) ) ;
#5796 = FACE_BOUND ( 'NONE', #787, .T. ) ;
#5797 = PLANE ( 'NONE',  #496 ) ;
#5798 = ORIENTED_EDGE ( 'NONE', *, *, #1465, .T. ) ;
#5799 = ORIENTED_EDGE ( 'NONE', *, *, #6518, .F. ) ;
#5800 = DIRECTION ( 'NONE',  ( 0.000000000000000000, 0.000000000000000000, 1.000000000000000000 ) ) ;
#5801 = PRODUCT_DEFINITION_SHAPE ( 'NONE', 'NONE',  #10831 ) ;
#5802 = CARTESIAN_POINT ( 'NONE',  ( -4.999999999999999112, 70.90000000000000568, 25.50000000000000000 ) ) ;
#5803 =( LENGTH_UNIT ( ) NAMED_UNIT ( * ) SI_UNIT ( .MILLI., .METRE. ) );
#5804 = DIRECTION ( 'NONE',  ( -0.000000000000000000, 1.000000000000000000, -0.000000000000000000 ) ) ;
#5805 = EDGE_CURVE ( 'NONE', #2626, #1586, #2852, .T. ) ;
#5806 = AXIS2_PLACEMENT_3D ( 'NONE', #8777, #9663, #1282 ) ;
#5807 = CARTESIAN_POINT ( 'NONE',  ( -26.24777966571251753, -61.24777966571249976, -11.00000000000000000 ) ) ;
#5808 = DIRECTION ( 'NONE',  ( -1.000000000000000000, 0.000000000000000000, 0.000000000000000000 ) ) ;
#5809 = ORIENTED_EDGE ( 'NONE', *, *, #5155, .T. ) ;
#5810 = EDGE_LOOP ( 'NONE', ( #201, #7712, #9999, #8463, #5263 ) ) ;
#5811 = CARTESIAN_POINT ( 'NONE',  ( 64.46620431643836469, 0.000000000000000000, -110.1405347760015161 ) ) ;
#5812 = ORIENTED_EDGE ( 'NONE', *, *, #8665, .T. ) ;
#5813 = ORIENTED_EDGE ( 'NONE', *, *, #8875, .T. ) ;
#5814 = EDGE_CURVE ( 'NONE', #5951, #3967, #616, .T. ) ;
#5815 = EDGE_CURVE ( 'NONE', #6392, #3374, #4898, .T. ) ;
#5816 = DIRECTION ( 'NONE',  ( 0.7071067811865484609, 0.7071067811865465735, 0.000000000000000000 ) ) ;
#5817 = ORIENTED_EDGE ( 'NONE', *, *, #9848, .T. ) ;
#5818 = CARTESIAN_POINT ( 'NONE',  ( 5.000000000000000000, 1.540743955509788682E-30, 21.99999999999999289 ) ) ;
#5819 = CYLINDRICAL_SURFACE ( 'NONE', #3460, 2.249999999999998668 ) ;
#5820 = CARTESIAN_POINT ( 'NONE',  ( 63.94170910735155644, 85.00000000000000000, -99.05349224005480835 ) ) ;
#5821 = ORIENTED_EDGE ( 'NONE', *, *, #1954, .F. ) ;
#5822 = CARTESIAN_POINT ( 'NONE',  ( -113.4593093147776273, 19.50000000000000355, -113.8925828909731308 ) ) ;
#5823 = AXIS2_PLACEMENT_3D ( 'NONE', #6477, #9940, #2643 ) ;
#5824 = ORIENTED_EDGE ( 'NONE', *, *, #2481, .T. ) ;
#5825 = ORIENTED_EDGE ( 'NONE', *, *, #5501, .T. ) ;
#5826 = CARTESIAN_POINT ( 'NONE',  ( 7.499999999999992895, 0.000000000000000000, -81.58229419209513367 ) ) ;
#5827 = EDGE_CURVE ( 'NONE', #4112, #7835, #9313, .T. ) ;
#5828 = ADVANCED_FACE ( 'NONE', ( #7347 ), #1607, .F. ) ;
#5829 = CARTESIAN_POINT ( 'NONE',  ( 9.999999999999998224, -10.00000000000000178, 0.000000000000000000 ) ) ;
#5830 = DIRECTION ( 'NONE',  ( -1.734723475976807094E-16, 1.000000000000000000, -0.000000000000000000 ) ) ;
#5831 = ORIENTED_EDGE ( 'NONE', *, *, #3154, .F. ) ;
#5832 = CARTESIAN_POINT ( 'NONE',  ( 0.000000000000000000, 95.00200000000000955, -110.2793298308826877 ) ) ;
#5833 = ORIENTED_EDGE ( 'NONE', *, *, #2401, .T. ) ;
#5834 = ORIENTED_EDGE ( 'NONE', *, *, #3335, .F. ) ;
#5835 = VECTOR ( 'NONE', #3162, 1000.000000000000000 ) ;
#5836 = CARTESIAN_POINT ( 'NONE',  ( 10.00000000000000355, -44.99999999999998579, -11.00000000000000000 ) ) ;
#5837 = DIRECTION ( 'NONE',  ( 0.9643930182549379504, -0.000000000000000000, 0.2644732620533332135 ) ) ;
#5838 = ORIENTED_EDGE ( 'NONE', *, *, #8374, .F. ) ;
#5839 = EDGE_CURVE ( 'NONE', #10295, #2814, #3725, .T. ) ;
#5840 = EDGE_CURVE ( 'NONE', #535, #2209, #3367, .T. ) ;
#5841 = CARTESIAN_POINT ( 'NONE',  ( -10.00000000000000355, 12.50000000000000000, -2.919778432960205451E-15 ) ) ;
#5842 = CIRCLE ( 'NONE', #9515, 2.250000000000000000 ) ;
#5843 = FACE_OUTER_BOUND ( 'NONE', #9296, .T. ) ;
#5844 = ADVANCED_FACE ( 'NONE', ( #6795, #1500 ), #3467, .T. ) ;
#5845 = CARTESIAN_POINT ( 'NONE',  ( 64.99999999999980105, 95.00000000000000000, -120.2793298308828014 ) ) ;
#5846 = DIRECTION ( 'NONE',  ( 0.7071067811865467956, -0.7071067811865483499, 0.000000000000000000 ) ) ;
#5847 = PLANE ( 'NONE',  #3411 ) ;
#5848 = DIRECTION ( 'NONE',  ( -1.264933817329266432E-17, 0.000000000000000000, 1.000000000000000000 ) ) ;
#5849 = LINE ( 'NONE', #5750, #9418 ) ;
#5850 = ORIENTED_EDGE ( 'NONE', *, *, #4718, .F. ) ;
#5851 = ORIENTED_EDGE ( 'NONE', *, *, #431, .T. ) ;
#5852 = VECTOR ( 'NONE', #9169, 1000.000000000000000 ) ;
#5853 = DIRECTION ( 'NONE',  ( -0.000000000000000000, 1.000000000000000000, -0.000000000000000000 ) ) ;
#5854 = CIRCLE ( 'NONE', #7237, 8.000000000000007105 ) ;
#5855 =( BOUNDED_CURVE ( )  B_SPLINE_CURVE ( 3, ( #4925, #4333, #1636, #1801 ),
 .UNSPECIFIED., .F., .F. ) 
 B_SPLINE_CURVE_WITH_KNOTS ( ( 4, 4 ),
 ( 4.712388980384689674, 6.283185307179586232 ),
 .UNSPECIFIED. ) 
 CURVE ( )  GEOMETRIC_REPRESENTATION_ITEM ( )  RATIONAL_B_SPLINE_CURVE ( ( 1.000000000000000000, 0.8047378541243649375, 0.8047378541243649375, 1.000000000000000000 ) ) 
 REPRESENTATION_ITEM ( '' )  );
#5856 = LINE ( 'NONE', #10720, #8845 ) ;
#5857 = VECTOR ( 'NONE', #6438, 1000.000000000000000 ) ;
#5858 = CARTESIAN_POINT ( 'NONE',  ( -46.58206385166875663, 10.00000000000000000, -54.03857957040006710 ) ) ;
#5859 = CIRCLE ( 'NONE', #8121, 7.500000000000000000 ) ;
#5860 = LINE ( 'NONE', #4219, #1859 ) ;
#5861 = VECTOR ( 'NONE', #4064, 1000.000000000000000 ) ;
#5862 = CARTESIAN_POINT ( 'NONE',  ( -9.999999999999996447, -45.00000000000000000, 0.000000000000000000 ) ) ;
#5863 = AXIS2_PLACEMENT_3D ( 'NONE', #9516, #1960, #6830 ) ;
#5864 = FACE_OUTER_BOUND ( 'NONE', #4635, .T. ) ;
#5865 = ORIENTED_EDGE ( 'NONE', *, *, #10066, .T. ) ;
#5866 = ORIENTED_EDGE ( 'NONE', *, *, #5839, .F. ) ;
#5867 = EDGE_CURVE ( 'NONE', #6558, #10666, #3249, .T. ) ;
#5868 = CARTESIAN_POINT ( 'NONE',  ( 15.49999999999999822, -12.49999999999999467, -1.257359312880714564 ) ) ;
#5869 = VERTEX_POINT ( 'NONE', #8492 ) ;
#5870 = ORIENTED_EDGE ( 'NONE', *, *, #10286, .F. ) ;
#5871 = CIRCLE ( 'NONE', #2894, 10.00000000000000178 ) ;
#5872 = VECTOR ( 'NONE', #6343, 1000.000000000000000 ) ;
#5873 = CIRCLE ( 'NONE', #1147, 2.249999999999998668 ) ;
#5874 = CARTESIAN_POINT ( 'NONE',  ( 14.84669710457724712, -0.03423815394828304964, 1.000000000000000222 ) ) ;
#5875 = FACE_BOUND ( 'NONE', #30, .T. ) ;
#5876 = DIRECTION ( 'NONE',  ( 1.878072721644630547E-16, 1.878072721644625616E-16, 1.000000000000000000 ) ) ;
#5877 = AXIS2_PLACEMENT_3D ( 'NONE', #10637, #8011, #3141 ) ;
#5878 = DIRECTION ( 'NONE',  ( -0.7071067811865467956, 0.7071067811865483499, -0.000000000000000000 ) ) ;
#5879 = VERTEX_POINT ( 'NONE', #4343 ) ;
#5880 = DIRECTION ( 'NONE',  ( 0.5503713389351659879, 3.335482132381684363E-22, 0.8349199897467494136 ) ) ;
#5881 = VECTOR ( 'NONE', #6653, 1000.000000000000000 ) ;
#5882 = ORIENTED_EDGE ( 'NONE', *, *, #683, .T. ) ;
#5883 = EDGE_LOOP ( 'NONE', ( #2761, #1030, #1179, #5596 ) ) ;
#5884 = FACE_OUTER_BOUND ( 'NONE', #6258, .T. ) ;
#5885 = EDGE_CURVE ( 'NONE', #153, #1943, #4254, .T. ) ;
#5886 = VECTOR ( 'NONE', #2795, 1000.000000000000000 ) ;
#5887 = VECTOR ( 'NONE', #9129, 1000.000000000000114 ) ;
#5888 = CARTESIAN_POINT ( 'NONE',  ( 14.99999999999999822, 12.50000000000000000, 20.00000000000000000 ) ) ;
#5889 = DIRECTION ( 'NONE',  ( 0.000000000000000000, 0.000000000000000000, -1.000000000000000000 ) ) ;
#5890 = DIRECTION ( 'NONE',  ( -1.000000000000000000, 0.000000000000000000, 1.734723475976807094E-17 ) ) ;
#5891 = VERTEX_POINT ( 'NONE', #6844 ) ;
#5892 = DIRECTION ( 'NONE',  ( 0.000000000000000000, 0.000000000000000000, 1.000000000000000000 ) ) ;#5893 = EDGE_CURVE ( 'NONE', #4566, #8543, #383, .T. ) ;
#5894 =( NAMED_UNIT ( * ) SI_UNIT ( $, .STERADIAN. ) SOLID_ANGLE_UNIT ( ) );
#5895 = VERTEX_POINT ( 'NONE', #9644 ) ;
#5896 = ORIENTED_EDGE ( 'NONE', *, *, #8895, .T. ) ;
#5897 = AXIS2_PLACEMENT_3D ( 'NONE', #817, #7497, #6676 ) ;
#5898 = PRODUCT_DEFINITION_SHAPE ( 'NONE', 'NONE',  #10836 ) ;
#5899 = CIRCLE ( 'NONE', #96, 1.499999999999999556 ) ;
#5900 = CARTESIAN_POINT ( 'NONE',  ( 6.735557395310441037E-16, 57.00000000000000000, 5.500000000000000000 ) ) ;
#5901 = FACE_OUTER_BOUND ( 'NONE', #4652, .T. ) ;
#5902 = ORIENTED_EDGE ( 'NONE', *, *, #9030, .T. ) ;
#5903 = FACE_OUTER_BOUND ( 'NONE', #5033, .T. ) ;
#5904 = DIRECTION ( 'NONE',  ( -1.000000000000000000, 0.000000000000000000, 1.700709290173340409E-17 ) ) ;
#5905 = LINE ( 'NONE', #5793, #10259 ) ;
#5906 = EDGE_LOOP ( 'NONE', ( #1323, #4858, #7545, #6305 ) ) ;
#5907 = CARTESIAN_POINT ( 'NONE',  ( -4.999999999999999112, 15.00000000000000000, 23.99999999999999645 ) ) ;
#5908 = EDGE_CURVE ( 'NONE', #9610, #599, #1051, .T. ) ;
#5909 = CYLINDRICAL_SURFACE ( 'NONE', #301, 9.999999999999994671 ) ;
#5910 = CARTESIAN_POINT ( 'NONE',  ( 9.999999999999992895, 18.00000000000000000, -81.58229419209513367 ) ) ;
#5911 = ORIENTED_EDGE ( 'NONE', *, *, #4501, .T. ) ;
#5912 = ORIENTED_EDGE ( 'NONE', *, *, #6546, .T. ) ;
#5913 = EDGE_CURVE ( 'NONE', #3798, #7571, #2675, .T. ) ;
#5914 = CARTESIAN_POINT ( 'NONE',  ( 5.000000000000000000, 79.90000000000000568, 6.324669086646331852E-17 ) ) ;
#5915 = VECTOR ( 'NONE', #9388, 1000.000000000000000 ) ;
#5916 = VECTOR ( 'NONE', #4871, 1000.000000000000000 ) ;
#5917 = FACE_OUTER_BOUND ( 'NONE', #7702, .T. ) ;
#5918 = VECTOR ( 'NONE', #4769, 1000.000000000000000 ) ;
#5919 =( NAMED_UNIT ( * ) PLANE_ANGLE_UNIT ( ) SI_UNIT ( $, .RADIAN. ) );
#5920 = CARTESIAN_POINT ( 'NONE',  ( -24.68463223939292561, 9.000000000000000000, -1.208720010920740995 ) ) ;
#5921 = EDGE_CURVE ( 'NONE', #4830, #2858, #327, .T. ) ;
#5922 = FACE_OUTER_BOUND ( 'NONE', #1854, .T. ) ;
#5923 = DIRECTION ( 'NONE',  ( 1.000000000000000000, 0.000000000000000000, -0.000000000000000000 ) ) ;
#5924 = ORIENTED_EDGE ( 'NONE', *, *, #6996, .T. ) ;
#5925 = ORIENTED_EDGE ( 'NONE', *, *, #3485, .T. ) ;
#5926 = AXIS2_PLACEMENT_3D ( 'NONE', #4587, #4638, #3708 ) ;
#5927 = DIRECTION ( 'NONE',  ( -1.734723475976807094E-16, 1.000000000000000000, 0.000000000000000000 ) ) ;
#5928 = VERTEX_POINT ( 'NONE', #2970 ) ;
#5929 = ORIENTED_EDGE ( 'NONE', *, *, #5137, .F. ) ;
#5930 = SHAPE_REPRESENTATION ( 'Gripper_Jaw_Plate_\X2\9ed88ba4\X0\', ( #9029 ), #10613 ) ;
#5931 = VECTOR ( 'NONE', #5251, 1000.000000000000000 ) ;
#5932 = EDGE_CURVE ( 'NONE', #4886, #6904, #8708, .T. ) ;
#5933 = LINE ( 'NONE', #6739, #759 ) ;
#5934 = DIRECTION ( 'NONE',  ( 0.000000000000000000, 1.000000000000000000, -0.000000000000000000 ) ) ;
#5935 = DIRECTION ( 'NONE',  ( 0.000000000000000000, 0.000000000000000000, 1.000000000000000000 ) ) ;
#5936 = EDGE_CURVE ( 'NONE', #1668, #9151, #8654, .T. ) ;
#5937 = CARTESIAN_POINT ( 'NONE',  ( 8.673617379884035472E-16, 55.90000000000000568, 21.75000000000000000 ) ) ;
#5938 = EDGE_LOOP ( 'NONE', ( #9447, #5925, #2636, #10549 ) ) ;
#5939 = CARTESIAN_POINT ( 'NONE',  ( -113.4593093147848464, 77.00000000000068212, -113.8925828909659259 ) ) ;
#5940 = DIRECTION ( 'NONE',  ( -0.000000000000000000, -1.000000000000000000, -0.000000000000000000 ) ) ;
#5941 = ORIENTED_EDGE ( 'NONE', *, *, #3274, .F. ) ;
#5942 = EDGE_LOOP ( 'NONE', ( #3422, #1107, #7006, #7722 ) ) ;
#5943 = CARTESIAN_POINT ( 'NONE',  ( 0.000000000000000000, 57.00000000000000000, 0.000000000000000000 ) ) ;
#5944 = EDGE_CURVE ( 'NONE', #4363, #8058, #4448, .T. ) ;
#5945 = DIRECTION ( 'NONE',  ( -1.000000000000000000, 0.000000000000000000, 1.700709290173340409E-17 ) ) ;
#5946 = DIRECTION ( 'NONE',  ( 0.000000000000000000, -1.000000000000000000, 0.000000000000000000 ) ) ;
#5947 = DIRECTION ( 'NONE',  ( 0.000000000000000000, 0.000000000000000000, -1.000000000000000000 ) ) ;
#5948 = VERTEX_POINT ( 'NONE', #3567 ) ;
#5949 = CARTESIAN_POINT ( 'NONE',  ( 14.84669710457724712, -0.03423815394828703257, 21.99999999999999289 ) ) ;
#5950 = EDGE_LOOP ( 'NONE', ( #1405, #5475, #9856, #4599 ) ) ;
#5951 = VERTEX_POINT ( 'NONE', #7829 ) ;
#5952 = LINE ( 'NONE', #5900, #8649 ) ;
#5953 = LINE ( 'NONE', #8237, #1998 ) ;
#5954 = VERTEX_POINT ( 'NONE', #1213 ) ;
#5955 = CARTESIAN_POINT ( 'NONE',  ( 0.000000000000000000, 0.000000000000000000, 0.000000000000000000 ) ) ;
#5956 = DIRECTION ( 'NONE',  ( 5.110493521091635284E-15, 0.000000000000000000, 1.000000000000000000 ) ) ;
#5957 = EDGE_CURVE ( 'NONE', #10704, #258, #2494, .T. ) ;
#5958 = CARTESIAN_POINT ( 'NONE',  ( 0.000000000000000000, 0.000000000000000000, 0.000000000000000000 ) ) ;
#5959 = ORIENTED_EDGE ( 'NONE', *, *, #1181, .F. ) ;
#5960 = CARTESIAN_POINT ( 'NONE',  ( 2.500000000000000000, 70.90000000000000568, 0.000000000000000000 ) ) ;
#5961 = DIRECTION ( 'NONE',  ( 0.000000000000000000, 0.000000000000000000, -1.000000000000000000 ) ) ;
#5962 = LINE ( 'NONE', #9461, #7843 ) ;
#5963 = ORIENTED_EDGE ( 'NONE', *, *, #6685, .T. ) ;
#5964 = VERTEX_POINT ( 'NONE', #3727 ) ;
#5965 = DIRECTION ( 'NONE',  ( -1.000000000000000000, -7.703719777548943412E-34, -1.264933817329266432E-17 ) ) ;
#5966 = EDGE_CURVE ( 'NONE', #8773, #7438, #268, .T. ) ;
#5967 = EDGE_CURVE ( 'NONE', #2234, #6420, #6137, .T. ) ;
#5968 = CYLINDRICAL_SURFACE ( 'NONE', #630, 9.999999999999994671 ) ;
#5969 = FILL_AREA_STYLE ('',( #85 ) ) ;
#5970 = CARTESIAN_POINT ( 'NONE',  ( 15.50000000000000000, 3.500000000000000888, 17.00000000000000000 ) ) ;
#5971 = VERTEX_POINT ( 'NONE', #374 ) ;
#5972 = ORIENTED_EDGE ( 'NONE', *, *, #3738, .F. ) ;
#5973 = CARTESIAN_POINT ( 'NONE',  ( 10.00000000000000178, 18.00000000000000000, -5.196013828848716574E-14 ) ) ;
#5974 = EDGE_LOOP ( 'NONE', ( #9995, #2577, #908, #8215 ) ) ;
#5975 = ORIENTED_EDGE ( 'NONE', *, *, #6677, .T. ) ;
#5976 = DIRECTION ( 'NONE',  ( 0.000000000000000000, 1.000000000000000000, -0.000000000000000000 ) ) ;
#5977 = EDGE_CURVE ( 'NONE', #3720, #6982, #6959, .T. ) ;
#5978 = PRODUCT ( 'Jaw_Plate_Spacer_Sleeve', 'Jaw_Plate_Spacer_Sleeve', '', ( #1979 ) ) ;
#5979 = DIRECTION ( 'NONE',  ( -1.734723475976808869E-15, -1.734723475976804728E-15, 1.000000000000000000 ) ) ;
#5980 = CYLINDRICAL_SURFACE ( 'NONE', #1869, 2.250000000000001776 ) ;
#5981 = CARTESIAN_POINT ( 'NONE',  ( 5.000000000000000000, -9.000000000000001776, 16.99999999999999289 ) ) ;
#5982 = ORIENTED_EDGE ( 'NONE', *, *, #10515, .F. ) ;
#5983 = ORIENTED_EDGE ( 'NONE', *, *, #3459, .F. ) ;
#5984 = ORIENTED_EDGE ( 'NONE', *, *, #4556, .F. ) ;
#5985 = CARTESIAN_POINT ( 'NONE',  ( 15.50000000000000000, 62.40000000000000568, 5.999999999999999112 ) ) ;
#5986 = FACE_OUTER_BOUND ( 'NONE', #5906, .T. ) ;
#5987 = DIRECTION ( 'NONE',  ( 1.734723475976807094E-16, -1.000000000000000000, 0.000000000000000000 ) ) ;
#5988 = CARTESIAN_POINT ( 'NONE',  ( 0.000000000000000000, 0.000000000000000000, 0.000000000000000000 ) ) ;
#5989 = ORIENTED_EDGE ( 'NONE', *, *, #4581, .T. ) ;
#5990 = CARTESIAN_POINT ( 'NONE',  ( 15.50000000000000000, 83.40000000000000568, 0.5000000000000000000 ) ) ;
#5991 = ORIENTED_EDGE ( 'NONE', *, *, #10721, .F. ) ;
#5992 = EDGE_LOOP ( 'NONE', ( #7707, #9164, #536, #10338, #1108, #4487 ) ) ;
#5993 = ADVANCED_FACE ( 'NONE', ( #8755, #6187 ), #5313, .T. ) ;
#5994 = CARTESIAN_POINT ( 'NONE',  ( -64.46620431643836469, 85.00000000000000000, -110.1405347760015161 ) ) ;
#5995 = LINE ( 'NONE', #5178, #944 ) ;
#5996 = VECTOR ( 'NONE', #7879, 1000.000000000000000 ) ;
#5997 = DIRECTION ( 'NONE',  ( 0.000000000000000000, 0.000000000000000000, 1.000000000000000000 ) ) ;
#5998 = CARTESIAN_POINT ( 'NONE',  ( 35.00000000000000000, 5.500000000000011546, 5.204748896376250699E-16 ) ) ;
#5999 = CARTESIAN_POINT ( 'NONE',  ( -1.924702886938330026, 18.00000000000000000, -84.20205095511482796 ) ) ;
#6000 = ORIENTED_EDGE ( 'NONE', *, *, #6306, .F. ) ;
#6001 = PLANE ( 'NONE',  #6738 ) ;
#6002 = LINE ( 'NONE', #5572, #5055 ) ;
#6003 = FACE_OUTER_BOUND ( 'NONE', #1475, .T. ) ;
#6004 = ORIENTED_EDGE ( 'NONE', *, *, #8033, .T. ) ;
#6005 = LINE ( 'NONE', #139, #7430 ) ;
#6006 = EDGE_CURVE ( 'NONE', #4440, #1757, #9479, .T. ) ;
#6007 = EDGE_CURVE ( 'NONE', #5110, #5461, #10398, .T. ) ;
#6008 = MANIFOLD_SOLID_BREP ( 'Cut-Extrude3', #5512 ) ;
#6009 = VECTOR ( 'NONE', #3987, 1000.000000000000000 ) ;
#6010 = DIRECTION ( 'NONE',  ( 0.000000000000000000, 1.000000000000000000, 0.000000000000000000 ) ) ;
#6011 = DIRECTION ( 'NONE',  ( -1.000000000000000000, -1.734723475976807094E-16, 0.000000000000000000 ) ) ;
#6012 = FACE_BOUND ( 'NONE', #8235, .T. ) ;
#6013 = VERTEX_POINT ( 'NONE', #5693 ) ;
#6014 = AXIS2_PLACEMENT_3D ( 'NONE', #5434, #9400, #6817 ) ;
#6015 = DIRECTION ( 'NONE',  ( -1.387778780781445873E-15, 0.000000000000000000, -1.000000000000000000 ) ) ;
#6016 = ADVANCED_FACE ( 'NONE', ( #2289 ), #1099, .F. ) ;
#6017 = ORIENTED_EDGE ( 'NONE', *, *, #4302, .F. ) ;
#6018 = ORIENTED_EDGE ( 'NONE', *, *, #5196, .F. ) ;
#6019 = ADVANCED_FACE ( 'NONE', ( #10553 ), #7326, .F. ) ;
#6020 = VECTOR ( 'NONE', #3912, 1000.000000000000000 ) ;
#6021 = CYLINDRICAL_SURFACE ( 'NONE', #6092, 3.250000000000000444 ) ;
#6022 = ORIENTED_EDGE ( 'NONE', *, *, #9688, .T. ) ;
#6023 = ORIENTED_EDGE ( 'NONE', *, *, #2547, .F. ) ;
#6024 = AXIS2_PLACEMENT_3D ( 'NONE', #7852, #4687, #1183 ) ;
#6025 = CIRCLE ( 'NONE', #9532, 10.00000000000000178 ) ;
#6026 = DIRECTION ( 'NONE',  ( 1.734723475976805246E-17, 0.000000000000000000, 1.000000000000000000 ) ) ;
#6027 = AXIS2_PLACEMENT_3D ( 'NONE', #3300, #6637, #9981 ) ;
#6028 = CARTESIAN_POINT ( 'NONE',  ( 59.14441049068479117, 95.00000000000000000, -100.2793298308827872 ) ) ;
#6029 = CARTESIAN_POINT ( 'NONE',  ( -48.89087296526018633, -98.03300858899103787, 23.00000000000001421 ) ) ;
#6030 = LINE ( 'NONE', #1928, #1509 ) ;
#6031 = DIRECTION ( 'NONE',  ( 1.000000000000000000, 0.000000000000000000, -0.000000000000000000 ) ) ;
#6032 = ORIENTED_EDGE ( 'NONE', *, *, #488, .T. ) ;
#6033 = EDGE_CURVE ( 'NONE', #9651, #1868, #6403, .T. ) ;
#6034 = PRODUCT_CONTEXT ( 'NONE', #4425, 'mechanical' ) ;
#6035 = FACE_OUTER_BOUND ( 'NONE', #4500, .T. ) ;
#6036 = ORIENTED_EDGE ( 'NONE', *, *, #9201, .T. ) ;
#6037 = ORIENTED_EDGE ( 'NONE', *, *, #7029, .F. ) ;
#6038 = CIRCLE ( 'NONE', #7254, 3.000000000000000000 ) ;
#6039 = CIRCLE ( 'NONE', #972, 2.250000000000000000 ) ;
#6040 = VECTOR ( 'NONE', #8366, 1000.000000000000000 ) ;
#6041 = FACE_OUTER_BOUND ( 'NONE', #5096, .T. ) ;
#6042 = EDGE_CURVE ( 'NONE', #4893, #1757, #7563, .T. ) ;
#6043 = CIRCLE ( 'NONE', #7428, 4.000000000000003553 ) ;
#6044 = VECTOR ( 'NONE', #3423, 1000.000000000000000 ) ;
#6045 = DIRECTION ( 'NONE',  ( 0.000000000000000000, 0.000000000000000000, -1.000000000000000000 ) ) ;
#6046 = DIRECTION ( 'NONE',  ( 0.000000000000000000, 1.000000000000000000, 0.000000000000000000 ) ) ;
#6047 = CARTESIAN_POINT ( 'NONE',  ( -54.18456999314557976, 10.00000000000000000, -29.29576847887739888 ) ) ;
#6048 = ORIENTED_EDGE ( 'NONE', *, *, #4072, .T. ) ;
#6049 = FACE_OUTER_BOUND ( 'NONE', #9092, .T. ) ;
#6050 = EDGE_CURVE ( 'NONE', #8722, #9428, #7043, .T. ) ;
#6051 = ORIENTED_EDGE ( 'NONE', *, *, #1255, .F. ) ;
#6052 = VERTEX_POINT ( 'NONE', #2339 ) ;
#6053 = DIRECTION ( 'NONE',  ( 1.000000000000000000, 0.000000000000000000, 0.000000000000000000 ) ) ;
#6054 = DIRECTION ( 'NONE',  ( 0.000000000000000000, 1.000000000000000000, -0.000000000000000000 ) ) ;
#6055 = AXIS2_PLACEMENT_3D ( 'NONE', #8869, #8712, #7219 ) ;
#6056 = VECTOR ( 'NONE', #5804, 1000.000000000000000 ) ;
#6057 = VECTOR ( 'NONE', #2456, 1000.000000000000000 ) ;
#6058 = CARTESIAN_POINT ( 'NONE',  ( 58.74171087241099087, 0.000000000000000000, -90.51182856389574738 ) ) ;
#6059 = DIRECTION ( 'NONE',  ( 1.000000000000000000, 0.000000000000000000, 0.000000000000000000 ) ) ;
#6060 = DIRECTION ( 'NONE',  ( 0.000000000000000000, 0.000000000000000000, -1.000000000000000000 ) ) ;
#6061 = ORIENTED_EDGE ( 'NONE', *, *, #4024, .F. ) ;
#6062 = AXIS2_PLACEMENT_3D ( 'NONE', #2645, #6847, #5935 ) ;
#6063 = LINE ( 'NONE', #9507, #1137 ) ;
#6064 = CIRCLE ( 'NONE', #6234, 2.250000000000001776 ) ;
#6065 = DIRECTION ( 'NONE',  ( -0.7071067811865485719, -0.7071067811865463515, 1.734723475976807094E-15 ) ) ;
#6066 = DIRECTION ( 'NONE',  ( 0.000000000000000000, 0.000000000000000000, 1.000000000000000000 ) ) ;
#6067 = VERTEX_POINT ( 'NONE', #3174 ) ;
#6068 = VERTEX_POINT ( 'NONE', #8920 ) ;
#6069 = CARTESIAN_POINT ( 'NONE',  ( 4.332851387010890676, 18.00000000000000000, -95.04470861319066444 ) ) ;
#6070 = CIRCLE ( 'NONE', #7280, 2.250000000000001776 ) ;
#6071 = PRODUCT ( 'Pneumatic_Gripper_Assembly', 'Pneumatic_Gripper_Assembly', '', ( #211 ) ) ;
#6072 = AXIS2_PLACEMENT_3D ( 'NONE', #5999, #7695, #183 ) ;
#6073 = PLANE ( 'NONE',  #4665 ) ;
#6074 = DIRECTION ( 'NONE',  ( 0.000000000000000000, 0.000000000000000000, 1.000000000000000000 ) ) ;
#6075 = FACE_BOUND ( 'NONE', #7267, .T. ) ;
#6076 = ORIENTED_EDGE ( 'NONE', *, *, #1739, .F. ) ;
#6077 = PRODUCT_RELATED_PRODUCT_CATEGORY ( 'part', '', ( #5710 ) ) ;
#6078 = LINE ( 'NONE', #5970, #2557 ) ;
#6079 = ORIENTED_EDGE ( 'NONE', *, *, #1647, .T. ) ;
#6080 = EDGE_LOOP ( 'NONE', ( #5983, #6695, #476, #8451 ) ) ;
#6081 = AXIS2_PLACEMENT_3D ( 'NONE', #6807, #5987, #7684 ) ;
#6082 = CYLINDRICAL_SURFACE ( 'NONE', #7140, 2.250000000000000000 ) ;
#6083 = EDGE_LOOP ( 'NONE', ( #1717, #9449, #3341, #3342 ) ) ;
#6084 = ORIENTED_EDGE ( 'NONE', *, *, #173, .F. ) ;
#6085 = DIRECTION ( 'NONE',  ( 0.000000000000000000, 1.000000000000000000, 0.000000000000000000 ) ) ;
#6086 = DIRECTION ( 'NONE',  ( -1.734723475976807094E-16, 1.000000000000000000, -0.000000000000000000 ) ) ;
#6087 = EDGE_CURVE ( 'NONE', #3514, #4908, #1419, .T. ) ;
#6088 = CARTESIAN_POINT ( 'NONE',  ( 1.071565949253934321E-15, 50.00000000000001421, -8.750000000000001776 ) ) ;
#6089 = FACE_OUTER_BOUND ( 'NONE', #2871, .T. ) ;
#6090 = CARTESIAN_POINT ( 'NONE',  ( 2.499999999999999556, 70.90000000000000568, 25.50000000000000000 ) ) ;
#6091 = DIRECTION ( 'NONE',  ( 1.387778780781445676E-16, -1.000000000000000000, 0.000000000000000000 ) ) ;
#6092 = AXIS2_PLACEMENT_3D ( 'NONE', #1866, #10238, #8594 ) ;
#6093 = ORIENTED_EDGE ( 'NONE', *, *, #4922, .F. ) ;
#6094 =( NAMED_UNIT ( * ) SI_UNIT ( $, .STERADIAN. ) SOLID_ANGLE_UNIT ( ) );
#6095 = SURFACE_STYLE_USAGE ( .BOTH. , #5321 ) ;
#6096 = VERTEX_POINT ( 'NONE', #648 ) ;
#6097 = ORIENTED_EDGE ( 'NONE', *, *, #9794, .F. ) ;
#6098 = CARTESIAN_POINT ( 'NONE',  ( 85.36863799491800364, 85.00000000000000000, -99.02829855763729938 ) ) ;
#6099 = AXIS2_PLACEMENT_3D ( 'NONE', #4702, #8029, #4588 ) ;
#6100 = EDGE_CURVE ( 'NONE', #4783, #6220, #4775, .T. ) ;
#6101 = EDGE_CURVE ( 'NONE', #1096, #5652, #7915, .T. ) ;
#6102 = APPLICATION_CONTEXT ( 'automotive_design' ) ;
#6103 = DIRECTION ( 'NONE',  ( 0.000000000000000000, 0.000000000000000000, -1.000000000000000000 ) ) ;
#6104 = DIRECTION ( 'NONE',  ( 0.000000000000000000, 0.000000000000000000, 1.000000000000000000 ) ) ;
#6105 = DIRECTION ( 'NONE',  ( 0.000000000000000000, 0.000000000000000000, -1.000000000000000000 ) ) ;
#6106 = ORIENTED_EDGE ( 'NONE', *, *, #2088, .F. ) ;
#6107 = CARTESIAN_POINT ( 'NONE',  ( 5.000000000000000000, 3.851859888774471706E-33, 6.324669086646331852E-17 ) ) ;
#6108 = VERTEX_POINT ( 'NONE', #8967 ) ;
#6109 = ORIENTED_EDGE ( 'NONE', *, *, #459, .T. ) ;
#6110 = MANIFOLD_SOLID_BREP ( 'Boss-Extrude1', #4820 ) ;
#6111 = DIRECTION ( 'NONE',  ( -1.700709290173340409E-17, 0.000000000000000000, -1.000000000000000000 ) ) ;
#6112 = DIRECTION ( 'NONE',  ( -1.000000000000000000, 0.000000000000000000, 0.000000000000000000 ) ) ;
#6113 = B_SPLINE_CURVE_WITH_KNOTS ( 'NONE', 3,
 ( #452, #7139, #6424, #6528, #9938, #9872, #9046, #2365, #10689, #5722, #7394, #3909, #3191, #1437 ),
 .UNSPECIFIED., .F., .F.,
 ( 4, 2, 2, 2, 2, 2, 4 ),
 ( -1.095445772280504939E-05, 0.0005207634354566603556, 0.001052481328636125767, 0.002115917114995057458, 0.003179352901353989149, 0.003711070794533454995, 0.004242788687712921274 ),
 .UNSPECIFIED. ) ;
#6114 = CARTESIAN_POINT ( 'NONE',  ( 13.63988578096987681, 95.00000000000000000, -4.294065530670991393 ) ) ;
#6115 = DIRECTION ( 'NONE',  ( 1.734723475976807094E-16, -1.000000000000000000, 0.000000000000000000 ) ) ;
#6116 = DIRECTION ( 'NONE',  ( 1.000000000000000000, -0.000000000000000000, 1.700709290173340409E-17 ) ) ;
#6117 = EDGE_LOOP ( 'NONE', ( #6254, #9140, #1478, #2284 ) ) ;
#6118 = DIRECTION ( 'NONE',  ( -0.000000000000000000, -1.000000000000000000, -0.000000000000000000 ) ) ;
#6119 = CARTESIAN_POINT ( 'NONE',  ( 25.00000000000000000, -5.499999999999992895, 20.00000000000000000 ) ) ;
#6120 = DIRECTION ( 'NONE',  ( 1.000000000000000000, 7.703719777548943412E-34, 1.264933817329266432E-17 ) ) ;
#6121 = LINE ( 'NONE', #8528, #5931 ) ;
#6122 = CYLINDRICAL_SURFACE ( 'NONE', #9709, 2.250000000000001776 ) ;
#6123 = ORIENTED_EDGE ( 'NONE', *, *, #7821, .T. ) ;
#6124 = EDGE_CURVE ( 'NONE', #2640, #8177, #491, .T. ) ;
#6125 = LINE ( 'NONE', #8692, #3062 ) ;
#6126 = DIRECTION ( 'NONE',  ( 0.000000000000000000, 0.000000000000000000, 1.000000000000000000 ) ) ;
#6127 = CARTESIAN_POINT ( 'NONE',  ( 13.63988578096987681, 95.00000000000000000, -4.294065530670991393 ) ) ;
#6128 = LINE ( 'NONE', #4231, #1136 ) ;
#6129 = VERTEX_POINT ( 'NONE', #3015 ) ;
#6130 = CARTESIAN_POINT ( 'NONE',  ( -23.33682390399132700, 18.00000000000000000, -1.703843954410612094 ) ) ;
#6131 = ORIENTED_EDGE ( 'NONE', *, *, #2146, .F. ) ;
#6132 = ORIENTED_EDGE ( 'NONE', *, *, #5394, .F. ) ;
#6133 = CARTESIAN_POINT ( 'NONE',  ( -23.68655752103997258, 74.67986544671987303, -28.54374205374393725 ) ) ;
#6134 = ORIENTED_EDGE ( 'NONE', *, *, #7821, .F. ) ;
#6135 = ORIENTED_EDGE ( 'NONE', *, *, #5177, .F. ) ;
#6136 = DIRECTION ( 'NONE',  ( -1.878072721644630547E-16, -1.878072721644625616E-16, 1.000000000000000000 ) ) ;
#6137 = LINE ( 'NONE', #1926, #5996 ) ;
#6138 = MANIFOLD_SOLID_BREP ( 'Cut-Extrude2', #7256 ) ;
#6139 = DIRECTION ( 'NONE',  ( 0.000000000000000000, 1.000000000000000000, 0.000000000000000000 ) ) ;
#6140 = CARTESIAN_POINT ( 'NONE',  ( 4.999999999999999112, -9.499999999999994671, -2.500000000000000000 ) ) ;
#6141 = DIRECTION ( 'NONE',  ( -5.204170427930420297E-16, 1.000000000000000000, 0.000000000000000000 ) ) ;
#6142 = ORIENTED_EDGE ( 'NONE', *, *, #797, .T. ) ;
#6143 = SHAPE_DEFINITION_REPRESENTATION ( #3538, #5930 ) ;
#6144 = ORIENTED_EDGE ( 'NONE', *, *, #4718, .T. ) ;
#6145 = VERTEX_POINT ( 'NONE', #3453 ) ;
#6146 = DIRECTION ( 'NONE',  ( 0.000000000000000000, 1.000000000000000000, 0.000000000000000000 ) ) ;
#6147 = ADVANCED_FACE ( 'NONE', ( #1752 ), #6346, .T. ) ;
#6148 = DIRECTION ( 'NONE',  ( 0.000000000000000000, -0.000000000000000000, -1.000000000000000000 ) ) ;
#6149 = DIRECTION ( 'NONE',  ( 0.000000000000000000, 0.000000000000000000, -1.000000000000000000 ) ) ;
#6150 = DIRECTION ( 'NONE',  ( 0.000000000000000000, -3.238150488490040120E-14, -1.000000000000000000 ) ) ;
#6151 = ORIENTED_EDGE ( 'NONE', *, *, #2992, .T. ) ;
#6152 = CARTESIAN_POINT ( 'NONE',  ( 2.755455298081544285E-16, 0.000000000000000000, 2.250000000000000000 ) ) ;
#6153 = VERTEX_POINT ( 'NONE', #7495 ) ;
#6154 = VERTEX_POINT ( 'NONE', #921 ) ;
#6155 = EDGE_CURVE ( 'NONE', #7887, #3350, #2403, .T. ) ;
#6156 = EDGE_CURVE ( 'NONE', #791, #7724, #1810, .T. ) ;
#6157 = LINE ( 'NONE', #6212, #961 ) ;
#6158 = LINE ( 'NONE', #9502, #10149 ) ;
#6159 = ADVANCED_BREP_SHAPE_REPRESENTATION ( '', ( #2555, #9029 ), #6595 ) ;
#6160 = CARTESIAN_POINT ( 'NONE',  ( 0.000000000000000000, 5.000000000000000000, -10.00000000000000178 ) ) ;
#6161 = CARTESIAN_POINT ( 'NONE',  ( -2.499999999999999556, 70.90000000000000568, 25.50000000000000000 ) ) ;
#6162 = VERTEX_POINT ( 'NONE', #5858 ) ;
#6163 = CARTESIAN_POINT ( 'NONE',  ( -23.33682390399132700, 18.00000000000000000, -1.703843954410612094 ) ) ;
#6164 = DIRECTION ( 'NONE',  ( -0.000000000000000000, -1.000000000000000000, -0.000000000000000000 ) ) ;
#6165 = LINE ( 'NONE', #7095, #2781 ) ;
#6166 = EDGE_CURVE ( 'NONE', #7185, #8107, #33, .T. ) ;
#6167 = AXIS2_PLACEMENT_3D ( 'NONE', #7900, #2990, #1344 ) ;
#6168 = DIRECTION ( 'NONE',  ( -1.000000000000000000, 0.000000000000000000, 0.000000000000000000 ) ) ;
#6169 = ORIENTED_EDGE ( 'NONE', *, *, #7210, .T. ) ;
#6170 = ORIENTED_EDGE ( 'NONE', *, *, #6372, .T. ) ;
#6171 = EDGE_CURVE ( 'NONE', #1602, #4470, #3734, .T. ) ;
#6172 = EDGE_CURVE ( 'NONE', #392, #1305, #9965, .T. ) ;
#6173 = LINE ( 'NONE', #2674, #5336 ) ;
#6174 = AXIS2_PLACEMENT_3D ( 'NONE', #8047, #589, #3069 ) ;
#6175 = DIRECTION ( 'NONE',  ( 0.000000000000000000, 1.000000000000000000, 0.000000000000000000 ) ) ;
#6176 = DIRECTION ( 'NONE',  ( -0.000000000000000000, 1.000000000000000000, -0.000000000000000000 ) ) ;
#6177 = CARTESIAN_POINT ( 'NONE',  ( -41.81980515339469662, -90.96194077712556236, 15.00000000000001421 ) ) ;
#6178 = ORIENTED_EDGE ( 'NONE', *, *, #1248, .F. ) ;
#6179 = CARTESIAN_POINT ( 'NONE',  ( -30.31497855141494568, 95.00000000000000000, 6.748637086761525516 ) ) ;
#6180 = ORIENTED_EDGE ( 'NONE', *, *, #2547, .T. ) ;
#6181 = VERTEX_POINT ( 'NONE', #3505 ) ;
#6182 = EDGE_CURVE ( 'NONE', #3190, #10377, #4165, .T. ) ;
#6183 = FACE_OUTER_BOUND ( 'NONE', #5439, .T. ) ;
#6184 = ORIENTED_EDGE ( 'NONE', *, *, #361, .T. ) ;
#6185 = ORIENTED_EDGE ( 'NONE', *, *, #797, .F. ) ;
#6186 = LINE ( 'NONE', #1972, #6225 ) ;
#6187 = FACE_OUTER_BOUND ( 'NONE', #4573, .T. ) ;
#6188 = EDGE_CURVE ( 'NONE', #6445, #3836, #9324, .T. ) ;
#6189 = AXIS2_PLACEMENT_3D ( 'NONE', #10586, #3754, #9772 ) ;
#6190 = CARTESIAN_POINT ( 'NONE',  ( -19.68655752103996193, 54.67986544671986593, -28.54374205374393725 ) ) ;
#6191 = FACE_OUTER_BOUND ( 'NONE', #2071, .T. ) ;
#6192 = DIRECTION ( 'NONE',  ( -1.000000000000000000, -0.000000000000000000, -0.000000000000000000 ) ) ;
#6193 = ORIENTED_EDGE ( 'NONE', *, *, #1138, .F. ) ;
#6194 = FILL_AREA_STYLE ('',( #4454 ) ) ;
#6195 = VERTEX_POINT ( 'NONE', #1800 ) ;
#6196 = EDGE_LOOP ( 'NONE', ( #7975, #6827 ) ) ;
#6197 = EDGE_CURVE ( 'NONE', #687, #6920, #8267, .T. ) ;
#6198 = VECTOR ( 'NONE', #4640, 1000.000000000000000 ) ;
#6199 = CIRCLE ( 'NONE', #9534, 10.00000000000000000 ) ;
#6200 = VECTOR ( 'NONE', #6922, 1000.000000000000000 ) ;
#6201 = LINE ( 'NONE', #2926, #10390 ) ;
#6202 = DIRECTION ( 'NONE',  ( -1.700709290173340409E-17, 0.000000000000000000, 1.000000000000000000 ) ) ;
#6203 = AXIS2_PLACEMENT_3D ( 'NONE', #8638, #3297, #4180 ) ;
#6204 = DIRECTION ( 'NONE',  ( 0.000000000000000000, 1.000000000000000000, 0.000000000000000000 ) ) ;
#6205 = VERTEX_POINT ( 'NONE', #9190 ) ;
#6206 = PLANE ( 'NONE',  #5529 ) ;
#6207 =( LENGTH_UNIT ( ) NAMED_UNIT ( * ) SI_UNIT ( .MILLI., .METRE. ) );
#6208 = AXIS2_PLACEMENT_3D ( 'NONE', #377, #8710, #7932 ) ;
#6209 = EDGE_CURVE ( 'NONE', #9472, #2303, #9141, .T. ) ;
#6210 = ORIENTED_EDGE ( 'NONE', *, *, #5267, .T. ) ;
#6211 = VERTEX_POINT ( 'NONE', #10780 ) ;
#6212 = CARTESIAN_POINT ( 'NONE',  ( 35.00000000000000000, -9.499999999999991118, 4.592425496802575944E-16 ) ) ;
#6213 = AXIS2_PLACEMENT_3D ( 'NONE', #10356, #6204, #1065 ) ;
#6214 = CIRCLE ( 'NONE', #8663, 10.00000000000000178 ) ;
#6215 = VECTOR ( 'NONE', #2771, 1000.000000000000000 ) ;
#6216 = LINE ( 'NONE', #5446, #4427 ) ;
#6217 = EDGE_CURVE ( 'NONE', #7438, #8004, #4434, .T. ) ;
#6218 = CARTESIAN_POINT ( 'NONE',  ( 7.499999999999998224, 18.00000000000000000, -81.58229419209513367 ) ) ;
#6219 = DIRECTION ( 'NONE',  ( 0.000000000000000000, 0.000000000000000000, -1.000000000000000000 ) ) ;
#6220 = VERTEX_POINT ( 'NONE', #4269 ) ;
#6221 = LINE ( 'NONE', #9565, #2361 ) ;
#6222 = CARTESIAN_POINT ( 'NONE',  ( -15.00000000000000000, 9.500000000000003553, 20.00000000000000000 ) ) ;
#6223 = AXIS2_PLACEMENT_3D ( 'NONE', #4348, #6965, #6031 ) ;
#6224 = DIRECTION ( 'NONE',  ( -0.000000000000000000, -1.000000000000000000, -0.000000000000000000 ) ) ;
#6225 = VECTOR ( 'NONE', #1871, 1000.000000000000000 ) ;
#6226 = CARTESIAN_POINT ( 'NONE',  ( 25.00000000000000355, -10.49999999999999112, 10.00000000000000000 ) ) ;
#6227 = ORIENTED_EDGE ( 'NONE', *, *, #1606, .F. ) ;
#6228 = ORIENTED_EDGE ( 'NONE', *, *, #3497, .T. ) ;
#6229 = MANIFOLD_SOLID_BREP ( 'Fillet2', #3373 ) ;
#6230 = AXIS2_PLACEMENT_3D ( 'NONE', #196, #1756, #6885 ) ;
#6231 = LINE ( 'NONE', #3827, #2023 ) ;
#6232 = AXIS2_PLACEMENT_3D ( 'NONE', #7719, #3402, #1102 ) ;
#6233 = EDGE_CURVE ( 'NONE', #4902, #2881, #8636, .T. ) ;
#6234 = AXIS2_PLACEMENT_3D ( 'NONE', #8743, #1245, #4594 ) ;
#6235 = CARTESIAN_POINT ( 'NONE',  ( 15.31657277250937810, -9.000000000000000000, 5.999999999999999112 ) ) ;
#6236 = CARTESIAN_POINT ( 'NONE',  ( 85.36863799491800364, 0.000000000000000000, -94.52829855763729938 ) ) ;
#6237 = DIRECTION ( 'NONE',  ( 0.000000000000000000, 0.000000000000000000, 1.000000000000000000 ) ) ;
#6238 = ORIENTED_EDGE ( 'NONE', *, *, #1139, .F. ) ;
#6239 = DIRECTION ( 'NONE',  ( 0.000000000000000000, 0.000000000000000000, 1.000000000000000000 ) ) ;
#6240 = VERTEX_POINT ( 'NONE', #7594 ) ;
#6241 = ORIENTED_EDGE ( 'NONE', *, *, #3454, .F. ) ;
#6242 = CARTESIAN_POINT ( 'NONE',  ( 25.00000000000000000, 9.000000000000000000, -10.00000000000000178 ) ) ;
#6243 = VERTEX_POINT ( 'NONE', #6998 ) ;
#6244 = VERTEX_POINT ( 'NONE', #4545 ) ;
#6245 = AXIS2_PLACEMENT_3D ( 'NONE', #7148, #5504, #8839 ) ;
#6246 = AXIS2_PLACEMENT_3D ( 'NONE', #4789, #3864, #1234 ) ;
#6247 = DIRECTION ( 'NONE',  ( 0.000000000000000000, 1.000000000000000000, 0.000000000000000000 ) ) ;
#6248 = EDGE_CURVE ( 'NONE', #6652, #5630, #3564, .T. ) ;
#6249 = AXIS2_PLACEMENT_3D ( 'NONE', #4843, #5717, #8339 ) ;
#6250 = VECTOR ( 'NONE', #446, 1000.000000000000000 ) ;
#6251 = DIRECTION ( 'NONE',  ( -0.000000000000000000, -1.000000000000000000, -0.000000000000000000 ) ) ;
#6252 = CARTESIAN_POINT ( 'NONE',  ( -69.07332122148432063, 10.00000000000000000, -119.1878866990734593 ) ) ;
#6253 = PLANE ( 'NONE',  #9896 ) ;
#6254 = ORIENTED_EDGE ( 'NONE', *, *, #958, .F. ) ;
#6255 = CONTEXT_DEPENDENT_SHAPE_REPRESENTATION ( #4063, #5017 ) ;
#6256 = FACE_OUTER_BOUND ( 'NONE', #8583, .T. ) ;
#6257 = VERTEX_POINT ( 'NONE', #193 ) ;
#6258 = EDGE_LOOP ( 'NONE', ( #2489, #7392, #5285, #875 ) ) ;
#6259 = PRODUCT_DEFINITION_FORMATION_WITH_SPECIFIED_SOURCE ( 'ANY', '', #10269, .NOT_KNOWN. ) ;
#6260 = VECTOR ( 'NONE', #8807, 1000.000000000000000 ) ;
#6261 = EDGE_CURVE ( 'NONE', #8543, #4566, #4957, .T. ) ;
#6262 = MECHANICAL_DESIGN_GEOMETRIC_PRESENTATION_REPRESENTATION (  '', ( #4699 ), #6962 ) ;
#6263 = CARTESIAN_POINT ( 'NONE',  ( 11.28641454564402835, 3.000000000000001332, 25.50000000000000000 ) ) ;
#6264 = CIRCLE ( 'NONE', #5387, 5.500000000000000000 ) ;
#6265 = LINE ( 'NONE', #8720, #3466 ) ;
#6266 = CARTESIAN_POINT ( 'NONE',  ( -27.68655752103955692, 34.67986544671986593, -120.2803298308827920 ) ) ;
#6267 = ORIENTED_EDGE ( 'NONE', *, *, #3331, .F. ) ;
#6268 = DIRECTION ( 'NONE',  ( 0.000000000000000000, 1.000000000000000000, 0.000000000000000000 ) ) ;
#6269 = ORIENTED_EDGE ( 'NONE', *, *, #8570, .T. ) ;
#6270 = ORIENTED_EDGE ( 'NONE', *, *, #7913, .F. ) ;
#6271 = LINE ( 'NONE', #10525, #10562 ) ;
#6272 =( BOUNDED_CURVE ( )  B_SPLINE_CURVE ( 3, ( #1298, #4647, #9783, #7259 ),
 .UNSPECIFIED., .F., .F. ) 
 B_SPLINE_CURVE_WITH_KNOTS ( ( 4, 4 ),
 ( 1.570796326794897668, 3.141592653589793116 ),
 .UNSPECIFIED. ) 
 CURVE ( )  GEOMETRIC_REPRESENTATION_ITEM ( )  RATIONAL_B_SPLINE_CURVE ( ( 1.000000000000000000, 0.8047378541243652705, 0.8047378541243652705, 1.000000000000000000 ) ) 
 REPRESENTATION_ITEM ( '' )  );
#6273 = ADVANCED_FACE ( 'NONE', ( #9419 ), #2076, .T. ) ;
#6274 = DIRECTION ( 'NONE',  ( -0.000000000000000000, -1.000000000000000000, -0.000000000000000000 ) ) ;
#6275 = DIRECTION ( 'NONE',  ( -0.9986295347545742773, -0.05233595624293726351, 0.000000000000000000 ) ) ;
#6276 = CARTESIAN_POINT ( 'NONE',  ( -27.68655752103955336, 14.67986544671986238, -120.2803298308827920 ) ) ;
#6277 = VECTOR ( 'NONE', #2669, 1000.000000000000000 ) ;
#6278 = ORIENTED_EDGE ( 'NONE', *, *, #492, .T. ) ;
#6279 = PLANE ( 'NONE',  #9890 ) ;
#6280 = CARTESIAN_POINT ( 'NONE',  ( 0.000000000000000000, 39.00000000000000000, 0.000000000000000000 ) ) ;
#6281 = DIRECTION ( 'NONE',  ( -1.000000000000000000, 0.000000000000000000, 0.000000000000000000 ) ) ;
#6282 = DIRECTION ( 'NONE',  ( 0.000000000000000000, 0.000000000000000000, -1.000000000000000000 ) ) ;
#6283 = EDGE_LOOP ( 'NONE', ( #9424, #6185, #8658, #8436 ) ) ;
#6284 = EDGE_CURVE ( 'NONE', #9674, #6362, #8693, .T. ) ;
#6285 = DIRECTION ( 'NONE',  ( 1.000000000000000000, 0.000000000000000000, 0.000000000000000000 ) ) ;
#6286 = DIRECTION ( 'NONE',  ( -0.000000000000000000, -0.000000000000000000, 1.000000000000000000 ) ) ;
#6287 = DIRECTION ( 'NONE',  ( 0.000000000000000000, -0.000000000000000000, -1.000000000000000000 ) ) ;
#6288 = ORIENTED_EDGE ( 'NONE', *, *, #2742, .F. ) ;
#6289 = PLANE ( 'NONE',  #2731 ) ;
#6290 = ORIENTED_EDGE ( 'NONE', *, *, #1739, .T. ) ;
#6291 = ORIENTED_EDGE ( 'NONE', *, *, #3737, .F. ) ;
#6292 = CARTESIAN_POINT ( 'NONE',  ( 4.999999999999998224, 18.00000000000000000, -81.58229419209513367 ) ) ;
#6293 = ORIENTED_EDGE ( 'NONE', *, *, #6007, .T. ) ;
#6294 = ORIENTED_EDGE ( 'NONE', *, *, #5908, .T. ) ;
#6295 = EDGE_CURVE ( 'NONE', #174, #4933, #9510, .T. ) ;
#6296 = ADVANCED_FACE ( 'NONE', ( #4435, #9353 ), #2893, .T. ) ;
#6297 = PLANE ( 'NONE',  #5748 ) ;
#6298 = DIRECTION ( 'NONE',  ( 0.000000000000000000, 0.000000000000000000, -1.000000000000000000 ) ) ;
#6299 = DIRECTION ( 'NONE',  ( 0.000000000000000000, 0.000000000000000000, 1.000000000000000000 ) ) ;
#6300 = ORIENTED_EDGE ( 'NONE', *, *, #5840, .F. ) ;
#6301 = ITEM_DEFINED_TRANSFORMATION ( 'NONE', 'NONE', #3275,  #9029 ) ;
#6302 =( REPRESENTATION_RELATIONSHIP ('NONE','NONE', #1790, #9568 ) REPRESENTATION_RELATIONSHIP_WITH_TRANSFORMATION ( #8714 )SHAPE_REPRESENTATION_RELATIONSHIP( ) );
#6303 = CYLINDRICAL_SURFACE ( 'NONE', #7660, 2.250000000000002220 ) ;
#6304 = EDGE_LOOP ( 'NONE', ( #9855, #338, #5292, #930 ) ) ;
#6305 = ORIENTED_EDGE ( 'NONE', *, *, #3661, .F. ) ;
#6306 = EDGE_CURVE ( 'NONE', #10196, #705, #575, .T. ) ;
#6307 = EDGE_CURVE ( 'NONE', #1369, #2134, #5199, .T. ) ;
#6308 = DIRECTION ( 'NONE',  ( -0.000000000000000000, -0.000000000000000000, 1.000000000000000000 ) ) ;
#6309 = CARTESIAN_POINT ( 'NONE',  ( 22.31344247896044664, 34.67986544671986593, -28.54374205374393725 ) ) ;
#6310 = CARTESIAN_POINT ( 'NONE',  ( 69.07332122148433484, 95.00000000000000000, -119.1878866990734736 ) ) ;
#6311 = ORIENTED_EDGE ( 'NONE', *, *, #3917, .F. ) ;
#6312 = DIRECTION ( 'NONE',  ( 1.040834085586094610E-16, 0.000000000000000000, 1.000000000000000000 ) ) ;
#6313 = DIRECTION ( 'NONE',  ( -0.1821335681702324905, -1.102768914770754179E-17, 0.9832737987689793568 ) ) ;
#6314 = UNCERTAINTY_MEASURE_WITH_UNIT (LENGTH_MEASURE( 1.000000000000000082E-05 ), #6539, 'distance_accuracy_value', 'NONE');
#6315 = ORIENTED_EDGE ( 'NONE', *, *, #9443, .T. ) ;
#6316 = ORIENTED_EDGE ( 'NONE', *, *, #2839, .F. ) ;
#6317 = CARTESIAN_POINT ( 'NONE',  ( -9.999999999999996447, -45.00000000000000000, 0.000000000000000000 ) ) ;
#6318 = EDGE_CURVE ( 'NONE', #4734, #3, #7867, .T. ) ;
#6319 = CARTESIAN_POINT ( 'NONE',  ( 4.999999999999989342, 18.00000000000000000, -100.0000000000000000 ) ) ;
#6320 = DIRECTION ( 'NONE',  ( 0.000000000000000000, 1.000000000000000000, 0.000000000000000000 ) ) ;
#6321 = DIRECTION ( 'NONE',  ( -0.000000000000000000, 0.000000000000000000, -1.000000000000000000 ) ) ;
#6322 = EDGE_LOOP ( 'NONE', ( #10431, #5464 ) ) ;
#6323 = LINE ( 'NONE', #2162, #4821 ) ;
#6324 = EDGE_CURVE ( 'NONE', #9821, #7333, #1244, .T. ) ;
#6325 = LINE ( 'NONE', #566, #4502 ) ;
#6326 = LINE ( 'NONE', #7970, #10117 ) ;
#6327 = CARTESIAN_POINT ( 'NONE',  ( 22.31344247896043953, 34.67986544671986593, -28.54374205374394080 ) ) ;
#6328 = DIRECTION ( 'NONE',  ( -1.700709290173340409E-17, 0.000000000000000000, 1.000000000000000000 ) ) ;
#6329 = EDGE_LOOP ( 'NONE', ( #6583, #6022, #7401, #8752 ) ) ;
#6330 = EDGE_CURVE ( 'NONE', #4198, #6067, #4739, .T. ) ;
#6331 = LINE ( 'NONE', #1454, #5655 ) ;
#6332 = DIRECTION ( 'NONE',  ( -1.700709290173340409E-17, 0.000000000000000000, -1.000000000000000000 ) ) ;
#6333 = CARTESIAN_POINT ( 'NONE',  ( 11.28641454564401769, 67.90000000000000568, 25.50000000000000000 ) ) ;
#6334 = VERTEX_POINT ( 'NONE', #4383 ) ;
#6335 = AXIS2_PLACEMENT_3D ( 'NONE', #7671, #155, #1873 ) ;
#6336 = DIRECTION ( 'NONE',  ( 0.000000000000000000, 0.000000000000000000, -1.000000000000000000 ) ) ;
#6337 = VERTEX_POINT ( 'NONE', #8742 ) ;
#6338 = DIRECTION ( 'NONE',  ( -0.000000000000000000, -1.000000000000000000, -0.000000000000000000 ) ) ;
#6339 = EDGE_CURVE ( 'NONE', #6652, #10704, #7916, .T. ) ;
#6340 = ORIENTED_EDGE ( 'NONE', *, *, #10020, .T. ) ;
#6341 = ORIENTED_EDGE ( 'NONE', *, *, #2138, .F. ) ;
#6342 = EDGE_CURVE ( 'NONE', #5064, #414, #2123, .T. ) ;
#6343 = DIRECTION ( 'NONE',  ( 8.673617379884035472E-17, -1.000000000000000000, 0.000000000000000000 ) ) ;
#6344 = STYLED_ITEM ( 'NONE', ( #7169 ), #6110 ) ;
#6345 = FACE_OUTER_BOUND ( 'NONE', #10654, .T. ) ;
#6346 = CYLINDRICAL_SURFACE ( 'NONE', #5477, 8.750000000000001776 ) ;
#6347 = EDGE_CURVE ( 'NONE', #10320, #1251, #4786, .T. ) ;
#6348 = EDGE_CURVE ( 'NONE', #9262, #1428, #690, .T. ) ;
#6349 = FACE_OUTER_BOUND ( 'NONE', #4944, .T. ) ;
#6350 = CYLINDRICAL_SURFACE ( 'NONE', #5179, 8.000000000000007105 ) ;
#6351 = ORIENTED_EDGE ( 'NONE', *, *, #1340, .F. ) ;
#6352 = CONTEXT_DEPENDENT_SHAPE_REPRESENTATION ( #4838, #1086 ) ;
#6353 = PRESENTATION_LAYER_ASSIGNMENT (  '', '', ( #3376 ) ) ;
#6354 = DIRECTION ( 'NONE',  ( 1.000000000000000000, 0.000000000000000000, 8.895006672729878318E-17 ) ) ;
#6355 = ORIENTED_EDGE ( 'NONE', *, *, #2530, .T. ) ;
#6356 = VERTEX_POINT ( 'NONE', #2229 ) ;
#6357 = EDGE_CURVE ( 'NONE', #7887, #3008, #6272, .T. ) ;
#6358 = PLANE ( 'NONE',  #8817 ) ;
#6359 = CARTESIAN_POINT ( 'NONE',  ( -74.99999999999998579, 0.000000000000000000, 74.99999999999997158 ) ) ;
#6360 = EDGE_LOOP ( 'NONE', ( #3305, #1203, #3031, #5175 ) ) ;
#6361 = CARTESIAN_POINT ( 'NONE',  ( -3.558628652502385581, 68.58615143127131830, -2.423856433599349547 ) ) ;
#6362 = VERTEX_POINT ( 'NONE', #10602 ) ;
#6363 = ORIENTED_EDGE ( 'NONE', *, *, #1843, .T. ) ;
#6364 = VECTOR ( 'NONE', #5617, 1000.000000000000000 ) ;
#6365 = AXIS2_PLACEMENT_3D ( 'NONE', #6531, #9052, #7517 ) ;
#6366 = FACE_BOUND ( 'NONE', #10057, .T. ) ;
#6367 = ADVANCED_FACE ( 'NONE', ( #7981 ), #473, .F. ) ;
#6368 = VECTOR ( 'NONE', #351, 1000.000000000000000 ) ;
#6369 = VECTOR ( 'NONE', #9827, 1000.000000000000000 ) ;
#6370 = VECTOR ( 'NONE', #895, 1000.000000000000000 ) ;
#6371 = CARTESIAN_POINT ( 'NONE',  ( 10.00000000000000355, -12.50000000000000000, -4.999999999999995559 ) ) ;
#6372 = EDGE_CURVE ( 'NONE', #6704, #7582, #7223, .T. ) ;
#6373 = AXIS2_PLACEMENT_3D ( 'NONE', #9209, #1547, #6687 ) ;
#6374 = PLANE ( 'NONE',  #8977 ) ;
#6375 = DIRECTION ( 'NONE',  ( 0.000000000000000000, 0.000000000000000000, 1.000000000000000000 ) ) ;
#6376 = CIRCLE ( 'NONE', #1662, 2.250000000000000000 ) ;
#6377 = ORIENTED_EDGE ( 'NONE', *, *, #1797, .T. ) ;
#6378 = CARTESIAN_POINT ( 'NONE',  ( 8.673617379884035472E-16, 7.500000000000000000, 21.75000000000000000 ) ) ;
#6379 = FACE_OUTER_BOUND ( 'NONE', #2109, .T. ) ;
#6380 = CARTESIAN_POINT ( 'NONE',  ( -1.924702886938330026, 18.00000000000000000, -84.20205095511482796 ) ) ;
#6381 = FACE_BOUND ( 'NONE', #2810, .T. ) ;
#6382 = CARTESIAN_POINT ( 'NONE',  ( -14.99999999999999822, -12.50000000000000000, 20.00000000000000000 ) ) ;
#6383 = VERTEX_POINT ( 'NONE', #3928 ) ;
#6384 = CIRCLE ( 'NONE', #4643, 2.999999999999999556 ) ;
#6385 = AXIS2_PLACEMENT_3D ( 'NONE', #5268, #3570, #9314 ) ;
#6386 = CARTESIAN_POINT ( 'NONE',  ( 5.000000000000000000, 67.40000000000000568, 5.999999999999999112 ) ) ;
#6387 = EDGE_CURVE ( 'NONE', #360, #153, #6331, .T. ) ;
#6388 = DIRECTION ( 'NONE',  ( -1.734723475976807094E-16, 1.000000000000000000, -0.000000000000000000 ) ) ;
#6389 = VECTOR ( 'NONE', #6091, 1000.000000000000000 ) ;
#6390 = LINE ( 'NONE', #5623, #1510 ) ;
#6391 = DIRECTION ( 'NONE',  ( 0.05233595624293713860, 0.9986295347545742773, 0.000000000000000000 ) ) ;
#6392 = VERTEX_POINT ( 'NONE', #2275 ) ;
#6393 = CIRCLE ( 'NONE', #9545, 10.00000000000000000 ) ;
#6394 = DIRECTION ( 'NONE',  ( 1.000000000000000000, 1.734723475976807094E-16, 0.000000000000000000 ) ) ;
#6395 = ORIENTED_EDGE ( 'NONE', *, *, #6425, .F. ) ;
#6396 = CARTESIAN_POINT ( 'NONE',  ( 90.00000000000000000, 95.00000000000000000, -97.86825876601857033 ) ) ;
#6397 = ORIENTED_EDGE ( 'NONE', *, *, #9854, .T. ) ;
#6398 = ORIENTED_EDGE ( 'NONE', *, *, #4920, .F. ) ;
#6399 = CARTESIAN_POINT ( 'NONE',  ( 22.31344247896003097, 74.67986544671987303, -42.59593772390965682 ) ) ;
#6400 = CIRCLE ( 'NONE', #1328, 2.500000000000002220 ) ;
#6401 = VECTOR ( 'NONE', #1156, 1000.000000000000000 ) ;
#6402 = CARTESIAN_POINT ( 'NONE',  ( 35.00000000000000000, 5.500000000000011546, 20.00000000000000000 ) ) ;
#6403 = LINE ( 'NONE', #7217, #1980 ) ;
#6404 = DIRECTION ( 'NONE',  ( -1.000000000000000000, -0.000000000000000000, -2.602085213965210149E-16 ) ) ;
#6405 = DIRECTION ( 'NONE',  ( 0.000000000000000000, -0.000000000000000000, 1.000000000000000000 ) ) ;
#6406 = ORIENTED_EDGE ( 'NONE', *, *, #7251, .T. ) ;
#6407 = VECTOR ( 'NONE', #873, 1000.000000000000000 ) ;
#6408 = APPLICATION_PROTOCOL_DEFINITION ( 'draft international standard', 'automotive_design', 1998, #1615 ) ;
#6409 = AXIS2_PLACEMENT_3D ( 'NONE', #4649, #7982, #474 ) ;
#6410 = ORIENTED_EDGE ( 'NONE', *, *, #9721, .T. ) ;
#6411 = ORIENTED_EDGE ( 'NONE', *, *, #3262, .F. ) ;
#6412 = EDGE_CURVE ( 'NONE', #7949, #10, #402, .T. ) ;
#6413 = AXIS2_PLACEMENT_3D ( 'NONE', #5727, #1609, #9106 ) ;
#6414 = CYLINDRICAL_SURFACE ( 'NONE', #8118, 3.250000000000000444 ) ;
#6415 = DIRECTION ( 'NONE',  ( 1.000000000000000000, 0.000000000000000000, 2.775557561562891351E-16 ) ) ;
#6416 = DIRECTION ( 'NONE',  ( -0.000000000000000000, -1.000000000000000000, -0.000000000000000000 ) ) ;
#6417 = ORIENTED_EDGE ( 'NONE', *, *, #10816, .F. ) ;
#6418 = LINE ( 'NONE', #5487, #6925 ) ;
#6419 = UNCERTAINTY_MEASURE_WITH_UNIT (LENGTH_MEASURE( 1.000000000000000082E-05 ), #5553, 'distance_accuracy_value', 'NONE');
#6420 = VERTEX_POINT ( 'NONE', #7203 ) ;
#6421 = EDGE_LOOP ( 'NONE', ( #9450, #3907, #10240, #381 ) ) ;
#6422 = AXIS2_PLACEMENT_3D ( 'NONE', #10031, #8391, #1654 ) ;
#6423 = VECTOR ( 'NONE', #7452, 1000.000000000000000 ) ;
#6424 = CARTESIAN_POINT ( 'NONE',  ( -3.225810990119716504, 2.723439034375683132, -2.490417949282325960 ) ) ;
#6425 = EDGE_CURVE ( 'NONE', #7847, #2640, #2173, .T. ) ;
#6426 = ADVANCED_FACE ( 'NONE', ( #3876, #5515 ), #7156, .F. ) ;
#6427 = AXIS2_PLACEMENT_3D ( 'NONE', #7485, #2395, #7263 ) ;
#6428 = VECTOR ( 'NONE', #2976, 1000.000000000000000 ) ;
#6429 = FACE_OUTER_BOUND ( 'NONE', #5974, .T. ) ;
#6430 = CARTESIAN_POINT ( 'NONE',  ( 58.67999999999999972, 5.000000000000000000, 0.000000000000000000 ) ) ;
#6431 = CARTESIAN_POINT ( 'NONE',  ( 4.332851387010890676, 0.000000000000000000, -95.04470861319066444 ) ) ;
#6432 = ORIENTED_EDGE ( 'NONE', *, *, #180, .T. ) ;
#6433 = PLANE ( 'NONE',  #9005 ) ;
#6434 = FACE_OUTER_BOUND ( 'NONE', #5432, .T. ) ;
#6435 = VECTOR ( 'NONE', #3688, 1000.000000000000000 ) ;
#6436 = DIRECTION ( 'NONE',  ( -0.000000000000000000, 1.000000000000000000, -0.000000000000000000 ) ) ;
#6437 = VECTOR ( 'NONE', #3561, 1000.000000000000114 ) ;
#6438 = DIRECTION ( 'NONE',  ( -0.000000000000000000, -1.000000000000000000, -0.000000000000000000 ) ) ;
#6439 = DIRECTION ( 'NONE',  ( -0.000000000000000000, -0.000000000000000000, -1.000000000000000000 ) ) ;
#6440 = ORIENTED_EDGE ( 'NONE', *, *, #4396, .T. ) ;
#6441 = DIRECTION ( 'NONE',  ( -1.000000000000000000, 0.000000000000000000, 1.700709290173341026E-17 ) ) ;
#6442 = DIRECTION ( 'NONE',  ( -0.000000000000000000, -0.000000000000000000, 1.000000000000000000 ) ) ;
#6443 = DIRECTION ( 'NONE',  ( -1.734723475976807094E-16, 1.000000000000000000, -0.000000000000000000 ) ) ;
#6444 = CARTESIAN_POINT ( 'NONE',  ( 15.50000000000000000, -12.50000000000000000, -2.499999999999998668 ) ) ;
#6445 = VERTEX_POINT ( 'NONE', #8196 ) ;
#6446 = LINE ( 'NONE', #638, #10397 ) ;
#6447 = DIRECTION ( 'NONE',  ( 0.7071067811865465735, -0.7071067811865484609, 0.000000000000000000 ) ) ;
#6448 = CARTESIAN_POINT ( 'NONE',  ( 46.58206385166875663, 95.00200000000000955, -54.03857957040006710 ) ) ;
#6449 = ORIENTED_EDGE ( 'NONE', *, *, #1465, .F. ) ;
#6450 = ORIENTED_EDGE ( 'NONE', *, *, #10532, .F. ) ;
#6451 = CARTESIAN_POINT ( 'NONE',  ( -85.36863799491800364, 85.00000000000000000, -96.77829855763729938 ) ) ;
#6452 = ADVANCED_FACE ( 'NONE', ( #7104 ), #3050, .F. ) ;
#6453 = DIRECTION ( 'NONE',  ( -1.000000000000000000, 0.000000000000000000, -0.000000000000000000 ) ) ;
#6454 = SURFACE_SIDE_STYLE ('',( #3889 ) ) ;
#6455 = EDGE_CURVE ( 'NONE', #6181, #9258, #8036, .T. ) ;
#6456 = CARTESIAN_POINT ( 'NONE',  ( 4.332851387010890676, 18.00000000000000000, -95.04470861319066444 ) ) ;
#6457 = CARTESIAN_POINT ( 'NONE',  ( -1.924702886938330026, 9.000000000000000000, -84.20205095511482796 ) ) ;
#6458 = ORIENTED_EDGE ( 'NONE', *, *, #8459, .F. ) ;
#6459 = ORIENTED_EDGE ( 'NONE', *, *, #9399, .T. ) ;
#6460 = LINE ( 'NONE', #1265, #303 ) ;
#6461 = EDGE_LOOP ( 'NONE', ( #7511, #10306, #10184, #1205, #1922, #6123, #8975, #4423, #2559, #1362, #2462 ) ) ;
#6462 = EDGE_LOOP ( 'NONE', ( #10075, #3380 ) ) ;
#6463 = EDGE_CURVE ( 'NONE', #5783, #7026, #8802, .T. ) ;
#6464 = VECTOR ( 'NONE', #4418, 1000.000000000000000 ) ;
#6465 = EDGE_CURVE ( 'NONE', #3951, #7724, #528, .T. ) ;
#6466 = ORIENTED_EDGE ( 'NONE', *, *, #5867, .T. ) ;
#6467 = DIRECTION ( 'NONE',  ( -1.000000000000000000, 0.000000000000000000, -0.000000000000000000 ) ) ;
#6468 = CARTESIAN_POINT ( 'NONE',  ( 4.999999999999996447, 0.000000000000000000, -48.54537798597820597 ) ) ;
#6469 = DIRECTION ( 'NONE',  ( 0.000000000000000000, 0.000000000000000000, -1.000000000000000000 ) ) ;
#6470 = ORIENTED_EDGE ( 'NONE', *, *, #9747, .F. ) ;
#6471 = ORIENTED_EDGE ( 'NONE', *, *, #10643, .F. ) ;
#6472 = ORIENTED_EDGE ( 'NONE', *, *, #2792, .T. ) ;
#6473 = AXIS2_PLACEMENT_3D ( 'NONE', #7101, #2122, #8194 ) ;
#6474 = DIRECTION ( 'NONE',  ( 0.000000000000000000, 0.000000000000000000, -1.000000000000000000 ) ) ;
#6475 = ADVANCED_FACE ( 'NONE', ( #6492 ), #9833, .F. ) ;
#6476 = ADVANCED_FACE ( 'NONE', ( #4865, #9631, #5843 ), #3322, .F. ) ;
#6477 = CARTESIAN_POINT ( 'NONE',  ( -10.00000000000000178, -15.00000000000000355, 0.000000000000000000 ) ) ;
#6478 = CARTESIAN_POINT ( 'NONE',  ( -20.90380984571846312, 18.00000000000000000, 15.61289017892625886 ) ) ;
#6479 = DIRECTION ( 'NONE',  ( 1.700709290173340409E-17, 0.000000000000000000, -1.000000000000000000 ) ) ;
#6480 = EDGE_CURVE ( 'NONE', #2609, #10704, #8298, .T. ) ;
#6481 = ORIENTED_EDGE ( 'NONE', *, *, #2251, .F. ) ;
#6482 = DIRECTION ( 'NONE',  ( 0.000000000000000000, 1.000000000000000000, 0.000000000000000000 ) ) ;
#6483 = EDGE_CURVE ( 'NONE', #3839, #727, #3207, .T. ) ;
#6484 = CARTESIAN_POINT ( 'NONE',  ( -69.07332122148432063, 85.00000000000000000, -119.1878866990734593 ) ) ;
#6485 = ORIENTED_EDGE ( 'NONE', *, *, #7942, .F. ) ;
#6486 =( NAMED_UNIT ( * ) PLANE_ANGLE_UNIT ( ) SI_UNIT ( $, .RADIAN. ) );
#6487 = PRODUCT_DEFINITION_SHAPE ( 'NONE', 'NONE',  #3941 ) ;
#6488 = DIRECTION ( 'NONE',  ( 1.000000000000000000, -4.657047620516665472E-50, 1.700709290173340409E-17 ) ) ;
#6489 = CARTESIAN_POINT ( 'NONE',  ( -20.90380984571845602, 18.00000000000000000, 13.36289017892624464 ) ) ;
#6490 = ORIENTED_EDGE ( 'NONE', *, *, #5672, .F. ) ;
#6491 = DIRECTION ( 'NONE',  ( -1.623211227490745260E-15, -1.846235724462868337E-15, -1.000000000000000000 ) ) ;
#6492 = FACE_OUTER_BOUND ( 'NONE', #7825, .T. ) ;
#6493 = DIRECTION ( 'NONE',  ( 0.000000000000000000, 0.000000000000000000, -1.000000000000000000 ) ) ;
#6494 = DIRECTION ( 'NONE',  ( 0.000000000000000000, -0.000000000000000000, -1.000000000000000000 ) ) ;
#6495 = ORIENTED_EDGE ( 'NONE', *, *, #3020, .F. ) ;
#6496 = CARTESIAN_POINT ( 'NONE',  ( 98.00000000000000000, 85.00000000000000000, -120.2793298308826877 ) ) ;
#6497 = EDGE_CURVE ( 'NONE', #5971, #2234, #8453, .T. ) ;
#6498 = DIRECTION ( 'NONE',  ( 0.000000000000000000, 0.000000000000000000, -1.000000000000000000 ) ) ;
#6499 = CARTESIAN_POINT ( 'NONE',  ( -9.999999999999994671, -45.00000000000000000, -11.00000000000000000 ) ) ;
#6500 = VERTEX_POINT ( 'NONE', #8362 ) ;
#6501 = ORIENTED_EDGE ( 'NONE', *, *, #7029, .T. ) ;
#6502 = EDGE_CURVE ( 'NONE', #7587, #7294, #6607, .T. ) ;
#6503 = CARTESIAN_POINT ( 'NONE',  ( 5.000000000000000000, 70.90000000000000568, 4.251773225433351024E-17 ) ) ;
#6504 = EDGE_CURVE ( 'NONE', #8526, #8107, #10001, .T. ) ;
#6505 =( REPRESENTATION_RELATIONSHIP ('NONE','NONE', #1790, #4330 ) REPRESENTATION_RELATIONSHIP_WITH_TRANSFORMATION ( #3847 )SHAPE_REPRESENTATION_RELATIONSHIP( ) );
#6506 = LINE ( 'NONE', #4721, #643 ) ;
#6507 = DIRECTION ( 'NONE',  ( -0.000000000000000000, -1.000000000000000000, -0.000000000000000000 ) ) ;
#6508 = EDGE_CURVE ( 'NONE', #914, #1382, #5792, .T. ) ;
#6509 = FACE_OUTER_BOUND ( 'NONE', #8101, .T. ) ;
#6510 = PLANE ( 'NONE',  #3081 ) ;
#6511 = EDGE_LOOP ( 'NONE', ( #7023, #273, #10628, #807 ) ) ;
#6512 = ORIENTED_EDGE ( 'NONE', *, *, #916, .T. ) ;
#6513 = CONTEXT_DEPENDENT_SHAPE_REPRESENTATION ( #10084, #996 ) ;
#6514 = CARTESIAN_POINT ( 'NONE',  ( 85.36863799491800364, 0.000000000000000000, -99.02829855763729938 ) ) ;
#6515 = VERTEX_POINT ( 'NONE', #1570 ) ;
#6516 = ORIENTED_EDGE ( 'NONE', *, *, #9453, .F. ) ;
#6517 = VECTOR ( 'NONE', #1257, 1000.000000000000114 ) ;
#6518 = EDGE_CURVE ( 'NONE', #596, #3550, #3910, .T. ) ;
#6519 = ORIENTED_EDGE ( 'NONE', *, *, #5913, .F. ) ;
#6520 = MECHANICAL_DESIGN_GEOMETRIC_PRESENTATION_REPRESENTATION (  '', ( #6344 ), #8620 ) ;
#6521 = DIRECTION ( 'NONE',  ( -0.000000000000000000, -1.000000000000000000, -0.000000000000000000 ) ) ;
#6522 = LINE ( 'NONE', #9864, #5187 ) ;
#6523 = DIRECTION ( 'NONE',  ( -0.8337546385222531775, 0.000000000000000000, -0.5521351308716254680 ) ) ;
#6524 = ORIENTED_EDGE ( 'NONE', *, *, #8054, .F. ) ;
#6525 = CARTESIAN_POINT ( 'NONE',  ( -37.30554349586387275, 53.00000000000016342, -75.97613966782508044 ) ) ;
#6526 = ORIENTED_EDGE ( 'NONE', *, *, #538, .T. ) ;
#6527 = ORIENTED_EDGE ( 'NONE', *, *, #6087, .F. ) ;
#6528 = CARTESIAN_POINT ( 'NONE',  ( -3.448448064957534420, 2.449774423686300828, -2.452344372573636466 ) ) ;
#6529 = AXIS2_PLACEMENT_3D ( 'NONE', #10657, #7313, #10444 ) ;
#6530 = DIRECTION ( 'NONE',  ( -1.000000000000000000, 0.000000000000000000, 0.000000000000000000 ) ) ;
#6531 = CARTESIAN_POINT ( 'NONE',  ( -24.68463223939292561, 18.00000000000000000, -1.208720010920740995 ) ) ;
#6532 = ADVANCED_FACE ( 'NONE', ( #5080 ), #6662, .F. ) ;
#6533 = PRESENTATION_STYLE_ASSIGNMENT (( #8282 ) ) ;
#6534 = AXIS2_PLACEMENT_3D ( 'NONE', #2224, #2320, #8843 ) ;
#6535 = PRODUCT_DEFINITION ( 'UNKNOWN', '', #10451, #1494 ) ;
#6536 = DIRECTION ( 'NONE',  ( -0.000000000000000000, -1.000000000000000000, -0.000000000000000000 ) ) ;
#6537 = ORIENTED_EDGE ( 'NONE', *, *, #5721, .T. ) ;
#6538 = DIRECTION ( 'NONE',  ( -0.000000000000000000, -0.000000000000000000, 1.000000000000000000 ) ) ;
#6539 =( LENGTH_UNIT ( ) NAMED_UNIT ( * ) SI_UNIT ( .MILLI., .METRE. ) );
#6540 = VECTOR ( 'NONE', #5726, 1000.000000000000000 ) ;
#6541 = ORIENTED_EDGE ( 'NONE', *, *, #1605, .T. ) ;
#6542 = DIRECTION ( 'NONE',  ( 0.000000000000000000, 0.000000000000000000, 1.000000000000000000 ) ) ;
#6543 = LINE ( 'NONE', #3365, #4458 ) ;
#6544 = ORIENTED_EDGE ( 'NONE', *, *, #3277, .F. ) ;
#6545 = AXIS2_PLACEMENT_3D ( 'NONE', #2327, #5846, #9069 ) ;
#6546 = EDGE_CURVE ( 'NONE', #9088, #7956, #7361, .T. ) ;
#6547 = CIRCLE ( 'NONE', #2709, 8.000000000000007105 ) ;
#6548 = CARTESIAN_POINT ( 'NONE',  ( -14.90117512409817735, -78.18544637156001897, -5.236488491950767710 ) ) ;
#6549 = LINE ( 'NONE', #4257, #10208 ) ;
#6550 = FACE_OUTER_BOUND ( 'NONE', #7897, .T. ) ;
#6551 = CARTESIAN_POINT ( 'NONE',  ( -2.499999999999999556, 0.000000000000000000, 25.50000000000000000 ) ) ;
#6552 = DIRECTION ( 'NONE',  ( 0.000000000000000000, 1.000000000000000000, 0.000000000000000000 ) ) ;
#6553 = VECTOR ( 'NONE', #7685, 1000.000000000000000 ) ;
#6554 = LINE ( 'NONE', #804, #7480 ) ;
#6555 = CIRCLE ( 'NONE', #8825, 2.250000000000001776 ) ;
#6556 = DIRECTION ( 'NONE',  ( -0.8660254037844381525, -0.000000000000000000, 0.5000000000000008882 ) ) ;
#6557 = ORIENTED_EDGE ( 'NONE', *, *, #1007, .F. ) ;
#6558 = VERTEX_POINT ( 'NONE', #4151 ) ;
#6559 = CARTESIAN_POINT ( 'NONE',  ( 85.36863799491800364, 0.000000000000000000, -96.77829855763729938 ) ) ;
#6560 = ADVANCED_FACE ( 'NONE', ( #22 ), #7481, .F. ) ;
#6561 = AXIS2_PLACEMENT_3D ( 'NONE', #9148, #5715, #765 ) ;
#6562 = DIRECTION ( 'NONE',  ( 1.000000000000000000, 0.000000000000000000, -0.000000000000000000 ) ) ;
#6563 = AXIS2_PLACEMENT_3D ( 'NONE', #6559, #10667, #9186 ) ;
#6564 = VECTOR ( 'NONE', #7305, 1000.000000000000000 ) ;
#6565 = DIRECTION ( 'NONE',  ( -1.000000000000000000, 0.000000000000000000, 0.000000000000000000 ) ) ;
#6566 = DIRECTION ( 'NONE',  ( -0.7147181510295880225, 0.000000000000000000, -0.6994125853806514304 ) ) ;
#6567 = DIRECTION ( 'NONE',  ( -0.000000000000000000, -1.000000000000000000, -0.000000000000000000 ) ) ;
#6568 = VERTEX_POINT ( 'NONE', #4963 ) ;
#6569 = ORIENTED_EDGE ( 'NONE', *, *, #5066, .F. ) ;
#6570 = CARTESIAN_POINT ( 'NONE',  ( 15.34277666215089475, -9.499999999999994671, -2.499999999999998668 ) ) ;
#6571 = EDGE_LOOP ( 'NONE', ( #9259, #3076 ) ) ;
#6572 = EDGE_LOOP ( 'NONE', ( #5813, #6537, #3291, #2305, #680 ) ) ;
#6573 = VECTOR ( 'NONE', #10293, 1000.000000000000000 ) ;
#6574 = CIRCLE ( 'NONE', #8146, 10.00000000000000178 ) ;
#6575 = CIRCLE ( 'NONE', #6931, 2.249999999999998668 ) ;
#6576 = PRODUCT ( 'Coupler_Link_\X2\9ed88ba4\X0\', 'Coupler_Link_\X2\9ed88ba4\X0\', '', ( #9485 ) ) ;
#6577 = DIRECTION ( 'NONE',  ( 0.000000000000000000, -1.000000000000000000, 0.000000000000000000 ) ) ;
#6578 = VERTEX_POINT ( 'NONE', #4911 ) ;
#6579 = CIRCLE ( 'NONE', #6072, 2.500000000000002220 ) ;
#6580 = CARTESIAN_POINT ( 'NONE',  ( -9.999999999999998224, -44.99999999999999289, 0.000000000000000000 ) ) ;
#6581 = CARTESIAN_POINT ( 'NONE',  ( 4.999999999999997335, 0.000000000000000000, -46.48823180562273194 ) ) ;
#6582 = DIRECTION ( 'NONE',  ( 0.000000000000000000, 1.000000000000000000, 0.000000000000000000 ) ) ;
#6583 = ORIENTED_EDGE ( 'NONE', *, *, #10265, .T. ) ;
#6584 = DIRECTION ( 'NONE',  ( 0.9999999997608038926, 1.763061759675611436E-20, -2.187217990944696262E-05 ) ) ;
#6585 = EDGE_LOOP ( 'NONE', ( #7696, #6966, #8401, #3108 ) ) ;
#6586 = ORIENTED_EDGE ( 'NONE', *, *, #9954, .F. ) ;
#6587 = LINE ( 'NONE', #9817, #7606 ) ;
#6588 = AXIS2_PLACEMENT_3D ( 'NONE', #3913, #10587, #4194 ) ;
#6589 = DIRECTION ( 'NONE',  ( 1.224646799147353700E-16, -1.000000000000000000, 0.000000000000000000 ) ) ;
#6590 = CARTESIAN_POINT ( 'NONE',  ( -5.000000000000000000, 70.90000000000000568, -0.5000000000000004441 ) ) ;
#6591 = ADVANCED_FACE ( 'NONE', ( #7416 ), #10764, .T. ) ;
#6592 = CYLINDRICAL_SURFACE ( 'NONE', #7994, 9.999999999999994671 ) ;
#6593 = CARTESIAN_POINT ( 'NONE',  ( -3.250000000000000444, 3.980102097228898231E-16, 0.000000000000000000 ) ) ;
#6594 = EDGE_LOOP ( 'NONE', ( #6270, #10292, #10498, #9529 ) ) ;
#6595 =( GEOMETRIC_REPRESENTATION_CONTEXT ( 3 ) GLOBAL_UNCERTAINTY_ASSIGNED_CONTEXT ( ( #8826 ) ) GLOBAL_UNIT_ASSIGNED_CONTEXT ( ( #6207, #1069, #6918 ) ) REPRESENTATION_CONTEXT ( 'NONE', 'WORKASPACE' ) );
#6596 = CARTESIAN_POINT ( 'NONE',  ( -48.89087296526016502, -98.03300858899102366, -24.99999999999999289 ) ) ;
#6597 =( LENGTH_UNIT ( ) NAMED_UNIT ( * ) SI_UNIT ( .MILLI., .METRE. ) );
#6598 = ORIENTED_EDGE ( 'NONE', *, *, #123, .F. ) ;
#6599 = ORIENTED_EDGE ( 'NONE', *, *, #7858, .T. ) ;
#6600 = CARTESIAN_POINT ( 'NONE',  ( -85.36863799491800364, 85.00000000000000000, -99.02829855763729938 ) ) ;
#6601 = CARTESIAN_POINT ( 'NONE',  ( 15.50000000000000000, -9.000000000000000000, -5.016317519411106937E-16 ) ) ;
#6602 = ORIENTED_EDGE ( 'NONE', *, *, #2280, .F. ) ;
#6603 = AXIS2_PLACEMENT_3D ( 'NONE', #2412, #3340, #823 ) ;
#6604 = VECTOR ( 'NONE', #7327, 1000.000000000000000 ) ;
#6605 = DIRECTION ( 'NONE',  ( -1.000000000000000000, 0.000000000000000000, 0.000000000000000000 ) ) ;
#6606 = CIRCLE ( 'NONE', #10626, 9.999999999999994671 ) ;
#6607 = LINE ( 'NONE', #1623, #2506 ) ;
#6608 = ADVANCED_FACE ( 'NONE', ( #1738 ), #5126, .T. ) ;
#6609 = CARTESIAN_POINT ( 'NONE',  ( -90.00000000000000000, 95.00000000000000000, -97.86825876601857033 ) ) ;
#6610 = AXIS2_PLACEMENT_3D ( 'NONE', #2514, #8383, #7331 ) ;
#6611 = LINE ( 'NONE', #5624, #7074 ) ;
#6612 = DIRECTION ( 'NONE',  ( -1.165290405000614279E-33, 1.000000000000000000, 3.122048140665065340E-17 ) ) ;
#6613 = PLANE ( 'NONE',  #8877 ) ;
#6614 = CARTESIAN_POINT ( 'NONE',  ( 26.31344247896044664, 34.67986544671986593, -28.54374205374393725 ) ) ;
#6615 = ORIENTED_EDGE ( 'NONE', *, *, #9619, .T. ) ;
#6616 = EDGE_LOOP ( 'NONE', ( #10741, #8262 ) ) ;
#6617 = LINE ( 'NONE', #6503, #2724 ) ;
#6618 = MECHANICAL_DESIGN_GEOMETRIC_PRESENTATION_REPRESENTATION (  '', ( #4526 ), #9946 ) ;
#6619 = EDGE_CURVE ( 'NONE', #4112, #9695, #6549, .T. ) ;
#6620 = EDGE_CURVE ( 'NONE', #10740, #6954, #5483, .T. ) ;
#6621 = CIRCLE ( 'NONE', #7834, 4.000000000000000000 ) ;
#6622 = CARTESIAN_POINT ( 'NONE',  ( -63.94170910735130775, 95.00000000000000000, -99.05349224005493625 ) ) ;
#6623 = DIRECTION ( 'NONE',  ( 0.5521351308716255790, -0.000000000000000000, 0.8337546385222530665 ) ) ;
#6624 = CARTESIAN_POINT ( 'NONE',  ( 46.58206385166875663, 85.00000000000000000, -54.03857957040006710 ) ) ;
#6625 = CARTESIAN_POINT ( 'NONE',  ( 0.000000000000000000, 200.0000000000000000, 0.000000000000000000 ) ) ;
#6626 = EDGE_CURVE ( 'NONE', #6243, #2550, #9290, .T. ) ;
#6627 = ORIENTED_EDGE ( 'NONE', *, *, #10140, .F. ) ;
#6628 = ORIENTED_EDGE ( 'NONE', *, *, #9480, .T. ) ;
#6629 = EDGE_CURVE ( 'NONE', #8426, #2671, #9895, .T. ) ;
#6630 = CONTEXT_DEPENDENT_SHAPE_REPRESENTATION ( #9311, #4327 ) ;
#6631 = FACE_OUTER_BOUND ( 'NONE', #138, .T. ) ;
#6632 = ORIENTED_EDGE ( 'NONE', *, *, #7153, .F. ) ;
#6633 = ORIENTED_EDGE ( 'NONE', *, *, #5357, .T. ) ;
#6634 = VECTOR ( 'NONE', #3049, 1000.000000000000000 ) ;
#6635 = FACE_OUTER_BOUND ( 'NONE', #5938, .T. ) ;
#6636 = ORIENTED_EDGE ( 'NONE', *, *, #4528, .F. ) ;
#6637 = DIRECTION ( 'NONE',  ( 0.000000000000000000, 1.000000000000000000, -0.000000000000000000 ) ) ;
#6638 = DIRECTION ( 'NONE',  ( -0.000000000000000000, -1.000000000000000000, -0.000000000000000000 ) ) ;
#6639 = DIRECTION ( 'NONE',  ( 0.5000000000000009992, -0.000000000000000000, 0.8660254037844381525 ) ) ;
#6640 = EDGE_LOOP ( 'NONE', ( #10266, #10450, #3178, #5011, #5193, #8126, #693, #2683 ) ) ;
#6641 = EDGE_CURVE ( 'NONE', #7724, #8063, #1903, .T. ) ;
#6642 = DIRECTION ( 'NONE',  ( 3.967705106150487963E-21, 1.000000000000000000, -8.468845607255751981E-21 ) ) ;
#6643 = PRODUCT_DEFINITION_CONTEXT ( 'detailed design', #1615, 'design' ) ;
#6644 = ORIENTED_EDGE ( 'NONE', *, *, #1138, .T. ) ;
#6645 = ORIENTED_EDGE ( 'NONE', *, *, #1686, .T. ) ;
#6646 = LINE ( 'NONE', #3091, #9356 ) ;
#6647 = EDGE_CURVE ( 'NONE', #10681, #2183, #1110, .T. ) ;
#6648 = EDGE_CURVE ( 'NONE', #6500, #1729, #234, .T. ) ;
#6649 = CARTESIAN_POINT ( 'NONE',  ( 30.31344247896044664, 34.67986544671986593, -42.59593772390965682 ) ) ;
#6650 = CARTESIAN_POINT ( 'NONE',  ( 59.14441049068479117, 95.00000000000000000, -90.27932983088280139 ) ) ;
#6651 = CARTESIAN_POINT ( 'NONE',  ( 9.999999999999992895, 0.000000000000000000, -81.58229419209513367 ) ) ;
#6652 = VERTEX_POINT ( 'NONE', #6160 ) ;
#6653 = DIRECTION ( 'NONE',  ( -0.000000000000000000, 1.000000000000000000, -0.000000000000000000 ) ) ;
#6654 = CYLINDRICAL_SURFACE ( 'NONE', #6939, 2.250000000000001776 ) ;
#6655 = ORIENTED_EDGE ( 'NONE', *, *, #2816, .T. ) ;
#6656 = ORIENTED_EDGE ( 'NONE', *, *, #2598, .T. ) ;
#6657 = DIRECTION ( 'NONE',  ( -0.000000000000000000, -1.000000000000000000, -0.000000000000000000 ) ) ;
#6658 = FACE_OUTER_BOUND ( 'NONE', #1613, .T. ) ;
#6659 = ORIENTED_EDGE ( 'NONE', *, *, #7286, .F. ) ;
#6660 = CARTESIAN_POINT ( 'NONE',  ( 15.00000000000000000, 5.500000000000007994, 20.00000000000000000 ) ) ;
#6661 = ADVANCED_FACE ( 'NONE', ( #10323 ), #9503, .T. ) ;
#6662 = PLANE ( 'NONE',  #4088 ) ;
#6663 = CARTESIAN_POINT ( 'NONE',  ( -4.000000000000000000, 1.500000000000001332, 25.50000000000000000 ) ) ;
#6664 = LINE ( 'NONE', #6551, #2705 ) ;
#6665 = CARTESIAN_POINT ( 'NONE',  ( -5.000000000000000000, 70.72842712474619020, -0.5000000000000004441 ) ) ;
#6666 = ADVANCED_FACE ( 'NONE', ( #9455 ), #9339, .F. ) ;
#6667 = FACE_BOUND ( 'NONE', #3224, .T. ) ;
#6668 = CARTESIAN_POINT ( 'NONE',  ( -3.647693777163361073, 0.04196010845019171320, 0.000000000000000000 ) ) ;
#6669 = ORIENTED_EDGE ( 'NONE', *, *, #10486, .T. ) ;
#6670 = ORIENTED_EDGE ( 'NONE', *, *, #10172, .T. ) ;
#6671 = DIRECTION ( 'NONE',  ( 1.000000000000000000, 0.000000000000000000, 0.000000000000000000 ) ) ;
#6672 = PRODUCT_DEFINITION_SHAPE ( 'NONE', 'NONE',  #10834 ) ;
#6673 = DIRECTION ( 'NONE',  ( 1.000000000000000000, 0.000000000000000000, 0.000000000000000000 ) ) ;
#6674 = DIRECTION ( 'NONE',  ( 0.000000000000000000, 0.000000000000000000, 1.000000000000000000 ) ) ;
#6675 = DIRECTION ( 'NONE',  ( -0.000000000000000000, 1.000000000000000000, -0.000000000000000000 ) ) ;
#6677 = EDGE_CURVE ( 'NONE', #3328, #3951, #9144, .T. ) ;
#6676 = DIRECTION ( 'NONE',  ( 0.000000000000000000, 0.000000000000000000, 1.000000000000000000 ) ) ;
#6678 = DIRECTION ( 'NONE',  ( 0.000000000000000000, 0.000000000000000000, -1.000000000000000000 ) ) ;
#6679 = ORIENTED_EDGE ( 'NONE', *, *, #594, .F. ) ;
#6680 = ORIENTED_EDGE ( 'NONE', *, *, #1954, .T. ) ;
#6681 = CARTESIAN_POINT ( 'NONE',  ( -67.07925725763350044, 85.00000000000000000, -84.99047725517949914 ) ) ;
#6682 = ORIENTED_EDGE ( 'NONE', *, *, #263, .F. ) ;
#6683 = ORIENTED_EDGE ( 'NONE', *, *, #5704, .F. ) ;
#6684 =( BOUNDED_CURVE ( )  B_SPLINE_CURVE ( 3, ( #10112, #9398, #1072, #7573 ),
 .UNSPECIFIED., .F., .F. ) 
 B_SPLINE_CURVE_WITH_KNOTS ( ( 4, 4 ),
 ( 3.141592653589793116, 4.712388980384689674 ),
 .UNSPECIFIED. ) 
 CURVE ( )  GEOMETRIC_REPRESENTATION_ITEM ( )  RATIONAL_B_SPLINE_CURVE ( ( 1.000000000000000000, 0.8047378541243649375, 0.8047378541243649375, 1.000000000000000000 ) ) 
 REPRESENTATION_ITEM ( '' )  );
#6685 = EDGE_CURVE ( 'NONE', #9800, #5337, #3598, .T. ) ;
#6686 = DIRECTION ( 'NONE',  ( 1.734723475976806601E-16, -1.000000000000000000, 0.000000000000000000 ) ) ;
#6687 = DIRECTION ( 'NONE',  ( 0.000000000000000000, 0.000000000000000000, -1.000000000000000000 ) ) ;
#6688 = CARTESIAN_POINT ( 'NONE',  ( 7.499999999999996447, 0.000000000000000000, -49.99999999999955236 ) ) ;
#6689 = DIRECTION ( 'NONE',  ( 0.000000000000000000, -1.000000000000000000, 0.000000000000000000 ) ) ;
#6690 = ORIENTED_EDGE ( 'NONE', *, *, #9312, .F. ) ;
#6691 = DIRECTION ( 'NONE',  ( 0.000000000000000000, 0.000000000000000000, 1.000000000000000000 ) ) ;
#6692 = CIRCLE ( 'NONE', #4948, 2.250000000000001776 ) ;
#6693 = CARTESIAN_POINT ( 'NONE',  ( -30.54774002826776425, 18.00000000000000000, 10.71815755839265094 ) ) ;
#6694 = ORIENTED_EDGE ( 'NONE', *, *, #3146, .F. ) ;
#6695 = ORIENTED_EDGE ( 'NONE', *, *, #5620, .F. ) ;
#6696 = DIRECTION ( 'NONE',  ( 0.000000000000000000, 0.000000000000000000, -1.000000000000000000 ) ) ;
#6697 = ADVANCED_FACE ( 'NONE', ( #6928 ), #7694, .F. ) ;
#6698 = DIRECTION ( 'NONE',  ( 0.000000000000000000, 0.000000000000000000, -1.000000000000000000 ) ) ;
#6699 = CARTESIAN_POINT ( 'NONE',  ( 11.14116308173940517, 0.2284369631429394032, 22.00000000000000000 ) ) ;
#6700 = CARTESIAN_POINT ( 'NONE',  ( 94.00000000000001421, 95.00000000000000000, -104.7964619962940844 ) ) ;
#6701 = ORIENTED_EDGE ( 'NONE', *, *, #2015, .F. ) ;
#6702 = CARTESIAN_POINT ( 'NONE',  ( -1.924702886938330026, 9.000000000000000000, -84.20205095511482796 ) ) ;
#6703 = VERTEX_POINT ( 'NONE', #182 ) ;
#6704 = VERTEX_POINT ( 'NONE', #8623 ) ;
#6705 = AXIS2_PLACEMENT_3D ( 'NONE', #3830, #2957, #5674 ) ;
#6706 = DIRECTION ( 'NONE',  ( -0.000000000000000000, -1.000000000000000000, -0.000000000000000000 ) ) ;
#6707 = CARTESIAN_POINT ( 'NONE',  ( 11.12919120779492310, 0.000000000000000000, 25.50000000000000000 ) ) ;
#6708 = ORIENTED_EDGE ( 'NONE', *, *, #6217, .T. ) ;
#6709 = EDGE_CURVE ( 'NONE', #3546, #7587, #9404, .T. ) ;
#6710 = DIRECTION ( 'NONE',  ( -1.000000000000000000, 0.000000000000000000, 0.000000000000000000 ) ) ;
#6711 = DIRECTION ( 'NONE',  ( 0.000000000000000000, 1.000000000000000000, 0.000000000000000000 ) ) ;
#6712 = DIRECTION ( 'NONE',  ( 0.000000000000000000, 0.000000000000000000, 1.000000000000000000 ) ) ;
#6713 = ORIENTED_EDGE ( 'NONE', *, *, #10669, .T. ) ;
#6714 = FACE_OUTER_BOUND ( 'NONE', #8606, .T. ) ;
#6715 =( REPRESENTATION_RELATIONSHIP ('NONE','NONE', #1790, #7727 ) REPRESENTATION_RELATIONSHIP_WITH_TRANSFORMATION ( #1263 )SHAPE_REPRESENTATION_RELATIONSHIP( ) );
#6716 = DIRECTION ( 'NONE',  ( 0.000000000000000000, 0.000000000000000000, -1.000000000000000000 ) ) ;
#6717 = DIRECTION ( 'NONE',  ( 0.000000000000000000, 0.000000000000000000, -1.000000000000000000 ) ) ;
#6718 = ORIENTED_EDGE ( 'NONE', *, *, #558, .T. ) ;
#6719 = ORIENTED_EDGE ( 'NONE', *, *, #772, .F. ) ;
#6720 = AXIS2_PLACEMENT_3D ( 'NONE', #5573, #1404, #468 ) ;
#6721 = LINE ( 'NONE', #4213, #10069 ) ;
#6722 = AXIS2_PLACEMENT_3D ( 'NONE', #1063, #7787, #1011 ) ;
#6723 = CARTESIAN_POINT ( 'NONE',  ( -12.10564404198159494, -75.38991528944345077, 0.9999999999999991118 ) ) ;
#6724 = AXIS2_PLACEMENT_3D ( 'NONE', #7356, #6488, #2383 ) ;
#6725 = DIRECTION ( 'NONE',  ( -1.000000000000000000, 0.000000000000000000, 0.000000000000000000 ) ) ;
#6726 = VECTOR ( 'NONE', #2843, 1000.000000000000000 ) ;
#6727 = DIRECTION ( 'NONE',  ( 0.000000000000000000, 0.000000000000000000, -1.000000000000000000 ) ) ;
#6728 = VECTOR ( 'NONE', #6612, 1000.000000000000000 ) ;
#6729 = CYLINDRICAL_SURFACE ( 'NONE', #2569, 2.250000000000001776 ) ;
#6730 = CARTESIAN_POINT ( 'NONE',  ( -64.99999999999980105, 95.00000000000000000, -112.1326873879137622 ) ) ;
#6731 = ORIENTED_EDGE ( 'NONE', *, *, #8909, .F. ) ;
#6732 = ORIENTED_EDGE ( 'NONE', *, *, #3899, .F. ) ;
#6733 = CARTESIAN_POINT ( 'NONE',  ( 0.1780349087250471252, 18.00000000000000000, -101.3223663102657497 ) ) ;
#6734 = ORIENTED_EDGE ( 'NONE', *, *, #2132, .F. ) ;
#6735 = ORIENTED_EDGE ( 'NONE', *, *, #683, .F. ) ;
#6736 = CIRCLE ( 'NONE', #8134, 5.000000000000001776 ) ;
#6737 = AXIS2_PLACEMENT_3D ( 'NONE', #10580, #3308, #4784 ) ;
#6738 = AXIS2_PLACEMENT_3D ( 'NONE', #9458, #5347, #7804 ) ;
#6739 = CARTESIAN_POINT ( 'NONE',  ( -55.96194077712564052, -90.96194077712553394, -24.99999999999999289 ) ) ;
#6740 = CARTESIAN_POINT ( 'NONE',  ( 58.67999999999999972, 5.000000000000000000, -10.00000000000000178 ) ) ;
#6741 = CARTESIAN_POINT ( 'NONE',  ( 5.000000000000000000, -12.50000000000000000, 6.324669086646331852E-17 ) ) ;
#6742 = ADVANCED_FACE ( 'NONE', ( #4372 ), #352, .T. ) ;
#6743 = DIRECTION ( 'NONE',  ( 0.8660254037844380415, 0.000000000000000000, -0.5000000000000008882 ) ) ;
#6744 = CIRCLE ( 'NONE', #3431, 2.249999999999998668 ) ;
#6745 = ORIENTED_EDGE ( 'NONE', *, *, #1796, .T. ) ;
#6746 = DIRECTION ( 'NONE',  ( 0.5503713389351663210, 4.781815735524670602E-22, 0.8349199897467495246 ) ) ;
#6747 = VECTOR ( 'NONE', #3681, 1000.000000000000114 ) ;
#6748 = CARTESIAN_POINT ( 'NONE',  ( 0.000000000000000000, 0.000000000000000000, -16.00000000000000000 ) ) ;
#6749 = VERTEX_POINT ( 'NONE', #10276 ) ;
#6750 = VERTEX_POINT ( 'NONE', #7800 ) ;
#6751 = EDGE_CURVE ( 'NONE', #6383, #2743, #3493, .T. ) ;
#6752 = DIRECTION ( 'NONE',  ( -0.000000000000000000, -0.000000000000000000, 1.000000000000000000 ) ) ;
#6753 = EDGE_CURVE ( 'NONE', #2144, #7026, #6987, .T. ) ;
#6754 = AXIS2_PLACEMENT_3D ( 'NONE', #316, #8910, #9739 ) ;
#6755 = AXIS2_PLACEMENT_3D ( 'NONE', #9795, #5531, #7325 ) ;
#6756 = CIRCLE ( 'NONE', #10089, 2.250000000000000000 ) ;
#6757 = DIRECTION ( 'NONE',  ( -5.204170427930420297E-16, 1.000000000000000000, -4.629113068246459294E-32 ) ) ;
#6758 = CARTESIAN_POINT ( 'NONE',  ( 27.25000000000000355, -10.49999999999999112, 10.00000000000000000 ) ) ;
#6759 = DIRECTION ( 'NONE',  ( -0.000000000000000000, 1.000000000000000000, -0.000000000000000000 ) ) ;
#6760 = ORIENTED_EDGE ( 'NONE', *, *, #3399, .T. ) ;
#6761 = CARTESIAN_POINT ( 'NONE',  ( 10.00000000000000355, 12.50000000000000000, -4.999999999999995559 ) ) ;
#6762 = ORIENTED_EDGE ( 'NONE', *, *, #7749, .F. ) ;
#6763 = ORIENTED_EDGE ( 'NONE', *, *, #964, .F. ) ;
#6764 = ADVANCED_FACE ( 'NONE', ( #10213, #4531 ), #2782, .T. ) ;
#6765 = EDGE_CURVE ( 'NONE', #2029, #3647, #7058, .T. ) ;
#6766 = CARTESIAN_POINT ( 'NONE',  ( 25.00000000000000000, 9.000000000000000000, 2.249999999999999112 ) ) ;
#6767 = CARTESIAN_POINT ( 'NONE',  ( 0.000000000000000000, 57.00000000000000000, 0.000000000000000000 ) ) ;
#6768 = EDGE_LOOP ( 'NONE', ( #315, #8133, #3724, #1477 ) ) ;
#6769 = FACE_OUTER_BOUND ( 'NONE', #146, .T. ) ;
#6770 = VECTOR ( 'NONE', #9053, 1000.000000000000114 ) ;
#6771 = DIRECTION ( 'NONE',  ( 0.000000000000000000, 1.000000000000000000, 0.000000000000000000 ) ) ;
#6772 = LINE ( 'NONE', #1682, #5712 ) ;
#6773 = ORIENTED_EDGE ( 'NONE', *, *, #3432, .F. ) ;
#6774 = DIRECTION ( 'NONE',  ( 0.000000000000000000, 0.000000000000000000, 1.000000000000000000 ) ) ;
#6775 = CARTESIAN_POINT ( 'NONE',  ( 64.99999999999980105, 95.00000000000000000, -120.2793298308828014 ) ) ;
#6776 = DIRECTION ( 'NONE',  ( -1.000000000000000000, 0.000000000000000000, 0.000000000000000000 ) ) ;
#6777 = ORIENTED_EDGE ( 'NONE', *, *, #8182, .T. ) ;
#6778 = ORIENTED_EDGE ( 'NONE', *, *, #4356, .T. ) ;
#6779 = PLANE ( 'NONE',  #2909 ) ;
#6780 = STYLED_ITEM ( 'NONE', ( #8819 ), #9807 ) ;
#6781 = AXIS2_PLACEMENT_3D ( 'NONE', #7108, #4549, #3880 ) ;
#6782 = EDGE_CURVE ( 'NONE', #6392, #7027, #587, .T. ) ;
#6783 = DIRECTION ( 'NONE',  ( -0.2644732620533331025, -0.000000000000000000, 0.9643930182549378394 ) ) ;
#6784 =( GEOMETRIC_REPRESENTATION_CONTEXT ( 3 ) GLOBAL_UNCERTAINTY_ASSIGNED_CONTEXT ( ( #8615 ) ) GLOBAL_UNIT_ASSIGNED_CONTEXT ( ( #9319, #3848, #8051 ) ) REPRESENTATION_CONTEXT ( 'NONE', 'WORKASPACE' ) );
#6785 = DIRECTION ( 'NONE',  ( 1.734723475976807094E-16, -1.000000000000000000, 0.000000000000000000 ) ) ;
#6786 = DIRECTION ( 'NONE',  ( 0.4141393648650374959, 0.4141393648650363857, 0.8105412839198060659 ) ) ;
#6787 = FACE_BOUND ( 'NONE', #8800, .T. ) ;
#6788 = EDGE_LOOP ( 'NONE', ( #460, #7221, #4771, #7165 ) ) ;
#6789 = VERTEX_POINT ( 'NONE', #965 ) ;
#6790 = AXIS2_PLACEMENT_3D ( 'NONE', #8605, #3638, #5161 ) ;
#6791 = CARTESIAN_POINT ( 'NONE',  ( 11.31261843528554323, 3.499999999999994671, 19.92893218813451739 ) ) ;
#6792 = VERTEX_POINT ( 'NONE', #3818 ) ;
#6793 = ORIENTED_EDGE ( 'NONE', *, *, #1450, .T. ) ;
#6794 = AXIS2_PLACEMENT_3D ( 'NONE', #9362, #3461, #10340 ) ;
#6795 = FACE_BOUND ( 'NONE', #3590, .T. ) ;
#6796 = VECTOR ( 'NONE', #6936, 1000.000000000000000 ) ;
#6797 = CARTESIAN_POINT ( 'NONE',  ( 0.000000000000000000, 18.00000000000000000, -2.250000000000000000 ) ) ;
#6798 = LINE ( 'NONE', #2094, #7102 ) ;
#6799 = CARTESIAN_POINT ( 'NONE',  ( 35.00000000000000000, -9.499999999999991118, 20.00000000000000000 ) ) ;
#6800 = ORIENTED_EDGE ( 'NONE', *, *, #3064, .T. ) ;
#6802 = EDGE_CURVE ( 'NONE', #10205, #3144, #2991, .T. ) ;
#6801 = APPLICATION_PROTOCOL_DEFINITION ( 'draft international standard', 'automotive_design', 1998, #6102 ) ;
#6803 = ORIENTED_EDGE ( 'NONE', *, *, #7377, .F. ) ;
#6804 = ORIENTED_EDGE ( 'NONE', *, *, #1565, .F. ) ;
#6805 = CARTESIAN_POINT ( 'NONE',  ( -30.54774002826776425, 0.000000000000000000, 10.71815755839265094 ) ) ;
#6806 = DIRECTION ( 'NONE',  ( 0.000000000000000000, -1.000000000000000000, 0.000000000000000000 ) ) ;
#6807 = CARTESIAN_POINT ( 'NONE',  ( -24.99999999999999289, -9.500000000000001776, 10.00000000000000000 ) ) ;
#6808 = LINE ( 'NONE', #3584, #9003 ) ;
#6809 = ORIENTED_EDGE ( 'NONE', *, *, #5908, .F. ) ;
#6810 = DIRECTION ( 'NONE',  ( -0.5521351308716254680, 0.000000000000000000, 0.8337546385222530665 ) ) ;
#6811 =( LENGTH_UNIT ( ) NAMED_UNIT ( * ) SI_UNIT ( .MILLI., .METRE. ) );
#6812 = EDGE_CURVE ( 'NONE', #1690, #4240, #7087, .T. ) ;
#6813 = ORIENTED_EDGE ( 'NONE', *, *, #9547, .F. ) ;
#6814 = ORIENTED_EDGE ( 'NONE', *, *, #7865, .T. ) ;
#6815 = EDGE_CURVE ( 'NONE', #3838, #287, #457, .T. ) ;
#6816 = LINE ( 'NONE', #63, #5326 ) ;
#6817 = DIRECTION ( 'NONE',  ( 0.000000000000000000, 0.000000000000000000, -1.000000000000000000 ) ) ;
#6818 = CYLINDRICAL_SURFACE ( 'NONE', #1754, 2.250000000000001776 ) ;
#6819 = EDGE_CURVE ( 'NONE', #1943, #10815, #8892, .T. ) ;
#6820 = ADVANCED_FACE ( 'NONE', ( #8066, #4788 ), #3863, .T. ) ;
#6821 = DIRECTION ( 'NONE',  ( -0.000000000000000000, -1.000000000000000000, -0.000000000000000000 ) ) ;
#6822 = DIRECTION ( 'NONE',  ( -0.000000000000000000, -1.000000000000000000, -0.000000000000000000 ) ) ;
#6823 = ORIENTED_EDGE ( 'NONE', *, *, #3692, .F. ) ;
#6824 = CARTESIAN_POINT ( 'NONE',  ( 5.000000000000000000, -3.122048140665064108E-17, 0.9999999999999997780 ) ) ;
#6825 = PRESENTATION_STYLE_ASSIGNMENT (( #3498 ) ) ;
#6826 = CARTESIAN_POINT ( 'NONE',  ( 0.000000000000000000, -15.00000000000000355, -16.00000000000000000 ) ) ;
#6827 = ORIENTED_EDGE ( 'NONE', *, *, #3738, .T. ) ;
#6828 = VERTEX_POINT ( 'NONE', #5499 ) ;
#6829 = DIRECTION ( 'NONE',  ( 0.000000000000000000, -0.000000000000000000, -1.000000000000000000 ) ) ;
#6830 = DIRECTION ( 'NONE',  ( -1.000000000000000000, 0.000000000000000000, 0.000000000000000000 ) ) ;
#6831 = EDGE_CURVE ( 'NONE', #10, #669, #10551, .T. ) ;
#6832 = CARTESIAN_POINT ( 'NONE',  ( -20.98969858723281234, 0.000000000000000000, -5.229422174922484068 ) ) ;
#6833 = DIRECTION ( 'NONE',  ( 0.000000000000000000, 1.000000000000000000, 0.000000000000000000 ) ) ;
#6834 = ORIENTED_EDGE ( 'NONE', *, *, #4012, .F. ) ;
#6835 = PLANE ( 'NONE',  #8677 ) ;
#6836 = VERTEX_POINT ( 'NONE', #7301 ) ;
#6837 = ORIENTED_EDGE ( 'NONE', *, *, #6188, .F. ) ;
#6838 = CARTESIAN_POINT ( 'NONE',  ( -96.67003710817802187, 95.00000000000000000, -93.45117771904557458 ) ) ;
#6839 = EDGE_CURVE ( 'NONE', #5524, #7779, #8835, .T. ) ;
#6840 = VERTEX_POINT ( 'NONE', #1345 ) ;
#6841 = ORIENTED_EDGE ( 'NONE', *, *, #621, .F. ) ;
#6842 = LINE ( 'NONE', #7878, #2910 ) ;
#6843 = EDGE_CURVE ( 'NONE', #9841, #3053, #1397, .T. ) ;
#6844 = CARTESIAN_POINT ( 'NONE',  ( -25.00000000000000000, 5.500000000000001776, 20.00000000000000000 ) ) ;
#6845 = PRODUCT ( 'Jaw_Guide_Link_\X2\9ed88ba4\X0\', 'Jaw_Guide_Link_\X2\9ed88ba4\X0\', '', ( #1056 ) ) ;
#6846 = CARTESIAN_POINT ( 'NONE',  ( 15.00000000000000000, -5.499999999999994671, 20.00000000000000000 ) ) ;
#6847 = DIRECTION ( 'NONE',  ( -1.000000000000000000, 0.000000000000000000, 1.700709290173340409E-17 ) ) ;
#6848 = LINE ( 'NONE', #5270, #6389 ) ;
#6849 = ORIENTED_EDGE ( 'NONE', *, *, #10555, .F. ) ;
#6850 = PRODUCT_CONTEXT ( 'NONE', #9862, 'mechanical' ) ;
#6851 = EDGE_LOOP ( 'NONE', ( #2375, #7253, #5047, #2802 ) ) ;
#6852 = VERTEX_POINT ( 'NONE', #4741 ) ;
#6853 = CARTESIAN_POINT ( 'NONE',  ( -58.74171087241097666, 85.00000000000000000, -90.51182856389573317 ) ) ;
#6854 = EDGE_CURVE ( 'NONE', #7231, #1415, #9621, .T. ) ;
#6855 = APPLICATION_CONTEXT ( 'automotive_design' ) ;
#6856 = FACE_OUTER_BOUND ( 'NONE', #1153, .T. ) ;
#6857 = FILL_AREA_STYLE_COLOUR ( '', #5559 ) ;
#6858 = DIRECTION ( 'NONE',  ( 2.081668171172168513E-16, -1.000000000000000000, 0.000000000000000000 ) ) ;
#6859 = ORIENTED_EDGE ( 'NONE', *, *, #987, .T. ) ;
#6860 = LINE ( 'NONE', #5391, #8833 ) ;
#6861 = ADVANCED_FACE ( 'NONE', ( #3096 ), #4582, .F. ) ;
#6862 = VERTEX_POINT ( 'NONE', #7242 ) ;
#6863 = VERTEX_POINT ( 'NONE', #3149 ) ;
#6864 = DIRECTION ( 'NONE',  ( 0.000000000000000000, -1.000000000000000000, 0.000000000000000000 ) ) ;
#6865 = CARTESIAN_POINT ( 'NONE',  ( -4.999999999999999112, 70.90000000000000568, 0.5000000000000004441 ) ) ;
#6866 = PRESENTATION_LAYER_ASSIGNMENT (  '', '', ( #4074 ) ) ;
#6867 = PRODUCT_RELATED_PRODUCT_CATEGORY ( 'part', '', ( #3450 ) ) ;
#6868 = LINE ( 'NONE', #9454, #858 ) ;
#6869 = DIRECTION ( 'NONE',  ( 0.000000000000000000, 0.000000000000000000, -1.000000000000000000 ) ) ;
#6870 = CYLINDRICAL_SURFACE ( 'NONE', #646, 3.000000000000000000 ) ;
#6871 = ORIENTED_EDGE ( 'NONE', *, *, #3780, .T. ) ;
#6872 = CARTESIAN_POINT ( 'NONE',  ( -19.68655752103997258, 74.67986544671987303, -28.54374205374393725 ) ) ;
#6873 = AXIS2_PLACEMENT_3D ( 'NONE', #2631, #9253, #4218 ) ;
#6874 = LINE ( 'NONE', #6826, #6277 ) ;
#6875 = EDGE_LOOP ( 'NONE', ( #9816, #8995 ) ) ;#6876 = ORIENTED_EDGE ( 'NONE', *, *, #4419, .T. ) ;
#6877 = CARTESIAN_POINT ( 'NONE',  ( 0.000000000000000000, 10.00000000000000000, -110.2793298308826877 ) ) ;
#6878 = EDGE_CURVE ( 'NONE', #7109, #6828, #9859, .T. ) ;
#6879 = VECTOR ( 'NONE', #1786, 1000.000000000000114 ) ;
#6880 = DIRECTION ( 'NONE',  ( -0.5521351308716263562, 0.000000000000000000, 0.8337546385222526224 ) ) ;
#6881 = DIRECTION ( 'NONE',  ( 0.000000000000000000, 1.000000000000000000, 0.000000000000000000 ) ) ;
#6882 = DIRECTION ( 'NONE',  ( 0.000000000000000000, -0.000000000000000000, 1.000000000000000000 ) ) ;
#6883 = ORIENTED_EDGE ( 'NONE', *, *, #8728, .T. ) ;
#6884 = AXIS2_PLACEMENT_3D ( 'NONE', #959, #8455, #8406 ) ;
#6885 = DIRECTION ( 'NONE',  ( 0.000000000000000000, 0.000000000000000000, 1.000000000000000000 ) ) ;
#6886 = ORIENTED_EDGE ( 'NONE', *, *, #7574, .T. ) ;
#6887 = ORIENTED_EDGE ( 'NONE', *, *, #9907, .F. ) ;
#6888 = FACE_OUTER_BOUND ( 'NONE', #4770, .T. ) ;
#6889 = VERTEX_POINT ( 'NONE', #3973 ) ;
#6890 = ORIENTED_EDGE ( 'NONE', *, *, #3103, .T. ) ;
#6891 = EDGE_CURVE ( 'NONE', #3690, #8095, #3218, .T. ) ;
#6892 = VECTOR ( 'NONE', #3592, 1000.000000000000000 ) ;
#6893 = CIRCLE ( 'NONE', #8650, 2.250000000000001776 ) ;
#6894 = FACE_OUTER_BOUND ( 'NONE', #10753, .T. ) ;
#6895 = VECTOR ( 'NONE', #1986, 1000.000000000000000 ) ;
#6896 = CARTESIAN_POINT ( 'NONE',  ( -59.14441049068477696, 85.00000000000000000, -100.2793298308827872 ) ) ;
#6897 = VECTOR ( 'NONE', #6783, 1000.000000000000114 ) ;
#6898 = CARTESIAN_POINT ( 'NONE',  ( 10.00000000000000178, 18.00000000000000000, -5.196013828848716574E-14 ) ) ;
#6899 = DIRECTION ( 'NONE',  ( 0.000000000000000000, 1.000000000000000000, 0.000000000000000000 ) ) ;
#6900 = LINE ( 'NONE', #4510, #82 ) ;
#6901 = ORIENTED_EDGE ( 'NONE', *, *, #9399, .F. ) ;
#6902 = SHAPE_DEFINITION_REPRESENTATION ( #7354, #10328 ) ;
#6903 = DIRECTION ( 'NONE',  ( 0.000000000000000000, 1.000000000000000000, 0.000000000000000000 ) ) ;
#6904 = VERTEX_POINT ( 'NONE', #8730 ) ;
#6905 = EDGE_LOOP ( 'NONE', ( #7519, #9542, #7125, #2622, #422 ) ) ;
#6906 = AXIS2_PLACEMENT_3D ( 'NONE', #5988, #9327, #1013 ) ;
#6907 = VECTOR ( 'NONE', #1936, 1000.000000000000000 ) ;
#6908 = AXIS2_PLACEMENT_3D ( 'NONE', #1195, #4540, #7862 ) ;
#6909 = VECTOR ( 'NONE', #9178, 1000.000000000000000 ) ;
#6910 = DIRECTION ( 'NONE',  ( 1.000000000000000000, 1.734723475976806848E-16, 0.000000000000000000 ) ) ;
#6911 = AXIS2_PLACEMENT_3D ( 'NONE', #2522, #5878, #7555 ) ;
#6912 = CIRCLE ( 'NONE', #794, 2.249999999999998668 ) ;
#6913 = FACE_OUTER_BOUND ( 'NONE', #2106, .T. ) ;
#6914 = DIRECTION ( 'NONE',  ( -0.000000000000000000, -1.000000000000000000, -0.000000000000000000 ) ) ;
#6915 = LINE ( 'NONE', #8670, #7605 ) ;
#6916 = VERTEX_POINT ( 'NONE', #6478 ) ;
#6917 = CARTESIAN_POINT ( 'NONE',  ( -4.097115568576274569, 69.25990793841650373, -2.190733923464003308 ) ) ;
#6918 =( NAMED_UNIT ( * ) SI_UNIT ( $, .STERADIAN. ) SOLID_ANGLE_UNIT ( ) );
#6919 = ORIENTED_EDGE ( 'NONE', *, *, #6387, .T. ) ;
#6920 = VERTEX_POINT ( 'NONE', #2309 ) ;
#6921 = ADVANCED_FACE ( 'NONE', ( #2263, #9719 ), #6374, .F. ) ;
#6922 = DIRECTION ( 'NONE',  ( -0.000000000000000000, -0.000000000000000000, -1.000000000000000000 ) ) ;
#6923 = DIRECTION ( 'NONE',  ( -0.000000000000000000, -0.000000000000000000, -1.000000000000000000 ) ) ;
#6924 = VECTOR ( 'NONE', #750, 1000.000000000000114 ) ;
#6925 = VECTOR ( 'NONE', #8059, 1000.000000000000000 ) ;
#6926 = AXIS2_PLACEMENT_3D ( 'NONE', #8536, #143, #7752 ) ;
#6927 = CARTESIAN_POINT ( 'NONE',  ( 58.67999999999999972, 5.000000000000000000, 2.250000000000002220 ) ) ;
#6928 = FACE_OUTER_BOUND ( 'NONE', #3256, .T. ) ;
#6929 = DIRECTION ( 'NONE',  ( -1.000000000000000000, 0.000000000000000000, 0.000000000000000000 ) ) ;
#6930 = ORIENTED_EDGE ( 'NONE', *, *, #3064, .F. ) ;
#6931 = AXIS2_PLACEMENT_3D ( 'NONE', #5426, #5378, #3789 ) ;
#6932 = DIRECTION ( 'NONE',  ( -5.204170427930420297E-16, 1.000000000000000000, -4.629113068246459294E-32 ) ) ;
#6934 = CIRCLE ( 'NONE', #7450, 2.249999999999998668 ) ;
#6933 = CARTESIAN_POINT ( 'NONE',  ( -23.68655752103955692, 34.67986544671986593, -120.2803298308827920 ) ) ;
#6935 =( LENGTH_UNIT ( ) NAMED_UNIT ( * ) SI_UNIT ( .MILLI., .METRE. ) );
#6936 = DIRECTION ( 'NONE',  ( -0.000000000000000000, 1.000000000000000000, -0.000000000000000000 ) ) ;
#6937 = DIRECTION ( 'NONE',  ( -0.000000000000000000, -1.000000000000000000, -0.000000000000000000 ) ) ;
#6938 = ORIENTED_EDGE ( 'NONE', *, *, #5419, .T. ) ;
#6939 = AXIS2_PLACEMENT_3D ( 'NONE', #9883, #729, #10107 ) ;
#6940 = COLOUR_RGB ( '',0.7921568627450980005, 0.8196078431372548767, 0.9333333333333333481 ) ;
#6941 = ADVANCED_FACE ( 'NONE', ( #2939 ), #8939, .F. ) ;
#6942 = CARTESIAN_POINT ( 'NONE',  ( -26.24777966571251753, -61.24777966571249976, 0.9999999999999991118 ) ) ;
#6943 = DIRECTION ( 'NONE',  ( 0.000000000000000000, 1.000000000000000000, 0.000000000000000000 ) ) ;
#6944 = FACE_OUTER_BOUND ( 'NONE', #9075, .T. ) ;
#6945 = AXIS2_PLACEMENT_3D ( 'NONE', #2779, #293, #6985 ) ;
#6946 = PLANE ( 'NONE',  #2890 ) ;
#6947 = ORIENTED_EDGE ( 'NONE', *, *, #2839, .T. ) ;
#6948 = CARTESIAN_POINT ( 'NONE',  ( 4.999999999999999112, 70.90000000000000568, 25.50000000000000000 ) ) ;
#6949 = ORIENTED_EDGE ( 'NONE', *, *, #6802, .F. ) ;
#6950 = ORIENTED_EDGE ( 'NONE', *, *, #9442, .T. ) ;
#6951 = VECTOR ( 'NONE', #6638, 1000.000000000000000 ) ;
#6952 = CARTESIAN_POINT ( 'NONE',  ( 35.00000000000000000, 5.500000000000011546, 10.00000000000000000 ) ) ;
#6953 = ADVANCED_FACE ( 'NONE', ( #1283, #4133 ), #1501, .F. ) ;
#6954 = VERTEX_POINT ( 'NONE', #9156 ) ;
#6955 = ORIENTED_EDGE ( 'NONE', *, *, #10037, .T. ) ;
#6956 = EDGE_CURVE ( 'NONE', #4716, #2977, #8229, .T. ) ;
#6957 = CARTESIAN_POINT ( 'NONE',  ( 8.673617379884035472E-16, 7.500000000000000000, 21.75000000000000000 ) ) ;
#6958 = EDGE_CURVE ( 'NONE', #4020, #10, #3918, .T. ) ;
#6959 = LINE ( 'NONE', #4395, #9671 ) ;
#6960 = EDGE_CURVE ( 'NONE', #7212, #9801, #409, .T. ) ;
#6961 = EDGE_CURVE ( 'NONE', #5408, #10047, #5842, .T. ) ;
#6962 =( GEOMETRIC_REPRESENTATION_CONTEXT ( 3 ) GLOBAL_UNCERTAINTY_ASSIGNED_CONTEXT ( ( #4781 ) ) GLOBAL_UNIT_ASSIGNED_CONTEXT ( ( #7860, #2068, #9670 ) ) REPRESENTATION_CONTEXT ( 'NONE', 'WORKASPACE' ) );
#6963 = LINE ( 'NONE', #5219, #10232 ) ;
#6964 = DIRECTION ( 'NONE',  ( 0.000000000000000000, 0.000000000000000000, -1.000000000000000000 ) ) ;
#6965 = DIRECTION ( 'NONE',  ( 0.000000000000000000, 0.000000000000000000, 1.000000000000000000 ) ) ;
#6966 = ORIENTED_EDGE ( 'NONE', *, *, #1484, .F. ) ;
#6967 = SHAPE_DEFINITION_REPRESENTATION ( #10777, #1790 ) ;
#6968 =( NAMED_UNIT ( * ) SI_UNIT ( $, .STERADIAN. ) SOLID_ANGLE_UNIT ( ) );
#6969 = EDGE_LOOP ( 'NONE', ( #2800, #3764, #1324, #4825 ) ) ;
#6970 = EDGE_LOOP ( 'NONE', ( #5281, #226, #6267, #664 ) ) ;
#6971 = DIRECTION ( 'NONE',  ( 0.000000000000000000, 1.000000000000000000, 0.000000000000000000 ) ) ;
#6972 = CIRCLE ( 'NONE', #308, 2.250000000000001776 ) ;
#6973 = VECTOR ( 'NONE', #8580, 1000.000000000000000 ) ;
#6974 = EDGE_CURVE ( 'NONE', #9774, #6337, #893, .T. ) ;
#6975 = CARTESIAN_POINT ( 'NONE',  ( 0.000000000000000000, 0.000000000000000000, 20.00000000000000000 ) ) ;
#6976 = PLANE ( 'NONE',  #7469 ) ;
#6977 = FACE_OUTER_BOUND ( 'NONE', #10341, .T. ) ;
#6978 = ORIENTED_EDGE ( 'NONE', *, *, #8690, .F. ) ;
#6979 = DIRECTION ( 'NONE',  ( -1.000000000000000000, 0.000000000000000000, -1.700709290173340409E-17 ) ) ;
#6980 = VECTOR ( 'NONE', #5341, 1000.000000000000000 ) ;
#6981 = EDGE_CURVE ( 'NONE', #7841, #5128, #9989, .T. ) ;
#6982 = VERTEX_POINT ( 'NONE', #5829 ) ;
#6983 = ORIENTED_EDGE ( 'NONE', *, *, #2633, .T. ) ;
#6984 = CARTESIAN_POINT ( 'NONE',  ( -23.68655752103997258, 74.67986544671987303, -42.59593772390965682 ) ) ;
#6985 = DIRECTION ( 'NONE',  ( 0.000000000000000000, 0.000000000000000000, -1.000000000000000000 ) ) ;
#6986 = ADVANCED_FACE ( 'NONE', ( #9941 ), #1608, .F. ) ;
#6987 = LINE ( 'NONE', #5183, #2336 ) ;
#6988 = CARTESIAN_POINT ( 'NONE',  ( 5.000000000000000000, 3.851859888774471706E-33, 1.000000000000000000 ) ) ;
#6989 = VERTEX_POINT ( 'NONE', #8183 ) ;
#6990 = DIRECTION ( 'NONE',  ( -0.000000000000000000, -1.000000000000000000, -0.000000000000000000 ) ) ;
#6991 = DIRECTION ( 'NONE',  ( -0.000000000000000000, -0.000000000000000000, 1.000000000000000000 ) ) ;
#6992 = CARTESIAN_POINT ( 'NONE',  ( 0.000000000000000000, 5.000000000000000000, 0.000000000000000000 ) ) ;
#6993 = CARTESIAN_POINT ( 'NONE',  ( -14.99999999999999822, 5.500000000000005329, 0.000000000000000000 ) ) ;
#6994 = DIRECTION ( 'NONE',  ( -0.000000000000000000, -1.000000000000000000, -0.000000000000000000 ) ) ;
#6995 = ORIENTED_EDGE ( 'NONE', *, *, #1661, .T. ) ;
#6996 = EDGE_CURVE ( 'NONE', #7560, #7884, #3919, .T. ) ;
#6997 = CYLINDRICAL_SURFACE ( 'NONE', #781, 2.249999999999998668 ) ;
#6998 = CARTESIAN_POINT ( 'NONE',  ( -27.09561478503026777, 18.00000000000000000, -1.869903166054074140 ) ) ;
#6999 = DIRECTION ( 'NONE',  ( -1.846235724462872282E-15, -1.623211227490741513E-15, 1.000000000000000000 ) ) ;
#7000 = DIRECTION ( 'NONE',  ( 0.000000000000000000, 0.000000000000000000, 1.000000000000000000 ) ) ;
#7001 = ORIENTED_EDGE ( 'NONE', *, *, #5112, .F. ) ;
#7002 = CARTESIAN_POINT ( 'NONE',  ( -4.000000000000000000, 70.90000000000000568, 6.802837160693362871E-17 ) ) ;
#7003 = EDGE_LOOP ( 'NONE', ( #2079, #10021, #5465, #5586, #2194, #2397, #5241, #6355, #8983, #8625 ) ) ;
#7004 = EDGE_LOOP ( 'NONE', ( #9002, #4844, #3462, #3746 ) ) ;
#7005 = LINE ( 'NONE', #10297, #5745 ) ;
#7006 = ORIENTED_EDGE ( 'NONE', *, *, #6248, .F. ) ;
#7007 = ORIENTED_EDGE ( 'NONE', *, *, #2883, .F. ) ;
#7008 = FACE_OUTER_BOUND ( 'NONE', #3203, .T. ) ;
#7009 = CARTESIAN_POINT ( 'NONE',  ( 30.31344247896044664, 34.67986544671986593, -28.54374205374393725 ) ) ;
#7010 = ADVANCED_FACE ( 'NONE', ( #9878 ), #10039, .F. ) ;
#7011 = FACE_OUTER_BOUND ( 'NONE', #1262, .T. ) ;
#7012 = CARTESIAN_POINT ( 'NONE',  ( -26.24777966571251753, -61.24777966571249976, -11.00000000000000000 ) ) ;
#7013 = CARTESIAN_POINT ( 'NONE',  ( -20.98969858723280879, 18.00000000000000000, -5.229422174922485844 ) ) ;
#7014 = ORIENTED_EDGE ( 'NONE', *, *, #8789, .F. ) ;
#7015 = APPLICATION_PROTOCOL_DEFINITION ( 'draft international standard', 'automotive_design', 1998, #1826 ) ;
#7016 =( LENGTH_UNIT ( ) NAMED_UNIT ( * ) SI_UNIT ( .MILLI., .METRE. ) );
#7017 = VERTEX_POINT ( 'NONE', #7 ) ;
#7018 = ORIENTED_EDGE ( 'NONE', *, *, #597, .T. ) ;
#7019 = EDGE_CURVE ( 'NONE', #4952, #9525, #7760, .T. ) ;
#7020 = LINE ( 'NONE', #946, #5670 ) ;
#7021 = DIRECTION ( 'NONE',  ( -1.000000000000000000, -0.000000000000000000, 3.231206387738610909E-17 ) ) ;
#7022 = FACE_OUTER_BOUND ( 'NONE', #4655, .T. ) ;
#7023 = ORIENTED_EDGE ( 'NONE', *, *, #8728, .F. ) ;
#7024 = DIRECTION ( 'NONE',  ( 1.700709290173340409E-17, -0.000000000000000000, 1.000000000000000000 ) ) ;
#7025 =( NAMED_UNIT ( * ) SI_UNIT ( $, .STERADIAN. ) SOLID_ANGLE_UNIT ( ) );
#7026 = VERTEX_POINT ( 'NONE', #779 ) ;
#7027 = VERTEX_POINT ( 'NONE', #7462 ) ;
#7028 = CARTESIAN_POINT ( 'NONE',  ( 0.000000000000000000, 0.000000000000000000, 0.000000000000000000 ) ) ;
#7029 = EDGE_CURVE ( 'NONE', #2785, #1603, #10212, .T. ) ;
#7030 =( BOUNDED_CURVE ( )  B_SPLINE_CURVE ( 3, ( #10300, #9533, #8550, #1050 ),
 .UNSPECIFIED., .F., .F. ) 
 B_SPLINE_CURVE_WITH_KNOTS ( ( 4, 4 ),
 ( 0.000000000000000000, 1.570796326794896558 ),
 .UNSPECIFIED. ) 
 CURVE ( )  GEOMETRIC_REPRESENTATION_ITEM ( )  RATIONAL_B_SPLINE_CURVE ( ( 1.000000000000000000, 0.8047378541243649375, 0.8047378541243649375, 1.000000000000000000 ) ) 
 REPRESENTATION_ITEM ( '' )  );
#7031 = CYLINDRICAL_SURFACE ( 'NONE', #559, 9.999999999999994671 ) ;
#7032 = DIRECTION ( 'NONE',  ( 0.000000000000000000, 1.000000000000000000, 0.000000000000000000 ) ) ;
#7033 = DIRECTION ( 'NONE',  ( -0.000000000000000000, -0.000000000000000000, 1.000000000000000000 ) ) ;
#7034 = ORIENTED_EDGE ( 'NONE', *, *, #548, .F. ) ;
#7035 = DIRECTION ( 'NONE',  ( 0.000000000000000000, 1.000000000000000000, 0.000000000000000000 ) ) ;
#7036 = CARTESIAN_POINT ( 'NONE',  ( -30.54774002826776425, 18.00000000000000000, 10.71815755839265094 ) ) ;
#7037 = CYLINDRICAL_SURFACE ( 'NONE', #5926, 10.00000000000000000 ) ;
#7038 = VECTOR ( 'NONE', #3971, 1000.000000000000000 ) ;
#7039 = DIRECTION ( 'NONE',  ( -1.000000000000000000, 0.000000000000000000, 1.734723475976807094E-17 ) ) ;
#7040 = EDGE_LOOP ( 'NONE', ( #3600, #7079, #277, #5834 ) ) ;
#7041 = EDGE_LOOP ( 'NONE', ( #6569, #8674 ) ) ;
#7042 = DIRECTION ( 'NONE',  ( -1.000000000000000000, 0.000000000000000000, 0.000000000000000000 ) ) ;
#7043 = CIRCLE ( 'NONE', #4611, 2.250000000000000444 ) ;
#7044 = DIRECTION ( 'NONE',  ( -1.700709290173340409E-17, 0.000000000000000000, 1.000000000000000000 ) ) ;
#7045 = CARTESIAN_POINT ( 'NONE',  ( 15.34277666215089475, -9.499999999999994671, -2.499999999999998668 ) ) ;
#7046 = VERTEX_POINT ( 'NONE', #10693 ) ;
#7047 = CYLINDRICAL_SURFACE ( 'NONE', #7297, 2.250000000000000000 ) ;
#7048 = EDGE_LOOP ( 'NONE', ( #8114, #7680, #9583, #581 ) ) ;
#7049 = VERTEX_POINT ( 'NONE', #2371 ) ;
#7050 = PLANE ( 'NONE',  #1372 ) ;
#7051 = ORIENTED_EDGE ( 'NONE', *, *, #10352, .T. ) ;
#7052 = ORIENTED_EDGE ( 'NONE', *, *, #3816, .F. ) ;
#7053 = EDGE_CURVE ( 'NONE', #287, #6243, #9691, .T. ) ;
#7054 = VECTOR ( 'NONE', #2497, 1000.000000000000000 ) ;
#7055 = LINE ( 'NONE', #10396, #6747 ) ;
#7056 = CARTESIAN_POINT ( 'NONE',  ( 0.000000000000000000, 0.000000000000000000, 0.000000000000000000 ) ) ;
#7057 = CIRCLE ( 'NONE', #3047, 9.999999999999994671 ) ;
#7058 = CIRCLE ( 'NONE', #7931, 9.999999999999994671 ) ;
#7059 = FACE_OUTER_BOUND ( 'NONE', #10137, .T. ) ;
#7060 = CARTESIAN_POINT ( 'NONE',  ( 64.99999999999980105, 95.00000000000000000, -120.2793298308828014 ) ) ;
#7061 = FACE_OUTER_BOUND ( 'NONE', #5174, .T. ) ;
#7062 = EDGE_LOOP ( 'NONE', ( #6377, #7391 ) ) ;
#7063 = ITEM_DEFINED_TRANSFORMATION ( 'NONE', 'NONE', #2226,  #9029 ) ;
#7064 =( REPRESENTATION_RELATIONSHIP ('NONE','NONE', #1790, #9208 ) REPRESENTATION_RELATIONSHIP_WITH_TRANSFORMATION ( #707 )SHAPE_REPRESENTATION_RELATIONSHIP( ) );
#7065 = CARTESIAN_POINT ( 'NONE',  ( 25.00000000000000000, -9.499999999999992895, 4.592425496802575944E-16 ) ) ;
#7066 = VERTEX_POINT ( 'NONE', #724 ) ;
#7067 = ORIENTED_EDGE ( 'NONE', *, *, #8443, .F. ) ;
#7068 = CIRCLE ( 'NONE', #9348, 3.250000000000000444 ) ;
#7069 = CIRCLE ( 'NONE', #773, 2.249999999999999112 ) ;
#7070 = ADVANCED_FACE ( 'NONE', ( #1558 ), #844, .F. ) ;
#7071 = VECTOR ( 'NONE', #7795, 1000.000000000000000 ) ;
#7072 = CARTESIAN_POINT ( 'NONE',  ( 9.999999999999991118, 18.00000000000000000, -99.99999999999906208 ) ) ;
#7073 = LINE ( 'NONE', #6309, #6250 ) ;
#7074 = VECTOR ( 'NONE', #10767, 1000.000000000000000 ) ;
#7075 = CARTESIAN_POINT ( 'NONE',  ( -4.999999999999999112, 63.40000000000001279, 23.99999999999999645 ) ) ;
#7076 = ORIENTED_EDGE ( 'NONE', *, *, #7404, .T. ) ;
#7077 = CARTESIAN_POINT ( 'NONE',  ( 25.00000000000000000, 0.000000000000000000, 10.00000000000000000 ) ) ;
#7078 = AXIS2_PLACEMENT_3D ( 'NONE', #7583, #2667, #10822 ) ;
#7079 = ORIENTED_EDGE ( 'NONE', *, *, #1207, .T. ) ;
#7080 = ORIENTED_EDGE ( 'NONE', *, *, #5815, .F. ) ;
#7081 = DIRECTION ( 'NONE',  ( 1.934429153077334356E-32, -2.230244969721269233E-16, -1.000000000000000000 ) ) ;
#7082 = EDGE_CURVE ( 'NONE', #7027, #8449, #3419, .T. ) ;
#7083 = VECTOR ( 'NONE', #5550, 1000.000000000000000 ) ;
#7084 = VECTOR ( 'NONE', #8206, 1000.000000000000000 ) ;
#7085 = VECTOR ( 'NONE', #5293, 1000.000000000000000 ) ;
#7086 = CARTESIAN_POINT ( 'NONE',  ( -10.00000000000000355, 12.50000000000000000, -2.919778432960205451E-15 ) ) ;
#7087 = LINE ( 'NONE', #10528, #760 ) ;
#7088 = CARTESIAN_POINT ( 'NONE',  ( -27.68655752103997258, 74.67986544671987303, -28.54374205374393725 ) ) ;
#7089 = ADVANCED_FACE ( 'NONE', ( #5657 ), #4899, .F. ) ;
#7090 = EDGE_LOOP ( 'NONE', ( #6228, #2096, #8044, #7134, #6449, #9361, #1816, #7316, #4141, #9920, #2145, #2820, #8925, #9933, #600 ) ) ;
#7091 = CYLINDRICAL_SURFACE ( 'NONE', #5167, 2.249999999999998668 ) ;
#7092 = EDGE_CURVE ( 'NONE', #7919, #4987, #233, .T. ) ;
#7093 = DIRECTION ( 'NONE',  ( 1.000000000000000000, 0.000000000000000000, 0.000000000000000000 ) ) ;
#7094 = AXIS2_PLACEMENT_3D ( 'NONE', #480, #6639, #6743 ) ;
#7095 = CARTESIAN_POINT ( 'NONE',  ( 25.00000000000000000, 0.000000000000000000, 0.000000000000000000 ) ) ;
#7096 = AXIS2_PLACEMENT_3D ( 'NONE', #5371, #6085, #8597 ) ;
#7097 = CARTESIAN_POINT ( 'NONE',  ( -9.999999999999994671, -45.00000000000000000, -11.00000000000000000 ) ) ;
#7098 = CARTESIAN_POINT ( 'NONE',  ( 25.00000000000000000, 9.000000000000000000, 0.000000000000000000 ) ) ;
#7099 = ORIENTED_EDGE ( 'NONE', *, *, #8311, .T. ) ;
#7100 = CIRCLE ( 'NONE', #799, 10.00000000000000178 ) ;
#7101 = CARTESIAN_POINT ( 'NONE',  ( 0.000000000000000000, 0.000000000000000000, 0.000000000000000000 ) ) ;
#7102 = VECTOR ( 'NONE', #8921, 1000.000000000000000 ) ;
#7103 = CIRCLE ( 'NONE', #5189, 2.500000000000000000 ) ;
#7104 = FACE_OUTER_BOUND ( 'NONE', #3895, .T. ) ;
#7105 = FACE_BOUND ( 'NONE', #6875, .T. ) ;
#7106 = DIRECTION ( 'NONE',  ( 3.469446951953613696E-16, -0.000000000000000000, -1.000000000000000000 ) ) ;
#7107 = ORIENTED_EDGE ( 'NONE', *, *, #6124, .F. ) ;
#7108 = CARTESIAN_POINT ( 'NONE',  ( -16.16773349595811737, 18.00000000000000000, -3.907055864655816890 ) ) ;
#7109 = VERTEX_POINT ( 'NONE', #9444 ) ;
#7110 = ORIENTED_EDGE ( 'NONE', *, *, #5023, .F. ) ;
#7111 = DIRECTION ( 'NONE',  ( 0.000000000000000000, 1.000000000000000000, -0.000000000000000000 ) ) ;
#7112 = ORIENTED_EDGE ( 'NONE', *, *, #10024, .F. ) ;
#7113 = ORIENTED_EDGE ( 'NONE', *, *, #323, .T. ) ;
#7114 = ADVANCED_FACE ( 'NONE', ( #1938 ), #5278, .T. ) ;
#7115 = AXIS2_PLACEMENT_3D ( 'NONE', #10782, #8209, #9081 ) ;
#7116 = EDGE_CURVE ( 'NONE', #4716, #10135, #8610, .T. ) ;
#7117 = CARTESIAN_POINT ( 'NONE',  ( -48.89087296526016502, -98.03300858899102366, 15.00000000000001421 ) ) ;
#7118 = CIRCLE ( 'NONE', #9403, 2.999999999999999112 ) ;
#7119 = CARTESIAN_POINT ( 'NONE',  ( 15.00000000000000178, -5.499999999999994671, 0.000000000000000000 ) ) ;
#7120 = DIRECTION ( 'NONE',  ( -1.000000000000000000, 0.000000000000000000, -1.734723475976806700E-15 ) ) ;
#7121 = LINE ( 'NONE', #7883, #4121 ) ;
#7122 = EDGE_LOOP ( 'NONE', ( #7001, #3640 ) ) ;
#7123 = ITEM_DEFINED_TRANSFORMATION ( 'NONE', 'NONE', #7466,  #9029 ) ;
#7124 = CARTESIAN_POINT ( 'NONE',  ( 14.99999999999999822, 12.50000000000000000, 20.00000000000000000 ) ) ;
#7125 = ORIENTED_EDGE ( 'NONE', *, *, #4515, .T. ) ;
#7126 = ORIENTED_EDGE ( 'NONE', *, *, #5967, .T. ) ;
#7127 = ADVANCED_FACE ( 'NONE', ( #6379 ), #8899, .T. ) ;
#7128 = CIRCLE ( 'NONE', #95, 10.00000000000000178 ) ;
#7129 = ADVANCED_FACE ( 'NONE', ( #3644 ), #7728, .F. ) ;
#7130 = AXIS2_PLACEMENT_3D ( 'NONE', #240, #10281, #6716 ) ;
#7131 = DIRECTION ( 'NONE',  ( 0.000000000000000000, 0.000000000000000000, 1.000000000000000000 ) ) ;
#7132 =( LENGTH_UNIT ( ) NAMED_UNIT ( * ) SI_UNIT ( .MILLI., .METRE. ) );
#7133 = FACE_OUTER_BOUND ( 'NONE', #4831, .T. ) ;
#7134 = ORIENTED_EDGE ( 'NONE', *, *, #9747, .T. ) ;
#7135 = DIRECTION ( 'NONE',  ( -0.000000000000000000, -0.000000000000000000, 1.000000000000000000 ) ) ;
#7136 = ORIENTED_EDGE ( 'NONE', *, *, #4627, .F. ) ;
#7137 = EDGE_LOOP ( 'NONE', ( #4207, #501, #7343, #8353 ) ) ;
#7138 = VECTOR ( 'NONE', #8129, 1000.000000000000000 ) ;
#7139 = CARTESIAN_POINT ( 'NONE',  ( -3.112096007971022704, 2.862710920491677857, -2.500000000000000000 ) ) ;
#7140 = AXIS2_PLACEMENT_3D ( 'NONE', #3512, #5308, #3678 ) ;
#7141 = DIRECTION ( 'NONE',  ( -1.000000000000000000, -1.734723475976807094E-16, 0.000000000000000000 ) ) ;
#7142 = DIRECTION ( 'NONE',  ( -0.000000000000000000, -1.000000000000000000, -0.000000000000000000 ) ) ;
#7143 = ADVANCED_FACE ( 'NONE', ( #6913 ), #9492, .T. ) ;
#7144 = CARTESIAN_POINT ( 'NONE',  ( -20.98969858723280879, 18.00000000000000000, -5.229422174922485844 ) ) ;
#7145 = EDGE_CURVE ( 'NONE', #6362, #9743, #7020, .T. ) ;
#7146 = VERTEX_POINT ( 'NONE', #219 ) ;
#7147 = DIRECTION ( 'NONE',  ( 0.8660254037844380415, 0.000000000000000000, 0.5000000000000008882 ) ) ;
#7148 = CARTESIAN_POINT ( 'NONE',  ( 4.332851387010890676, 0.000000000000000000, -95.04470861319066444 ) ) ;
#7149 = FACE_OUTER_BOUND ( 'NONE', #10018, .T. ) ;
#7150 = CYLINDRICAL_SURFACE ( 'NONE', #4706, 2.249999999999998668 ) ;
#7151 = LINE ( 'NONE', #8787, #6364 ) ;
#7152 = ORIENTED_EDGE ( 'NONE', *, *, #7191, .F. ) ;
#7153 = EDGE_CURVE ( 'NONE', #3732, #9674, #2001, .T. ) ;
#7154 = ADVANCED_FACE ( 'NONE', ( #5986 ), #3529, .F. ) ;
#7155 = CARTESIAN_POINT ( 'NONE',  ( 15.43487596114133176, -11.25735931288071612, 25.50000000000000000 ) ) ;
#7156 = PLANE ( 'NONE',  #3034 ) ;
#7157 = CARTESIAN_POINT ( 'NONE',  ( -2.500000000000000000, 1.500000000000001332, -2.551063935260010614E-17 ) ) ;
#7158 = CARTESIAN_POINT ( 'NONE',  ( -53.68655752103997258, 0.000000000000000000, -28.54374205374393725 ) ) ;
#7159 = ORIENTED_EDGE ( 'NONE', *, *, #5527, .T. ) ;
#7160 = CARTESIAN_POINT ( 'NONE',  ( -63.94170910735130775, 0.000000000000000000, -99.05349224005493625 ) ) ;
#7161 = ORIENTED_EDGE ( 'NONE', *, *, #3227, .T. ) ;
#7162 = ORIENTED_EDGE ( 'NONE', *, *, #8534, .F. ) ;
#7163 = CARTESIAN_POINT ( 'NONE',  ( 8.964466094067258695, 0.000000000000000000, -49.99999999999955236 ) ) ;
#7164 = ORIENTED_EDGE ( 'NONE', *, *, #10085, .F. ) ;
#7165 = ORIENTED_EDGE ( 'NONE', *, *, #7082, .F. ) ;
#7166 = DIRECTION ( 'NONE',  ( -0.8425558180458874169, 0.000000000000000000, 0.5386090358293531555 ) ) ;
#7167 = ADVANCED_FACE ( 'NONE', ( #281, #7683 ), #113, .T. ) ;
#7168 = CARTESIAN_POINT ( 'NONE',  ( -2.499999999999999556, 70.90000000000000568, 25.50000000000000000 ) ) ;
#7169 = PRESENTATION_STYLE_ASSIGNMENT (( #9796 ) ) ;
#7170 = ADVANCED_FACE ( 'NONE', ( #10313 ), #7629, .F. ) ;
#7171 = CARTESIAN_POINT ( 'NONE',  ( 9.999999999999992895, 10.00000000000000000, 5.000000000000000000 ) ) ;
#7172 = CARTESIAN_POINT ( 'NONE',  ( 10.00000000000000000, -15.00000000000000355, -11.00000000000000000 ) ) ;
#7173 = ORIENTED_EDGE ( 'NONE', *, *, #4677, .T. ) ;
#7174 = CYLINDRICAL_SURFACE ( 'NONE', #8874, 7.500000000000000000 ) ;
#7175 = ORIENTED_EDGE ( 'NONE', *, *, #7717, .F. ) ;
#7176 = ORIENTED_EDGE ( 'NONE', *, *, #1583, .T. ) ;
#7177 = EDGE_CURVE ( 'NONE', #9521, #2803, #5113, .T. ) ;
#7178 = DIRECTION ( 'NONE',  ( 1.000000000000000000, 0.000000000000000000, 0.000000000000000000 ) ) ;
#7179 = FACE_OUTER_BOUND ( 'NONE', #2658, .T. ) ;
#7180 = CARTESIAN_POINT ( 'NONE',  ( 0.000000000000000000, 9.000000000000000000, 0.000000000000000000 ) ) ;
#7181 = ORIENTED_EDGE ( 'NONE', *, *, #7188, .T. ) ;
#7182 = CARTESIAN_POINT ( 'NONE',  ( 0.000000000000000000, 0.000000000000000000, -2.749999999999999556 ) ) ;
#7183 =( LENGTH_UNIT ( ) NAMED_UNIT ( * ) SI_UNIT ( .MILLI., .METRE. ) );
#7184 = PRODUCT_DEFINITION_CONTEXT ( 'detailed design', #9662, 'design' ) ;
#7185 = VERTEX_POINT ( 'NONE', #5327 ) ;
#7186 = ORIENTED_EDGE ( 'NONE', *, *, #5267, .F. ) ;
#7187 = DIRECTION ( 'NONE',  ( -1.000000000000000000, -0.000000000000000000, 1.734723475976807094E-17 ) ) ;
#7188 = EDGE_CURVE ( 'NONE', #1586, #7875, #8668, .T. ) ;
#7189 = FACE_BOUND ( 'NONE', #7041, .T. ) ;
#7190 = CARTESIAN_POINT ( 'NONE',  ( -39.00443338159792006, 95.00200000000000955, -42.59593772390965682 ) ) ;
#7191 = EDGE_CURVE ( 'NONE', #3836, #5306, #3480, .T. ) ;
#7192 = CARTESIAN_POINT ( 'NONE',  ( -64.46620431643836469, 0.000000000000000000, -110.1405347760015161 ) ) ;
#7193 = ORIENTED_EDGE ( 'NONE', *, *, #6042, .F. ) ;
#7194 = FACE_BOUND ( 'NONE', #307, .T. ) ;
#7195 = CARTESIAN_POINT ( 'NONE',  ( 0.000000000000000000, 5.000000000000000000, -2.250000000000000000 ) ) ;
#7196 = LINE ( 'NONE', #2946, #5049 ) ;
#7197 = DIRECTION ( 'NONE',  ( 0.000000000000000000, 1.000000000000000000, -0.000000000000000000 ) ) ;
#7198 = DIRECTION ( 'NONE',  ( 0.000000000000000000, 1.000000000000000000, 0.000000000000000000 ) ) ;
#7199 = ORIENTED_EDGE ( 'NONE', *, *, #5155, .F. ) ;
#7200 = PRODUCT_RELATED_PRODUCT_CATEGORY ( 'part', '', ( #7537 ) ) ;
#7201 = DIRECTION ( 'NONE',  ( -0.000000000000000000, -1.000000000000000000, -0.000000000000000000 ) ) ;
#7202 = APPLICATION_CONTEXT ( 'automotive_design' ) ;
#7203 = CARTESIAN_POINT ( 'NONE',  ( 25.00000000000000000, 0.000000000000000000, 10.00000000000000178 ) ) ;
#7204 = DIRECTION ( 'NONE',  ( 0.000000000000000000, 1.000000000000000000, 0.000000000000000000 ) ) ;
#7205 = CARTESIAN_POINT ( 'NONE',  ( 8.572527594031469245E-16, 85.00000000000000000, -103.2793298308826877 ) ) ;
#7206 = ORIENTED_EDGE ( 'NONE', *, *, #3080, .T. ) ;
#7207 = VECTOR ( 'NONE', #9875, 1000.000000000000000 ) ;
#7208 = DIRECTION ( 'NONE',  ( 0.5521351308716254680, -0.000000000000000000, 0.8337546385222531775 ) ) ;
#7209 = ORIENTED_EDGE ( 'NONE', *, *, #3553, .T. ) ;
#7210 = EDGE_CURVE ( 'NONE', #9588, #8426, #5498, .T. ) ;
#7211 = LINE ( 'NONE', #6448, #5754 ) ;
#7212 = VERTEX_POINT ( 'NONE', #9278 ) ;
#7213 = EDGE_LOOP ( 'NONE', ( #10294, #584, #7665, #1982 ) ) ;
#7214 = CARTESIAN_POINT ( 'NONE',  ( -12.92893218813452982, -47.92893218813452449, 6.532236279241735951E-16 ) ) ;
#7215 = PRESENTATION_LAYER_ASSIGNMENT (  '', '', ( #6344 ) ) ;
#7216 = DIRECTION ( 'NONE',  ( 0.000000000000000000, 0.000000000000000000, 1.000000000000000000 ) ) ;
#7217 = CARTESIAN_POINT ( 'NONE',  ( 4.999999999999999112, 0.000000000000000000, 25.50000000000000000 ) ) ;
#7218 = CARTESIAN_POINT ( 'NONE',  ( -75.00000000000001421, 150.0000000000000000, -75.00000000000000000 ) ) ;
#7219 = DIRECTION ( 'NONE',  ( 0.000000000000000000, -0.000000000000000000, 1.000000000000000000 ) ) ;
#7220 = ADVANCED_FACE ( 'NONE', ( #1772, #6856 ), #10200, .F. ) ;
#7221 = ORIENTED_EDGE ( 'NONE', *, *, #5936, .T. ) ;
#7222 = EDGE_CURVE ( 'NONE', #3214, #10482, #957, .T. ) ;
#7223 = CIRCLE ( 'NONE', #6705, 3.000000000000000000 ) ;
#7224 = CARTESIAN_POINT ( 'NONE',  ( -10.00000000000000355, 9.999999999999998224, 0.000000000000000000 ) ) ;
#7225 = ORIENTED_EDGE ( 'NONE', *, *, #9299, .F. ) ;
#7226 = ORIENTED_EDGE ( 'NONE', *, *, #3205, .T. ) ;
#7227 = CIRCLE ( 'NONE', #3914, 2.250000000000001776 ) ;
#7228 = DIRECTION ( 'NONE',  ( -1.000000000000000000, -1.387778780781445478E-15, 3.469446951953613696E-16 ) ) ;
#7229 = LINE ( 'NONE', #1331, #2934 ) ;
#7230 = CARTESIAN_POINT ( 'NONE',  ( 0.000000000000000000, 39.00000000000000000, 0.000000000000000000 ) ) ;
#7231 = VERTEX_POINT ( 'NONE', #3026 ) ;
#7232 = DIRECTION ( 'NONE',  ( -1.000000000000000000, 0.000000000000000000, 1.040834085586094610E-16 ) ) ;
#7233 =( NAMED_UNIT ( * ) PLANE_ANGLE_UNIT ( ) SI_UNIT ( $, .RADIAN. ) );
#7234 = ORIENTED_EDGE ( 'NONE', *, *, #1937, .F. ) ;
#7235 = EDGE_LOOP ( 'NONE', ( #3303, #1047, #10810, #10392 ) ) ;
#7236 = VECTOR ( 'NONE', #5667, 1000.000000000000114 ) ;
#7237 = AXIS2_PLACEMENT_3D ( 'NONE', #3520, #5934, #1763 ) ;
#7238 = CYLINDRICAL_SURFACE ( 'NONE', #1490, 10.00000000000000000 ) ;
#7239 = CIRCLE ( 'NONE', #10563, 2.999999999999999112 ) ;
#7240 = DIRECTION ( 'NONE',  ( 1.000000000000000000, 0.000000000000000000, 0.000000000000000000 ) ) ;
#7241 = AXIS2_PLACEMENT_3D ( 'NONE', #8493, #3632, #103 ) ;
#7242 = CARTESIAN_POINT ( 'NONE',  ( -14.90117512409817735, -78.18544637156001897, -4.763511508049224297 ) ) ;
#7243 = CYLINDRICAL_SURFACE ( 'NONE', #2057, 2.249999999999998668 ) ;
#7244 = AXIS2_PLACEMENT_3D ( 'NONE', #7592, #3332, #4268 ) ;
#7245 = ORIENTED_EDGE ( 'NONE', *, *, #5721, .F. ) ;
#7246 = CARTESIAN_POINT ( 'NONE',  ( 94.00000000000001421, 95.00000000000000000, -104.7964619962940844 ) ) ;
#7247 = EDGE_CURVE ( 'NONE', #7535, #8603, #3962, .T. ) ;
#7248 = DIRECTION ( 'NONE',  ( -5.204170427930420297E-16, 1.000000000000000000, 0.000000000000000000 ) ) ;
#7249 = EDGE_CURVE ( 'NONE', #6356, #6852, #6201, .T. ) ;
#7250 = DIRECTION ( 'NONE',  ( 0.000000000000000000, 0.000000000000000000, -1.000000000000000000 ) ) ;
#7251 = EDGE_CURVE ( 'NONE', #4067, #9786, #2866, .T. ) ;
#7252 = PLANE ( 'NONE',  #6884 ) ;
#7253 = ORIENTED_EDGE ( 'NONE', *, *, #10003, .T. ) ;
#7254 = AXIS2_PLACEMENT_3D ( 'NONE', #2928, #3964, #8057 ) ;
#7255 = AXIS2_PLACEMENT_3D ( 'NONE', #5111, #7562, #3355 ) ;
#7256 = CLOSED_SHELL ( 'NONE', ( #2460, #5154, #6532, #9573, #2979, #1913, #5343, #10249, #6608, #5004, #4847, #150, #7995, #5264, #2951, #10517, #9977, #7010, #1750, #8396, #3868, #526, #329, #8465, #1451, #7154, #2619, #4242, #1699, #6591, #8940, #9371, #6921 ) ) ;
#7257 = VECTOR ( 'NONE', #9837, 1000.000000000000000 ) ;
#7258 = CARTESIAN_POINT ( 'NONE',  ( -2.499999999999999556, 7.500000000000000000, 19.50000000000000000 ) ) ;
#7259 = CARTESIAN_POINT ( 'NONE',  ( 11.31261843528554500, 3.500000000000001332, 5.999999999999999112 ) ) ;
#7260 = CARTESIAN_POINT ( 'NONE',  ( -94.00000000000001421, 95.00000000000000000, -104.7964619962940702 ) ) ;
#7261 = DIRECTION ( 'NONE',  ( -1.000000000000000000, 0.000000000000000000, 0.000000000000000000 ) ) ;
#7262 = ORIENTED_EDGE ( 'NONE', *, *, #7773, .T. ) ;
#7263 = DIRECTION ( 'NONE',  ( 2.775557561562892929E-15, 0.000000000000000000, 1.000000000000000000 ) ) ;
#7264 = ORIENTED_EDGE ( 'NONE', *, *, #7765, .T. ) ;
#7265 = CARTESIAN_POINT ( 'NONE',  ( 9.999999999999992895, 0.000000000000000000, -48.54537798597819886 ) ) ;
#7266 = ORIENTED_EDGE ( 'NONE', *, *, #4569, .T. ) ;
#7267 = EDGE_LOOP ( 'NONE', ( #5537, #5850 ) ) ;
#7268 = FACE_OUTER_BOUND ( 'NONE', #10192, .T. ) ;
#7269 = ADVANCED_FACE ( 'NONE', ( #4776, #7945, #9653 ), #6358, .T. ) ;
#7270 = CIRCLE ( 'NONE', #6230, 7.000000000000006217 ) ;
#7271 = AXIS2_PLACEMENT_3D ( 'NONE', #4546, #1861, #2017 ) ;
#7272 =( REPRESENTATION_RELATIONSHIP ('NONE','NONE', #1790, #5930 ) REPRESENTATION_RELATIONSHIP_WITH_TRANSFORMATION ( #2195 )SHAPE_REPRESENTATION_RELATIONSHIP( ) );
#7273 = CARTESIAN_POINT ( 'NONE',  ( -27.25000000000000000, 9.500000000000001776, 10.00000000000000000 ) ) ;
#7274 = CARTESIAN_POINT ( 'NONE',  ( -90.00000000000000000, 85.00000000000000000, -97.86825876601857033 ) ) ;
#7276 = EDGE_CURVE ( 'NONE', #1364, #543, #5152, .T. ) ;
#7275 = CARTESIAN_POINT ( 'NONE',  ( -37.48849769918442831, -72.48849769918437858, -24.99999999999999289 ) ) ;
#7277 = CARTESIAN_POINT ( 'NONE',  ( -2.999999999999999556, 70.90000000000000568, 0.5000000000000000000 ) ) ;
#7278 = ORIENTED_EDGE ( 'NONE', *, *, #10524, .T. ) ;
#7279 = EDGE_LOOP ( 'NONE', ( #8716, #7330 ) ) ;
#7280 = AXIS2_PLACEMENT_3D ( 'NONE', #2006, #2065, #7093 ) ;
#7281 = AXIS2_PLACEMENT_3D ( 'NONE', #7917, #6176, #2077 ) ;
#7282 = CARTESIAN_POINT ( 'NONE',  ( 30.31344247896003097, 74.67986544671987303, -120.2803298308827920 ) ) ;
#7283 = ORIENTED_EDGE ( 'NONE', *, *, #6497, .F. ) ;
#7284 = ORIENTED_EDGE ( 'NONE', *, *, #3398, .F. ) ;
#7285 = ADVANCED_FACE ( 'NONE', ( #3852 ), #1330, .F. ) ;
#7286 = EDGE_CURVE ( 'NONE', #9588, #7840, #2203, .T. ) ;
#7287 = EDGE_LOOP ( 'NONE', ( #7755, #5486, #3046, #547 ) ) ;
#7288 = DIRECTION ( 'NONE',  ( -1.000000000000000000, 0.000000000000000000, 1.700709290173340409E-17 ) ) ;
#7289 = CARTESIAN_POINT ( 'NONE',  ( 35.00000000000000000, -5.499999999999991118, -1.925929944387235853E-31 ) ) ;
#7290 = CYLINDRICAL_SURFACE ( 'NONE', #5877, 2.250000000000001776 ) ;
#7291 = ORIENTED_EDGE ( 'NONE', *, *, #1946, .F. ) ;
#7292 =( LENGTH_UNIT ( ) NAMED_UNIT ( * ) SI_UNIT ( .MILLI., .METRE. ) );
#7293 = ORIENTED_EDGE ( 'NONE', *, *, #1822, .F. ) ;
#7294 = VERTEX_POINT ( 'NONE', #2252 ) ;
#7295 = AXIS2_PLACEMENT_3D ( 'NONE', #2204, #9549, #385 ) ;
#7296 = CARTESIAN_POINT ( 'NONE',  ( -2.999999999999999556, 70.90000000000000568, -2.500000000000000000 ) ) ;
#7297 = AXIS2_PLACEMENT_3D ( 'NONE', #9582, #5463, #6336 ) ;
#7298 = ADVANCED_FACE ( 'NONE', ( #2147 ), #3802, .F. ) ;
#7299 = VECTOR ( 'NONE', #3014, 1000.000000000000000 ) ;
#7300 = DIRECTION ( 'NONE',  ( -0.000000000000000000, 0.000000000000000000, -1.000000000000000000 ) ) ;
#7301 = CARTESIAN_POINT ( 'NONE',  ( 0.000000000000000000, 9.000000000000000000, -10.00000000000000888 ) ) ;
#7303 = EDGE_CURVE ( 'NONE', #4412, #1846, #7069, .T. ) ;
#7302 = PLANE ( 'NONE',  #997 ) ;
#7304 = ORIENTED_EDGE ( 'NONE', *, *, #572, .T. ) ;
#7305 = DIRECTION ( 'NONE',  ( 1.734723475976808475E-15, 1.734723475976804728E-15, -1.000000000000000000 ) ) ;
#7306 = FACE_OUTER_BOUND ( 'NONE', #10351, .T. ) ;
#7307 = CIRCLE ( 'NONE', #5231, 9.999999999999998224 ) ;
#7308 = DIRECTION ( 'NONE',  ( -1.000000000000000000, 0.000000000000000000, 0.000000000000000000 ) ) ;
#7309 = CARTESIAN_POINT ( 'NONE',  ( 15.50000000000000000, -3.996221620051282847E-15, 22.00000000000000000 ) ) ;
#7310 = DIRECTION ( 'NONE',  ( -0.000000000000000000, 1.000000000000000000, -0.000000000000000000 ) ) ;
#7311 = ORIENTED_EDGE ( 'NONE', *, *, #6209, .T. ) ;
#7312 = CARTESIAN_POINT ( 'NONE',  ( 15.34277666215089475, -9.500000000000001776, 25.50000000000000000 ) ) ;
#7313 = DIRECTION ( 'NONE',  ( -1.000000000000000000, 0.000000000000000000, 1.734723475976807094E-17 ) ) ;
#7314 = CARTESIAN_POINT ( 'NONE',  ( 64.46620431643836469, 0.000000000000000000, -110.1405347760015161 ) ) ;
#7315 = CARTESIAN_POINT ( 'NONE',  ( 0.000000000000000000, 39.00000000000000000, -7.500000000000000000 ) ) ;
#7316 = ORIENTED_EDGE ( 'NONE', *, *, #1784, .T. ) ;
#7317 = CYLINDRICAL_SURFACE ( 'NONE', #2891, 4.000000000000003553 ) ;
#7318 = DIRECTION ( 'NONE',  ( -1.700709290173340409E-17, 0.000000000000000000, 1.000000000000000000 ) ) ;
#7319 = CARTESIAN_POINT ( 'NONE',  ( 59.14441049068479117, 95.00000000000000000, -90.27932983088280139 ) ) ;
#7320 = EDGE_LOOP ( 'NONE', ( #3792, #5257, #2237, #9868 ) ) ;
#7321 = ORIENTED_EDGE ( 'NONE', *, *, #5370, .T. ) ;
#7322 = CARTESIAN_POINT ( 'NONE',  ( -19.68655752103997258, 74.67986544671987303, -120.2803298308827920 ) ) ;
#7323 = EDGE_CURVE ( 'NONE', #2881, #1868, #504, .T. ) ;
#7324 = EDGE_CURVE ( 'NONE', #5048, #2208, #6547, .T. ) ;
#7325 = DIRECTION ( 'NONE',  ( 1.734723475976806601E-16, -1.000000000000000000, 0.000000000000000000 ) ) ;
#7326 = CYLINDRICAL_SURFACE ( 'NONE', #5646, 2.250000000000000000 ) ;
#7327 = DIRECTION ( 'NONE',  ( 0.5521351308716254680, 0.000000000000000000, -0.8337546385222530665 ) ) ;
#7328 = DIRECTION ( 'NONE',  ( -0.000000000000000000, -0.000000000000000000, 1.000000000000000000 ) ) ;
#7329 = EDGE_LOOP ( 'NONE', ( #9390, #3639 ) ) ;
#7330 = ORIENTED_EDGE ( 'NONE', *, *, #9731, .T. ) ;
#7331 = DIRECTION ( 'NONE',  ( -1.000000000000000000, 0.000000000000000000, 0.000000000000000000 ) ) ;
#7332 = VERTEX_POINT ( 'NONE', #4570 ) ;
#7333 = VERTEX_POINT ( 'NONE', #7072 ) ;
#7334 = EDGE_CURVE ( 'NONE', #5720, #2943, #3058, .T. ) ;
#7335 = PRODUCT_RELATED_PRODUCT_CATEGORY ( 'part', '', ( #9022 ) ) ;
#7336 = VERTEX_POINT ( 'NONE', #10567 ) ;
#7337 = FACE_BOUND ( 'NONE', #5763, .T. ) ;
#7338 = FACE_OUTER_BOUND ( 'NONE', #9135, .T. ) ;
#7339 = CARTESIAN_POINT ( 'NONE',  ( 30.31497855141494568, 95.00000000000000000, 6.748637086761525516 ) ) ;
#7340 = VERTEX_POINT ( 'NONE', #3083 ) ;
#7341 = CARTESIAN_POINT ( 'NONE',  ( -109.1285367637634351, 19.50000000000000711, -208.9373862503342991 ) ) ;
#7342 = ORIENTED_EDGE ( 'NONE', *, *, #2132, .T. ) ;
#7343 = ORIENTED_EDGE ( 'NONE', *, *, #122, .T. ) ;
#7344 = ADVANCED_FACE ( 'NONE', ( #10412 ), #6414, .F. ) ;
#7345 = CIRCLE ( 'NONE', #2642, 2.249999999999998668 ) ;
#7346 = CARTESIAN_POINT ( 'NONE',  ( 9.999999999999996447, 0.000000000000000000, -46.48823180562271773 ) ) ;
#7347 = FACE_OUTER_BOUND ( 'NONE', #262, .T. ) ;
#7348 = CARTESIAN_POINT ( 'NONE',  ( 58.67999999999999972, 5.000000000000000000, 0.000000000000000000 ) ) ;
#7349 = LINE ( 'NONE', #6758, #10100 ) ;
#7350 = ORIENTED_EDGE ( 'NONE', *, *, #4262, .F. ) ;
#7351 = LINE ( 'NONE', #1287, #8490 ) ;
#7352 = DIRECTION ( 'NONE',  ( -1.000000000000000000, 0.000000000000000000, 0.000000000000000000 ) ) ;
#7353 = ORIENTED_EDGE ( 'NONE', *, *, #1784, .F. ) ;
#7354 = PRODUCT_DEFINITION_SHAPE ( 'NONE', 'NONE',  #573 ) ;
#7355 = EDGE_CURVE ( 'NONE', #8559, #3133, #4678, .T. ) ;
#7356 = CARTESIAN_POINT ( 'NONE',  ( 15.50000000000000000, 8.499999999999996447, 17.00000000000000000 ) ) ;
#7357 = CYLINDRICAL_SURFACE ( 'NONE', #3925, 2.250000000000000000 ) ;
#7358 = EDGE_LOOP ( 'NONE', ( #6458, #2154 ) ) ;
#7359 = EDGE_CURVE ( 'NONE', #8569, #10369, #9701, .T. ) ;
#7360 = LINE ( 'NONE', #736, #3841 ) ;
#7361 = LINE ( 'NONE', #2446, #9333 ) ;
#7362 = DIRECTION ( 'NONE',  ( -1.000000000000000000, 0.000000000000000000, 0.000000000000000000 ) ) ;
#7363 = FACE_BOUND ( 'NONE', #2582, .T. ) ;
#7364 = VERTEX_POINT ( 'NONE', #5818 ) ;
#7365 = DIRECTION ( 'NONE',  ( -1.264933817329266432E-17, 0.000000000000000000, 1.000000000000000000 ) ) ;
#7366 = DIRECTION ( 'NONE',  ( -0.000000000000000000, -1.000000000000000000, -0.000000000000000000 ) ) ;
#7367 = CARTESIAN_POINT ( 'NONE',  ( 25.00000000000000000, -9.499999999999992895, 10.00000000000000000 ) ) ;
#7368 = ORIENTED_EDGE ( 'NONE', *, *, #9508, .T. ) ;
#7369 = VERTEX_POINT ( 'NONE', #10634 ) ;
#7370 = CARTESIAN_POINT ( 'NONE',  ( -41.81980515339471793, -105.1040764008564850, -24.99999999999999289 ) ) ;
#7371 = PLANE ( 'NONE',  #2185 ) ;
#7372 =( LENGTH_UNIT ( ) NAMED_UNIT ( * ) SI_UNIT ( .MILLI., .METRE. ) );
#7373 = CARTESIAN_POINT ( 'NONE',  ( -44.06980515339471083, -90.96194077712557657, 22.99999999999998579 ) ) ;
#7374 = FACE_OUTER_BOUND ( 'NONE', #1964, .T. ) ;
#7375 = ORIENTED_EDGE ( 'NONE', *, *, #7323, .T. ) ;
#7376 = ORIENTED_EDGE ( 'NONE', *, *, #8875, .F. ) ;
#7377 = EDGE_CURVE ( 'NONE', #9815, #3960, #5713, .T. ) ;
#7378 = CYLINDRICAL_SURFACE ( 'NONE', #6603, 2.999999999999999556 ) ;
#7379 = ORIENTED_EDGE ( 'NONE', *, *, #10380, .T. ) ;
#7380 = ORIENTED_EDGE ( 'NONE', *, *, #1160, .T. ) ;
#7381 = AXIS2_PLACEMENT_3D ( 'NONE', #7056, #2137, #9592 ) ;
#7382 = EDGE_CURVE ( 'NONE', #9801, #7500, #763, .T. ) ;
#7383 = ORIENTED_EDGE ( 'NONE', *, *, #4347, .T. ) ;
#7384 = AXIS2_PLACEMENT_3D ( 'NONE', #3384, #871, #8421 ) ;
#7385 = CARTESIAN_POINT ( 'NONE',  ( 4.999999999999989342, 18.00000000000000000, -100.0000000000000000 ) ) ;
#7386 = CARTESIAN_POINT ( 'NONE',  ( -4.000000000000000000, 0.000000000000000000, 0.5000000000000004441 ) ) ;
#7387 = CARTESIAN_POINT ( 'NONE',  ( 3.367778697655220026E-16, 0.000000000000000000, 2.749999999999999556 ) ) ;
#7388 = VERTEX_POINT ( 'NONE', #9863 ) ;
#7389 = CARTESIAN_POINT ( 'NONE',  ( 105.9596113357948042, 93.99999999999998579, -127.7011201620785528 ) ) ;
#7390 = PRODUCT_DEFINITION_CONTEXT ( 'detailed design', #2382, 'design' ) ;
#7391 = ORIENTED_EDGE ( 'NONE', *, *, #8799, .T. ) ;
#7392 = ORIENTED_EDGE ( 'NONE', *, *, #3553, .F. ) ;
#7393 = EDGE_CURVE ( 'NONE', #5053, #3872, #2354, .T. ) ;
#7394 = CARTESIAN_POINT ( 'NONE',  ( -4.903091581381051611, 0.4783711469875543965, -1.134582495804038693 ) ) ;
#7395 = AXIS2_PLACEMENT_3D ( 'NONE', #9735, #8905, #8791 ) ;
#7396 = DIRECTION ( 'NONE',  ( -1.734723475976807094E-16, 1.000000000000000000, 0.000000000000000000 ) ) ;
#7397 = CARTESIAN_POINT ( 'NONE',  ( -23.68655752103997258, 74.67986544671987303, -120.2803298308827920 ) ) ;
#7398 = DIRECTION ( 'NONE',  ( -0.05233595624293713860, -0.9986295347545742773, -1.822875796157421718E-16 ) ) ;
#7399 = AXIS2_PLACEMENT_3D ( 'NONE', #6601, #2613, #1674 ) ;
#7400 = DIRECTION ( 'NONE',  ( -0.000000000000000000, -1.000000000000000000, -0.000000000000000000 ) ) ;
#7401 = ORIENTED_EDGE ( 'NONE', *, *, #2883, .T. ) ;
#7402 = CARTESIAN_POINT ( 'NONE',  ( 2.999999999999999556, 0.000000000000000000, -6.499999999999999112 ) ) ;
#7403 = AXIS2_PLACEMENT_3D ( 'NONE', #6430, #8124, #1233 ) ;
#7404 = EDGE_CURVE ( 'NONE', #8774, #10215, #10564, .T. ) ;
#7405 = ORIENTED_EDGE ( 'NONE', *, *, #5314, .F. ) ;
#7406 = APPLICATION_CONTEXT ( 'automotive_design' ) ;
#7407 = FACE_OUTER_BOUND ( 'NONE', #6594, .T. ) ;
#7408 = DIRECTION ( 'NONE',  ( 0.000000000000000000, 0.000000000000000000, -1.000000000000000000 ) ) ;
#7409 = ORIENTED_EDGE ( 'NONE', *, *, #6508, .F. ) ;
#7410 = AXIS2_PLACEMENT_3D ( 'NONE', #8236, #9062, #4084 ) ;
#7411 = VECTOR ( 'NONE', #5303, 1000.000000000000000 ) ;
#7412 = VECTOR ( 'NONE', #340, 1000.000000000000000 ) ;
#7413 = LINE ( 'NONE', #3264, #10635 ) ;
#7414 = EDGE_CURVE ( 'NONE', #829, #3273, #10743, .T. ) ;
#7415 = EDGE_CURVE ( 'NONE', #596, #4779, #7451, .T. ) ;
#7416 = FACE_OUTER_BOUND ( 'NONE', #1657, .T. ) ;
#7417 = CARTESIAN_POINT ( 'NONE',  ( -24.19888394073830185, 9.000000000000000000, -4.050512335977082934 ) ) ;
#7418 = CARTESIAN_POINT ( 'NONE',  ( 2.755455298081544285E-16, 0.000000000000000000, 2.250000000000000000 ) ) ;
#7419 = LINE ( 'NONE', #4914, #2352 ) ;
#7420 = AXIS2_PLACEMENT_3D ( 'NONE', #7230, #8770, #2982 ) ;
#7421 = CARTESIAN_POINT ( 'NONE',  ( -4.000000000000000000, 70.90000000000000568, 6.802837160693362871E-17 ) ) ;
#7422 = AXIS2_PLACEMENT_3D ( 'NONE', #4241, #1884, #6696 ) ;
#7423 = CIRCLE ( 'NONE', #9877, 9.999999999999994671 ) ;
#7424 = CARTESIAN_POINT ( 'NONE',  ( -27.68655752103996903, 54.67986544671986593, -42.59593772390965682 ) ) ;
#7425 = ORIENTED_EDGE ( 'NONE', *, *, #2046, .F. ) ;
#7426 = VERTEX_POINT ( 'NONE', #5647 ) ;
#7427 = LINE ( 'NONE', #9843, #9367 ) ;
#7428 = AXIS2_PLACEMENT_3D ( 'NONE', #9646, #4563, #3731 ) ;
#7429 = CARTESIAN_POINT ( 'NONE',  ( 85.36863799491800364, 95.00000000000000000, -99.02829855763729938 ) ) ;
#7430 = VECTOR ( 'NONE', #3447, 1000.000000000000000 ) ;
#7431 = EDGE_CURVE ( 'NONE', #6052, #59, #9038, .T. ) ;
#7432 = VECTOR ( 'NONE', #6810, 1000.000000000000000 ) ;
#7433 = DIRECTION ( 'NONE',  ( 1.000000000000000000, 0.000000000000000000, 0.000000000000000000 ) ) ;
#7434 = DIRECTION ( 'NONE',  ( 0.000000000000000000, 0.000000000000000000, 1.000000000000000000 ) ) ;
#7435 = DIRECTION ( 'NONE',  ( 0.9386673526265887357, 0.000000000000000000, -0.3448240146987898713 ) ) ;
#7436 = EDGE_CURVE ( 'NONE', #9034, #6515, #8979, .T. ) ;
#7437 = CYLINDRICAL_SURFACE ( 'NONE', #5708, 10.00000000000000000 ) ;
#7438 = VERTEX_POINT ( 'NONE', #2520 ) ;
#7439 = ORIENTED_EDGE ( 'NONE', *, *, #8459, .T. ) ;
#7440 = DIRECTION ( 'NONE',  ( 0.000000000000000000, 1.000000000000000000, 0.000000000000000000 ) ) ;
#7441 = EDGE_CURVE ( 'NONE', #4196, #9111, #9350, .T. ) ;
#7442 = ORIENTED_EDGE ( 'NONE', *, *, #9824, .F. ) ;
#7443 = VERTEX_POINT ( 'NONE', #666 ) ;
#7444 = AXIS2_PLACEMENT_3D ( 'NONE', #4004, #4691, #8379 ) ;
#7445 = CIRCLE ( 'NONE', #10593, 9.999999999999994671 ) ;
#7446 = AXIS2_PLACEMENT_3D ( 'NONE', #4331, #7704, #1858 ) ;
#7447 = PRODUCT_DEFINITION_SHAPE ( 'NONE', 'NONE',  #10827 ) ;
#7448 = DIRECTION ( 'NONE',  ( -1.000000000000000000, -1.734723475976806601E-16, 0.000000000000000000 ) ) ;
#7449 = ORIENTED_EDGE ( 'NONE', *, *, #1269, .T. ) ;
#7450 = AXIS2_PLACEMENT_3D ( 'NONE', #9736, #5459, #8906 ) ;
#7451 = LINE ( 'NONE', #2419, #3220 ) ;
#7452 = DIRECTION ( 'NONE',  ( -0.000000000000000000, 1.000000000000000000, -0.000000000000000000 ) ) ;
#7453 = CARTESIAN_POINT ( 'NONE',  ( 5.000000000000000888, 74.89999999999997726, 1.000000000000002220 ) ) ;
#7454 = VERTEX_POINT ( 'NONE', #3347 ) ;
#7455 = DIRECTION ( 'NONE',  ( -0.09891222032696356248, -2.023675079344223297E-24, -0.9950961625239995723 ) ) ;
#7456 = ORIENTED_EDGE ( 'NONE', *, *, #5229, .T. ) ;
#7457 = ORIENTED_EDGE ( 'NONE', *, *, #2468, .T. ) ;
#7458 = CARTESIAN_POINT ( 'NONE',  ( -55.96194077712564052, -90.96194077712553394, 15.00000000000001421 ) ) ;
#7459 = VECTOR ( 'NONE', #4271, 1000.000000000000000 ) ;
#7460 = EDGE_CURVE ( 'NONE', #258, #2527, #8218, .T. ) ;
#7461 = AXIS2_PLACEMENT_3D ( 'NONE', #8125, #6321, #1441 ) ;
#7462 = CARTESIAN_POINT ( 'NONE',  ( 30.31344247896045729, 14.67986544671986238, -42.59593772390965682 ) ) ;
#7463 = SURFACE_SIDE_STYLE ('',( #5009 ) ) ;
#7464 = CARTESIAN_POINT ( 'NONE',  ( -16.16773349595811737, 0.000000000000000000, -3.907055864655816890 ) ) ;
#7465 = EDGE_LOOP ( 'NONE', ( #4514, #8873, #8618, #4550 ) ) ;
#7466 = AXIS2_PLACEMENT_3D ( 'NONE', #8014, #389, #10417 ) ;
#7467 = DIRECTION ( 'NONE',  ( 1.000000000000000000, 0.000000000000000000, 0.000000000000000000 ) ) ;
#7469 = AXIS2_PLACEMENT_3D ( 'NONE', #2818, #1987, #5328 ) ;
#7468 =( NAMED_UNIT ( * ) PLANE_ANGLE_UNIT ( ) SI_UNIT ( $, .RADIAN. ) );
#7470 = EDGE_CURVE ( 'NONE', #10135, #7535, #8295, .T. ) ;
#7471 = ORIENTED_EDGE ( 'NONE', *, *, #3938, .F. ) ;
#7472 = ORIENTED_EDGE ( 'NONE', *, *, #3018, .T. ) ;
#7473 = CARTESIAN_POINT ( 'NONE',  ( -67.07925725763350044, 0.000000000000000000, -84.99047725517949914 ) ) ;
#7474 = DIRECTION ( 'NONE',  ( 1.000000000000000000, 0.000000000000000000, 0.000000000000000000 ) ) ;
#7475 = EDGE_LOOP ( 'NONE', ( #10348, #9791, #10342, #3235 ) ) ;
#7476 = DIRECTION ( 'NONE',  ( 3.068079190820900971E-33, -1.000000000000000000, -1.816464372750583135E-16 ) ) ;
#7477 = EDGE_CURVE ( 'NONE', #4695, #5895, #883, .T. ) ;
#7478 = ADVANCED_FACE ( 'NONE', ( #1596 ), #8335, .T. ) ;
#7479 = CARTESIAN_POINT ( 'NONE',  ( 69.07332122148433484, 95.00000000000000000, -119.1878866990734736 ) ) ;
#7480 = VECTOR ( 'NONE', #9901, 1000.000000000000000 ) ;
#7481 = CYLINDRICAL_SURFACE ( 'NONE', #10540, 9.999999999999994671 ) ;
#7482 = CARTESIAN_POINT ( 'NONE',  ( -53.68655752103997258, 95.00000000000000000, -28.54374205374392304 ) ) ;
#7483 = DIRECTION ( 'NONE',  ( 0.000000000000000000, 0.000000000000000000, -1.000000000000000000 ) ) ;
#7484 = CARTESIAN_POINT ( 'NONE',  ( -39.00443338159792006, 0.000000000000000000, -42.59593772390965682 ) ) ;
#7485 = CARTESIAN_POINT ( 'NONE',  ( 58.74171087241099087, 95.00000000000000000, -90.51182856389574738 ) ) ;
#7486 = CARTESIAN_POINT ( 'NONE',  ( 13.63988578096987681, 9.999999999999994671, -4.294065530670991393 ) ) ;
#7487 = ORIENTED_EDGE ( 'NONE', *, *, #2673, .F. ) ;
#7488 = ORIENTED_EDGE ( 'NONE', *, *, #6182, .F. ) ;
#7489 = EDGE_CURVE ( 'NONE', #9229, #8796, #4980, .T. ) ;
#7490 = LINE ( 'NONE', #7322, #9889 ) ;
#7491 = ADVANCED_FACE ( 'NONE', ( #3236, #7337, #7508, #9809, #5875, #1710 ), #3183, .T. ) ;
#7492 = STYLED_ITEM ( 'NONE', ( #8659 ), #2618 ) ;
#7493 = AXIS2_PLACEMENT_3D ( 'NONE', #9073, #8246, #4095 ) ;
#7494 = DIRECTION ( 'NONE',  ( -1.000000000000000000, 0.000000000000000000, 1.700709290173340409E-17 ) ) ;
#7495 = CARTESIAN_POINT ( 'NONE',  ( 5.000000000000000000, 79.90000000000000568, 6.000000000000001776 ) ) ;
#7496 = CARTESIAN_POINT ( 'NONE',  ( -10.00000000000000000, -15.00000000000000355, -16.00000000000000000 ) ) ;
#7497 = DIRECTION ( 'NONE',  ( -1.000000000000000000, 0.000000000000000000, 1.734723475976807094E-17 ) ) ;
#7498 = DIRECTION ( 'NONE',  ( 8.673617379884027583E-16, 0.000000000000000000, 1.000000000000000000 ) ) ;
#7499 = ORIENTED_EDGE ( 'NONE', *, *, #735, .T. ) ;
#7500 = VERTEX_POINT ( 'NONE', #2691 ) ;
#7501 = DIRECTION ( 'NONE',  ( 0.000000000000000000, -1.000000000000000000, 0.000000000000000000 ) ) ;
#7502 = ORIENTED_EDGE ( 'NONE', *, *, #9693, .T. ) ;
#7503 = ORIENTED_EDGE ( 'NONE', *, *, #6802, .T. ) ;
#7504 = EDGE_CURVE ( 'NONE', #3132, #3190, #5854, .T. ) ;
#7505 = CIRCLE ( 'NONE', #6473, 2.749999999999999556 ) ;
#7506 = CARTESIAN_POINT ( 'NONE',  ( -48.89087296526017212, -83.89087296526008686, 15.00000000000001421 ) ) ;
#7507 = VERTEX_POINT ( 'NONE', #6797 ) ;
#7508 = FACE_BOUND ( 'NONE', #8003, .T. ) ;
#7509 = CARTESIAN_POINT ( 'NONE',  ( 15.00000000000000178, -9.499999999999994671, 20.00000000000000000 ) ) ;
#7510 = DIRECTION ( 'NONE',  ( -1.000000000000000000, 0.000000000000000000, -1.700709290173340409E-17 ) ) ;
#7511 = ORIENTED_EDGE ( 'NONE', *, *, #5688, .F. ) ;
#7512 = DIRECTION ( 'NONE',  ( 0.9999999997608040037, 1.748328456327538034E-20, -2.187217990050969776E-05 ) ) ;
#7513 = ORIENTED_EDGE ( 'NONE', *, *, #640, .T. ) ;
#7514 = EDGE_LOOP ( 'NONE', ( #8170, #1553, #8370, #6983, #10138, #6778, #6193, #1044 ) ) ;
#7515 = EDGE_CURVE ( 'NONE', #8111, #942, #8655, .T. ) ;
#7516 = DIRECTION ( 'NONE',  ( 1.000000000000000000, 0.000000000000000000, 0.000000000000000000 ) ) ;
#7517 = DIRECTION ( 'NONE',  ( 0.000000000000000000, 0.000000000000000000, -1.000000000000000000 ) ) ;
#7518 = DIRECTION ( 'NONE',  ( 0.000000000000000000, 0.000000000000000000, 1.000000000000000000 ) ) ;
#7519 = ORIENTED_EDGE ( 'NONE', *, *, #8750, .T. ) ;
#7520 = CARTESIAN_POINT ( 'NONE',  ( -64.46620431643836469, 10.00000000000000000, -107.8905347760015161 ) ) ;
#7521 = ORIENTED_EDGE ( 'NONE', *, *, #81, .F. ) ;
#7522 = ORIENTED_EDGE ( 'NONE', *, *, #9201, .F. ) ;
#7523 = CARTESIAN_POINT ( 'NONE',  ( -10.00000000000000355, 9.999999999999998224, 5.000000000000000000 ) ) ;
#7524 = DIRECTION ( 'NONE',  ( -0.8660254037844381525, 0.000000000000000000, -0.5000000000000008882 ) ) ;
#7525 = ORIENTED_EDGE ( 'NONE', *, *, #6626, .F. ) ;
#7526 = PLANE ( 'NONE',  #8553 ) ;
#7527 = CARTESIAN_POINT ( 'NONE',  ( 0.000000000000000000, 85.00000000000000000, -110.2793298308826877 ) ) ;
#7528 = DIRECTION ( 'NONE',  ( -0.000000000000000000, -1.000000000000000000, -0.000000000000000000 ) ) ;
#7529 = ORIENTED_EDGE ( 'NONE', *, *, #3544, .T. ) ;
#7530 = CARTESIAN_POINT ( 'NONE',  ( 59.14441049068479117, 9.999999999999994671, -90.27932983088280139 ) ) ;
#7531 = CARTESIAN_POINT ( 'NONE',  ( 2.999999999999999556, 0.000000000000000000, -4.999999999999998224 ) ) ;
#7532 = CARTESIAN_POINT ( 'NONE',  ( 35.00000000000000000, 5.500000000000011546, 10.00000000000000000 ) ) ;
#7533 = EDGE_CURVE ( 'NONE', #59, #4737, #7674, .T. ) ;
#7534 = EDGE_LOOP ( 'NONE', ( #89, #7746, #5729, #10319 ) ) ;
#7535 = VERTEX_POINT ( 'NONE', #6898 ) ;
#7536 = DIRECTION ( 'NONE',  ( -1.000000000000000000, 0.000000000000000000, 1.700709290173340409E-17 ) ) ;
#7537 = PRODUCT ( 'Jaw_Contact_Block_A', 'Jaw_Contact_Block_A', '', ( #6034 ) ) ;
#7538 = LINE ( 'NONE', #3383, #7771 ) ;
#7539 = SURFACE_SIDE_STYLE ('',( #8865 ) ) ;
#7540 = CARTESIAN_POINT ( 'NONE',  ( 64.99999999999980105, 85.00000000000000000, -120.2793298308826877 ) ) ;
#7541 = ADVANCED_FACE ( 'NONE', ( #5103 ), #10141, .F. ) ;
#7542 = DIRECTION ( 'NONE',  ( -1.040834085586094610E-16, -0.000000000000000000, -1.000000000000000000 ) ) ;
#7543 = CARTESIAN_POINT ( 'NONE',  ( -14.90117512409817735, -78.18544637156001897, -1.528669465471105493 ) ) ;
#7544 = ORIENTED_EDGE ( 'NONE', *, *, #6891, .T. ) ;
#7545 = ORIENTED_EDGE ( 'NONE', *, *, #8227, .F. ) ;
#7546 = ITEM_DEFINED_TRANSFORMATION ( 'NONE', 'NONE', #9217,  #9029 ) ;
#7547 = CARTESIAN_POINT ( 'NONE',  ( 2.693045179146764223, 18.00000000000000000, -10.02960075331756862 ) ) ;
#7548 = VERTEX_POINT ( 'NONE', #6846 ) ;
#7549 = ORIENTED_EDGE ( 'NONE', *, *, #6508, .T. ) ;
#7550 = EDGE_CURVE ( 'NONE', #4868, #5720, #9266, .T. ) ;
#7551 = ADVANCED_FACE ( 'NONE', ( #4345 ), #8433, .T. ) ;
#7552 = DIRECTION ( 'NONE',  ( 1.000000000000000000, 0.000000000000000000, 1.700709290173340409E-17 ) ) ;
#7553 = DIRECTION ( 'NONE',  ( -0.000000000000000000, -1.000000000000000000, -0.000000000000000000 ) ) ;
#7554 = DIRECTION ( 'NONE',  ( 0.000000000000000000, 0.000000000000000000, 1.000000000000000000 ) ) ;
#7555 = DIRECTION ( 'NONE',  ( 0.7071067811865485719, 0.7071067811865463515, 0.000000000000000000 ) ) ;
#7556 = VERTEX_POINT ( 'NONE', #936 ) ;
#7557 = CARTESIAN_POINT ( 'NONE',  ( -105.9611620733579258, 19.00000000000001776, -198.6011201451132138 ) ) ;
#7558 = VECTOR ( 'NONE', #7141, 1000.000000000000000 ) ;
#7559 = FACE_BOUND ( 'NONE', #2872, .T. ) ;
#7560 = VERTEX_POINT ( 'NONE', #3401 ) ;
#7561 = VERTEX_POINT ( 'NONE', #4284 ) ;
#7562 = DIRECTION ( 'NONE',  ( 0.000000000000000000, 1.000000000000000000, -0.000000000000000000 ) ) ;
#7563 = CIRCLE ( 'NONE', #10365, 8.750000000000001776 ) ;
#7564 = DIRECTION ( 'NONE',  ( 0.000000000000000000, 0.000000000000000000, 1.000000000000000000 ) ) ;
#7565 = CARTESIAN_POINT ( 'NONE',  ( -19.68655752103955692, 34.67986544671986593, -120.2803298308827920 ) ) ;
#7566 = DIRECTION ( 'NONE',  ( 1.734723475976807094E-16, -1.000000000000000000, 0.000000000000000000 ) ) ;
#7567 = ORIENTED_EDGE ( 'NONE', *, *, #330, .F. ) ;
#7568 = DIRECTION ( 'NONE',  ( 1.000000000000000000, 1.734723475976807094E-16, 0.000000000000000000 ) ) ;
#7569 =( LENGTH_UNIT ( ) NAMED_UNIT ( * ) SI_UNIT ( .MILLI., .METRE. ) );
#7570 = EDGE_LOOP ( 'NONE', ( #8151, #886, #137, #7442 ) ) ;
#7571 = VERTEX_POINT ( 'NONE', #6740 ) ;
#7572 = AXIS2_PLACEMENT_3D ( 'NONE', #7705, #4491, #9518 ) ;
#7573 = CARTESIAN_POINT ( 'NONE',  ( 11.57465733170070799, 62.40000000000000568, 22.00000000000000355 ) ) ;
#7574 = EDGE_CURVE ( 'NONE', #6154, #4137, #6199, .T. ) ;
#7575 = DIRECTION ( 'NONE',  ( -0.000000000000000000, -0.000000000000000000, 1.000000000000000000 ) ) ;
#7576 = EDGE_LOOP ( 'NONE', ( #1630, #9212, #6470, #7984 ) ) ;
#7577 = CARTESIAN_POINT ( 'NONE',  ( 98.00000000000000000, 10.00000000000000000, -120.2793298308826877 ) ) ;
#7578 = ADVANCED_FACE ( 'NONE', ( #2755 ), #7718, .T. ) ;
#7579 = VECTOR ( 'NONE', #3250, 1000.000000000000000 ) ;
#7580 = DIRECTION ( 'NONE',  ( -0.000000000000000000, 1.000000000000000000, -0.000000000000000000 ) ) ;
#7581 = DIRECTION ( 'NONE',  ( 0.000000000000000000, 1.000000000000000000, 0.000000000000000000 ) ) ;
#7582 = VERTEX_POINT ( 'NONE', #269 ) ;
#7583 = CARTESIAN_POINT ( 'NONE',  ( 64.46620431643836469, 95.00000000000000000, -110.1405347760015161 ) ) ;
#7584 = CYLINDRICAL_SURFACE ( 'NONE', #1538, 2.000000000000001776 ) ;
#7585 = DIRECTION ( 'NONE',  ( 1.000000000000000000, 0.000000000000000000, 0.000000000000000000 ) ) ;
#7586 = ORIENTED_EDGE ( 'NONE', *, *, #916, .F. ) ;
#7587 = VERTEX_POINT ( 'NONE', #9373 ) ;
#7588 = AXIS2_PLACEMENT_3D ( 'NONE', #10272, #1073, #7939 ) ;
#7589 = CARTESIAN_POINT ( 'NONE',  ( 30.31344247896045729, 14.67986544671986238, -120.2803298308827920 ) ) ;
#7590 = ADVANCED_BREP_SHAPE_REPRESENTATION ( '', ( #2618, #9029 ), #289 ) ;
#7591 = AXIS2_PLACEMENT_3D ( 'NONE', #168, #3581, #9325 ) ;
#7592 = CARTESIAN_POINT ( 'NONE',  ( 5.000000000000000888, 80.40000000000000568, 0.5000000000000000000 ) ) ;
#7593 = CIRCLE ( 'NONE', #2886, 5.500000000000000000 ) ;
#7594 = CARTESIAN_POINT ( 'NONE',  ( -59.14441049068477696, 9.999999999999994671, -100.2793298308827872 ) ) ;
#7595 = VECTOR ( 'NONE', #7106, 1000.000000000000000 ) ;
#7596 = LINE ( 'NONE', #3455, #7972 ) ;
#7597 = CARTESIAN_POINT ( 'NONE',  ( 11.28641454564401769, 67.90000000000000568, -2.499999999999998668 ) ) ;
#7598 = PLANE ( 'NONE',  #4489 ) ;
#7599 = ORIENTED_EDGE ( 'NONE', *, *, #4280, .T. ) ;
#7600 = ORIENTED_EDGE ( 'NONE', *, *, #6483, .T. ) ;
#7601 = FACE_OUTER_BOUND ( 'NONE', #4641, .T. ) ;
#7602 = EDGE_CURVE ( 'NONE', #10815, #4111, #5513, .T. ) ;
#7603 = ORIENTED_EDGE ( 'NONE', *, *, #503, .T. ) ;
#7604 = ORIENTED_EDGE ( 'NONE', *, *, #6156, .T. ) ;
#7605 = VECTOR ( 'NONE', #3695, 1000.000000000000000 ) ;
#7606 = VECTOR ( 'NONE', #8987, 1000.000000000000000 ) ;
#7607 = CLOSED_SHELL ( 'NONE', ( #8425, #3040, #2806, #928, #3508, #5356, #3042, #5571, #2639, #7541, #176, #4666, #3519, #7220, #7167, #1958, #8277, #9891, #6764, #5993, #5844, #933, #6296, #6820, #8481, #7143, #7666, #1806, #4559, #2850, #1080, #2617, #6452, #9562, #6666, #9020, #7344, #10731, #5339, #5644, #1803, #8034, #7578 ) ) ;
#7608 = VECTOR ( 'NONE', #6538, 1000.000000000000000 ) ;
#7609 = CARTESIAN_POINT ( 'NONE',  ( -24.99999999999999289, -5.500000000000001776, 10.00000000000000000 ) ) ;
#7610 = EDGE_CURVE ( 'NONE', #4047, #1369, #1315, .T. ) ;
#7611 = LINE ( 'NONE', #1648, #2529 ) ;
#7612 = FACE_OUTER_BOUND ( 'NONE', #7090, .T. ) ;
#7613 = DIRECTION ( 'NONE',  ( 0.000000000000000000, 1.000000000000000000, 0.000000000000000000 ) ) ;
#7614 = AXIS2_PLACEMENT_3D ( 'NONE', #7934, #542, #6405 ) ;
#7615 = DIRECTION ( 'NONE',  ( -0.5521351308716255790, 0.000000000000000000, -0.8337546385222530665 ) ) ;
#7616 = AXIS2_PLACEMENT_3D ( 'NONE', #5753, #9076, #5800 ) ;
#7617 = EDGE_LOOP ( 'NONE', ( #8232, #4124, #8341, #2313 ) ) ;
#7618 = APPLICATION_PROTOCOL_DEFINITION ( 'draft international standard', 'automotive_design', 1998, #9862 ) ;
#7619 = AXIS2_PLACEMENT_3D ( 'NONE', #3566, #6136, #4505 ) ;
#7620 = CARTESIAN_POINT ( 'NONE',  ( 0.4862796586990181247, 18.00000000000000000, -83.54086779998148415 ) ) ;
#7621 = EDGE_LOOP ( 'NONE', ( #4494, #4725, #1513, #6718 ) ) ;
#7622 = ORIENTED_EDGE ( 'NONE', *, *, #7574, .F. ) ;
#7623 = DIRECTION ( 'NONE',  ( 0.000000000000000000, 0.000000000000000000, 1.000000000000000000 ) ) ;
#7624 = ADVANCED_FACE ( 'NONE', ( #7612, #3469, #157 ), #7772, .F. ) ;
#7625 = EDGE_CURVE ( 'NONE', #4374, #5098, #6963, .T. ) ;
#7626 = AXIS2_PLACEMENT_3D ( 'NONE', #9349, #1855, #4267 ) ;
#7627 = CIRCLE ( 'NONE', #2919, 9.999999999999994671 ) ;
#7628 = APPLICATION_CONTEXT ( 'automotive_design' ) ;
#7629 = PLANE ( 'NONE',  #9871 ) ;
#7630 = DIRECTION ( 'NONE',  ( -0.000000000000000000, -1.000000000000000000, -0.000000000000000000 ) ) ;
#7631 = CYLINDRICAL_SURFACE ( 'NONE', #10569, 9.999999999999994671 ) ;
#7632 = ORIENTED_EDGE ( 'NONE', *, *, #4414, .F. ) ;
#7633 = CARTESIAN_POINT ( 'NONE',  ( 30.31344247896044664, 34.67986544671986593, -42.59593772390965682 ) ) ;
#7634 = ORIENTED_EDGE ( 'NONE', *, *, #3674, .F. ) ;
#7635 = EDGE_LOOP ( 'NONE', ( #3151, #5002, #2098, #4070, #10496 ) ) ;
#7636 = AXIS2_PLACEMENT_3D ( 'NONE', #7805, #356, #8685 ) ;
#7637 = AXIS2_PLACEMENT_3D ( 'NONE', #2941, #10529, #3097 ) ;
#7638 = DIRECTION ( 'NONE',  ( -0.000000000000000000, -1.000000000000000000, -0.000000000000000000 ) ) ;
#7639 = DIRECTION ( 'NONE',  ( 0.000000000000000000, 1.000000000000000000, 0.000000000000000000 ) ) ;
#7640 = ORIENTED_EDGE ( 'NONE', *, *, #431, .F. ) ;
#7641 = ADVANCED_FACE ( 'NONE', ( #6089, #9433, #1927 ), #4449, .F. ) ;
#7642 = ADVANCED_FACE ( 'NONE', ( #1975 ), #1521, .F. ) ;
#7643 = DIRECTION ( 'NONE',  ( 0.000000000000000000, 1.000000000000000000, -0.000000000000000000 ) ) ;
#7644 = AXIS2_PLACEMENT_3D ( 'NONE', #9213, #5880, #1715 ) ;
#7645 = CIRCLE ( 'NONE', #6081, 10.00000000000000000 ) ;
#7646 = DIRECTION ( 'NONE',  ( -5.204170427930420297E-16, 1.000000000000000000, -0.000000000000000000 ) ) ;
#7647 = EDGE_CURVE ( 'NONE', #9100, #4253, #4294, .T. ) ;
#7648 = CARTESIAN_POINT ( 'NONE',  ( -3.391807012330693372, -48.66918367361086695, 0.000000000000000000 ) ) ;
#7649 = EDGE_LOOP ( 'NONE', ( #8161, #3019 ) ) ;
#7650 = CARTESIAN_POINT ( 'NONE',  ( -27.24999999999999645, -5.500000000000001776, 10.00000000000000000 ) ) ;
#7651 = SURFACE_SIDE_STYLE ('',( #4321 ) ) ;
#7652 = DIRECTION ( 'NONE',  ( -0.000000000000000000, -1.000000000000000000, -0.000000000000000000 ) ) ;
#7653 = ORIENTED_EDGE ( 'NONE', *, *, #8778, .F. ) ;
#7654 = ORIENTED_EDGE ( 'NONE', *, *, #6166, .T. ) ;
#7655 = PRODUCT_DEFINITION_FORMATION_WITH_SPECIFIED_SOURCE ( 'ANY', '', #2752, .NOT_KNOWN. ) ;
#7656 = CYLINDRICAL_SURFACE ( 'NONE', #2552, 2.250000000000001776 ) ;
#7657 = ADVANCED_FACE ( 'NONE', ( #4607 ), #7317, .F. ) ;
#7658 = AXIS2_PLACEMENT_3D ( 'NONE', #5694, #8319, #10672 ) ;
#7659 = CARTESIAN_POINT ( 'NONE',  ( 0.000000000000000000, 0.000000000000000000, -4.999999999999998224 ) ) ;
#7660 = AXIS2_PLACEMENT_3D ( 'NONE', #3021, #5541, #8763 ) ;
#7661 =( NAMED_UNIT ( * ) SI_UNIT ( $, .STERADIAN. ) SOLID_ANGLE_UNIT ( ) );
#7662 = CARTESIAN_POINT ( 'NONE',  ( 15.00000000000000178, -12.50000000000000000, 20.00000000000000000 ) ) ;
#7663 = FACE_BOUND ( 'NONE', #10756, .T. ) ;
#7664 = ORIENTED_EDGE ( 'NONE', *, *, #6465, .T. ) ;
#7665 = ORIENTED_EDGE ( 'NONE', *, *, #375, .F. ) ;
#7666 = ADVANCED_FACE ( 'NONE', ( #4869 ), #9787, .T. ) ;
#7667 = DIRECTION ( 'NONE',  ( 1.000000000000000000, -0.000000000000000000, 1.156482317317871478E-16 ) ) ;
#7668 = ORIENTED_EDGE ( 'NONE', *, *, #1290, .T. ) ;
#7669 = EDGE_LOOP ( 'NONE', ( #8713, #10420, #4954, #8176 ) ) ;
#7670 = AXIS2_PLACEMENT_3D ( 'NONE', #8084, #583, #10609 ) ;
#7671 = CARTESIAN_POINT ( 'NONE',  ( -4.000000000000000000, 1.500000000000001332, 0.000000000000000000 ) ) ;
#7672 = EDGE_CURVE ( 'NONE', #985, #9915, #6446, .T. ) ;
#7673 = AXIS2_PLACEMENT_3D ( 'NONE', #7807, #10125, #6776 ) ;
#7674 = LINE ( 'NONE', #45, #3926 ) ;
#7675 = CARTESIAN_POINT ( 'NONE',  ( 2.755455298081544285E-16, 18.00000000000000000, 2.250000000000000000 ) ) ;
#7676 = DIRECTION ( 'NONE',  ( 1.000000000000000000, 0.000000000000000000, 0.000000000000000000 ) ) ;
#7677 = ORIENTED_EDGE ( 'NONE', *, *, #8850, .F. ) ;
#7678 = DIRECTION ( 'NONE',  ( 1.000000000000000000, 0.000000000000000000, 0.000000000000000000 ) ) ;
#7679 = ORIENTED_EDGE ( 'NONE', *, *, #8799, .F. ) ;
#7680 = ORIENTED_EDGE ( 'NONE', *, *, #3787, .T. ) ;
#7681 = CARTESIAN_POINT ( 'NONE',  ( 3.673940397442059375E-16, 50.00000000000001421, 2.999999999999999556 ) ) ;
#7682 = PRODUCT_RELATED_PRODUCT_CATEGORY ( 'part', '', ( #6576 ) ) ;
#7683 = FACE_OUTER_BOUND ( 'NONE', #7987, .T. ) ;
#7684 = DIRECTION ( 'NONE',  ( 1.000000000000000000, 1.734723475976807094E-16, 0.000000000000000000 ) ) ;
#7685 = DIRECTION ( 'NONE',  ( -0.000000000000000000, -1.000000000000000000, -0.000000000000000000 ) ) ;
#7686 = VERTEX_POINT ( 'NONE', #3992 ) ;
#7687 = DIRECTION ( 'NONE',  ( 0.000000000000000000, 0.000000000000000000, 1.000000000000000000 ) ) ;
#7688 = ADVANCED_FACE ( 'NONE', ( #7059 ), #694, .T. ) ;
#7689 = ORIENTED_EDGE ( 'NONE', *, *, #5791, .F. ) ;
#7690 = ORIENTED_EDGE ( 'NONE', *, *, #3464, .T. ) ;
#7691 = CARTESIAN_POINT ( 'NONE',  ( 58.67999999999999972, 0.000000000000000000, -2.250000000000002220 ) ) ;
#7692 = CARTESIAN_POINT ( 'NONE',  ( -1.141807012330693150, -48.66918367361086695, 5.000000000000000888 ) ) ;
#7693 = DIRECTION ( 'NONE',  ( -0.000000000000000000, -0.000000000000000000, 1.000000000000000000 ) ) ;
#7694 = PLANE ( 'NONE',  #3392 ) ;
#7695 = DIRECTION ( 'NONE',  ( 0.000000000000000000, 1.000000000000000000, -0.000000000000000000 ) ) ;
#7696 = ORIENTED_EDGE ( 'NONE', *, *, #3959, .F. ) ;
#7697 = CARTESIAN_POINT ( 'NONE',  ( -64.46620431643836469, 10.00000000000000000, -112.3905347760015161 ) ) ;
#7698 = ADVANCED_FACE ( 'NONE', ( #331, #7011 ), #10400, .F. ) ;
#7699 = FILL_AREA_STYLE ('',( #864 ) ) ;
#7700 = LINE ( 'NONE', #2789, #6796 ) ;
#7701 = CARTESIAN_POINT ( 'NONE',  ( -10.00000000000000355, -12.50000000000000000, -2.919778432960205451E-15 ) ) ;
#7702 = EDGE_LOOP ( 'NONE', ( #3006, #5963, #2398, #8546, #9139, #3445, #5581, #4011, #10737, #5767, #7321, #9881, #3195, #10476, #579, #3361, #1019, #10759 ) ) ;
#7703 = DIRECTION ( 'NONE',  ( 0.000000000000000000, -1.000000000000000000, 0.000000000000000000 ) ) ;
#7704 = DIRECTION ( 'NONE',  ( -1.000000000000000000, 0.000000000000000000, 1.700709290173340409E-17 ) ) ;
#7705 = CARTESIAN_POINT ( 'NONE',  ( 90.00000000000000000, 9.999999999999994671, -97.86825876601857033 ) ) ;
#7706 = CARTESIAN_POINT ( 'NONE',  ( 98.00000000000000000, 10.00000000000000000, -0.2793298308826699938 ) ) ;
#7707 = ORIENTED_EDGE ( 'NONE', *, *, #9560, .T. ) ;
#7708 = CYLINDRICAL_SURFACE ( 'NONE', #990, 2.250000000000001776 ) ;
#7709 = ORIENTED_EDGE ( 'NONE', *, *, #6412, .T. ) ;
#7710 = VERTEX_POINT ( 'NONE', #4508 ) ;
#7711 = CARTESIAN_POINT ( 'NONE',  ( 94.00000000000001421, 85.00000000000000000, -104.7964619962940844 ) ) ;
#7712 = ORIENTED_EDGE ( 'NONE', *, *, #4711, .T. ) ;
#7713 = ORIENTED_EDGE ( 'NONE', *, *, #3335, .T. ) ;
#7714 = LINE ( 'NONE', #2804, #4132 ) ;
#7715 = DIRECTION ( 'NONE',  ( -1.734723475976807094E-16, 1.000000000000000000, 0.000000000000000000 ) ) ;
#7716 = PRODUCT_DEFINITION_SHAPE ( 'NONE', 'NONE',  #10833 ) ;
#7717 = EDGE_CURVE ( 'NONE', #10465, #2797, #2531, .T. ) ;
#7718 = PLANE ( 'NONE',  #8123 ) ;
#7719 = CARTESIAN_POINT ( 'NONE',  ( -2.999999999999999556, 0.000000000000000000, -0.5000000000000004441 ) ) ;
#7720 = EDGE_CURVE ( 'NONE', #564, #1782, #8758, .T. ) ;
#7721 = CARTESIAN_POINT ( 'NONE',  ( 0.000000000000000000, 50.00000000000001421, 8.750000000000001776 ) ) ;
#7722 = ORIENTED_EDGE ( 'NONE', *, *, #6339, .T. ) ;
#7723 = CARTESIAN_POINT ( 'NONE',  ( -23.34636207545350572, -86.63063332291532959, -32.99999999999998579 ) ) ;
#7724 = VERTEX_POINT ( 'NONE', #6190 ) ;
#7725 = ORIENTED_EDGE ( 'NONE', *, *, #2089, .F. ) ;
#7726 = DIRECTION ( 'NONE',  ( -0.000000000000000000, -1.000000000000000000, -0.000000000000000000 ) ) ;
#7727 = SHAPE_REPRESENTATION ( 'Actuator_Crosshead_\X2\9ed88ba4\X0\', ( #9029 ), #2219 ) ;
#7728 = CYLINDRICAL_SURFACE ( 'NONE', #1996, 2.250000000000000000 ) ;
#7729 = CARTESIAN_POINT ( 'NONE',  ( -2.999999999999999556, 70.90000000000000568, 0.5000000000000000000 ) ) ;
#7730 = CARTESIAN_POINT ( 'NONE',  ( 0.000000000000000000, 39.00000000000000000, 0.000000000000000000 ) ) ;
#7731 = ORIENTED_EDGE ( 'NONE', *, *, #5921, .T. ) ;
#7732 = CARTESIAN_POINT ( 'NONE',  ( 5.000000000000000888, 62.40000000000000568, 1.000000000000000000 ) ) ;
#7733 = VERTEX_POINT ( 'NONE', #7119 ) ;
#7734 = EDGE_LOOP ( 'NONE', ( #1135, #3120, #9903, #9308 ) ) ;
#7735 = CARTESIAN_POINT ( 'NONE',  ( 0.000000000000000000, 9.000000000000000000, -2.250000000000000000 ) ) ;
#7736 = CARTESIAN_POINT ( 'NONE',  ( 5.000000000000000000, 1.203706215242022408E-32, -2.499999999999998668 ) ) ;
#7737 = FACE_OUTER_BOUND ( 'NONE', #3244, .T. ) ;
#7738 = CARTESIAN_POINT ( 'NONE',  ( 0.000000000000000000, 0.000000000000000000, 0.000000000000000000 ) ) ;
#7739 = EDGE_CURVE ( 'NONE', #8393, #8984, #4043, .T. ) ;
#7740 = CARTESIAN_POINT ( 'NONE',  ( -24.14213562373095812, -59.14213562373093680, 0.9999999999999991118 ) ) ;
#7741 = EDGE_CURVE ( 'NONE', #6862, #3060, #10606, .T. ) ;
#7742 = EDGE_LOOP ( 'NONE', ( #6809, #5959, #9487, #5331 ) ) ;
#7743 = CARTESIAN_POINT ( 'NONE',  ( 85.36863799491800364, 95.00000000000000000, -94.52829855763729938 ) ) ;
#7744 = CARTESIAN_POINT ( 'NONE',  ( -36.11437855969458610, -71.11437855969452926, -5.236488491950767710 ) ) ;
#7745 = CARTESIAN_POINT ( 'NONE',  ( -41.81980515339469662, -90.96194077712556236, -24.99999999999999289 ) ) ;
#7746 = ORIENTED_EDGE ( 'NONE', *, *, #9372, .F. ) ;
#7747 = EDGE_LOOP ( 'NONE', ( #4259, #8982, #10789, #10638 ) ) ;
#7748 = DIRECTION ( 'NONE',  ( 0.000000000000000000, 0.000000000000000000, 1.000000000000000000 ) ) ;
#7749 = EDGE_CURVE ( 'NONE', #2184, #6989, #5678, .T. ) ;
#7750 = ADVANCED_FACE ( 'NONE', ( #2035 ), #1159, .F. ) ;
#7751 = AXIS2_PLACEMENT_3D ( 'NONE', #6218, #1075, #4478 ) ;
#7752 = DIRECTION ( 'NONE',  ( 0.000000000000000000, -0.000000000000000000, 1.000000000000000000 ) ) ;
#7753 =( NAMED_UNIT ( * ) SI_UNIT ( $, .STERADIAN. ) SOLID_ANGLE_UNIT ( ) );
#7754 = LINE ( 'NONE', #3716, #3961 ) ;
#7755 = ORIENTED_EDGE ( 'NONE', *, *, #10234, .F. ) ;
#7756 = AXIS2_PLACEMENT_3D ( 'NONE', #6767, #10814, #9998 ) ;
#7757 = FACE_BOUND ( 'NONE', #7570, .T. ) ;
#7758 = ORIENTED_EDGE ( 'NONE', *, *, #5112, .T. ) ;
#7759 = EDGE_LOOP ( 'NONE', ( #4885, #9685, #3892, #3038 ) ) ;
#7760 = CIRCLE ( 'NONE', #1119, 10.00000000000000000 ) ;
#7761 = CARTESIAN_POINT ( 'NONE',  ( 11.57465733170071687, 8.499999999999992895, 22.00000000000000000 ) ) ;
#7762 = VERTEX_POINT ( 'NONE', #8957 ) ;
#7763 = ORIENTED_EDGE ( 'NONE', *, *, #6248, .T. ) ;
#7764 = APPLICATION_CONTEXT ( 'automotive_design' ) ;
#7765 = EDGE_CURVE ( 'NONE', #4392, #5086, #5165, .T. ) ;
#7766 = VECTOR ( 'NONE', #7187, 1000.000000000000000 ) ;
#7767 = AXIS2_PLACEMENT_3D ( 'NONE', #9737, #3672, #7000 ) ;
#7768 = AXIS2_PLACEMENT_3D ( 'NONE', #1486, #10682, #4994 ) ;
#7769 = CARTESIAN_POINT ( 'NONE',  ( -53.68655752103997258, 0.000000000000000000, -28.54374205374393725 ) ) ;
#7770 = EDGE_CURVE ( 'NONE', #8774, #6954, #5425, .T. ) ;
#7771 = VECTOR ( 'NONE', #6086, 1000.000000000000000 ) ;
#7772 = PLANE ( 'NONE',  #7952 ) ;
#7773 = EDGE_CURVE ( 'NONE', #942, #109, #2329, .T. ) ;
#7774 = DIRECTION ( 'NONE',  ( 0.000000000000000000, 0.000000000000000000, -1.000000000000000000 ) ) ;
#7775 = LINE ( 'NONE', #8435, #9187 ) ;
#7776 = ORIENTED_EDGE ( 'NONE', *, *, #8704, .F. ) ;
#7777 = LINE ( 'NONE', #7723, #2597 ) ;
#7778 = ORIENTED_EDGE ( 'NONE', *, *, #2046, .T. ) ;
#7779 = VERTEX_POINT ( 'NONE', #7484 ) ;
#7780 = VECTOR ( 'NONE', #8881, 1000.000000000000000 ) ;
#7781 = CIRCLE ( 'NONE', #4475, 2.250000000000001776 ) ;
#7782 = VECTOR ( 'NONE', #3375, 1000.000000000000000 ) ;
#7783 = CARTESIAN_POINT ( 'NONE',  ( 11.31261843528553257, 67.40000000000000568, 3.071067811865472397 ) ) ;
#7784 = EDGE_CURVE ( 'NONE', #9587, #7369, #429, .T. ) ;
#7785 = CIRCLE ( 'NONE', #3078, 5.000000000000000000 ) ;
#7786 = CIRCLE ( 'NONE', #7616, 2.250000000000002220 ) ;
#7787 = DIRECTION ( 'NONE',  ( 1.000000000000000000, -4.657047620516661674E-50, 1.700709290173340409E-17 ) ) ;
#7788 = CARTESIAN_POINT ( 'NONE',  ( 2.249999999999994671, 9.999999999999998224, 0.000000000000000000 ) ) ;
#7789 = FACE_OUTER_BOUND ( 'NONE', #4306, .T. ) ;
#7790 = EDGE_LOOP ( 'NONE', ( #3458, #2010, #10674, #7586 ) ) ;
#7791 = FACE_OUTER_BOUND ( 'NONE', #7635, .T. ) ;
#7792 = ORIENTED_EDGE ( 'NONE', *, *, #1340, .T. ) ;
#7793 = ORIENTED_EDGE ( 'NONE', *, *, #6620, .T. ) ;
#7794 = EDGE_CURVE ( 'NONE', #1602, #7919, #25, .T. ) ;
#7795 = DIRECTION ( 'NONE',  ( -0.000000000000000000, -0.000000000000000000, 1.000000000000000000 ) ) ;
#7796 = EDGE_CURVE ( 'NONE', #4137, #7733, #802, .T. ) ;
#7797 = AXIS2_PLACEMENT_3D ( 'NONE', #5920, #4166, #8377 ) ;
#7798 =( BOUNDED_CURVE ( )  B_SPLINE_CURVE ( 3, ( #2815, #9744, #7783, #9489 ),
 .UNSPECIFIED., .F., .F. ) 
 B_SPLINE_CURVE_WITH_KNOTS ( ( 4, 4 ),
 ( 1.570796326794897002, 3.141592653589793116 ),
 .UNSPECIFIED. ) 
 CURVE ( )  GEOMETRIC_REPRESENTATION_ITEM ( )  RATIONAL_B_SPLINE_CURVE ( ( 1.000000000000000000, 0.8047378541243650485, 0.8047378541243650485, 1.000000000000000000 ) ) 
 REPRESENTATION_ITEM ( '' )  );
#7799 = CARTESIAN_POINT ( 'NONE',  ( -4.999999999999999112, 0.000000000000000000, 25.50000000000000000 ) ) ;
#7800 = CARTESIAN_POINT ( 'NONE',  ( 35.00000000000000000, -9.499999999999991118, 10.00000000000000000 ) ) ;
#7801 = CARTESIAN_POINT ( 'NONE',  ( -3.882005762298059270, 6.505213034913018715E-16, 0.3331307633411574876 ) ) ;
#7802 = ORIENTED_EDGE ( 'NONE', *, *, #7741, .F. ) ;
#7803 = CIRCLE ( 'NONE', #7992, 2.250000000000001776 ) ;
#7804 = DIRECTION ( 'NONE',  ( -1.000000000000000000, 0.000000000000000000, -0.000000000000000000 ) ) ;
#7806 = AXIS2_PLACEMENT_3D ( 'NONE', #5517, #4708, #907 ) ;
#7805 = CARTESIAN_POINT ( 'NONE',  ( 64.99999999999980105, 95.00000000000000000, -112.1326873879137622 ) ) ;
#7807 = CARTESIAN_POINT ( 'NONE',  ( 25.00000000000000355, -5.499999999999992895, 10.00000000000000000 ) ) ;
#7808 = DIRECTION ( 'NONE',  ( -0.000000000000000000, -1.000000000000000000, -0.000000000000000000 ) ) ;
#7809 = ORIENTED_EDGE ( 'NONE', *, *, #7926, .T. ) ;
#7810 = EDGE_CURVE ( 'NONE', #7369, #9587, #3068, .T. ) ;
#7811 =( GEOMETRIC_REPRESENTATION_CONTEXT ( 3 ) GLOBAL_UNCERTAINTY_ASSIGNED_CONTEXT ( ( #4019 ) ) GLOBAL_UNIT_ASSIGNED_CONTEXT ( ( #9221, #10040, #5068 ) ) REPRESENTATION_CONTEXT ( 'NONE', 'WORKASPACE' ) );
#7812 = FACE_OUTER_BOUND ( 'NONE', #2836, .T. ) ;
#7813 = DIRECTION ( 'NONE',  ( 1.000000000000000000, 7.703719777548943412E-34, 1.264933817329266432E-17 ) ) ;
#7814 = LINE ( 'NONE', #3671, #10425 ) ;
#7815 = DIRECTION ( 'NONE',  ( -1.577021341797097560E-16, -0.000000000000000000, 1.000000000000000000 ) ) ;
#7816 = ORIENTED_EDGE ( 'NONE', *, *, #4161, .T. ) ;
#7817 = CARTESIAN_POINT ( 'NONE',  ( -4.999999999999999112, 70.90000000000000568, 25.50000000000000000 ) ) ;
#7818 = ORIENTED_EDGE ( 'NONE', *, *, #2937, .T. ) ;
#7819 = ORIENTED_EDGE ( 'NONE', *, *, #3571, .T. ) ;
#7820 =( GEOMETRIC_REPRESENTATION_CONTEXT ( 3 ) GLOBAL_UNCERTAINTY_ASSIGNED_CONTEXT ( ( #9713 ) ) GLOBAL_UNIT_ASSIGNED_CONTEXT ( ( #3535, #10318, #3486 ) ) REPRESENTATION_CONTEXT ( 'NONE', 'WORKASPACE' ) );
#7821 = EDGE_CURVE ( 'NONE', #348, #7046, #7419, .T. ) ;
#7822 = CIRCLE ( 'NONE', #9226, 10.00000000000000178 ) ;
#7823 = LINE ( 'NONE', #10182, #310 ) ;
#7824 = VERTEX_POINT ( 'NONE', #2560 ) ;
#7825 = EDGE_LOOP ( 'NONE', ( #8781, #8827, #9541, #10361 ) ) ;
#7826 = AXIS2_PLACEMENT_3D ( 'NONE', #4755, #580, #2450 ) ;
#7827 = CARTESIAN_POINT ( 'NONE',  ( 5.000000000000000000, 70.90000000000000568, 1.000000000000001998 ) ) ;
#7828 = PRODUCT_DEFINITION_FORMATION_WITH_SPECIFIED_SOURCE ( 'ANY', '', #6071, .NOT_KNOWN. ) ;
#7829 = CARTESIAN_POINT ( 'NONE',  ( -10.00000000000000000, -10.00000000000000178, -11.00000000000000000 ) ) ;
#7830 = VECTOR ( 'NONE', #6436, 1000.000000000000000 ) ;
#7831 = CARTESIAN_POINT ( 'NONE',  ( 15.50000000000000000, 83.40000000000000568, 2.418211663346640430E-16 ) ) ;
#7832 = CARTESIAN_POINT ( 'NONE',  ( -4.999999999999999112, 70.90000000000000568, 25.50000000000000000 ) ) ;
#7833 = LINE ( 'NONE', #1977, #4483 ) ;
#7834 = AXIS2_PLACEMENT_3D ( 'NONE', #6614, #3327, #4916 ) ;
#7835 = VERTEX_POINT ( 'NONE', #863 ) ;
#7836 = EDGE_CURVE ( 'NONE', #2744, #3328, #10058, .T. ) ;
#7837 = PRODUCT_CONTEXT ( 'NONE', #1826, 'mechanical' ) ;
#7838 =( REPRESENTATION_RELATIONSHIP ('NONE','NONE', #1790, #5930 ) REPRESENTATION_RELATIONSHIP_WITH_TRANSFORMATION ( #4768 )SHAPE_REPRESENTATION_RELATIONSHIP( ) );
#7839 = CARTESIAN_POINT ( 'NONE',  ( 4.332851387010890676, 18.00000000000000000, -97.29470861319067865 ) ) ;
#7840 = VERTEX_POINT ( 'NONE', #5907 ) ;
#7841 = VERTEX_POINT ( 'NONE', #6665 ) ;
#7842 = ADVANCED_FACE ( 'NONE', ( #6714 ), #5847, .F. ) ;
#7843 = VECTOR ( 'NONE', #10168, 1000.000000000000341 ) ;
#7844 = CARTESIAN_POINT ( 'NONE',  ( 85.36863799491800364, 95.00000000000000000, -96.77829855763729938 ) ) ;
#7845 = DIRECTION ( 'NONE',  ( 0.000000000000000000, -1.000000000000000000, 0.000000000000000000 ) ) ;
#7846 = CARTESIAN_POINT ( 'NONE',  ( 2.500000000000000000, 67.90000000000000568, 0.5000000000000000000 ) ) ;
#7847 = VERTEX_POINT ( 'NONE', #1685 ) ;
#7848 = FACE_OUTER_BOUND ( 'NONE', #4118, .T. ) ;
#7849 = EDGE_CURVE ( 'NONE', #4324, #5582, #73, .T. ) ;
#7850 = ORIENTED_EDGE ( 'NONE', *, *, #7882, .T. ) ;
#7851 = ORIENTED_EDGE ( 'NONE', *, *, #6891, .F. ) ;
#7852 = CARTESIAN_POINT ( 'NONE',  ( 25.00000000000000000, 9.000000000000000000, 0.000000000000000000 ) ) ;
#7853 = DIRECTION ( 'NONE',  ( 0.000000000000000000, 0.000000000000000000, -1.000000000000000000 ) ) ;
#7854 = CARTESIAN_POINT ( 'NONE',  ( -24.99999999999999645, -10.49999999999999822, 10.00000000000000000 ) ) ;
#7855 = CARTESIAN_POINT ( 'NONE',  ( -3.764003191354647893, 0.01385626120187054798, 0.1662646025331125932 ) ) ;
#7856 = VERTEX_POINT ( 'NONE', #969 ) ;
#7857 = DIRECTION ( 'NONE',  ( -0.000000000000000000, -1.000000000000000000, -0.000000000000000000 ) ) ;
#7858 = EDGE_CURVE ( 'NONE', #4129, #8593, #9293, .T. ) ;
#7859 = LINE ( 'NONE', #5405, #1874 ) ;
#7860 =( LENGTH_UNIT ( ) NAMED_UNIT ( * ) SI_UNIT ( .MILLI., .METRE. ) );
#7861 = LINE ( 'NONE', #4639, #9770 ) ;
#7862 = DIRECTION ( 'NONE',  ( 1.000000000000000000, 0.000000000000000000, -0.000000000000000000 ) ) ;
#7863 = ORIENTED_EDGE ( 'NONE', *, *, #8117, .T. ) ;#7864 = CIRCLE ( 'NONE', #6945, 8.000000000000007105 ) ;
#7865 = EDGE_CURVE ( 'NONE', #2426, #826, #2190, .T. ) ;
#7866 = FACE_OUTER_BOUND ( 'NONE', #1433, .T. ) ;
#7867 = LINE ( 'NONE', #8537, #227 ) ;
#7868 = CARTESIAN_POINT ( 'NONE',  ( 9.999999999999998224, -15.00000000000000355, 5.000000000000000000 ) ) ;
#7869 = LINE ( 'NONE', #413, #3933 ) ;
#7870 = ORIENTED_EDGE ( 'NONE', *, *, #2146, .T. ) ;
#7871 = CARTESIAN_POINT ( 'NONE',  ( -67.07925725763350044, 10.00000000000000000, -84.99047725517949914 ) ) ;
#7872 = VERTEX_POINT ( 'NONE', #3441 ) ;
#7873 = ORIENTED_EDGE ( 'NONE', *, *, #3768, .F. ) ;
#7874 = DIRECTION ( 'NONE',  ( 0.000000000000000000, 0.000000000000000000, -1.000000000000000000 ) ) ;
#7875 = VERTEX_POINT ( 'NONE', #5083 ) ;
#7876 = VERTEX_POINT ( 'NONE', #8413 ) ;
#7877 = EDGE_CURVE ( 'NONE', #7046, #10205, #740, .T. ) ;
#7878 = CARTESIAN_POINT ( 'NONE',  ( 35.00000000000000000, -5.499999999999991118, 20.00000000000000000 ) ) ;
#7879 = DIRECTION ( 'NONE',  ( 1.000000000000000000, 0.000000000000000000, -2.775557561562891351E-16 ) ) ;
#7880 = DIRECTION ( 'NONE',  ( 0.000000000000000000, 0.000000000000000000, 1.000000000000000000 ) ) ;
#7882 = EDGE_CURVE ( 'NONE', #4470, #4987, #1626, .T. ) ;
#7881 = CARTESIAN_POINT ( 'NONE',  ( -10.00000000000000355, 12.50000000000000000, -5.000000000000000888 ) ) ;
#7883 = CARTESIAN_POINT ( 'NONE',  ( -4.335685432575668408, 18.00000000000000000, -84.86323411024815755 ) ) ;
#7884 = VERTEX_POINT ( 'NONE', #7650 ) ;
#7885 = CONTEXT_DEPENDENT_SHAPE_REPRESENTATION ( #8946, #16 ) ;
#7886 =( NAMED_UNIT ( * ) PLANE_ANGLE_UNIT ( ) SI_UNIT ( $, .RADIAN. ) );
#7887 = VERTEX_POINT ( 'NONE', #4966 ) ;
#7888 = EDGE_LOOP ( 'NONE', ( #5831, #8547, #9603, #6184 ) ) ;
#7889 = EDGE_CURVE ( 'NONE', #9695, #4374, #7423, .T. ) ;
#7890 = ADVANCED_FACE ( 'NONE', ( #9958 ), #10768, .T. ) ;
#7891 = CARTESIAN_POINT ( 'NONE',  ( -41.81980515339469662, -90.96194077712556236, 15.00000000000001421 ) ) ;
#7892 = DIRECTION ( 'NONE',  ( 4.329190716480530088E-18, -8.260587980841943710E-17, 1.000000000000000000 ) ) ;
#7893 = DIRECTION ( 'NONE',  ( -0.000000000000000000, -1.000000000000000000, -0.000000000000000000 ) ) ;
#7894 = ORIENTED_EDGE ( 'NONE', *, *, #10478, .F. ) ;
#7895 = CARTESIAN_POINT ( 'NONE',  ( -3.448468008754537628, 68.45025015461352780, -2.452339735778156893 ) ) ;
#7896 = DIRECTION ( 'NONE',  ( 1.000000000000000000, 0.000000000000000000, 0.000000000000000000 ) ) ;
#7897 = EDGE_LOOP ( 'NONE', ( #9869, #929, #5073, #8263 ) ) ;
#7898 = ORIENTED_EDGE ( 'NONE', *, *, #597, .F. ) ;
#7899 = CARTESIAN_POINT ( 'NONE',  ( -20.00000000000000000, -40.85786437626903478, -9.237977138729238172E-16 ) ) ;
#7900 = CARTESIAN_POINT ( 'NONE',  ( -9.999999999999996447, -45.00000000000000000, 0.000000000000000000 ) ) ;
#7901 = DIRECTION ( 'NONE',  ( 1.700709290173340409E-17, -0.000000000000000000, 1.000000000000000000 ) ) ;
#7903 = EDGE_CURVE ( 'NONE', #8698, #8911, #4319, .T. ) ;
#7902 = CYLINDRICAL_SURFACE ( 'NONE', #2389, 2.499999999999999112 ) ;
#7904 = ORIENTED_EDGE ( 'NONE', *, *, #5217, .F. ) ;
#7905 = CARTESIAN_POINT ( 'NONE',  ( 22.31344247896003097, 74.67986544671987303, -28.54374205374394080 ) ) ;
#7906 = CARTESIAN_POINT ( 'NONE',  ( 25.00000000000000000, 0.000000000000000000, 0.000000000000000000 ) ) ;
#7907 = EDGE_CURVE ( 'NONE', #78, #8698, #3496, .T. ) ;
#7908 = FACE_OUTER_BOUND ( 'NONE', #10639, .T. ) ;
#7909 = AXIS2_PLACEMENT_3D ( 'NONE', #3911, #7240, #10584 ) ;
#7910 = CARTESIAN_POINT ( 'NONE',  ( 9.999999999999992895, 18.00000000000000000, -30.78819291295087979 ) ) ;
#7911 = CARTESIAN_POINT ( 'NONE',  ( 15.31657277250937810, -9.000000000000001776, 16.99999999999999289 ) ) ;
#7912 = ORIENTED_EDGE ( 'NONE', *, *, #512, .F. ) ;
#7913 = EDGE_CURVE ( 'NONE', #10034, #10178, #6555, .T. ) ;
#7914 = DIRECTION ( 'NONE',  ( -0.9643930182549379504, 0.000000000000000000, -0.2644732620533332135 ) ) ;
#7915 = CIRCLE ( 'NONE', #5130, 8.000000000000007105 ) ;
#7916 = LINE ( 'NONE', #10383, #9852 ) ;
#7917 = CARTESIAN_POINT ( 'NONE',  ( -85.36863799491800364, 0.000000000000000000, -96.77829855763729938 ) ) ;
#7918 = CARTESIAN_POINT ( 'NONE',  ( 10.00000000000000355, -12.50000000000000000, -4.999999999999995559 ) ) ;
#7919 = VERTEX_POINT ( 'NONE', #7743 ) ;
#7920 = LINE ( 'NONE', #7002, #4316 ) ;
#7921 = ORIENTED_EDGE ( 'NONE', *, *, #2652, .F. ) ;
#7922 = ORIENTED_EDGE ( 'NONE', *, *, #10468, .T. ) ;
#7923 = FACE_OUTER_BOUND ( 'NONE', #1805, .T. ) ;
#7924 = ORIENTED_EDGE ( 'NONE', *, *, #2033, .T. ) ;
#7925 = ORIENTED_EDGE ( 'NONE', *, *, #2211, .T. ) ;
#7926 = EDGE_CURVE ( 'NONE', #7779, #8309, #5250, .T. ) ;
#7927 = VECTOR ( 'NONE', #2676, 1000.000000000000000 ) ;
#7928 = DIRECTION ( 'NONE',  ( 1.000000000000000000, 0.000000000000000000, -0.000000000000000000 ) ) ;
#7929 =( LENGTH_UNIT ( ) NAMED_UNIT ( * ) SI_UNIT ( .MILLI., .METRE. ) );
#7930 = AXIS2_PLACEMENT_3D ( 'NONE', #64, #855, #4201 ) ;
#7931 = AXIS2_PLACEMENT_3D ( 'NONE', #1949, #1027, #2878 ) ;
#7932 = DIRECTION ( 'NONE',  ( 0.000000000000000000, 0.000000000000000000, -1.000000000000000000 ) ) ;
#7933 = LINE ( 'NONE', #7060, #4342 ) ;
#7934 = CARTESIAN_POINT ( 'NONE',  ( 0.000000000000000000, 200.0000000000000000, 0.000000000000000000 ) ) ;
#7935 = EDGE_LOOP ( 'NONE', ( #2249, #10501 ) ) ;
#7936 = DIRECTION ( 'NONE',  ( 0.000000000000000000, 0.000000000000000000, -1.000000000000000000 ) ) ;
#7937 = ORIENTED_EDGE ( 'NONE', *, *, #3591, .T. ) ;
#7938 = ORIENTED_EDGE ( 'NONE', *, *, #5814, .F. ) ;
#7939 = DIRECTION ( 'NONE',  ( 0.000000000000000000, 0.000000000000000000, 1.000000000000000000 ) ) ;
#7940 = VECTOR ( 'NONE', #2471, 1000.000000000000000 ) ;
#7941 = AXIS2_PLACEMENT_3D ( 'NONE', #8056, #2980, #7228 ) ;
#7942 = EDGE_CURVE ( 'NONE', #2790, #2004, #185, .T. ) ;
#7943 = EDGE_CURVE ( 'NONE', #4349, #2516, #9712, .T. ) ;
#7944 = AXIS2_PLACEMENT_3D ( 'NONE', #8019, #8619, #2874 ) ;
#7945 = FACE_BOUND ( 'NONE', #1552, .T. ) ;
#7946 = VECTOR ( 'NONE', #1610, 1000.000000000000000 ) ;
#7947 = DIRECTION ( 'NONE',  ( -0.000000000000000000, -1.000000000000000000, -0.000000000000000000 ) ) ;
#7948 = VECTOR ( 'NONE', #10035, 1000.000000000000000 ) ;
#7949 = VERTEX_POINT ( 'NONE', #5188 ) ;
#7950 = DIRECTION ( 'NONE',  ( 0.000000000000000000, 0.000000000000000000, -1.000000000000000000 ) ) ;
#7951 = DIRECTION ( 'NONE',  ( 0.000000000000000000, 0.000000000000000000, 1.000000000000000000 ) ) ;
#7952 = AXIS2_PLACEMENT_3D ( 'NONE', #10188, #4232, #1876 ) ;
#7953 = UNCERTAINTY_MEASURE_WITH_UNIT (LENGTH_MEASURE( 1.000000000000000082E-05 ), #7132, 'distance_accuracy_value', 'NONE');
#7954 = ORIENTED_EDGE ( 'NONE', *, *, #8665, .F. ) ;
#7956 = VERTEX_POINT ( 'NONE', #2005 ) ;
#7955 = CIRCLE ( 'NONE', #2615, 2.250000000000001776 ) ;
#7957 = EDGE_CURVE ( 'NONE', #9273, #3170, #5873, .T. ) ;
#7958 = EDGE_CURVE ( 'NONE', #4970, #8427, #6063, .T. ) ;
#7959 = DIRECTION ( 'NONE',  ( 0.000000000000000000, 0.000000000000000000, 1.000000000000000000 ) ) ;
#7960 = CIRCLE ( 'NONE', #3238, 10.00000000000000178 ) ;
#7961 = AXIS2_PLACEMENT_3D ( 'NONE', #4380, #5965, #4325 ) ;
#7962 = AXIS2_PLACEMENT_3D ( 'NONE', #6163, #1031, #1190 ) ;
#7963 = DIRECTION ( 'NONE',  ( 0.000000000000000000, 0.000000000000000000, 1.000000000000000000 ) ) ;
#7964 = DIRECTION ( 'NONE',  ( 0.000000000000000000, 1.000000000000000000, 0.000000000000000000 ) ) ;
#7965 = DIRECTION ( 'NONE',  ( 0.000000000000000000, 0.000000000000000000, -1.000000000000000000 ) ) ;
#7966 = ORIENTED_EDGE ( 'NONE', *, *, #9477, .F. ) ;
#7967 = PLANE ( 'NONE',  #3946 ) ;
#7968 = DIRECTION ( 'NONE',  ( 0.8425558180458874169, 0.000000000000000000, -0.5386090358293532665 ) ) ;
#7969 = AXIS2_PLACEMENT_3D ( 'NONE', #3675, #8795, #6239 ) ;
#7970 = CARTESIAN_POINT ( 'NONE',  ( 64.46620431643836469, 0.000000000000000000, -107.8905347760015161 ) ) ;
#7971 = EDGE_CURVE ( 'NONE', #3144, #10482, #8577, .T. ) ;
#7972 = VECTOR ( 'NONE', #9966, 1000.000000000000000 ) ;
#7973 = DIRECTION ( 'NONE',  ( 1.000000000000000000, -0.000000000000000000, -0.000000000000000000 ) ) ;
#7974 = LINE ( 'NONE', #3825, #9857 ) ;
#7975 = ORIENTED_EDGE ( 'NONE', *, *, #7092, .T. ) ;
#7976 = CIRCLE ( 'NONE', #10255, 9.999999999999998224 ) ;
#7977 = EDGE_CURVE ( 'NONE', #7388, #6420, #10279, .T. ) ;
#7978 = LINE ( 'NONE', #10492, #4186 ) ;
#7979 = AXIS2_PLACEMENT_3D ( 'NONE', #7012, #1375, #3844 ) ;
#7980 = VECTOR ( 'NONE', #8851, 1000.000000000000000 ) ;
#7981 = FACE_OUTER_BOUND ( 'NONE', #7617, .T. ) ;
#7982 = DIRECTION ( 'NONE',  ( -0.000000000000000000, -1.000000000000000000, -0.000000000000000000 ) ) ;
#7983 = LINE ( 'NONE', #7918, #7595 ) ;
#7984 = ORIENTED_EDGE ( 'NONE', *, *, #7720, .T. ) ;
#7985 = DIRECTION ( 'NONE',  ( -8.895006672729878318E-17, -0.000000000000000000, 1.000000000000000000 ) ) ;
#7986 = ORIENTED_EDGE ( 'NONE', *, *, #4302, .T. ) ;
#7987 = EDGE_LOOP ( 'NONE', ( #2824, #6466, #5896, #10180, #8949, #9085, #8258, #5467, #7499, #8688, #1906, #10170, #1220, #8248, #317, #6760, #879, #1169, #6432, #4250 ) ) ;
#7988 = ADVANCED_FACE ( 'NONE', ( #4481 ), #6001, .T. ) ;
#7989 = DIRECTION ( 'NONE',  ( 0.000000000000000000, 0.000000000000000000, 1.000000000000000000 ) ) ;
#7990 = ORIENTED_EDGE ( 'NONE', *, *, #4328, .F. ) ;
#7991 = EDGE_LOOP ( 'NONE', ( #1864, #9060, #2348, #3939 ) ) ;
#7992 = AXIS2_PLACEMENT_3D ( 'NONE', #1191, #300, #10073 ) ;
#7993 = LINE ( 'NONE', #4660, #5872 ) ;
#7994 = AXIS2_PLACEMENT_3D ( 'NONE', #6650, #2373, #9942 ) ;
#7995 = ADVANCED_FACE ( 'NONE', ( #299 ), #4424, .T. ) ;
#7996 = DIRECTION ( 'NONE',  ( -1.000000000000000000, 0.000000000000000000, 0.000000000000000000 ) ) ;
#7997 = AXIS2_PLACEMENT_3D ( 'NONE', #5235, #5946, #6149 ) ;
#7998 = FACE_BOUND ( 'NONE', #148, .T. ) ;
#7999 = CARTESIAN_POINT ( 'NONE',  ( 4.999999999999999112, 70.90000000000000568, 25.50000000000000000 ) ) ;
#8000 = ORIENTED_EDGE ( 'NONE', *, *, #10532, .T. ) ;
#8001 = APPLICATION_PROTOCOL_DEFINITION ( 'draft international standard', 'automotive_design', 1998, #7628 ) ;
#8002 = DIRECTION ( 'NONE',  ( -0.000000000000000000, -0.000000000000000000, 1.000000000000000000 ) ) ;
#8003 = EDGE_LOOP ( 'NONE', ( #5134, #9499, #10080, #2647 ) ) ;
#8004 = VERTEX_POINT ( 'NONE', #8684 ) ;
#8005 = ORIENTED_EDGE ( 'NONE', *, *, #6455, .T. ) ;
#8006 = AXIS2_PLACEMENT_3D ( 'NONE', #4723, #1317, #2856 ) ;
#8007 = VECTOR ( 'NONE', #3993, 1000.000000000000000 ) ;
#8008 = CIRCLE ( 'NONE', #7670, 2.000000000000001776 ) ;
#8009 = CARTESIAN_POINT ( 'NONE',  ( 9.063930161978817068E-16, 15.00000000000000000, 23.99999999999999645 ) ) ;
#8010 = CARTESIAN_POINT ( 'NONE',  ( -1.924702886938330026, 9.000000000000000000, -84.20205095511482796 ) ) ;
#8011 = DIRECTION ( 'NONE',  ( -0.000000000000000000, 1.000000000000000000, -0.000000000000000000 ) ) ;
#8012 = ORIENTED_EDGE ( 'NONE', *, *, #10486, .F. ) ;
#8013 = DIRECTION ( 'NONE',  ( -1.000000000000000000, -0.000000000000000000, -0.000000000000000000 ) ) ;
#8014 = CARTESIAN_POINT ( 'NONE',  ( 5.204170427930421283E-15, 0.000000000000000000, 28.54374205374393370 ) ) ;
#8015 = ORIENTED_EDGE ( 'NONE', *, *, #6958, .F. ) ;
#8016 = EDGE_LOOP ( 'NONE', ( #8205, #7291, #9364, #4797 ) ) ;
#8017 = PRODUCT_RELATED_PRODUCT_CATEGORY ( 'part', '', ( #10269 ) ) ;
#8018 = AXIS2_PLACEMENT_3D ( 'NONE', #6748, #10095, #1402 ) ;
#8019 = CARTESIAN_POINT ( 'NONE',  ( -36.11437855969458610, -71.11437855969452926, -4.763511508049220744 ) ) ;
#8020 = AXIS2_PLACEMENT_3D ( 'NONE', #8368, #2451, #3378 ) ;
#8021 = DIRECTION ( 'NONE',  ( 0.000000000000000000, 0.000000000000000000, -1.000000000000000000 ) ) ;
#8022 = ADVANCED_FACE ( 'NONE', ( #2832 ), #9342, .T. ) ;
#8023 = CARTESIAN_POINT ( 'NONE',  ( 2.499999999999999556, 70.90000000000000568, 25.50000000000000000 ) ) ;
#8024 = FACE_OUTER_BOUND ( 'NONE', #5162, .T. ) ;
#8025 = ORIENTED_EDGE ( 'NONE', *, *, #6685, .F. ) ;
#8026 = CARTESIAN_POINT ( 'NONE',  ( 15.31657277250937810, 79.89999999999996305, 3.071067811865476394 ) ) ;
#8027 = DIRECTION ( 'NONE',  ( 1.156482317317871725E-16, 0.000000000000000000, -1.000000000000000000 ) ) ;
#8028 = DIRECTION ( 'NONE',  ( 0.7147181510295875784, 0.000000000000000000, -0.6994125853806519855 ) ) ;
#8029 = DIRECTION ( 'NONE',  ( 0.000000000000000000, 1.000000000000000000, 0.000000000000000000 ) ) ;
#8030 = PLANE ( 'NONE',  #9522 ) ;
#8031 = ORIENTED_EDGE ( 'NONE', *, *, #9393, .T. ) ;
#8032 = DIRECTION ( 'NONE',  ( 0.000000000000000000, 0.000000000000000000, 1.000000000000000000 ) ) ;
#8033 = EDGE_CURVE ( 'NONE', #10135, #535, #4535, .T. ) ;
#8034 = ADVANCED_FACE ( 'NONE', ( #355 ), #3705, .F. ) ;
#8035 = AXIS2_PLACEMENT_3D ( 'NONE', #5619, #10599, #6441 ) ;
#8036 = LINE ( 'NONE', #8077, #6009 ) ;
#8037 = FACE_OUTER_BOUND ( 'NONE', #3314, .T. ) ;
#8038 = DIRECTION ( 'NONE',  ( 0.000000000000000000, 0.000000000000000000, 1.000000000000000000 ) ) ;
#8039 = ORIENTED_EDGE ( 'NONE', *, *, #2310, .F. ) ;
#8040 = CARTESIAN_POINT ( 'NONE',  ( 15.05453387609420624, 74.89999999999999147, 22.00000000000001421 ) ) ;
#8041 = ORIENTED_EDGE ( 'NONE', *, *, #3885, .T. ) ;
#8042 = DIRECTION ( 'NONE',  ( 0.000000000000000000, 0.000000000000000000, -1.000000000000000000 ) ) ;
#8043 = ORIENTED_EDGE ( 'NONE', *, *, #6342, .F. ) ;
#8044 = ORIENTED_EDGE ( 'NONE', *, *, #2777, .T. ) ;
#8045 = DIRECTION ( 'NONE',  ( -2.602085213965210642E-16, 1.000000000000000000, -0.000000000000000000 ) ) ;
#8046 = DIRECTION ( 'NONE',  ( -1.000000000000000000, 0.000000000000000000, -0.000000000000000000 ) ) ;
#8047 = CARTESIAN_POINT ( 'NONE',  ( 26.31344247896003097, 74.67986544671987303, -120.2803298308827920 ) ) ;
#8048 = DIRECTION ( 'NONE',  ( 1.734723475976808672E-15, 1.734723475976804728E-15, -1.000000000000000000 ) ) ;
#8049 = DIRECTION ( 'NONE',  ( 1.000000000000000000, 7.485140541509504314E-50, 1.700709290173340409E-17 ) ) ;
#8050 = EDGE_LOOP ( 'NONE', ( #3865, #2659, #1391, #10231, #8041 ) ) ;
#8051 =( NAMED_UNIT ( * ) SI_UNIT ( $, .STERADIAN. ) SOLID_ANGLE_UNIT ( ) );
#8052 = VERTEX_POINT ( 'NONE', #7697 ) ;
#8053 = ORIENTED_EDGE ( 'NONE', *, *, #1222, .T. ) ;
#8054 = EDGE_CURVE ( 'NONE', #3053, #2769, #6221, .T. ) ;
#8055 = EDGE_CURVE ( 'NONE', #2710, #1457, #6912, .T. ) ;
#8056 = CARTESIAN_POINT ( 'NONE',  ( -41.81980515339471083, -90.96194077712557657, 23.00000000000001066 ) ) ;
#8057 = DIRECTION ( 'NONE',  ( 0.000000000000000000, 0.000000000000000000, 1.000000000000000000 ) ) ;
#8058 = VERTEX_POINT ( 'NONE', #7905 ) ;
#8059 = DIRECTION ( 'NONE',  ( -1.700709290173340409E-17, 0.000000000000000000, -1.000000000000000000 ) ) ;
#8060 =( NAMED_UNIT ( * ) SI_UNIT ( $, .STERADIAN. ) SOLID_ANGLE_UNIT ( ) );
#8061 = UNCERTAINTY_MEASURE_WITH_UNIT (LENGTH_MEASURE( 1.000000000000000082E-05 ), #8715, 'distance_accuracy_value', 'NONE');
#8062 = ORIENTED_EDGE ( 'NONE', *, *, #10363, .T. ) ;
#8063 = VERTEX_POINT ( 'NONE', #6872 ) ;
#8064 = DIRECTION ( 'NONE',  ( -0.000000000000000000, -1.000000000000000000, -0.000000000000000000 ) ) ;
#8065 = CARTESIAN_POINT ( 'NONE',  ( -74.99999999999998579, 0.000000000000000000, 74.99999999999997158 ) ) ;
#8066 = FACE_BOUND ( 'NONE', #8643, .T. ) ;
#8067 = DIRECTION ( 'NONE',  ( -7.309661901652530912E-17, -0.7118920901450974670, -0.7022888664850415186 ) ) ;
#8068 = VERTEX_POINT ( 'NONE', #400 ) ;
#8069 = CYLINDRICAL_SURFACE ( 'NONE', #99, 2.500000000000002220 ) ;
#8070 = PLANE ( 'NONE',  #2611 ) ;
#8071 = LINE ( 'NONE', #8192, #2875 ) ;
#8072 = EDGE_LOOP ( 'NONE', ( #6048, #371, #1777, #3353 ) ) ;
#8073 = ADVANCED_FACE ( 'NONE', ( #3757 ), #7091, .F. ) ;
#8074 = CARTESIAN_POINT ( 'NONE',  ( 58.67999999999999972, 5.000000000000000000, 0.000000000000000000 ) ) ;
#8075 = EDGE_CURVE ( 'NONE', #6240, #7835, #1443, .T. ) ;
#8076 = SHAPE_REPRESENTATION ( 'Jaw_Contact_Block_B', ( #9029 ), #9749 ) ;
#8077 = CARTESIAN_POINT ( 'NONE',  ( 11.12919120779491244, 70.90000000000000568, -2.499999999999998668 ) ) ;
#8078 = LINE ( 'NONE', #1518, #4504 ) ;
#8079 = CARTESIAN_POINT ( 'NONE',  ( 38.65252493663746947, 95.00000000000000000, 12.26998839547777642 ) ) ;
#8080 = ORIENTED_EDGE ( 'NONE', *, *, #10630, .F. ) ;
#8081 = AXIS2_PLACEMENT_3D ( 'NONE', #8991, #7300, #6530 ) ;
#8082 = CARTESIAN_POINT ( 'NONE',  ( -69.07332122148433484, 95.00000000000000000, -119.1878866990734736 ) ) ;
#8083 = ORIENTED_EDGE ( 'NONE', *, *, #4802, .T. ) ;
#8084 = CARTESIAN_POINT ( 'NONE',  ( 2.999999999999999112, 0.000000000000000000, -85.14486490616359049 ) ) ;
#8085 = EDGE_LOOP ( 'NONE', ( #4235, #6708, #9198, #2266 ) ) ;
#8086 = VERTEX_POINT ( 'NONE', #3039 ) ;
#8087 = EDGE_CURVE ( 'NONE', #9674, #9088, #7351, .T. ) ;
#8088 = LINE ( 'NONE', #586, #4298 ) ;
#8089 = EDGE_CURVE ( 'NONE', #4933, #2208, #9624, .T. ) ;
#8090 = AXIS2_PLACEMENT_3D ( 'NONE', #3281, #4332, #6725 ) ;
#8091 = CARTESIAN_POINT ( 'NONE',  ( 22.75000000000000711, -10.49999999999999112, 10.00000000000000000 ) ) ;
#8092 = DIRECTION ( 'NONE',  ( 3.068079190820900971E-33, -1.000000000000000000, -1.816464372750583135E-16 ) ) ;
#8093 = DIRECTION ( 'NONE',  ( 0.000000000000000000, 0.000000000000000000, -1.000000000000000000 ) ) ;
#8094 = FACE_OUTER_BOUND ( 'NONE', #619, .T. ) ;
#8095 = VERTEX_POINT ( 'NONE', #3821 ) ;
#8096 = EDGE_LOOP ( 'NONE', ( #3537, #3061, #556, #8974 ) ) ;
#8097 = CONTEXT_DEPENDENT_SHAPE_REPRESENTATION ( #7838, #6672 ) ;
#8098 = AXIS2_PLACEMENT_3D ( 'NONE', #10819, #10118, #10706 ) ;
#8099 = CARTESIAN_POINT ( 'NONE',  ( -27.68655752103997258, 74.67986544671987303, -42.59593772390965682 ) ) ;
#8100 = ORIENTED_EDGE ( 'NONE', *, *, #2138, .T. ) ;
#8101 = EDGE_LOOP ( 'NONE', ( #9027, #7181, #6628, #5982 ) ) ;
#8102 = EDGE_CURVE ( 'NONE', #2943, #10030, #5613, .T. ) ;
#8103 = EDGE_CURVE ( 'NONE', #9111, #8238, #6323, .T. ) ;
#8104 = AXIS2_PLACEMENT_3D ( 'NONE', #7098, #3763, #3710 ) ;
#8105 = AXIS2_PLACEMENT_3D ( 'NONE', #3702, #5342, #4421 ) ;
#8106 = EDGE_CURVE ( 'NONE', #7876, #988, #10410, .T. ) ;
#8107 = VERTEX_POINT ( 'NONE', #5503 ) ;
#8108 = CARTESIAN_POINT ( 'NONE',  ( 0.000000000000000000, 70.90000000000000568, 0.000000000000000000 ) ) ;
#8109 = DIRECTION ( 'NONE',  ( -1.000000000000000000, 0.000000000000000000, -1.700709290173340409E-17 ) ) ;
#8110 = LINE ( 'NONE', #1432, #2722 ) ;
#8111 = VERTEX_POINT ( 'NONE', #3101 ) ;
#8112 = CARTESIAN_POINT ( 'NONE',  ( -26.24777966571251753, -61.24777966571249976, -11.00000000000000000 ) ) ;
#8113 = VERTEX_POINT ( 'NONE', #1348 ) ;
#8114 = ORIENTED_EDGE ( 'NONE', *, *, #5494, .F. ) ;
#8115 = VECTOR ( 'NONE', #7524, 1000.000000000000114 ) ;
#8116 = ADVANCED_BREP_SHAPE_REPRESENTATION ( '', ( #9807, #9029 ), #2933 ) ;
#8117 = EDGE_CURVE ( 'NONE', #8449, #9151, #8127, .T. ) ;
#8118 = AXIS2_PLACEMENT_3D ( 'NONE', #8768, #6308, #7178 ) ;
#8119 = CARTESIAN_POINT ( 'NONE',  ( -37.48849769918442831, -72.48849769918437858, 15.00000000000001421 ) ) ;
#8120 = CIRCLE ( 'NONE', #1838, 2.250000000000001776 ) ;
#8121 = AXIS2_PLACEMENT_3D ( 'NONE', #4547, #1410, #6237 ) ;
#8122 = DIRECTION ( 'NONE',  ( 1.000000000000000000, 0.000000000000000000, 0.000000000000000000 ) ) ;
#8123 = AXIS2_PLACEMENT_3D ( 'NONE', #5156, #10245, #1813 ) ;
#8124 = DIRECTION ( 'NONE',  ( -0.000000000000000000, -1.000000000000000000, -0.000000000000000000 ) ) ;
#8125 = CARTESIAN_POINT ( 'NONE',  ( -41.81980515339469662, -90.96194077712556236, 15.00000000000001421 ) ) ;
#8126 = ORIENTED_EDGE ( 'NONE', *, *, #3874, .F. ) ;
#8127 = LINE ( 'NONE', #4696, #8315 ) ;
#8128 = CYLINDRICAL_SURFACE ( 'NONE', #5546, 2.750000000000000000 ) ;
#8129 = DIRECTION ( 'NONE',  ( -1.000000000000000000, 6.842277657836022373E-49, -1.700709290173340409E-17 ) ) ;
#8130 = ADVANCED_FACE ( 'NONE', ( #2220 ), #7967, .F. ) ;
#8131 = DIRECTION ( 'NONE',  ( -0.000000000000000000, -1.000000000000000000, 0.000000000000000000 ) ) ;
#8132 = DIRECTION ( 'NONE',  ( 0.000000000000000000, -1.000000000000000000, 0.000000000000000000 ) ) ;
#8133 = ORIENTED_EDGE ( 'NONE', *, *, #9802, .F. ) ;
#8134 = AXIS2_PLACEMENT_3D ( 'NONE', #7464, #6759, #3358 ) ;
#8135 = ADVANCED_FACE ( 'NONE', ( #8838 ), #6433, .F. ) ;
#8136 = AXIS2_PLACEMENT_3D ( 'NONE', #3969, #1604, #4846 ) ;
#8137 = AXIS2_PLACEMENT_3D ( 'NONE', #10370, #2882, #4375 ) ;
#8138 = EDGE_CURVE ( 'NONE', #3676, #10687, #3776, .T. ) ;
#8139 = CARTESIAN_POINT ( 'NONE',  ( 15.49999999999999822, -12.50000000000000000, 24.25735931288071257 ) ) ;
#8140 = DIRECTION ( 'NONE',  ( 0.000000000000000000, 1.000000000000000000, 0.000000000000000000 ) ) ;
#8141 = CIRCLE ( 'NONE', #6911, 10.00000000000000000 ) ;
#8142 = CARTESIAN_POINT ( 'NONE',  ( 58.74171087241099087, 85.00000000000000000, -90.51182856389574738 ) ) ;
#8143 = FACE_OUTER_BOUND ( 'NONE', #2684, .T. ) ;
#8144 = EDGE_LOOP ( 'NONE', ( #5015, #4147, #5798, #1639 ) ) ;
#8145 = DIRECTION ( 'NONE',  ( 0.000000000000000000, 0.000000000000000000, 1.000000000000000000 ) ) ;
#8146 = AXIS2_PLACEMENT_3D ( 'NONE', #9080, #86, #5092 ) ;
#8147 = LINE ( 'NONE', #7421, #5916 ) ;
#8148 = CYLINDRICAL_SURFACE ( 'NONE', #1199, 8.000000000000007105 ) ;
#8149 = EDGE_CURVE ( 'NONE', #1941, #3350, #8155, .T. ) ;
#8150 = VERTEX_POINT ( 'NONE', #2314 ) ;
#8151 = ORIENTED_EDGE ( 'NONE', *, *, #3227, .F. ) ;
#8152 = DIRECTION ( 'NONE',  ( 1.734723475976807094E-16, -1.000000000000000000, 0.000000000000000000 ) ) ;
#8153 = AXIS2_PLACEMENT_3D ( 'NONE', #10723, #5695, #3223 ) ;
#8154 = CIRCLE ( 'NONE', #5359, 2.250000000000001776 ) ;
#8155 =( BOUNDED_CURVE ( )  B_SPLINE_CURVE ( 3, ( #2995, #8026, #519, #1504 ),
 .UNSPECIFIED., .F., .F. ) 
 B_SPLINE_CURVE_WITH_KNOTS ( ( 4, 4 ),
 ( 0.000000000000000000, 1.570796326794897002 ),
 .UNSPECIFIED. ) 
 CURVE ( )  GEOMETRIC_REPRESENTATION_ITEM ( )  RATIONAL_B_SPLINE_CURVE ( ( 1.000000000000000000, 0.8047378541243649375, 0.8047378541243649375, 1.000000000000000000 ) ) 
 REPRESENTATION_ITEM ( '' )  );
#8156 = CARTESIAN_POINT ( 'NONE',  ( -59.14441049068477696, 95.00000000000000000, -100.2793298308827872 ) ) ;
#8157 = DIRECTION ( 'NONE',  ( 0.000000000000000000, 0.000000000000000000, 1.000000000000000000 ) ) ;
#8158 = EDGE_CURVE ( 'NONE', #2004, #5524, #8897, .T. ) ;
#8159 = DIRECTION ( 'NONE',  ( -8.895006672729878318E-17, -0.000000000000000000, 1.000000000000000000 ) ) ;
#8160 = CARTESIAN_POINT ( 'NONE',  ( 25.00000000000000000, 0.000000000000000000, 10.00000000000000000 ) ) ;
#8161 = ORIENTED_EDGE ( 'NONE', *, *, #2000, .F. ) ;
#8162 = ORIENTED_EDGE ( 'NONE', *, *, #5672, .T. ) ;
#8163 = AXIS2_PLACEMENT_3D ( 'NONE', #6933, #6991, #5093 ) ;
#8164 = CARTESIAN_POINT ( 'NONE',  ( 4.999999999999998224, 18.00000000000000000, -85.14486490616359049 ) ) ;
#8165 = ORIENTED_EDGE ( 'NONE', *, *, #3159, .F. ) ;
#8166 = VERTEX_POINT ( 'NONE', #1400 ) ;
#8167 = AXIS2_PLACEMENT_3D ( 'NONE', #5939, #3304, #6584 ) ;
#8168 = VECTOR ( 'NONE', #7021, 1000.000000000000000 ) ;
#8169 = ADVANCED_FACE ( 'NONE', ( #565, #2944, #4856, #3916, #7194, #620 ), #6279, .F. ) ;
#8170 = ORIENTED_EDGE ( 'NONE', *, *, #661, .T. ) ;
#8171 = DIRECTION ( 'NONE',  ( -0.000000000000000000, -1.000000000000000000, -0.000000000000000000 ) ) ;
#8172 = CARTESIAN_POINT ( 'NONE',  ( 6.035533905932735976, 0.000000000000000000, -49.99999999999957367 ) ) ;
#8173 = FACE_OUTER_BOUND ( 'NONE', #7048, .T. ) ;
#8174 = EDGE_LOOP ( 'NONE', ( #9660, #451 ) ) ;
#8175 = CARTESIAN_POINT ( 'NONE',  ( 64.46620431643836469, 96.00000000000000000, -81.59679272225757529 ) ) ;
#8176 = ORIENTED_EDGE ( 'NONE', *, *, #6261, .T. ) ;
#8177 = VERTEX_POINT ( 'NONE', #10531 ) ;
#8178 = AXIS2_PLACEMENT_3D ( 'NONE', #5772, #5876, #4065 ) ;
#8179 = DIRECTION ( 'NONE',  ( -0.7071067811865484609, -0.7071067811865465735, -0.000000000000000000 ) ) ;
#8180 = CIRCLE ( 'NONE', #7826, 5.500000000000000000 ) ;
#8181 = DIRECTION ( 'NONE',  ( -1.387778780781445676E-16, 1.000000000000000000, -0.000000000000000000 ) ) ;
#8182 = EDGE_CURVE ( 'NONE', #3514, #2099, #681, .T. ) ;
#8183 = CARTESIAN_POINT ( 'NONE',  ( -24.14213562373096522, -59.14213562373093680, 0.000000000000000000 ) ) ;
#8184 = CARTESIAN_POINT ( 'NONE',  ( 59.14441049068479117, 9.999999999999994671, -100.2793298308827872 ) ) ;
#8185 = VERTEX_POINT ( 'NONE', #9161 ) ;
#8186 = CARTESIAN_POINT ( 'NONE',  ( 94.00000000000001421, 95.00000000000000000, -104.7964619962940844 ) ) ;
#8187 = CARTESIAN_POINT ( 'NONE',  ( 7.499999999999992895, 18.00000000000000000, -81.58229419209513367 ) ) ;
#8188 = COLOUR_RGB ( '',0.7921568627450980005, 0.8196078431372548767, 0.9333333333333333481 ) ;
#8189 = ORIENTED_EDGE ( 'NONE', *, *, #1670, .F. ) ;
#8190 = APPLICATION_CONTEXT ( 'automotive_design' ) ;
#8191 = CARTESIAN_POINT ( 'NONE',  ( 0.000000000000000000, 9.000000000000000000, -10.00000000000000888 ) ) ;
#8192 = CARTESIAN_POINT ( 'NONE',  ( 15.50000000000000000, -4.000000000000000888, 1.000000000000000222 ) ) ;
#8193 = ORIENTED_EDGE ( 'NONE', *, *, #3571, .F. ) ;
#8194 = DIRECTION ( 'NONE',  ( 0.000000000000000000, 0.000000000000000000, 1.000000000000000000 ) ) ;
#8195 = VECTOR ( 'NONE', #1082, 1000.000000000000000 ) ;
#8196 = CARTESIAN_POINT ( 'NONE',  ( -20.98969858723280879, 9.000000000000000000, -5.229422174922485844 ) ) ;
#8197 = CARTESIAN_POINT ( 'NONE',  ( 0.000000000000000000, 50.00000000000001421, -2.999999999999999556 ) ) ;
#8198 = FACE_BOUND ( 'NONE', #6196, .T. ) ;
#8199 = VERTEX_POINT ( 'NONE', #728 ) ;
#8200 = DIRECTION ( 'NONE',  ( 1.000000000000000000, 0.000000000000000000, 0.000000000000000000 ) ) ;
#8201 = VECTOR ( 'NONE', #410, 1000.000000000000000 ) ;
#8202 = CARTESIAN_POINT ( 'NONE',  ( 98.00000000000000000, 85.00000000000000000, -0.2793298308826699938 ) ) ;
#8203 = DIRECTION ( 'NONE',  ( 0.000000000000000000, 0.000000000000000000, 1.000000000000000000 ) ) ;
#8204 = EDGE_LOOP ( 'NONE', ( #7304, #9214, #9921, #5812 ) ) ;
#8205 = ORIENTED_EDGE ( 'NONE', *, *, #2968, .F. ) ;
#8206 = DIRECTION ( 'NONE',  ( 0.7071067811865484609, 0.7071067811865465735, 0.000000000000000000 ) ) ;
#8207 = FACE_BOUND ( 'NONE', #120, .T. ) ;
#8208 = DIRECTION ( 'NONE',  ( -1.000000000000000000, 0.000000000000000000, 0.000000000000000000 ) ) ;
#8209 = DIRECTION ( 'NONE',  ( 0.000000000000000000, -1.000000000000000000, 0.000000000000000000 ) ) ;
#8210 = DIRECTION ( 'NONE',  ( 0.000000000000000000, 0.000000000000000000, -1.000000000000000000 ) ) ;
#8211 = VERTEX_POINT ( 'NONE', #5012 ) ;
#8212 = ORIENTED_EDGE ( 'NONE', *, *, #10503, .T. ) ;
#8213 = DIRECTION ( 'NONE',  ( 1.700709290173340409E-17, 0.000000000000000000, -1.000000000000000000 ) ) ;
#8214 = VERTEX_POINT ( 'NONE', #7402 ) ;
#8215 = ORIENTED_EDGE ( 'NONE', *, *, #2971, .T. ) ;
#8216 = EDGE_CURVE ( 'NONE', #8748, #8309, #10105, .T. ) ;
#8217 = ORIENTED_EDGE ( 'NONE', *, *, #7602, .F. ) ;
#8218 = LINE ( 'NONE', #714, #5861 ) ;
#8219 = LINE ( 'NONE', #667, #827 ) ;
#8220 = CYLINDRICAL_SURFACE ( 'NONE', #2368, 5.000000000000000888 ) ;
#8221 = ORIENTED_EDGE ( 'NONE', *, *, #9497, .F. ) ;
#8222 = CARTESIAN_POINT ( 'NONE',  ( 105.9596113357948042, 17.99999999999995737, -127.7011201620785528 ) ) ;
#8223 = VERTEX_POINT ( 'NONE', #2435 ) ;
#8224 = ORIENTED_EDGE ( 'NONE', *, *, #8753, .F. ) ;
#8225 = DIRECTION ( 'NONE',  ( -1.000000000000000000, -0.000000000000000000, -0.000000000000000000 ) ) ;
#8226 = ADVANCED_FACE ( 'NONE', ( #8350 ), #4953, .T. ) ;
#8227 = EDGE_CURVE ( 'NONE', #1578, #7556, #2486, .T. ) ;
#8228 = DIRECTION ( 'NONE',  ( 1.000000000000000000, 0.000000000000000000, 0.000000000000000000 ) ) ;
#8229 = LINE ( 'NONE', #2482, #7579 ) ;
#8230 = CYLINDRICAL_SURFACE ( 'NONE', #4150, 8.146642442969032061 ) ;
#8231 = FACE_OUTER_BOUND ( 'NONE', #2697, .T. ) ;
#8232 = ORIENTED_EDGE ( 'NONE', *, *, #1100, .T. ) ;
#8233 = DIRECTION ( 'NONE',  ( 1.000000000000000000, -0.000000000000000000, 1.700709290173340409E-17 ) ) ;
#8234 =( NAMED_UNIT ( * ) SI_UNIT ( $, .STERADIAN. ) SOLID_ANGLE_UNIT ( ) );
#8235 = EDGE_LOOP ( 'NONE', ( #8739, #9436 ) ) ;
#8236 = CARTESIAN_POINT ( 'NONE',  ( 64.46620431643836469, 85.00000000000000000, -110.1405347760015161 ) ) ;
#8237 = CARTESIAN_POINT ( 'NONE',  ( 3.250000000000000444, 0.000000000000000000, 0.000000000000000000 ) ) ;
#8238 = VERTEX_POINT ( 'NONE', #7520 ) ;
#8239 = EDGE_CURVE ( 'NONE', #19, #6383, #9368, .T. ) ;
#8240 = DIRECTION ( 'NONE',  ( 0.7071067811865485719, 0.7071067811865465735, -2.655995914072783456E-16 ) ) ;
#8241 = DIRECTION ( 'NONE',  ( 0.000000000000000000, 1.000000000000000000, 0.000000000000000000 ) ) ;
#8242 = LINE ( 'NONE', #5845, #9207 ) ;
#8243 = LINE ( 'NONE', #6444, #3751 ) ;
#8244 = CARTESIAN_POINT ( 'NONE',  ( -27.68655752103997258, 74.67986544671987303, -42.59593772390965682 ) ) ;
#8245 = FACE_BOUND ( 'NONE', #9680, .T. ) ;
#8246 = DIRECTION ( 'NONE',  ( 1.734723475976807094E-16, -1.000000000000000000, 0.000000000000000000 ) ) ;
#8247 = ORIENTED_EDGE ( 'NONE', *, *, #9117, .F. ) ;
#8248 = ORIENTED_EDGE ( 'NONE', *, *, #4688, .T. ) ;
#8249 = DIRECTION ( 'NONE',  ( 1.734723475976807094E-16, -1.000000000000000000, 0.000000000000000000 ) ) ;
#8250 = ADVANCED_BREP_SHAPE_REPRESENTATION ( '', ( #2596, #9029 ), #9035 ) ;
#8251 = ADVANCED_FACE ( 'NONE', ( #10808 ), #848, .T. ) ;
#8252 = CARTESIAN_POINT ( 'NONE',  ( 6.735557395310441037E-16, 57.00000000000000000, 5.500000000000000000 ) ) ;
#8253 = DIRECTION ( 'NONE',  ( -0.000000000000000000, -1.000000000000000000, -0.000000000000000000 ) ) ;
#8254 = LINE ( 'NONE', #748, #4663 ) ;
#8255 = DIRECTION ( 'NONE',  ( 1.700709290173340409E-17, -0.000000000000000000, 1.000000000000000000 ) ) ;
#8256 = DIRECTION ( 'NONE',  ( 0.000000000000000000, -0.000000000000000000, 1.000000000000000000 ) ) ;
#8257 = ORIENTED_EDGE ( 'NONE', *, *, #5827, .F. ) ;
#8258 = ORIENTED_EDGE ( 'NONE', *, *, #6843, .T. ) ;
#8259 = CONTEXT_DEPENDENT_SHAPE_REPRESENTATION ( #8549, #10680 ) ;
#8260 = EDGE_CURVE ( 'NONE', #5237, #4439, #10044, .T. ) ;
#8261 = DIRECTION ( 'NONE',  ( -1.000000000000000000, 0.000000000000000000, 0.000000000000000000 ) ) ;
#8262 = ORIENTED_EDGE ( 'NONE', *, *, #9480, .F. ) ;
#8263 = ORIENTED_EDGE ( 'NONE', *, *, #640, .F. ) ;
#8264 = AXIS2_PLACEMENT_3D ( 'NONE', #10186, #9370, #2912 ) ;
#8265 = CARTESIAN_POINT ( 'NONE',  ( 0.000000000000000000, 9.000000000000000000, 10.00000000000000888 ) ) ;
#8266 = ORIENTED_EDGE ( 'NONE', *, *, #3618, .F. ) ;
#8267 = CIRCLE ( 'NONE', #9844, 2.249999999999998668 ) ;
#8268 = DIRECTION ( 'NONE',  ( 0.000000000000000000, 0.000000000000000000, -1.000000000000000000 ) ) ;
#8269 = CARTESIAN_POINT ( 'NONE',  ( -41.81980515339466820, -90.96194077712553394, -1.333527993263397552E-13 ) ) ;
#8270 = DIRECTION ( 'NONE',  ( 0.000000000000000000, 0.000000000000000000, 1.000000000000000000 ) ) ;
#8271 = ORIENTED_EDGE ( 'NONE', *, *, #10077, .F. ) ;
#8272 = CARTESIAN_POINT ( 'NONE',  ( 5.203906448617539049E-15, 47.50000000000000000, -69.42007128642744362 ) ) ;
#8273 = UNCERTAINTY_MEASURE_WITH_UNIT (LENGTH_MEASURE( 1.000000000000000082E-05 ), #6811, 'distance_accuracy_value', 'NONE');
#8274 = ORIENTED_EDGE ( 'NONE', *, *, #4827, .F. ) ;
#8275 = ORIENTED_EDGE ( 'NONE', *, *, #624, .F. ) ;
#8276 = LINE ( 'NONE', #7458, #9708 ) ;
#8277 = ADVANCED_FACE ( 'NONE', ( #5071, #784 ), #60, .T. ) ;
#8278 = ADVANCED_FACE ( 'NONE', ( #11 ), #4138, .T. ) ;
#8279 = VECTOR ( 'NONE', #10162, 1000.000000000000000 ) ;
#8280 = CARTESIAN_POINT ( 'NONE',  ( -23.68655752103996548, 54.67986544671986593, -120.2803298308827920 ) ) ;
#8281 = CARTESIAN_POINT ( 'NONE',  ( -24.99999999999999645, -5.500000000000001776, 10.00000000000000000 ) ) ;
#8282 = SURFACE_STYLE_USAGE ( .BOTH. , #7463 ) ;
#8283 = DIRECTION ( 'NONE',  ( -1.734723475976805517E-15, 0.000000000000000000, -1.000000000000000000 ) ) ;
#8284 = EDGE_CURVE ( 'NONE', #5525, #655, #10754, .T. ) ;
#8285 = ORIENTED_EDGE ( 'NONE', *, *, #2211, .F. ) ;
#8286 = DIRECTION ( 'NONE',  ( -0.000000000000000000, -1.000000000000000000, -0.000000000000000000 ) ) ;
#8287 = EDGE_CURVE ( 'NONE', #6356, #2183, #897, .T. ) ;
#8288 = AXIS2_PLACEMENT_3D ( 'NONE', #7854, #130, #8574 ) ;
#8289 = ORIENTED_EDGE ( 'NONE', *, *, #7303, .T. ) ;
#8290 = ORIENTED_EDGE ( 'NONE', *, *, #1037, .F. ) ;
#8291 = CARTESIAN_POINT ( 'NONE',  ( -37.48849769918442831, -72.48849769918437858, 15.00000000000001421 ) ) ;
#8292 = DIRECTION ( 'NONE',  ( 1.000000000000000000, 0.000000000000000000, 0.000000000000000000 ) ) ;
#8293 = ORIENTED_EDGE ( 'NONE', *, *, #8087, .F. ) ;
#8294 = VECTOR ( 'NONE', #10158, 1000.000000000000000 ) ;
#8295 = CIRCLE ( 'NONE', #6027, 10.00000000000000000 ) ;
#8296 = VECTOR ( 'NONE', #7042, 1000.000000000000000 ) ;
#8297 = CARTESIAN_POINT ( 'NONE',  ( 25.00000000000000355, -10.49999999999999112, 10.00000000000000000 ) ) ;
#8298 = LINE ( 'NONE', #3266, #7054 ) ;
#8299 = FACE_OUTER_BOUND ( 'NONE', #3073, .T. ) ;
#8300 = FACE_BOUND ( 'NONE', #9328, .T. ) ;
#8301 = DIRECTION ( 'NONE',  ( -0.000000000000000000, -1.000000000000000000, 0.000000000000000000 ) ) ;
#8302 = EDGE_CURVE ( 'NONE', #9944, #8086, #4248, .T. ) ;
#8303 = CIRCLE ( 'NONE', #3765, 2.250000000000001776 ) ;
#8304 = CARTESIAN_POINT ( 'NONE',  ( -20.98969858723280879, 9.000000000000000000, -5.229422174922485844 ) ) ;
#8305 = VECTOR ( 'NONE', #4719, 1000.000000000000000 ) ;
#8306 = AXIS2_PLACEMENT_3D ( 'NONE', #3788, #2855, #3684 ) ;
#8307 = CARTESIAN_POINT ( 'NONE',  ( 11.12919120779492310, 0.000000000000000000, 22.50000000000000000 ) ) ;
#8308 = ORIENTED_EDGE ( 'NONE', *, *, #8540, .F. ) ;
#8309 = VERTEX_POINT ( 'NONE', #9056 ) ;
#8310 = DIRECTION ( 'NONE',  ( 0.000000000000000000, 0.000000000000000000, 1.000000000000000000 ) ) ;
#8311 = EDGE_CURVE ( 'NONE', #7340, #8214, #8664, .T. ) ;
#8312 = VECTOR ( 'NONE', #1652, 1000.000000000000000 ) ;
#8313 = DIRECTION ( 'NONE',  ( -0.7071067811865483499, -0.7071067811865467956, 0.000000000000000000 ) ) ;
#8314 = CIRCLE ( 'NONE', #5351, 10.00000000000000178 ) ;
#8315 = VECTOR ( 'NONE', #10589, 1000.000000000000000 ) ;
#8316 = DIRECTION ( 'NONE',  ( 0.000000000000000000, 0.000000000000000000, -1.000000000000000000 ) ) ;
#8317 = CARTESIAN_POINT ( 'NONE',  ( -13.63988578096988036, 0.000000000000000000, -4.294065530670986952 ) ) ;
#8318 = EDGE_CURVE ( 'NONE', #8596, #7332, #6393, .T. ) ;
#8319 = DIRECTION ( 'NONE',  ( -0.000000000000000000, -1.000000000000000000, -0.000000000000000000 ) ) ;
#8320 = CARTESIAN_POINT ( 'NONE',  ( -5.204170427930421283E-15, 9.999999999999998224, -11.00000000000000000 ) ) ;
#8321 = VERTEX_POINT ( 'NONE', #2606 ) ;
#8322 = ORIENTED_EDGE ( 'NONE', *, *, #8418, .T. ) ;
#8323 = CONTEXT_DEPENDENT_SHAPE_REPRESENTATION ( #5190, #10173 ) ;
#8324 = DIRECTION ( 'NONE',  ( 1.264933817329266432E-17, 8.260587980841942477E-17, -1.000000000000000000 ) ) ;
#8325 = VERTEX_POINT ( 'NONE', #9282 ) ;
#8326 = ORIENTED_EDGE ( 'NONE', *, *, #6504, .F. ) ;
#8327 = AXIS2_PLACEMENT_3D ( 'NONE', #147, #1091, #4334 ) ;
#8328 = AXIS2_PLACEMENT_3D ( 'NONE', #6877, #2729, #7748 ) ;
#8329 = VECTOR ( 'NONE', #9611, 1000.000000000000000 ) ;
#8330 = AXIS2_PLACEMENT_3D ( 'NONE', #9039, #2692, #5220 ) ;
#8331 = PRODUCT_DEFINITION_SHAPE ( 'NONE', 'NONE',  #10829 ) ;
#8332 = LINE ( 'NONE', #8265, #1481 ) ;
#8333 = ORIENTED_EDGE ( 'NONE', *, *, #7739, .F. ) ;
#8334 = AXIS2_PLACEMENT_3D ( 'NONE', #4803, #3877, #10445 ) ;
#8335 = CYLINDRICAL_SURFACE ( 'NONE', #3587, 5.000000000000004441 ) ;
#8336 = CARTESIAN_POINT ( 'NONE',  ( -67.07925725763350044, 9.999999999999994671, -84.99047725517948493 ) ) ;
#8337 = LINE ( 'NONE', #4122, #4996 ) ;
#8338 = ORIENTED_EDGE ( 'NONE', *, *, #3414, .T. ) ;
#8339 = DIRECTION ( 'NONE',  ( -0.8349199897467498577, 1.193517159993039668E-16, -0.5503713389351660989 ) ) ;
#8340 = LINE ( 'NONE', #1655, #7830 ) ;
#8341 = ORIENTED_EDGE ( 'NONE', *, *, #2287, .F. ) ;
#8342 = ORIENTED_EDGE ( 'NONE', *, *, #8889, .F. ) ;
#8343 = CARTESIAN_POINT ( 'NONE',  ( 30.31344247896004163, 54.67986544671986593, -120.2803298308827920 ) ) ;
#8344 = VECTOR ( 'NONE', #353, 1000.000000000000000 ) ;
#8345 = DIRECTION ( 'NONE',  ( 0.000000000000000000, 0.000000000000000000, -1.000000000000000000 ) ) ;
#8346 = FILL_AREA_STYLE_COLOUR ( '', #6940 ) ;
#8347 = DIRECTION ( 'NONE',  ( 0.000000000000000000, 1.000000000000000000, -0.000000000000000000 ) ) ;
#8348 = ORIENTED_EDGE ( 'NONE', *, *, #4946, .T. ) ;
#8349 = AXIS2_PLACEMENT_3D ( 'NONE', #6525, #6642, #10823 ) ;
#8350 = FACE_OUTER_BOUND ( 'NONE', #3931, .T. ) ;
#8351 = AXIS2_PLACEMENT_3D ( 'NONE', #10636, #3184, #5714 ) ;
#8352 = VERTEX_POINT ( 'NONE', #6596 ) ;
#8353 = ORIENTED_EDGE ( 'NONE', *, *, #8506, .T. ) ;
#8354 = VECTOR ( 'NONE', #695, 1000.000000000000000 ) ;
#8355 = PLANE ( 'NONE',  #9531 ) ;
#8356 = CARTESIAN_POINT ( 'NONE',  ( -63.25715662211381130, 10.00000000000000000, -42.99587695296753509 ) ) ;
#8357 = EDGE_LOOP ( 'NONE', ( #9513, #10520, #10688, #92 ) ) ;
#8358 = PRODUCT_DEFINITION_FORMATION_WITH_SPECIFIED_SOURCE ( 'ANY', '', #3257, .NOT_KNOWN. ) ;
#8359 = EDGE_CURVE ( 'NONE', #7332, #10295, #9945, .T. ) ;
#8360 = DIRECTION ( 'NONE',  ( -1.000000000000000000, 0.000000000000000000, 0.000000000000000000 ) ) ;
#8361 = VECTOR ( 'NONE', #3719, 1000.000000000000000 ) ;
#8362 = CARTESIAN_POINT ( 'NONE',  ( 10.00000000000000000, -15.00000000000000355, -16.00000000000000000 ) ) ;
#8363 = CARTESIAN_POINT ( 'NONE',  ( -10.00000000000000355, 12.50000000000000000, -5.000000000000000888 ) ) ;
#8364 = AXIS2_PLACEMENT_3D ( 'NONE', #5420, #420, #1414 ) ;
#8365 = ORIENTED_EDGE ( 'NONE', *, *, #1822, .T. ) ;
#8366 = DIRECTION ( 'NONE',  ( -1.700709290173340409E-17, 0.000000000000000000, 1.000000000000000000 ) ) ;
#8367 = DIRECTION ( 'NONE',  ( 0.000000000000000000, 1.000000000000000000, 0.000000000000000000 ) ) ;
#8368 = CARTESIAN_POINT ( 'NONE',  ( 4.999999999999989342, 0.000000000000000000, -100.0000000000000000 ) ) ;
#8369 = EDGE_LOOP ( 'NONE', ( #2848, #7599, #5825, #10811 ) ) ;
#8370 = ORIENTED_EDGE ( 'NONE', *, *, #2101, .F. ) ;
#8371 = DIRECTION ( 'NONE',  ( 1.000000000000000000, 0.000000000000000000, 0.000000000000000000 ) ) ;
#8372 = PRESENTATION_LAYER_ASSIGNMENT (  '', '', ( #7492 ) ) ;
#8373 = CIRCLE ( 'NONE', #3658, 2.250000000000001776 ) ;
#8374 = EDGE_CURVE ( 'NONE', #2943, #1931, #9993, .T. ) ;
#8375 = EDGE_CURVE ( 'NONE', #1898, #5520, #4467, .T. ) ;
#8376 = LINE ( 'NONE', #6942, #1333 ) ;
#8377 = DIRECTION ( 'NONE',  ( 1.387778780781445676E-15, 0.000000000000000000, 1.000000000000000000 ) ) ;
#8378 = LINE ( 'NONE', #4220, #8517 ) ;
#8379 = DIRECTION ( 'NONE',  ( 0.000000000000000000, -0.000000000000000000, -1.000000000000000000 ) ) ;
#8380 = VERTEX_POINT ( 'NONE', #6152 ) ;
#8381 = VERTEX_POINT ( 'NONE', #10155 ) ;
#8382 = ITEM_DEFINED_TRANSFORMATION ( 'NONE', 'NONE', #9402,  #9029 ) ;
#8383 = DIRECTION ( 'NONE',  ( -1.734723475976807094E-16, 1.000000000000000000, -0.000000000000000000 ) ) ;
#8384 = ORIENTED_EDGE ( 'NONE', *, *, #5373, .T. ) ;
#8385 = VERTEX_POINT ( 'NONE', #9552 ) ;
#8386 = PLANE ( 'NONE',  #8990 ) ;
#8387 = DIRECTION ( 'NONE',  ( -1.000000000000000000, 0.000000000000000000, -8.895006672729878318E-17 ) ) ;
#8388 = DIRECTION ( 'NONE',  ( 0.000000000000000000, 1.000000000000000000, -0.000000000000000000 ) ) ;
#8389 = DIRECTION ( 'NONE',  ( -0.5521351308716254680, 0.000000000000000000, 0.8337546385222531775 ) ) ;
#8390 = EDGE_LOOP ( 'NONE', ( #6076, #7502, #1491, #5785, #8813, #7375 ) ) ;
#8391 = DIRECTION ( 'NONE',  ( 0.000000000000000000, 0.000000000000000000, 1.000000000000000000 ) ) ;
#8392 = CARTESIAN_POINT ( 'NONE',  ( -10.00000000000000178, 47.50000000000000000, -28.54374205374393725 ) ) ;
#8393 = VERTEX_POINT ( 'NONE', #5990 ) ;
#8394 = VERTEX_POINT ( 'NONE', #9496 ) ;
#8395 = DIRECTION ( 'NONE',  ( -1.000000000000000000, 0.000000000000000000, 0.000000000000000000 ) ) ;
#8396 = ADVANCED_FACE ( 'NONE', ( #7791 ), #8566, .T. ) ;
#8397 = APPLICATION_CONTEXT ( 'automotive_design' ) ;
#8398 = CARTESIAN_POINT ( 'NONE',  ( -5.204170427930421283E-15, 9.999999999999998224, -16.00000000000000000 ) ) ;
#8399 = CARTESIAN_POINT ( 'NONE',  ( 94.00000000000001421, 0.000000000000000000, -104.7964619962940844 ) ) ;
#8400 = DIRECTION ( 'NONE',  ( 0.000000000000000000, 0.000000000000000000, 1.000000000000000000 ) ) ;
#8401 = ORIENTED_EDGE ( 'NONE', *, *, #346, .T. ) ;
#8402 = CARTESIAN_POINT ( 'NONE',  ( 15.50000000000000000, -3.122048140665064108E-17, 1.000000000000000000 ) ) ;
#8403 = EDGE_LOOP ( 'NONE', ( #7368, #5542, #6341, #347 ) ) ;
#8404 = ORIENTED_EDGE ( 'NONE', *, *, #9954, .T. ) ;
#8405 = LINE ( 'NONE', #2548, #8294 ) ;
#8406 = DIRECTION ( 'NONE',  ( -1.000000000000000000, 0.000000000000000000, 0.000000000000000000 ) ) ;
#8407 = ORIENTED_EDGE ( 'NONE', *, *, #5247, .F. ) ;
#8408 = FACE_OUTER_BOUND ( 'NONE', #5362, .T. ) ;
#8409 = CARTESIAN_POINT ( 'NONE',  ( -2.499999999999999556, 70.90000000000000568, 25.50000000000000000 ) ) ;
#8410 = EDGE_CURVE ( 'NONE', #4521, #7561, #1990, .T. ) ;
#8411 = DIRECTION ( 'NONE',  ( 0.000000000000000000, -0.000000000000000000, -1.000000000000000000 ) ) ;
#8412 = ORIENTED_EDGE ( 'NONE', *, *, #5482, .T. ) ;
#8413 = CARTESIAN_POINT ( 'NONE',  ( -64.46620431643836469, 85.00000000000000000, -112.3905347760015161 ) ) ;
#8414 = LINE ( 'NONE', #9246, #5402 ) ;
#8415 = ORIENTED_EDGE ( 'NONE', *, *, #123, .T. ) ;
#8416 = ORIENTED_EDGE ( 'NONE', *, *, #4058, .T. ) ;
#8417 = CARTESIAN_POINT ( 'NONE',  ( 8.283304597789253876E-16, 55.90000000000000568, 19.50000000000000000 ) ) ;
#8418 = EDGE_CURVE ( 'NONE', #4047, #1496, #6860, .T. ) ;
#8419 = EDGE_CURVE ( 'NONE', #9637, #4047, #3648, .T. ) ;
#8420 = LINE ( 'NONE', #9079, #3413 ) ;
#8421 = DIRECTION ( 'NONE',  ( 1.000000000000000000, 0.000000000000000000, 0.000000000000000000 ) ) ;
#8422 = CARTESIAN_POINT ( 'NONE',  ( -5.204170427930421283E-15, 9.999999999999998224, -11.00000000000000000 ) ) ;
#8423 = DIRECTION ( 'NONE',  ( -1.000000000000000000, -1.734723475976807094E-16, 0.000000000000000000 ) ) ;
#8424 = CARTESIAN_POINT ( 'NONE',  ( -34.74873734152923532, -98.03300858899102366, -24.99999999999999289 ) ) ;
#8425 = ADVANCED_FACE ( 'NONE', ( #6049 ), #344, .F. ) ;
#8426 = VERTEX_POINT ( 'NONE', #2657 ) ;
#8427 = VERTEX_POINT ( 'NONE', #3697 ) ;
#8428 = EDGE_CURVE ( 'NONE', #2183, #6013, #10358, .T. ) ;
#8429 = CARTESIAN_POINT ( 'NONE',  ( -34.74873734152924953, -98.03300858899103787, 23.00000000000001066 ) ) ;
#8430 = ORIENTED_EDGE ( 'NONE', *, *, #891, .T. ) ;
#8431 = ORIENTED_EDGE ( 'NONE', *, *, #1545, .T. ) ;
#8432 = DIRECTION ( 'NONE',  ( 0.000000000000000000, 0.000000000000000000, -1.000000000000000000 ) ) ;
#8433 = CYLINDRICAL_SURFACE ( 'NONE', #6385, 2.499999999999999112 ) ;
#8434 = CARTESIAN_POINT ( 'NONE',  ( 59.14441049068479117, 0.000000000000000000, -90.27932983088280139 ) ) ;
#8435 = CARTESIAN_POINT ( 'NONE',  ( -10.00000000000000355, 9.999999999999998224, -16.00000000000000000 ) ) ;
#8436 = ORIENTED_EDGE ( 'NONE', *, *, #4460, .F. ) ;
#8437 = ADVANCED_FACE ( 'NONE', ( #5332 ), #1831, .F. ) ;
#8438 = APPLICATION_PROTOCOL_DEFINITION ( 'draft international standard', 'automotive_design', 1998, #1062 ) ;
#8439 = CYLINDRICAL_SURFACE ( 'NONE', #129, 9.999999999999994671 ) ;
#8440 = ORIENTED_EDGE ( 'NONE', *, *, #5840, .T. ) ;
#8441 = VERTEX_POINT ( 'NONE', #1227 ) ;
#8442 = DIRECTION ( 'NONE',  ( 0.000000000000000000, 0.000000000000000000, -1.000000000000000000 ) ) ;
#8443 = EDGE_CURVE ( 'NONE', #7561, #5237, #3606, .T. ) ;
#8444 = EDGE_CURVE ( 'NONE', #1757, #4893, #2537, .T. ) ;
#8445 = VECTOR ( 'NONE', #5091, 1000.000000000000114 ) ;
#8446 = DIRECTION ( 'NONE',  ( 0.8425558180458874169, 0.000000000000000000, -0.5386090358293532665 ) ) ;
#8447 = CARTESIAN_POINT ( 'NONE',  ( -5.000000000000000000, 70.90000000000000568, -0.5000000000000004441 ) ) ;
#8448 = FACE_OUTER_BOUND ( 'NONE', #1242, .T. ) ;
#8449 = VERTEX_POINT ( 'NONE', #7633 ) ;
#8450 = DIRECTION ( 'NONE',  ( 0.000000000000000000, 0.000000000000000000, 1.000000000000000000 ) ) ;
#8451 = ORIENTED_EDGE ( 'NONE', *, *, #1366, .T. ) ;
#8452 = ORIENTED_EDGE ( 'NONE', *, *, #4697, .T. ) ;
#8453 = CIRCLE ( 'NONE', #2690, 10.00000000000000888 ) ;
#8454 = FACE_OUTER_BOUND ( 'NONE', #51, .T. ) ;
#8455 = DIRECTION ( 'NONE',  ( 0.000000000000000000, 0.000000000000000000, -1.000000000000000000 ) ) ;
#8456 = ORIENTED_EDGE ( 'NONE', *, *, #3948, .F. ) ;
#8457 = AXIS2_PLACEMENT_3D ( 'NONE', #6489, #7198, #2167 ) ;
#8458 = PLANE ( 'NONE',  #4715 ) ;
#8459 = EDGE_CURVE ( 'NONE', #10407, #6916, #2900, .T. ) ;
#8460 = AXIS2_PLACEMENT_3D ( 'NONE', #561, #9664, #514 ) ;
#8461 = CARTESIAN_POINT ( 'NONE',  ( -30.54774002826776425, 18.00000000000000000, 10.71815755839265094 ) ) ;
#8462 = DIRECTION ( 'NONE',  ( -8.895006672729878318E-17, -0.000000000000000000, 1.000000000000000000 ) ) ;
#8463 = ORIENTED_EDGE ( 'NONE', *, *, #10055, .F. ) ;
#8464 = CARTESIAN_POINT ( 'NONE',  ( 85.36863799491800364, 0.000000000000000000, -94.52829855763729938 ) ) ;
#8465 = ADVANCED_FACE ( 'NONE', ( #7848 ), #6206, .F. ) ;
#8466 = DIRECTION ( 'NONE',  ( 0.000000000000000000, 0.000000000000000000, 1.000000000000000000 ) ) ;
#8467 = DIRECTION ( 'NONE',  ( 0.000000000000000000, 0.000000000000000000, -1.000000000000000000 ) ) ;
#8468 = ORIENTED_EDGE ( 'NONE', *, *, #5217, .T. ) ;
#8469 = EDGE_LOOP ( 'NONE', ( #9498, #1093, #6180, #10235 ) ) ;
#8470 = AXIS2_PLACEMENT_3D ( 'NONE', #1456, #636, #7261 ) ;
#8471 = CARTESIAN_POINT ( 'NONE',  ( -3.882005762289774786, 70.90000000000000568, 0.3331307633470061424 ) ) ;
#8472 = VECTOR ( 'NONE', #4618, 1000.000000000000114 ) ;
#8473 = EDGE_CURVE ( 'NONE', #7841, #10183, #325, .T. ) ;
#8474 = CARTESIAN_POINT ( 'NONE',  ( 15.31657277250937810, 79.90000000000000568, 17.00000000000001066 ) ) ;
#8475 = VECTOR ( 'NONE', #1564, 1000.000000000000000 ) ;
#8476 = SURFACE_STYLE_FILL_AREA ( #5969 ) ;
#8477 = CIRCLE ( 'NONE', #251, 2.749999999999999556 ) ;
#8478 = CYLINDRICAL_SURFACE ( 'NONE', #3248, 9.999999999999994671 ) ;
#8479 = CIRCLE ( 'NONE', #3417, 2.249999999999998668 ) ;
#8480 = VECTOR ( 'NONE', #5795, 1000.000000000000000 ) ;
#8481 = ADVANCED_FACE ( 'NONE', ( #3806 ), #449, .T. ) ;
#8482 = DIRECTION ( 'NONE',  ( 0.000000000000000000, 1.000000000000000000, -0.000000000000000000 ) ) ;
#8483 = EDGE_LOOP ( 'NONE', ( #5003, #4249, #3121, #8595 ) ) ;
#8484 = ORIENTED_EDGE ( 'NONE', *, *, #7092, .F. ) ;
#8485 = DIRECTION ( 'NONE',  ( 0.8660254037844381525, 0.000000000000000000, 0.5000000000000009992 ) ) ;
#8486 = EDGE_LOOP ( 'NONE', ( #1967, #1830 ) ) ;
#8487 = ORIENTED_EDGE ( 'NONE', *, *, #10082, .T. ) ;
#8488 = CIRCLE ( 'NONE', #607, 2.250000000000000000 ) ;
#8489 = CIRCLE ( 'NONE', #3773, 1.499999999999999556 ) ;
#8490 = VECTOR ( 'NONE', #2267, 1000.000000000000000 ) ;
#8491 = EDGE_CURVE ( 'NONE', #7340, #9472, #4681, .T. ) ;
#8492 = CARTESIAN_POINT ( 'NONE',  ( -24.19888394073830185, 18.00000000000000000, -4.050512335977082934 ) ) ;
#8493 = CARTESIAN_POINT ( 'NONE',  ( -4.000000000000000000, 69.40000000000000568, 25.50000000000000000 ) ) ;
#8494 = CARTESIAN_POINT ( 'NONE',  ( -10.00000000000000178, -15.00000000000000355, 5.000000000000000000 ) ) ;
#8495 = CIRCLE ( 'NONE', #5349, 2.250000000000001776 ) ;
#8496 = FACE_OUTER_BOUND ( 'NONE', #2332, .T. ) ;
#8497 = VERTEX_POINT ( 'NONE', #2151 ) ;
#8498 = DIRECTION ( 'NONE',  ( 0.000000000000000000, 0.000000000000000000, 1.000000000000000000 ) ) ;
#8499 = AXIS2_PLACEMENT_3D ( 'NONE', #7077, #9657, #7950 ) ;
#8500 = CYLINDRICAL_SURFACE ( 'NONE', #3998, 5.000000000000000000 ) ;
#8501 = ORIENTED_EDGE ( 'NONE', *, *, #6765, .F. ) ;
#8502 = ORIENTED_EDGE ( 'NONE', *, *, #5885, .F. ) ;
#8503 = DIRECTION ( 'NONE',  ( 0.000000000000000000, 1.000000000000000000, 0.000000000000000000 ) ) ;
#8504 = AXIS2_PLACEMENT_3D ( 'NONE', #8320, #6678, #5636 ) ;
#8505 = AXIS2_PLACEMENT_3D ( 'NONE', #9913, #8159, #3284 ) ;
#8506 = EDGE_CURVE ( 'NONE', #4111, #153, #6418, .T. ) ;
#8507 = CIRCLE ( 'NONE', #633, 8.000000000000007105 ) ;
#8508 = CARTESIAN_POINT ( 'NONE',  ( 5.000000000000000000, 70.90000000000000568, 4.251773225433351024E-17 ) ) ;
#8510 = ADVANCED_FACE ( 'NONE', ( #9764 ), #8883, .T. ) ;
#8509 = LINE ( 'NONE', #114, #10275 ) ;
#8511 = DIRECTION ( 'NONE',  ( 0.000000000000000000, 0.000000000000000000, 1.000000000000000000 ) ) ;
#8512 = ORIENTED_EDGE ( 'NONE', *, *, #6483, .F. ) ;
#8513 = CARTESIAN_POINT ( 'NONE',  ( 26.31344247896044664, 34.67986544671986593, -120.2803298308827920 ) ) ;
#8514 =( NAMED_UNIT ( * ) PLANE_ANGLE_UNIT ( ) SI_UNIT ( $, .RADIAN. ) );
#8515 = ORIENTED_EDGE ( 'NONE', *, *, #3748, .T. ) ;
#8516 = ORIENTED_EDGE ( 'NONE', *, *, #5429, .F. ) ;
#8517 = VECTOR ( 'NONE', #35, 1000.000000000000227 ) ;
#8518 = PRODUCT_DEFINITION_SHAPE ( 'NONE', 'NONE',  #10849 ) ;
#8519 = VECTOR ( 'NONE', #7033, 1000.000000000000000 ) ;
#8520 = DIRECTION ( 'NONE',  ( -0.000000000000000000, -1.000000000000000000, -0.000000000000000000 ) ) ;
#8521 = CARTESIAN_POINT ( 'NONE',  ( -2.500000000000000000, 69.40000000000000568, 0.000000000000000000 ) ) ;
#8522 = DIRECTION ( 'NONE',  ( -0.000000000000000000, 0.000000000000000000, 1.000000000000000000 ) ) ;
#8523 = AXIS2_PLACEMENT_3D ( 'NONE', #9810, #4995, #2474 ) ;
#8524 = CARTESIAN_POINT ( 'NONE',  ( 35.00000000000000000, 5.500000000000011546, 5.204748896376250699E-16 ) ) ;
#8525 = LINE ( 'NONE', #10277, #8344 ) ;
#8526 = VERTEX_POINT ( 'NONE', #4780 ) ;
#8527 = CARTESIAN_POINT ( 'NONE',  ( 5.386090358293497360, 18.00000000000000000, 8.425558180458891044 ) ) ;
#8528 = CARTESIAN_POINT ( 'NONE',  ( -24.99999999999999289, 0.000000000000000000, 20.00000000000000000 ) ) ;
#8529 = CARTESIAN_POINT ( 'NONE',  ( 0.4862796586990205117, 9.000000000000000000, -83.54086779998149837 ) ) ;
#8530 = ORIENTED_EDGE ( 'NONE', *, *, #1929, .F. ) ;
#8531 = EDGE_LOOP ( 'NONE', ( #6793, #2844 ) ) ;
#8532 = DIRECTION ( 'NONE',  ( 0.000000000000000000, 0.000000000000000000, -1.000000000000000000 ) ) ;
#8533 = AXIS2_PLACEMENT_3D ( 'NONE', #7218, #5534, #3729 ) ;
#8534 = EDGE_CURVE ( 'NONE', #9766, #9587, #10416, .T. ) ;
#8535 = AXIS2_PLACEMENT_3D ( 'NONE', #5030, #2788, #3604 ) ;
#8536 = CARTESIAN_POINT ( 'NONE',  ( 0.000000000000000000, 0.000000000000000000, 0.000000000000000000 ) ) ;
#8537 = CARTESIAN_POINT ( 'NONE',  ( -2.500000000000000000, 3.000000000000002665, -2.500000000000000000 ) ) ;
#8538 = DIRECTION ( 'NONE',  ( -1.000000000000000000, 0.000000000000000000, 0.000000000000000000 ) ) ;
#8539 = VERTEX_POINT ( 'NONE', #2207 ) ;
#8540 = EDGE_CURVE ( 'NONE', #2666, #8797, #5603, .T. ) ;
#8541 = FACE_OUTER_BOUND ( 'NONE', #5566, .T. ) ;
#8542 = ORIENTED_EDGE ( 'NONE', *, *, #2268, .F. ) ;
#8543 = VERTEX_POINT ( 'NONE', #4735 ) ;
#8544 = VECTOR ( 'NONE', #5940, 1000.000000000000000 ) ;
#8545 = LINE ( 'NONE', #4338, #6437 ) ;
#8546 = ORIENTED_EDGE ( 'NONE', *, *, #1248, .T. ) ;
#8547 = ORIENTED_EDGE ( 'NONE', *, *, #5247, .T. ) ;
#8548 = VECTOR ( 'NONE', #8485, 999.9999999999998863 ) ;
#8549 =( REPRESENTATION_RELATIONSHIP ('NONE','NONE', #1790, #9208 ) REPRESENTATION_RELATIONSHIP_WITH_TRANSFORMATION ( #4172 )SHAPE_REPRESENTATION_RELATIONSHIP( ) );
#8550 = CARTESIAN_POINT ( 'NONE',  ( 15.43487596114133176, 82.15735931288071470, -2.500000000000000000 ) ) ;
#8551 = CARTESIAN_POINT ( 'NONE',  ( -10.00000000000000355, -6.938893903907230350E-16, -16.00000000000000000 ) ) ;
#8552 = CARTESIAN_POINT ( 'NONE',  ( 35.00000000000000000, 5.500000000000011546, 5.204748896376250699E-16 ) ) ;
#8553 = AXIS2_PLACEMENT_3D ( 'NONE', #20, #10053, #6605 ) ;
#8554 = DIRECTION ( 'NONE',  ( -1.000000000000000000, -0.000000000000000000, -0.000000000000000000 ) ) ;
#8555 = DIRECTION ( 'NONE',  ( 0.000000000000000000, 1.000000000000000000, 0.000000000000000000 ) ) ;
#8556 = VERTEX_POINT ( 'NONE', #1434 ) ;
#8557 = PRODUCT_CONTEXT ( 'NONE', #910, 'mechanical' ) ;
#8558 = PRESENTATION_STYLE_ASSIGNMENT (( #4565 ) ) ;
#8559 = VERTEX_POINT ( 'NONE', #8112 ) ;
#8560 = ORIENTED_EDGE ( 'NONE', *, *, #7550, .T. ) ;
#8561 = DIRECTION ( 'NONE',  ( 0.000000000000000000, 1.000000000000000000, 0.000000000000000000 ) ) ;
#8562 = CARTESIAN_POINT ( 'NONE',  ( -15.51771948742469398, 18.00000000000000000, 21.78844835938497226 ) ) ;
#8563 = LINE ( 'NONE', #4463, #2583 ) ;
#8564 = DIRECTION ( 'NONE',  ( 0.000000000000000000, 1.000000000000000000, 0.000000000000000000 ) ) ;
#8565 = ORIENTED_EDGE ( 'NONE', *, *, #5066, .T. ) ;
#8566 = PLANE ( 'NONE',  #2725 ) ;
#8567 =( NAMED_UNIT ( * ) PLANE_ANGLE_UNIT ( ) SI_UNIT ( $, .RADIAN. ) );
#8568 = VERTEX_POINT ( 'NONE', #508 ) ;
#8569 = VERTEX_POINT ( 'NONE', #3029 ) ;
#8570 = EDGE_CURVE ( 'NONE', #9525, #109, #2930, .T. ) ;
#8571 = EDGE_CURVE ( 'NONE', #1978, #2965, #5552, .T. ) ;
#8572 = CARTESIAN_POINT ( 'NONE',  ( -24.99999999999999645, -5.500000000000001776, 10.00000000000000000 ) ) ;
#8573 = CARTESIAN_POINT ( 'NONE',  ( -64.99999999999980105, 95.00000000000000000, -120.2793298308828014 ) ) ;
#8574 = DIRECTION ( 'NONE',  ( -1.000000000000000000, 0.000000000000000000, 0.000000000000000000 ) ) ;
#8575 = DIRECTION ( 'NONE',  ( -0.000000000000000000, -1.000000000000000000, -0.000000000000000000 ) ) ;
#8576 = VERTEX_POINT ( 'NONE', #7182 ) ;
#8577 = LINE ( 'NONE', #1079, #7085 ) ;
#8578 = LINE ( 'NONE', #1032, #487 ) ;
#8579 = EDGE_CURVE ( 'NONE', #3609, #3908, #445, .T. ) ;
#8580 = DIRECTION ( 'NONE',  ( -0.000000000000000000, -1.000000000000000000, -0.000000000000000000 ) ) ;
#8581 = CIRCLE ( 'NONE', #678, 1.499999999999999556 ) ;
#8582 = CARTESIAN_POINT ( 'NONE',  ( -20.90380984571846312, 18.00000000000000000, 13.36289017892626063 ) ) ;
#8583 = EDGE_LOOP ( 'NONE', ( #6501, #4918, #8702, #5701 ) ) ;
#8584 = DIRECTION ( 'NONE',  ( 0.000000000000000000, 0.000000000000000000, -1.000000000000000000 ) ) ;
#8585 = EDGE_CURVE ( 'NONE', #6257, #5971, #388, .T. ) ;
#8586 = ADVANCED_FACE ( 'NONE', ( #8772 ), #3744, .F. ) ;
#8587 = DIRECTION ( 'NONE',  ( 0.000000000000000000, 0.000000000000000000, 1.000000000000000000 ) ) ;
#8588 =( LENGTH_UNIT ( ) NAMED_UNIT ( * ) SI_UNIT ( .MILLI., .METRE. ) );
#8589 = DIRECTION ( 'NONE',  ( -0.000000000000000000, -1.000000000000000000, -0.000000000000000000 ) ) ;
#8590 = ORIENTED_EDGE ( 'NONE', *, *, #8964, .F. ) ;
#8591 = FACE_BOUND ( 'NONE', #6462, .T. ) ;
#8592 = ORIENTED_EDGE ( 'NONE', *, *, #4543, .F. ) ;
#8593 = VERTEX_POINT ( 'NONE', #1276 ) ;
#8594 = DIRECTION ( 'NONE',  ( 1.000000000000000000, 0.000000000000000000, 0.000000000000000000 ) ) ;
#8595 = ORIENTED_EDGE ( 'NONE', *, *, #2772, .T. ) ;
#8596 = VERTEX_POINT ( 'NONE', #3628 ) ;
#8597 = DIRECTION ( 'NONE',  ( 0.000000000000000000, 0.000000000000000000, 1.000000000000000000 ) ) ;
#8598 = DIRECTION ( 'NONE',  ( 0.000000000000000000, -1.000000000000000000, 0.000000000000000000 ) ) ;
#8599 = ADVANCED_FACE ( 'NONE', ( #7008 ), #9478, .F. ) ;
#8600 = DIRECTION ( 'NONE',  ( 0.000000000000000000, -0.000000000000000000, 1.000000000000000000 ) ) ;
#8601 = DIRECTION ( 'NONE',  ( -1.223316414399868618E-17, 0.000000000000000000, 1.000000000000000000 ) ) ;
#8602 = DIRECTION ( 'NONE',  ( 1.000000000000000000, 7.703719777548943412E-34, 1.264933817329266432E-17 ) ) ;
#8603 = VERTEX_POINT ( 'NONE', #10343 ) ;
#8604 = APPLICATION_PROTOCOL_DEFINITION ( 'draft international standard', 'automotive_design', 1998, #8190 ) ;
#8605 = CARTESIAN_POINT ( 'NONE',  ( 0.000000000000000000, 39.00000000000000000, 0.000000000000000000 ) ) ;
#8606 = EDGE_LOOP ( 'NONE', ( #318, #10677, #3117, #7034, #3243, #613, #10439, #9470, #8590, #2142, #1416, #6950 ) ) ;
#8607 = ORIENTED_EDGE ( 'NONE', *, *, #7926, .F. ) ;
#8608 = DIRECTION ( 'NONE',  ( 0.000000000000000000, 1.000000000000000000, 0.000000000000000000 ) ) ;
#8609 = AXIS2_PLACEMENT_3D ( 'NONE', #2805, #7715, #5266 ) ;
#8610 = LINE ( 'NONE', #8562, #5315 ) ;
#8611 = CARTESIAN_POINT ( 'NONE',  ( -23.34636207545350572, -86.63063332291532959, -32.99999999999998579 ) ) ;
#8612 = DIRECTION ( 'NONE',  ( -1.000000000000000000, -0.000000000000000000, -0.000000000000000000 ) ) ;
#8613 = VERTEX_POINT ( 'NONE', #4446 ) ;
#8614 = CARTESIAN_POINT ( 'NONE',  ( 0.000000000000000000, 0.000000000000000000, -6.499999999999999112 ) ) ;
#8615 = UNCERTAINTY_MEASURE_WITH_UNIT (LENGTH_MEASURE( 1.000000000000000082E-05 ), #9319, 'distance_accuracy_value', 'NONE');
#8616 = EDGE_CURVE ( 'NONE', #4455, #9755, #5423, .T. ) ;
#8617 = EDGE_LOOP ( 'NONE', ( #8275, #2225, #7513, #8923 ) ) ;
#8618 = ORIENTED_EDGE ( 'NONE', *, *, #7053, .F. ) ;
#8619 = DIRECTION ( 'NONE',  ( -0.7071067811865465735, 0.7071067811865484609, 1.800483230470881213E-16 ) ) ;
#8620 =( GEOMETRIC_REPRESENTATION_CONTEXT ( 3 ) GLOBAL_UNCERTAINTY_ASSIGNED_CONTEXT ( ( #1390 ) ) GLOBAL_UNIT_ASSIGNED_CONTEXT ( ( #7372, #3843, #1316 ) ) REPRESENTATION_CONTEXT ( 'NONE', 'WORKASPACE' ) );
#8621 = DIRECTION ( 'NONE',  ( 0.5521351308716255790, 0.000000000000000000, -0.8337546385222530665 ) ) ;
#8622 = ADVANCED_FACE ( 'NONE', ( #4394 ), #8754, .F. ) ;
#8623 = CARTESIAN_POINT ( 'NONE',  ( 2.500000000000000000, 0.04196010845019171320, 0.000000000000000000 ) ) ;
#8624 = LINE ( 'NONE', #8681, #9567 ) ;
#8625 = ORIENTED_EDGE ( 'NONE', *, *, #2101, .T. ) ;
#8626 = CARTESIAN_POINT ( 'NONE',  ( -67.07925725763350044, 95.00000000000000000, -84.99047725517948493 ) ) ;
#8627 = LINE ( 'NONE', #9459, #6407 ) ;
#8628 = AXIS2_PLACEMENT_3D ( 'NONE', #7527, #9955, #4089 ) ;
#8629 = CARTESIAN_POINT ( 'NONE',  ( 1.734723475976807094E-15, 18.00000000000000000, -6.938893903907228378E-15 ) ) ;
#8630 = DIRECTION ( 'NONE',  ( 1.000000000000000000, 0.000000000000000000, 0.000000000000000000 ) ) ;
#8631 = FACE_OUTER_BOUND ( 'NONE', #5275, .T. ) ;
#8632 = ORIENTED_EDGE ( 'NONE', *, *, #9848, .F. ) ;
#8633 = AXIS2_PLACEMENT_3D ( 'NONE', #9559, #2061, #5400 ) ;
#8634 = CARTESIAN_POINT ( 'NONE',  ( 67.07925725763352887, 9.999999999999994671, -84.99047725517949914 ) ) ;
#8635 = EDGE_CURVE ( 'NONE', #4756, #4737, #6186, .T. ) ;
#8636 = LINE ( 'NONE', #9466, #10199 ) ;
#8637 = DIRECTION ( 'NONE',  ( 0.000000000000000000, 0.000000000000000000, -1.000000000000000000 ) ) ;
#8638 = CARTESIAN_POINT ( 'NONE',  ( 26.31344247896045374, 14.67986544671986238, -120.2803298308827920 ) ) ;
#8639 = VERTEX_POINT ( 'NONE', #5213 ) ;
#8640 = EDGE_CURVE ( 'NONE', #8393, #8177, #7030, .T. ) ;
#8641 = VECTOR ( 'NONE', #3106, 1000.000000000000000 ) ;
#8642 = LINE ( 'NONE', #4386, #1857 ) ;
#8643 = EDGE_LOOP ( 'NONE', ( #9684, #1045 ) ) ;
#8644 = ORIENTED_EDGE ( 'NONE', *, *, #4406, .T. ) ;
#8645 = VECTOR ( 'NONE', #207, 1000.000000000000000 ) ;
#8646 = CARTESIAN_POINT ( 'NONE',  ( 25.00000000000000000, 9.000000000000000000, -10.00000000000000178 ) ) ;
#8647 = ORIENTED_EDGE ( 'NONE', *, *, #2880, .T. ) ;
#8648 = VERTEX_POINT ( 'NONE', #5312 ) ;
#8649 = VECTOR ( 'NONE', #6706, 1000.000000000000000 ) ;
#8650 = AXIS2_PLACEMENT_3D ( 'NONE', #4117, #3234, #2417 ) ;
#8651 = CARTESIAN_POINT ( 'NONE',  ( 0.000000000000000000, 3.000000000000000000, 0.5000000000000000000 ) ) ;
#8652 = ADVANCED_FACE ( 'NONE', ( #6894 ), #267, .T. ) ;
#8653 = VECTOR ( 'NONE', #4154, 1000.000000000000000 ) ;
#8654 = LINE ( 'NONE', #7009, #9318 ) ;
#8655 = LINE ( 'NONE', #8552, #8645 ) ;
#8656 = CARTESIAN_POINT ( 'NONE',  ( -37.48849769918442831, -72.48849769918437858, -32.99999999999998579 ) ) ;
#8657 = DIRECTION ( 'NONE',  ( 1.000000000000000000, 0.000000000000000000, 0.000000000000000000 ) ) ;
#8658 = ORIENTED_EDGE ( 'NONE', *, *, #5867, .F. ) ;
#8659 = PRESENTATION_STYLE_ASSIGNMENT (( #6095 ) ) ;
#8660 = ORIENTED_EDGE ( 'NONE', *, *, #7188, .F. ) ;
#8661 = EDGE_LOOP ( 'NONE', ( #5225, #8970, #954, #852 ) ) ;
#8662 = CIRCLE ( 'NONE', #6906, 2.749999999999999556 ) ;
#8663 = AXIS2_PLACEMENT_3D ( 'NONE', #4815, #8152, #6910 ) ;
#8664 = CIRCLE ( 'NONE', #4653, 2.999999999999999556 ) ;
#8665 = EDGE_CURVE ( 'NONE', #4137, #2678, #1925, .T. ) ;
#8666 = VECTOR ( 'NONE', #6469, 1000.000000000000000 ) ;
#8667 = AXIS2_PLACEMENT_3D ( 'NONE', #5832, #8286, #951 ) ;
#8668 = LINE ( 'NONE', #10151, #2340 ) ;
#8669 = CARTESIAN_POINT ( 'NONE',  ( 15.00000000000000178, -12.50000000000000000, 20.00000000000000000 ) ) ;
#8670 = CARTESIAN_POINT ( 'NONE',  ( -85.36863799491800364, 0.000000000000000000, -94.52829855763729938 ) ) ;
#8671 = ORIENTED_EDGE ( 'NONE', *, *, #8579, .F. ) ;
#8672 = CARTESIAN_POINT ( 'NONE',  ( 0.000000000000000000, 200.0000000000000000, 0.000000000000000000 ) ) ;
#8673 = EDGE_CURVE ( 'NONE', #1747, #10205, #7714, .T. ) ;
#8674 = ORIENTED_EDGE ( 'NONE', *, *, #6209, .F. ) ;
#8675 = ORIENTED_EDGE ( 'NONE', *, *, #3502, .F. ) ;
#8676 = CARTESIAN_POINT ( 'NONE',  ( -2.585886042071666502, 18.00000000000000000, -81.79106840947748935 ) ) ;
#8677 = AXIS2_PLACEMENT_3D ( 'NONE', #9257, #5094, #9471 ) ;
#8678 = VECTOR ( 'NONE', #9468, 1000.000000000000000 ) ;
#8679 = LINE ( 'NONE', #5181, #6368 ) ;
#8680 = DIRECTION ( 'NONE',  ( -1.000000000000000000, -1.734723475976807094E-16, 0.000000000000000000 ) ) ;
#8681 = CARTESIAN_POINT ( 'NONE',  ( -13.47468831681135271, 18.00000000000000000, 0.3057232255736196391 ) ) ;
#8682 = ORIENTED_EDGE ( 'NONE', *, *, #200, .F. ) ;
#8683 = VECTOR ( 'NONE', #10280, 1000.000000000000341 ) ;
#8684 = CARTESIAN_POINT ( 'NONE',  ( 9.999999999999992895, 10.00000000000000000, -16.00000000000000000 ) ) ;
#8685 = DIRECTION ( 'NONE',  ( 0.000000000000000000, 0.000000000000000000, 1.000000000000000000 ) ) ;
#8686 = CARTESIAN_POINT ( 'NONE',  ( -4.999999999999999112, 0.000000000000000000, 25.50000000000000000 ) ) ;
#8687 = DIRECTION ( 'NONE',  ( -1.000000000000000000, 0.000000000000000000, 0.000000000000000000 ) ) ;
#8688 = ORIENTED_EDGE ( 'NONE', *, *, #81, .T. ) ;
#8689 = ORIENTED_EDGE ( 'NONE', *, *, #4396, .F. ) ;
#8690 = EDGE_CURVE ( 'NONE', #10419, #4440, #9726, .T. ) ;
#8691 = ADVANCED_FACE ( 'NONE', ( #8707, #1256 ), #3726, .F. ) ;
#8692 = CARTESIAN_POINT ( 'NONE',  ( 5.000000000000000000, 83.40000000000000568, 6.324669086646331852E-17 ) ) ;
#8693 = LINE ( 'NONE', #1915, #7927 ) ;
#8694 = DIRECTION ( 'NONE',  ( -0.8337546385222529555, 0.000000000000000000, -0.5521351308716256900 ) ) ;
#8695 = DIRECTION ( 'NONE',  ( 1.000000000000000000, 0.000000000000000000, 0.000000000000000000 ) ) ;
#8696 = EDGE_LOOP ( 'NONE', ( #2869, #6995, #399, #8083, #9331 ) ) ;
#8697 = DIRECTION ( 'NONE',  ( -0.8337546385222526224, 0.000000000000000000, 0.5521351308716263562 ) ) ;
#8698 = VERTEX_POINT ( 'NONE', #7827 ) ;
#8699 = ORIENTED_EDGE ( 'NONE', *, *, #9332, .T. ) ;
#8700 = MECHANICAL_DESIGN_GEOMETRIC_PRESENTATION_REPRESENTATION (  '', ( #6780 ), #10441 ) ;
#8701 = DIRECTION ( 'NONE',  ( 1.000000000000000000, 0.000000000000000000, 0.000000000000000000 ) ) ;
#8702 = ORIENTED_EDGE ( 'NONE', *, *, #3544, .F. ) ;
#8703 = EDGE_LOOP ( 'NONE', ( #4060, #6883 ) ) ;
#8704 = EDGE_CURVE ( 'NONE', #8166, #2184, #7055, .T. ) ;
#8705 = ADVANCED_FACE ( 'NONE', ( #1212 ), #10243, .T. ) ;
#8706 = VECTOR ( 'NONE', #4597, 1000.000000000000114 ) ;
#8707 = FACE_BOUND ( 'NONE', #10792, .T. ) ;
#8708 = LINE ( 'NONE', #5424, #6517 ) ;
#8709 = VECTOR ( 'NONE', #3979, 1000.000000000000000 ) ;
#8710 = DIRECTION ( 'NONE',  ( 1.000000000000000000, 0.000000000000000000, 0.000000000000000000 ) ) ;
#8711 = CARTESIAN_POINT ( 'NONE',  ( 11.19431524665357536, 69.65735931288072891, -2.500000000000000444 ) ) ;
#8712 = DIRECTION ( 'NONE',  ( 0.000000000000000000, 1.000000000000000000, 0.000000000000000000 ) ) ;
#8713 = ORIENTED_EDGE ( 'NONE', *, *, #3343, .F. ) ;
#8714 = ITEM_DEFINED_TRANSFORMATION ( 'NONE', 'NONE', #5730,  #9029 ) ;
#8715 =( LENGTH_UNIT ( ) NAMED_UNIT ( * ) SI_UNIT ( .MILLI., .METRE. ) );
#8716 = ORIENTED_EDGE ( 'NONE', *, *, #9082, .T. ) ;
#8717 = ORIENTED_EDGE ( 'NONE', *, *, #7431, .T. ) ;
#8718 = AXIS2_PLACEMENT_3D ( 'NONE', #467, #2998, #9672 ) ;
#8719 = DIRECTION ( 'NONE',  ( -1.700709290173340409E-17, 0.000000000000000000, 1.000000000000000000 ) ) ;
#8720 = CARTESIAN_POINT ( 'NONE',  ( 15.31657277250937810, -9.000000000000000000, -5.008376604907085560E-16 ) ) ;
#8721 = DIRECTION ( 'NONE',  ( -1.000000000000000000, 0.000000000000000000, 1.734723475976807094E-17 ) ) ;
#8722 = VERTEX_POINT ( 'NONE', #3517 ) ;
#8723 = CARTESIAN_POINT ( 'NONE',  ( -4.903093245452011750, 70.42163219310553757, -1.134577177797950753 ) ) ;
#8724 = ORIENTED_EDGE ( 'NONE', *, *, #10099, .T. ) ;
#8725 = ORIENTED_EDGE ( 'NONE', *, *, #2685, .F. ) ;
#8726 = EDGE_CURVE ( 'NONE', #3118, #3835, #6842, .T. ) ;
#8727 = CARTESIAN_POINT ( 'NONE',  ( 8.283304597789254862E-16, 7.500000000000000000, 19.50000000000000000 ) ) ;
#8728 = EDGE_CURVE ( 'NONE', #4253, #9100, #9014, .T. ) ;
#8729 = CARTESIAN_POINT ( 'NONE',  ( -48.89087296526017923, -98.03300858899103787, 23.00000000000001421 ) ) ;
#8730 = CARTESIAN_POINT ( 'NONE',  ( -10.00000000000003553, -73.28427124746190202, 0.9999999999999991118 ) ) ;
#8731 = CARTESIAN_POINT ( 'NONE',  ( 10.00000000000000178, -12.50000000000000000, 4.770489558936219510E-15 ) ) ;
#8732 = ORIENTED_EDGE ( 'NONE', *, *, #5932, .T. ) ;
#8733 = CARTESIAN_POINT ( 'NONE',  ( -20.90380984571846312, 0.000000000000000000, 13.36289017892626063 ) ) ;
#8734 = CARTESIAN_POINT ( 'NONE',  ( 35.00000000000000000, -5.499999999999991118, -1.925929944387235853E-31 ) ) ;
#8735 = DIRECTION ( 'NONE',  ( 0.000000000000000000, 0.000000000000000000, -1.000000000000000000 ) ) ;
#8736 = EDGE_CURVE ( 'NONE', #4854, #2903, #10185, .T. ) ;
#8737 = CARTESIAN_POINT ( 'NONE',  ( -41.81980515339471083, -90.96194077712557657, -24.99999999999999289 ) ) ;
#8738 = CARTESIAN_POINT ( 'NONE',  ( 15.05453387609420446, -4.000000000000001776, 21.99999999999999289 ) ) ;
#8739 = ORIENTED_EDGE ( 'NONE', *, *, #967, .T. ) ;
#8740 = DIRECTION ( 'NONE',  ( 0.000000000000000000, -0.000000000000000000, 1.000000000000000000 ) ) ;
#8741 =( REPRESENTATION_RELATIONSHIP ('NONE','NONE', #1790, #9208 ) REPRESENTATION_RELATIONSHIP_WITH_TRANSFORMATION ( #8382 )SHAPE_REPRESENTATION_RELATIONSHIP( ) );
#8742 = CARTESIAN_POINT ( 'NONE',  ( 15.00000000000000178, -9.499999999999998224, 20.00000000000000000 ) ) ;
#8743 = CARTESIAN_POINT ( 'NONE',  ( 64.46620431643836469, 0.000000000000000000, -110.1405347760015161 ) ) ;
#8744 = CARTESIAN_POINT ( 'NONE',  ( 5.000000000000000000, -3.900007814696055976E-17, -2.499999999999998668 ) ) ;
#8745 = ORIENTED_EDGE ( 'NONE', *, *, #5967, .F. ) ;
#8746 = DIRECTION ( 'NONE',  ( 0.8337546385222527334, 0.000000000000000000, -0.5521351308716262452 ) ) ;
#8747 = ORIENTED_EDGE ( 'NONE', *, *, #8506, .F. ) ;
#8748 = VERTEX_POINT ( 'NONE', #5042 ) ;
#8749 = LINE ( 'NONE', #6292, #3828 ) ;
#8750 = EDGE_CURVE ( 'NONE', #5337, #8352, #6574, .T. ) ;
#8751 = ORIENTED_EDGE ( 'NONE', *, *, #9030, .F. ) ;
#8752 = ORIENTED_EDGE ( 'NONE', *, *, #9415, .F. ) ;
#8753 = EDGE_CURVE ( 'NONE', #7571, #6652, #10132, .T. ) ;
#8754 = CYLINDRICAL_SURFACE ( 'NONE', #5352, 2.249999999999998668 ) ;
#8755 = FACE_BOUND ( 'NONE', #2180, .T. ) ;
#8756 = EDGE_CURVE ( 'NONE', #2650, #8903, #10251, .T. ) ;
#8757 = ADVANCED_FACE ( 'NONE', ( #10072 ), #2508, .F. ) ;
#8758 = LINE ( 'NONE', #1214, #5682 ) ;
#8759 = DIRECTION ( 'NONE',  ( -0.000000000000000000, -0.000000000000000000, -1.000000000000000000 ) ) ;
#8760 = DIRECTION ( 'NONE',  ( -0.000000000000000000, 1.000000000000000000, -0.000000000000000000 ) ) ;
#8761 = VERTEX_POINT ( 'NONE', #3334 ) ;
#8762 = APPLICATION_PROTOCOL_DEFINITION ( 'draft international standard', 'automotive_design', 1998, #2600 ) ;
#8763 = DIRECTION ( 'NONE',  ( 0.000000000000000000, 0.000000000000000000, -1.000000000000000000 ) ) ;
#8764 = VERTEX_POINT ( 'NONE', #4270 ) ;
#8765 = ORIENTED_EDGE ( 'NONE', *, *, #2251, .T. ) ;
#8766 = CYLINDRICAL_SURFACE ( 'NONE', #6014, 5.000000000000000888 ) ;
#8767 = EDGE_CURVE ( 'NONE', #6568, #3838, #9900, .T. ) ;
#8768 = CARTESIAN_POINT ( 'NONE',  ( 0.000000000000000000, 0.000000000000000000, 0.000000000000000000 ) ) ;
#8769 = FACE_OUTER_BOUND ( 'NONE', #4055, .T. ) ;
#8770 = DIRECTION ( 'NONE',  ( 0.000000000000000000, 1.000000000000000000, 0.000000000000000000 ) ) ;
#8771 = VERTEX_POINT ( 'NONE', #10014 ) ;
#8772 = FACE_OUTER_BOUND ( 'NONE', #3177, .T. ) ;
#8773 = VERTEX_POINT ( 'NONE', #7496 ) ;
#8774 = VERTEX_POINT ( 'NONE', #7540 ) ;
#8775 = CARTESIAN_POINT ( 'NONE',  ( 25.00000000000000000, 5.500000000000011546, 10.00000000000000000 ) ) ;
#8776 = EDGE_CURVE ( 'NONE', #5630, #3798, #34, .T. ) ;
#8777 = CARTESIAN_POINT ( 'NONE',  ( -4.000000000000000000, 1.500000000000001332, 25.50000000000000000 ) ) ;
#8778 = EDGE_CURVE ( 'NONE', #8903, #9514, #5860, .T. ) ;
#8779 = DIRECTION ( 'NONE',  ( 0.000000000000000000, -0.000000000000000000, -1.000000000000000000 ) ) ;
#8780 = CARTESIAN_POINT ( 'NONE',  ( -2.999999999999999556, 3.673940397442059375E-16, -4.999999999999998224 ) ) ;
#8781 = ORIENTED_EDGE ( 'NONE', *, *, #8888, .F. ) ;
#8782 = DIRECTION ( 'NONE',  ( 0.000000000000000000, 0.000000000000000000, -1.000000000000000000 ) ) ;
#8783 = CARTESIAN_POINT ( 'NONE',  ( -2.585886042071665614, 9.000000000000000000, -81.79106840947748935 ) ) ;
#8784 = DIRECTION ( 'NONE',  ( 1.000000000000000000, 7.703719777548943412E-34, 1.264933817329266432E-17 ) ) ;
#8785 = VECTOR ( 'NONE', #676, 1000.000000000000000 ) ;
#8786 = DIRECTION ( 'NONE',  ( 0.000000000000000000, 0.000000000000000000, 1.000000000000000000 ) ) ;
#8787 = CARTESIAN_POINT ( 'NONE',  ( 63.25715662211381130, 85.00000000000000000, -42.99587695296753509 ) ) ;
#8788 = ORIENTED_EDGE ( 'NONE', *, *, #8861, .T. ) ;
#8789 = EDGE_CURVE ( 'NONE', #3647, #7779, #145, .T. ) ;
#8790 = CARTESIAN_POINT ( 'NONE',  ( -41.81980515339471083, -90.96194077712557657, -32.99999999999999289 ) ) ;
#8791 = DIRECTION ( 'NONE',  ( 0.000000000000000000, 0.000000000000000000, 1.000000000000000000 ) ) ;
#8792 = FACE_OUTER_BOUND ( 'NONE', #1253, .T. ) ;
#8793 = CARTESIAN_POINT ( 'NONE',  ( 11.12919120779491244, 70.90000000000000568, 22.49999999999999289 ) ) ;
#8794 = ORIENTED_EDGE ( 'NONE', *, *, #8917, .T. ) ;
#8795 = DIRECTION ( 'NONE',  ( -1.000000000000000000, 0.000000000000000000, 1.700709290173340409E-17 ) ) ;
#8796 = VERTEX_POINT ( 'NONE', #3385 ) ;
#8797 = VERTEX_POINT ( 'NONE', #9191 ) ;
#8798 = CARTESIAN_POINT ( 'NONE',  ( 96.67003710817803608, 95.00000000000000000, -93.45117771904557458 ) ) ;
#8799 = EDGE_CURVE ( 'NONE', #3968, #3833, #3785, .T. ) ;
#8800 = EDGE_LOOP ( 'NONE', ( #9475, #10785 ) ) ;
#8801 = ORIENTED_EDGE ( 'NONE', *, *, #6324, .T. ) ;
#8802 = CIRCLE ( 'NONE', #6529, 2.249999999999998668 ) ;
#8803 = CYLINDRICAL_SURFACE ( 'NONE', #3663, 2.250000000000001776 ) ;
#8804 = CIRCLE ( 'NONE', #8985, 7.500000000000000000 ) ;
#8805 = PRODUCT_DEFINITION ( 'UNKNOWN', '', #7828, #7184 ) ;
#8806 = AXIS2_PLACEMENT_3D ( 'NONE', #3356, #5067, #8992 ) ;
#8807 = DIRECTION ( 'NONE',  ( -1.000000000000000000, -0.000000000000000000, -2.602085213965210149E-16 ) ) ;
#8808 = CARTESIAN_POINT ( 'NONE',  ( -20.90380984571846312, 18.00000000000000000, 13.36289017892626063 ) ) ;
#8809 = EDGE_LOOP ( 'NONE', ( #9825, #8193 ) ) ;
#8810 = CONTEXT_DEPENDENT_SHAPE_REPRESENTATION ( #6715, #1779 ) ;
#8811 = LINE ( 'NONE', #4727, #10456 ) ;
#8812 = EDGE_LOOP ( 'NONE', ( #5509, #7175 ) ) ;
#8813 = ORIENTED_EDGE ( 'NONE', *, *, #6233, .T. ) ;
#8814 = VECTOR ( 'NONE', #10049, 1000.000000000000000 ) ;
#8815 = AXIS2_PLACEMENT_3D ( 'NONE', #9091, #7448, #6686 ) ;
#8816 = EDGE_CURVE ( 'NONE', #9774, #9742, #3506, .T. ) ;
#8817 = AXIS2_PLACEMENT_3D ( 'NONE', #10354, #3902, #9704 ) ;
#8818 = DIRECTION ( 'NONE',  ( 0.000000000000000000, 1.000000000000000000, -0.000000000000000000 ) ) ;
#8819 = PRESENTATION_STYLE_ASSIGNMENT (( #606 ) ) ;
#8820 = AXIS2_PLACEMENT_3D ( 'NONE', #5389, #8721, #10202 ) ;
#8821 = LINE ( 'NONE', #8931, #2715 ) ;
#8822 = CIRCLE ( 'NONE', #7255, 8.146642442969032061 ) ;
#8823 = ORIENTED_EDGE ( 'NONE', *, *, #652, .F. ) ;
#8824 = CARTESIAN_POINT ( 'NONE',  ( -2.999999999999999556, 3.673940397442059375E-16, -6.499999999999999112 ) ) ;
#8825 = AXIS2_PLACEMENT_3D ( 'NONE', #2721, #1847, #1952 ) ;
#8826 = UNCERTAINTY_MEASURE_WITH_UNIT (LENGTH_MEASURE( 1.000000000000000082E-05 ), #6207, 'distance_accuracy_value', 'NONE');
#8827 = ORIENTED_EDGE ( 'NONE', *, *, #700, .F. ) ;
#8828 = ORIENTED_EDGE ( 'NONE', *, *, #662, .F. ) ;
#8829 = DIRECTION ( 'NONE',  ( -1.000000000000000000, 0.000000000000000000, 0.000000000000000000 ) ) ;
#8830 = EDGE_CURVE ( 'NONE', #2478, #10466, #922, .T. ) ;
#8831 = CIRCLE ( 'NONE', #2198, 2.250000000000000000 ) ;
#8832 = CIRCLE ( 'NONE', #3605, 2.249999999999998668 ) ;
#8833 = VECTOR ( 'NONE', #2821, 1000.000000000000000 ) ;
#8834 = CARTESIAN_POINT ( 'NONE',  ( -2.250000000000004885, 9.999999999999998224, -16.00000000000000000 ) ) ;
#8835 = LINE ( 'NONE', #7190, #4459 ) ;
#8836 = FACE_OUTER_BOUND ( 'NONE', #3354, .T. ) ;
#8837 = ORIENTED_EDGE ( 'NONE', *, *, #6171, .T. ) ;
#8838 = FACE_OUTER_BOUND ( 'NONE', #3783, .T. ) ;
#8839 = DIRECTION ( 'NONE',  ( 0.000000000000000000, 0.000000000000000000, -1.000000000000000000 ) ) ;
#8840 = CIRCLE ( 'NONE', #8327, 9.999999999999998224 ) ;
#8841 = DIRECTION ( 'NONE',  ( 0.000000000000000000, 0.000000000000000000, -1.000000000000000000 ) ) ;
#8842 = DIRECTION ( 'NONE',  ( 1.000000000000000000, 1.387778780781445676E-16, -0.000000000000000000 ) ) ;
#8843 = DIRECTION ( 'NONE',  ( -8.673617379884035472E-17, 1.000000000000000000, 0.000000000000000000 ) ) ;
#8844 = ORIENTED_EDGE ( 'NONE', *, *, #7770, .F. ) ;
#8845 = VECTOR ( 'NONE', #2402, 1000.000000000000000 ) ;
#8846 = CARTESIAN_POINT ( 'NONE',  ( -48.89087296526018633, -98.03300858899103787, -32.99999999999998579 ) ) ;
#8847 = VECTOR ( 'NONE', #9968, 1000.000000000000000 ) ;
#8848 = AXIS2_PLACEMENT_3D ( 'NONE', #1359, #3163, #2326 ) ;
#8849 = CARTESIAN_POINT ( 'NONE',  ( 25.00000000000000355, -10.49999999999999112, 10.00000000000000000 ) ) ;
#8850 = EDGE_CURVE ( 'NONE', #3225, #645, #7596, .T. ) ;
#8851 = DIRECTION ( 'NONE',  ( -0.000000000000000000, -1.000000000000000000, -0.000000000000000000 ) ) ;
#8852 = FACE_BOUND ( 'NONE', #4403, .T. ) ;
#8853 = ORIENTED_EDGE ( 'NONE', *, *, #2280, .T. ) ;
#8854 = CARTESIAN_POINT ( 'NONE',  ( -63.25715662211381130, 10.00000000000000000, -42.99587695296753509 ) ) ;
#8855 = ORIENTED_EDGE ( 'NONE', *, *, #1992, .T. ) ;
#8856 = CARTESIAN_POINT ( 'NONE',  ( 2.499999999999999556, 3.000000000000002665, 25.50000000000000000 ) ) ;
#8857 = ORIENTED_EDGE ( 'NONE', *, *, #2240, .F. ) ;#8858 = ORIENTED_EDGE ( 'NONE', *, *, #5505, .T. ) ;
#8859 = AXIS2_PLACEMENT_3D ( 'NONE', #7906, #5044, #3758 ) ;
#8860 = DIRECTION ( 'NONE',  ( 1.000000000000000000, 8.552847072295027967E-50, 1.700709290173340409E-17 ) ) ;
#8861 = EDGE_CURVE ( 'NONE', #2099, #5064, #5855, .T. ) ;
#8862 = AXIS2_PLACEMENT_3D ( 'NONE', #3251, #2603, #4077 ) ;
#8863 = ADVANCED_FACE ( 'NONE', ( #9303 ), #8478, .F. ) ;
#8864 = CYLINDRICAL_SURFACE ( 'NONE', #294, 2.250000000000000444 ) ;
#8865 = SURFACE_STYLE_FILL_AREA ( #5533 ) ;
#8866 = AXIS2_PLACEMENT_3D ( 'NONE', #8222, #718, #161 ) ;
#8867 = AXIS2_PLACEMENT_3D ( 'NONE', #2654, #6046, #6104 ) ;
#8868 = FACE_BOUND ( 'NONE', #8809, .T. ) ;
#8869 = CARTESIAN_POINT ( 'NONE',  ( 0.000000000000000000, 150.0000000000000000, 0.000000000000000000 ) ) ;
#8870 = ORIENTED_EDGE ( 'NONE', *, *, #10106, .F. ) ;
#8871 = CARTESIAN_POINT ( 'NONE',  ( 5.000000000000000000, 80.40000000000000568, -2.500000000000000000 ) ) ;
#8872 = ORIENTED_EDGE ( 'NONE', *, *, #165, .T. ) ;
#8873 = ORIENTED_EDGE ( 'NONE', *, *, #2261, .F. ) ;
#8874 = AXIS2_PLACEMENT_3D ( 'NONE', #10405, #10512, #4612 ) ;
#8875 = EDGE_CURVE ( 'NONE', #4937, #366, #8254, .T. ) ;
#8876 = CARTESIAN_POINT ( 'NONE',  ( 7.499999999999998224, 18.00000000000000000, -32.24281492697222973 ) ) ;
#8877 = AXIS2_PLACEMENT_3D ( 'NONE', #9959, #9123, #1744 ) ;
#8878 = VECTOR ( 'NONE', #5584, 1000.000000000000000 ) ;
#8879 = DIRECTION ( 'NONE',  ( -1.000000000000000000, 0.000000000000000000, 0.000000000000000000 ) ) ;
#8880 = CARTESIAN_POINT ( 'NONE',  ( 0.000000000000000000, 9.000000000000000000, -10.00000000000000888 ) ) ;
#8881 = DIRECTION ( 'NONE',  ( -0.000000000000000000, -1.000000000000000000, -0.000000000000000000 ) ) ;
#8882 = ORIENTED_EDGE ( 'NONE', *, *, #5345, .F. ) ;
#8883 = CYLINDRICAL_SURFACE ( 'NONE', #10083, 1.499999999999999556 ) ;
#8884 = ORIENTED_EDGE ( 'NONE', *, *, #8585, .T. ) ;
#8885 = ORIENTED_EDGE ( 'NONE', *, *, #3568, .F. ) ;
#8886 = COLOUR_RGB ( '',0.7921568627450980005, 0.8196078431372548767, 0.9333333333333333481 ) ;
#8887 = CARTESIAN_POINT ( 'NONE',  ( -4.999999999999999112, 7.500000000000000000, 19.50000000000000000 ) ) ;
#8888 = EDGE_CURVE ( 'NONE', #4196, #8052, #10781, .T. ) ;
#8889 = EDGE_CURVE ( 'NONE', #4993, #4830, #7445, .T. ) ;
#8890 = CIRCLE ( 'NONE', #6099, 10.00000000000000178 ) ;
#8891 = CYLINDRICAL_SURFACE ( 'NONE', #7909, 2.999999999999999112 ) ;
#8892 = LINE ( 'NONE', #10480, #5663 ) ;
#8893 = VECTOR ( 'NONE', #10116, 1000.000000000000000 ) ;
#8894 = CARTESIAN_POINT ( 'NONE',  ( 7.499999999999998224, 16.24427783378739321, -30.46308470160948545 ) ) ;
#8895 = EDGE_CURVE ( 'NONE', #10666, #7548, #1089, .T. ) ;
#8896 = ORIENTED_EDGE ( 'NONE', *, *, #6546, .F. ) ;
#8897 = LINE ( 'NONE', #10649, #1678 ) ;
#8898 = ADVANCED_FACE ( 'NONE', ( #5256, #5302 ), #313, .F. ) ;
#8899 = PLANE ( 'NONE',  #3630 ) ;
#8900 =( NAMED_UNIT ( * ) SI_UNIT ( $, .STERADIAN. ) SOLID_ANGLE_UNIT ( ) );
#8901 = CARTESIAN_POINT ( 'NONE',  ( 7.499999999999998224, 18.00000000000000000, -32.24281492697222973 ) ) ;
#8902 = CARTESIAN_POINT ( 'NONE',  ( 5.000000000000000000, 0.000000000000000000, 4.251773225433351024E-17 ) ) ;
#8903 = VERTEX_POINT ( 'NONE', #6236 ) ;
#8904 = DIRECTION ( 'NONE',  ( -0.000000000000000000, -1.000000000000000000, -0.000000000000000000 ) ) ;
#8905 = DIRECTION ( 'NONE',  ( 0.000000000000000000, 1.000000000000000000, 0.000000000000000000 ) ) ;
#8906 = DIRECTION ( 'NONE',  ( 0.000000000000000000, 0.000000000000000000, 1.000000000000000000 ) ) ;
#8907 = CARTESIAN_POINT ( 'NONE',  ( 27.25000000000000000, 5.500000000000011546, 10.00000000000000000 ) ) ;
#8908 = ORIENTED_EDGE ( 'NONE', *, *, #8428, .F. ) ;
#8909 = EDGE_CURVE ( 'NONE', #2004, #4993, #1166, .T. ) ;
#8910 = DIRECTION ( 'NONE',  ( 0.000000000000000000, 0.000000000000000000, 1.000000000000000000 ) ) ;
#8911 = VERTEX_POINT ( 'NONE', #9579 ) ;
#8912 = CARTESIAN_POINT ( 'NONE',  ( 0.000000000000000000, 0.000000000000000000, 0.000000000000000000 ) ) ;
#8913 = ORIENTED_EDGE ( 'NONE', *, *, #8640, .F. ) ;
#8914 = EDGE_LOOP ( 'NONE', ( #3057, #3884, #8671, #6887 ) ) ;
#8915 = ADVANCED_FACE ( 'NONE', ( #9355 ), #1143, .T. ) ;
#8916 = CARTESIAN_POINT ( 'NONE',  ( -13.47468831681135271, 18.00000000000000000, 0.3057232255736196391 ) ) ;
#8917 = EDGE_CURVE ( 'NONE', #3165, #4439, #10290, .T. ) ;
#8918 = SHAPE_REPRESENTATION ( 'Jaw_Guide_Link_\X2\9ed88ba4\X0\', ( #9029 ), #1008 ) ;
#8919 = DIRECTION ( 'NONE',  ( 0.000000000000000000, 1.000000000000000000, 0.000000000000000000 ) ) ;
#8920 = CARTESIAN_POINT ( 'NONE',  ( 15.00000000000000178, 12.50000000000000000, -10.00000000000000000 ) ) ;
#8921 = DIRECTION ( 'NONE',  ( -0.000000000000000000, -0.000000000000000000, 1.000000000000000000 ) ) ;
#8922 = DIRECTION ( 'NONE',  ( 1.000000000000000000, 0.000000000000000000, 0.000000000000000000 ) ) ;
#8923 = ORIENTED_EDGE ( 'NONE', *, *, #97, .T. ) ;
#8924 = LINE ( 'NONE', #10627, #1360 ) ;
#8925 = ORIENTED_EDGE ( 'NONE', *, *, #7116, .T. ) ;
#8926 = EDGE_LOOP ( 'NONE', ( #6093, #2197, #6397, #9506 ) ) ;
#8927 = EDGE_CURVE ( 'NONE', #9695, #6240, #7754, .T. ) ;
#8928 = ORIENTED_EDGE ( 'NONE', *, *, #6960, .F. ) ;
#8929 = CARTESIAN_POINT ( 'NONE',  ( -26.24777966571251753, -61.24777966571249976, -11.00000000000000000 ) ) ;
#8930 = FACE_OUTER_BOUND ( 'NONE', #5950, .T. ) ;
#8931 = CARTESIAN_POINT ( 'NONE',  ( -63.25715662211381130, 85.00000000000000000, -42.99587695296753509 ) ) ;
#8932 = EDGE_LOOP ( 'NONE', ( #2918, #8530, #7152, #1935 ) ) ;
#8933 = DIRECTION ( 'NONE',  ( -1.000000000000000000, -1.734723475976807094E-16, 0.000000000000000000 ) ) ;
#8934 = PRODUCT_DEFINITION_CONTEXT ( 'detailed design', #6855, 'design' ) ;
#8935 = EDGE_LOOP ( 'NONE', ( #9406, #5821, #1703, #10254 ) ) ;
#8936 = ORIENTED_EDGE ( 'NONE', *, *, #7533, .T. ) ;
#8937 = DIRECTION ( 'NONE',  ( 0.000000000000000000, 0.000000000000000000, 1.000000000000000000 ) ) ;
#8938 = FACE_OUTER_BOUND ( 'NONE', #5641, .T. ) ;
#8939 = PLANE ( 'NONE',  #2701 ) ;
#8940 = ADVANCED_FACE ( 'NONE', ( #9519 ), #252, .T. ) ;
#8941 = DIRECTION ( 'NONE',  ( -0.000000000000000000, -1.000000000000000000, -0.000000000000000000 ) ) ;
#8942 = ORIENTED_EDGE ( 'NONE', *, *, #5558, .F. ) ;
#8943 = DIRECTION ( 'NONE',  ( -1.000000000000000000, 0.000000000000000000, -0.000000000000000000 ) ) ;
#8944 = CARTESIAN_POINT ( 'NONE',  ( 15.00000000000000178, 12.50000000000000000, -10.00000000000000000 ) ) ;
#8945 = SURFACE_STYLE_FILL_AREA ( #5615 ) ;
#8946 =( REPRESENTATION_RELATIONSHIP ('NONE','NONE', #1790, #8918 ) REPRESENTATION_RELATIONSHIP_WITH_TRANSFORMATION ( #9753 )SHAPE_REPRESENTATION_RELATIONSHIP( ) );
#8947 = CARTESIAN_POINT ( 'NONE',  ( 5.000000000000000888, -4.000000000000001776, 21.99999999999999289 ) ) ;
#8948 = LINE ( 'NONE', #2119, #4624 ) ;
#8949 = ORIENTED_EDGE ( 'NONE', *, *, #4802, .F. ) ;
#8950 = EDGE_CURVE ( 'NONE', #1305, #7364, #4492, .T. ) ;
#8951 = CARTESIAN_POINT ( 'NONE',  ( -51.81980515339466820, -90.96194077712553394, -1.518151565709684780E-13 ) ) ;
#8952 = DIRECTION ( 'NONE',  ( -0.000000000000000000, -1.000000000000000000, -0.000000000000000000 ) ) ;
#8953 = FACE_OUTER_BOUND ( 'NONE', #2902, .T. ) ;
#8954 = EDGE_CURVE ( 'NONE', #543, #9084, #7814, .T. ) ;
#8955 = CARTESIAN_POINT ( 'NONE',  ( 25.00000000000000000, -5.499999999999992895, 10.00000000000000000 ) ) ;
#8956 = ORIENTED_EDGE ( 'NONE', *, *, #891, .F. ) ;
#8957 = CARTESIAN_POINT ( 'NONE',  ( 64.46620431643836469, 0.000000000000000000, -107.8905347760015161 ) ) ;
#8958 = AXIS2_PLACEMENT_3D ( 'NONE', #7609, #98, #9104 ) ;
#8959 = CARTESIAN_POINT ( 'NONE',  ( -27.68655752103955692, 34.67986544671986593, -28.54374205374393725 ) ) ;
#8960 = CARTESIAN_POINT ( 'NONE',  ( -94.00000000000001421, 0.000000000000000000, -104.7964619962940844 ) ) ;
#8961 = VERTEX_POINT ( 'NONE', #7868 ) ;
#8962 = EDGE_LOOP ( 'NONE', ( #8512, #654, #214, #975 ) ) ;
#8963 = DIRECTION ( 'NONE',  ( 0.000000000000000000, -0.000000000000000000, 1.000000000000000000 ) ) ;
#8964 = EDGE_CURVE ( 'NONE', #8004, #6500, #364, .T. ) ;
#8965 = MECHANICAL_DESIGN_GEOMETRIC_PRESENTATION_REPRESENTATION (  '', ( #2860 ), #2318 ) ;
#8966 = CYLINDRICAL_SURFACE ( 'NONE', #10618, 10.00000000000000178 ) ;
#8967 = CARTESIAN_POINT ( 'NONE',  ( 2.999999999999999112, 18.00000000000000000, -87.14486490616359049 ) ) ;
#8968 = DIRECTION ( 'NONE',  ( 1.000000000000000000, 1.387778780781445478E-15, 0.000000000000000000 ) ) ;
#8969 = DIRECTION ( 'NONE',  ( -0.000000000000000000, -1.000000000000000000, 0.000000000000000000 ) ) ;
#8970 = ORIENTED_EDGE ( 'NONE', *, *, #6518, .T. ) ;
#8971 = VERTEX_POINT ( 'NONE', #2677 ) ;
#8972 = AXIS2_PLACEMENT_3D ( 'NONE', #9677, #4707, #5622 ) ;
#8973 = CARTESIAN_POINT ( 'NONE',  ( -35.00000000000000000, 5.500000000000000000, 10.00000000000000000 ) ) ;
#8974 = ORIENTED_EDGE ( 'NONE', *, *, #4644, .F. ) ;
#8975 = ORIENTED_EDGE ( 'NONE', *, *, #7877, .T. ) ;
#8976 = ADVANCED_FACE ( 'NONE', ( #10384 ), #2895, .F. ) ;
#8977 = AXIS2_PLACEMENT_3D ( 'NONE', #10429, #6275, #5610 ) ;
#8978 = ORIENTED_EDGE ( 'NONE', *, *, #6843, .F. ) ;
#8979 = LINE ( 'NONE', #10027, #419 ) ;
#8980 = LINE ( 'NONE', #1548, #3983 ) ;
#8981 = CARTESIAN_POINT ( 'NONE',  ( -69.07332122148433484, 95.00000000000000000, -119.1878866990734736 ) ) ;
#8982 = ORIENTED_EDGE ( 'NONE', *, *, #9167, .F. ) ;
#8983 = ORIENTED_EDGE ( 'NONE', *, *, #9153, .T. ) ;
#8984 = VERTEX_POINT ( 'NONE', #5413 ) ;
#8985 = AXIS2_PLACEMENT_3D ( 'NONE', #4796, #10653, #9628 ) ;
#8986 = AXIS2_PLACEMENT_3D ( 'NONE', #8108, #1272, #8879 ) ;
#8987 = DIRECTION ( 'NONE',  ( -0.000000000000000000, -0.000000000000000000, 1.000000000000000000 ) ) ;
#8988 = EDGE_CURVE ( 'NONE', #8321, #7762, #6064, .T. ) ;
#8989 = CIRCLE ( 'NONE', #6024, 2.249999999999999112 ) ;
#8990 = AXIS2_PLACEMENT_3D ( 'NONE', #44, #3400, #530 ) ;
#8991 = CARTESIAN_POINT ( 'NONE',  ( -5.204170427930421283E-15, 9.999999999999998224, 5.000000000000000000 ) ) ;
#8992 = DIRECTION ( 'NONE',  ( 1.000000000000000000, 0.000000000000000000, -0.000000000000000000 ) ) ;
#8993 = ADVANCED_FACE ( 'NONE', ( #6944, #6075, #3772, #7105, #5200, #6012 ), #4384, .T. ) ;
#8994 = FACE_OUTER_BOUND ( 'NONE', #2247, .T. ) ;
#8995 = ORIENTED_EDGE ( 'NONE', *, *, #1427, .F. ) ;
#8996 = CARTESIAN_POINT ( 'NONE',  ( 25.00000000000000355, -9.499999999999992895, 10.00000000000000000 ) ) ;
#8997 = FACE_OUTER_BOUND ( 'NONE', #1793, .T. ) ;
#8998 = ORIENTED_EDGE ( 'NONE', *, *, #6502, .T. ) ;
#8999 = CARTESIAN_POINT ( 'NONE',  ( -2.500000000000000000, 1.500000000000001332, 0.000000000000000000 ) ) ;
#9000 = CARTESIAN_POINT ( 'NONE',  ( 0.000000000000000000, 0.000000000000000000, 0.000000000000000000 ) ) ;
#9001 = DIRECTION ( 'NONE',  ( -0.000000000000000000, -0.000000000000000000, -1.000000000000000000 ) ) ;
#9002 = ORIENTED_EDGE ( 'NONE', *, *, #3674, .T. ) ;
#9003 = VECTOR ( 'NONE', #10153, 1000.000000000000000 ) ;
#9004 = VECTOR ( 'NONE', #8860, 1000.000000000000000 ) ;
#9005 = AXIS2_PLACEMENT_3D ( 'NONE', #4791, #8782, #8943 ) ;
#9006 = ADVANCED_FACE ( 'NONE', ( #10229 ), #1916, .T. ) ;
#9007 = FACE_OUTER_BOUND ( 'NONE', #4266, .T. ) ;
#9008 = DIRECTION ( 'NONE',  ( -0.000000000000000000, 1.000000000000000000, -0.000000000000000000 ) ) ;
#9009 = AXIS2_PLACEMENT_3D ( 'NONE', #5937, #668, #1598 ) ;
#9010 = CARTESIAN_POINT ( 'NONE',  ( 4.142135623730940353, -59.14213562373096522, 0.000000000000000000 ) ) ;
#9011 = CARTESIAN_POINT ( 'NONE',  ( -25.00000000000000000, 9.500000000000001776, 20.00000000000000000 ) ) ;
#9012 = EDGE_LOOP ( 'NONE', ( #2232, #5109 ) ) ;
#9013 = CARTESIAN_POINT ( 'NONE',  ( 15.00000000000000178, 0.000000000000000000, 0.000000000000000000 ) ) ;
#9014 = CIRCLE ( 'NONE', #4313, 2.999999999999999556 ) ;
#9015 = CARTESIAN_POINT ( 'NONE',  ( 94.00000000000001421, 0.000000000000000000, -104.7964619962940844 ) ) ;
#9016 = FACE_OUTER_BOUND ( 'NONE', #7514, .T. ) ;
#9017 = ORIENTED_EDGE ( 'NONE', *, *, #3478, .T. ) ;
#9018 = ORIENTED_EDGE ( 'NONE', *, *, #5732, .F. ) ;
#9019 = DIRECTION ( 'NONE',  ( -5.204170427930420297E-16, 1.000000000000000000, -4.629113068246459294E-32 ) ) ;
#9020 = ADVANCED_FACE ( 'NONE', ( #4752 ), #4040, .F. ) ;
#9021 = CIRCLE ( 'NONE', #3793, 8.146642442969032061 ) ;
#9022 = PRODUCT ( 'Jaw_Contact_Block_B', 'Jaw_Contact_Block_B', '', ( #8557 ) ) ;
#9023 = FACE_OUTER_BOUND ( 'NONE', #4171, .T. ) ;
#9024 = PLANE ( 'NONE',  #4834 ) ;
#9025 = FACE_OUTER_BOUND ( 'NONE', #9697, .T. ) ;
#9026 = EDGE_CURVE ( 'NONE', #3170, #9273, #6934, .T. ) ;
#9027 = ORIENTED_EDGE ( 'NONE', *, *, #12, .F. ) ;
#9028 = ORIENTED_EDGE ( 'NONE', *, *, #6819, .F. ) ;
#9029 = AXIS2_PLACEMENT_3D ( 'NONE', #2543, #10045, #9162 ) ;
#9030 = EDGE_CURVE ( 'NONE', #2478, #1382, #2381, .T. ) ;
#9031 = CONTEXT_DEPENDENT_SHAPE_REPRESENTATION ( #4628, #900 ) ;
#9032 = CARTESIAN_POINT ( 'NONE',  ( -16.24085055305019765, -79.52512180051203927, -11.09330355699792214 ) ) ;
#9033 = ORIENTED_EDGE ( 'NONE', *, *, #1590, .F. ) ;
#9034 = VERTEX_POINT ( 'NONE', #3004 ) ;
#9035 =( GEOMETRIC_REPRESENTATION_CONTEXT ( 3 ) GLOBAL_UNCERTAINTY_ASSIGNED_CONTEXT ( ( #6314 ) ) GLOBAL_UNIT_ASSIGNED_CONTEXT ( ( #6539, #3424, #2437 ) ) REPRESENTATION_CONTEXT ( 'NONE', 'WORKASPACE' ) );
#9036 = VECTOR ( 'NONE', #3853, 1000.000000000000000 ) ;
#9037 = ORIENTED_EDGE ( 'NONE', *, *, #4525, .T. ) ;
#9038 = LINE ( 'NONE', #10793, #1471 ) ;
#9039 = CARTESIAN_POINT ( 'NONE',  ( -4.000000000000000000, 69.40000000000000568, 25.50000000000000000 ) ) ;
#9040 = CARTESIAN_POINT ( 'NONE',  ( -75.00000000000001421, 150.0000000000000000, -75.00000000000000000 ) ) ;
#9041 = ORIENTED_EDGE ( 'NONE', *, *, #7773, .F. ) ;
#9042 = CARTESIAN_POINT ( 'NONE',  ( -113.4593093147838516, 1.000000000000019318, -113.8925828909669207 ) ) ;
#9043 = ORIENTED_EDGE ( 'NONE', *, *, #913, .T. ) ;
#9044 = ORIENTED_EDGE ( 'NONE', *, *, #4538, .F. ) ;
#9045 = VECTOR ( 'NONE', #650, 1000.000000000000000 ) ;
#9046 = CARTESIAN_POINT ( 'NONE',  ( -4.097102809555155822, 1.640108463691943408, -2.190742461016558007 ) ) ;
#9047 = EDGE_CURVE ( 'NONE', #348, #9637, #5899, .T. ) ;
#9048 = AXIS2_PLACEMENT_3D ( 'NONE', #3056, #10545, #6394 ) ;
#9049 = ADVANCED_FACE ( 'NONE', ( #8792 ), #3929, .F. ) ;
#9050 = VECTOR ( 'NONE', #10078, 1000.000000000000000 ) ;
#9051 = LINE ( 'NONE', #1811, #1438 ) ;
#9052 = DIRECTION ( 'NONE',  ( 0.000000000000000000, 1.000000000000000000, -0.000000000000000000 ) ) ;
#9053 = DIRECTION ( 'NONE',  ( -0.8660254037844381525, 0.000000000000000000, -0.5000000000000008882 ) ) ;
#9054 = LINE ( 'NONE', #1560, #426 ) ;
#9055 = ORIENTED_EDGE ( 'NONE', *, *, #2322, .T. ) ;
#9056 = CARTESIAN_POINT ( 'NONE',  ( 39.00443338159790585, 0.000000000000000000, -42.59593772390964972 ) ) ;
#9057 =( NAMED_UNIT ( * ) SI_UNIT ( $, .STERADIAN. ) SOLID_ANGLE_UNIT ( ) );
#9058 = COLOUR_RGB ( '',0.7921568627450980005, 0.8196078431372548767, 0.9333333333333333481 ) ;
#9059 = ADVANCED_FACE ( 'NONE', ( #9784, #10659 ), #1409, .F. ) ;
#9060 = ORIENTED_EDGE ( 'NONE', *, *, #8055, .T. ) ;
#9061 = VECTOR ( 'NONE', #1523, 999.9999999999998863 ) ;
#9062 = DIRECTION ( 'NONE',  ( -0.000000000000000000, -1.000000000000000000, -0.000000000000000000 ) ) ;
#9063 = CARTESIAN_POINT ( 'NONE',  ( 0.000000000000000000, 47.50000000000000000, -120.2803298308827920 ) ) ;
#9064 = ORIENTED_EDGE ( 'NONE', *, *, #6974, .F. ) ;
#9065 = LINE ( 'NONE', #7577, #2601 ) ;
#9066 = CIRCLE ( 'NONE', #4365, 4.000000000000003553 ) ;
#9067 = DIRECTION ( 'NONE',  ( -0.7071067811865483499, -0.7071067811865466846, 0.000000000000000000 ) ) ;
#9068 = CARTESIAN_POINT ( 'NONE',  ( 0.000000000000000000, -15.00000000000000355, 0.000000000000000000 ) ) ;
#9069 = DIRECTION ( 'NONE',  ( 0.7071067811865483499, 0.7071067811865467956, 0.000000000000000000 ) ) ;
#9070 = DIRECTION ( 'NONE',  ( -1.000000000000000000, -2.602085213965210642E-16, 0.000000000000000000 ) ) ;
#9071 = VECTOR ( 'NONE', #6491, 1000.000000000000000 ) ;
#9072 = CARTESIAN_POINT ( 'NONE',  ( -24.14213562373095812, -59.14213562373093680, 0.9999999999999991118 ) ) ;
#9073 = CARTESIAN_POINT ( 'NONE',  ( -25.00000000000000000, 5.500000000000001776, 10.00000000000000000 ) ) ;
#9074 = ORIENTED_EDGE ( 'NONE', *, *, #10399, .F. ) ;
#9075 = EDGE_LOOP ( 'NONE', ( #8855, #6132, #8765, #9055, #1319, #1567, #1347, #1599, #469, #7379, #29, #1536, #7600, #1592, #10063, #9097, #1526, #6644 ) ) ;
#9076 = DIRECTION ( 'NONE',  ( 0.000000000000000000, 1.000000000000000000, 0.000000000000000000 ) ) ;
#9077 = ADVANCED_FACE ( 'NONE', ( #8037 ), #4866, .F. ) ;
#9078 = VECTOR ( 'NONE', #4800, 1000.000000000000000 ) ;
#9079 = CARTESIAN_POINT ( 'NONE',  ( -63.94170910735130775, 90.00000000000000000, -99.05349224005493625 ) ) ;
#9080 = CARTESIAN_POINT ( 'NONE',  ( -41.81980515339468951, -90.96194077712556236, -24.99999999999999289 ) ) ;
#9081 = DIRECTION ( 'NONE',  ( 0.000000000000000000, 0.000000000000000000, -1.000000000000000000 ) ) ;
#9082 = EDGE_CURVE ( 'NONE', #8113, #8380, #6756, .T. ) ;
#9083 = LINE ( 'NONE', #1535, #4131 ) ;
#9084 = VERTEX_POINT ( 'NONE', #10542 ) ;
#9085 = ORIENTED_EDGE ( 'NONE', *, *, #375, .T. ) ;
#9086 = CARTESIAN_POINT ( 'NONE',  ( 15.50000000000000000, -12.50000000000000000, 0.5000000000000000000 ) ) ;
#9087 = ORIENTED_EDGE ( 'NONE', *, *, #9393, .F. ) ;
#9088 = VERTEX_POINT ( 'NONE', #9010 ) ;
#9089 = EDGE_CURVE ( 'NONE', #6154, #6750, #8078, .T. ) ;
#9090 = EDGE_CURVE ( 'NONE', #7824, #5652, #3051, .T. ) ;
#9091 = CARTESIAN_POINT ( 'NONE',  ( -27.68655752103997258, 74.67986544671987303, -120.2803298308827920 ) ) ;
#9092 = EDGE_LOOP ( 'NONE', ( #4551, #9947, #7311, #5592 ) ) ;
#9093 =( REPRESENTATION_RELATIONSHIP ('NONE','NONE', #1790, #10328 ) REPRESENTATION_RELATIONSHIP_WITH_TRANSFORMATION ( #2345 )SHAPE_REPRESENTATION_RELATIONSHIP( ) );
#9094 = DIRECTION ( 'NONE',  ( 0.000000000000000000, -1.000000000000000000, 0.000000000000000000 ) ) ;
#9095 = CARTESIAN_POINT ( 'NONE',  ( 8.673617379884035472E-16, 63.40000000000001279, 21.75000000000000000 ) ) ;
#9096 = CARTESIAN_POINT ( 'NONE',  ( 10.00000000000000178, 12.50000000000000000, 4.770489558936219510E-15 ) ) ;
#9097 = ORIENTED_EDGE ( 'NONE', *, *, #525, .T. ) ;
#9098 = CARTESIAN_POINT ( 'NONE',  ( 113.4593093147790768, 18.00000000000000711, -113.8925828909716813 ) ) ;
#9099 = VECTOR ( 'NONE', #3435, 1000.000000000000000 ) ;
#9100 = VERTEX_POINT ( 'NONE', #8197 ) ;
#9101 = ORIENTED_EDGE ( 'NONE', *, *, #6188, .T. ) ;
#9102 = CARTESIAN_POINT ( 'NONE',  ( 59.14441049068479117, 0.000000000000000000, -100.2793298308827872 ) ) ;
#9103 = EDGE_CURVE ( 'NONE', #1729, #3732, #6390, .T. ) ;
#9104 = DIRECTION ( 'NONE',  ( -1.000000000000000000, -1.734723475976806848E-16, 0.000000000000000000 ) ) ;
#9105 = DIRECTION ( 'NONE',  ( -1.000000000000000000, 0.000000000000000000, 0.000000000000000000 ) ) ;
#9106 = DIRECTION ( 'NONE',  ( 0.000000000000000000, -0.000000000000000000, 1.000000000000000000 ) ) ;
#9107 = DIRECTION ( 'NONE',  ( -0.5000000000000009992, 0.000000000000000000, 0.8660254037844381525 ) ) ;
#9108 = ORIENTED_EDGE ( 'NONE', *, *, #4501, .F. ) ;
#9109 = CARTESIAN_POINT ( 'NONE',  ( -24.99999999999999289, -5.500000000000003553, 0.000000000000000000 ) ) ;
#9110 = ADVANCED_FACE ( 'NONE', ( #8953 ), #10603, .T. ) ;
#9111 = VERTEX_POINT ( 'NONE', #9632 ) ;
#9112 = VERTEX_POINT ( 'NONE', #2124 ) ;
#9113 = PRODUCT_DEFINITION_SHAPE ( 'NONE', 'NONE',  #5277 ) ;
#9114 = LINE ( 'NONE', #10652, #6369 ) ;
#9115 = CYLINDRICAL_SURFACE ( 'NONE', #7756, 2.749999999999999556 ) ;
#9116 = ORIENTED_EDGE ( 'NONE', *, *, #4113, .F. ) ;
#9117 = EDGE_CURVE ( 'NONE', #10377, #1898, #812, .T. ) ;
#9118 = LINE ( 'NONE', #7479, #5243 ) ;
#9119 = DIRECTION ( 'NONE',  ( 0.000000000000000000, 0.000000000000000000, 1.000000000000000000 ) ) ;
#9120 = DIRECTION ( 'NONE',  ( 0.000000000000000000, -1.000000000000000000, 0.000000000000000000 ) ) ;
#9121 = FACE_BOUND ( 'NONE', #3495, .T. ) ;
#9122 = CARTESIAN_POINT ( 'NONE',  ( -14.99999999999999822, -9.499999999999998224, 20.00000000000000000 ) ) ;
#9123 = DIRECTION ( 'NONE',  ( 0.8337546385222530665, 0.000000000000000000, -0.5521351308716256900 ) ) ;
#9124 = DIRECTION ( 'NONE',  ( -0.000000000000000000, -1.000000000000000000, -0.000000000000000000 ) ) ;
#9125 = ORIENTED_EDGE ( 'NONE', *, *, #8816, .T. ) ;
#9126 = ORIENTED_EDGE ( 'NONE', *, *, #5373, .F. ) ;
#9127 = CARTESIAN_POINT ( 'NONE',  ( -24.99999999999999645, -9.500000000000001776, 10.00000000000000000 ) ) ;
#9128 = EDGE_CURVE ( 'NONE', #1496, #2479, #3831, .T. ) ;
#9129 = DIRECTION ( 'NONE',  ( 0.7071067811865465735, -0.7071067811865484609, -1.974885789293617163E-16 ) ) ;
#9130 = CIRCLE ( 'NONE', #920, 5.000000000000004441 ) ;
#9131 = CARTESIAN_POINT ( 'NONE',  ( -59.14441049068477696, 95.00000000000000000, -90.27932983088280139 ) ) ;
#9132 = DIRECTION ( 'NONE',  ( 3.246893037360389670E-18, 6.195440985631456550E-17, -1.000000000000000000 ) ) ;
#9133 = EDGE_CURVE ( 'NONE', #7856, #9722, #3442, .T. ) ;
#9134 = DIRECTION ( 'NONE',  ( -3.469446951953614189E-16, 0.000000000000000000, 1.000000000000000000 ) ) ;
#9135 = EDGE_LOOP ( 'NONE', ( #8675, #3362, #1084, #322 ) ) ;
#9136 = ORIENTED_EDGE ( 'NONE', *, *, #2265, .F. ) ;
#9137 = CONTEXT_DEPENDENT_SHAPE_REPRESENTATION ( #8741, #3344 ) ;
#9138 = DIRECTION ( 'NONE',  ( -0.000000000000000000, 1.000000000000000000, -0.000000000000000000 ) ) ;
#9139 = ORIENTED_EDGE ( 'NONE', *, *, #2337, .T. ) ;
#9140 = ORIENTED_EDGE ( 'NONE', *, *, #5814, .T. ) ;
#9141 = CIRCLE ( 'NONE', #7384, 2.999999999999999556 ) ;
#9142 = DIRECTION ( 'NONE',  ( -0.000000000000000000, 1.000000000000000000, -0.000000000000000000 ) ) ;
#9143 = ORIENTED_EDGE ( 'NONE', *, *, #6620, .F. ) ;
#9144 = CIRCLE ( 'NONE', #8105, 4.000000000000003553 ) ;
#9145 = CARTESIAN_POINT ( 'NONE',  ( 67.07925725763351466, 0.000000000000000000, -84.99047725517949914 ) ) ;
#9146 = CARTESIAN_POINT ( 'NONE',  ( -64.99999999999980105, 95.00000000000000000, -120.2793298308828014 ) ) ;
#9147 = EDGE_CURVE ( 'NONE', #8569, #1306, #6772, .T. ) ;
#9148 = CARTESIAN_POINT ( 'NONE',  ( 58.67999999999999972, 0.000000000000000000, 0.000000000000000000 ) ) ;
#9149 = EDGE_LOOP ( 'NONE', ( #9484, #1189, #1474, #7067 ) ) ;
#9150 = CARTESIAN_POINT ( 'NONE',  ( 113.4593093147780394, 94.00000000000001421, -113.8925828909727045 ) ) ;
#9151 = VERTEX_POINT ( 'NONE', #2447 ) ;
#9152 = ORIENTED_EDGE ( 'NONE', *, *, #6007, .F. ) ;
#9153 = EDGE_CURVE ( 'NONE', #7824, #3000, #10601, .T. ) ;
#9154 = DIRECTION ( 'NONE',  ( 0.000000000000000000, 0.000000000000000000, -1.000000000000000000 ) ) ;
#9155 = VECTOR ( 'NONE', #1844, 1000.000000000000000 ) ;
#9156 = CARTESIAN_POINT ( 'NONE',  ( -64.99999999999981526, 85.00000000000000000, -120.2793298308826877 ) ) ;
#9157 = PLANE ( 'NONE',  #3978 ) ;
#9158 = VECTOR ( 'NONE', #7310, 1000.000000000000000 ) ;
#9159 = DIRECTION ( 'NONE',  ( 0.000000000000000000, 1.000000000000000000, 0.000000000000000000 ) ) ;
#9160 = ORIENTED_EDGE ( 'NONE', *, *, #5944, .F. ) ;
#9161 = CARTESIAN_POINT ( 'NONE',  ( -96.67003710817802187, 0.000000000000000000, -93.45117771904557458 ) ) ;
#9162 = DIRECTION ( 'NONE',  ( 1.000000000000000000, 0.000000000000000000, 0.000000000000000000 ) ) ;
#9163 = AXIS2_PLACEMENT_3D ( 'NONE', #8508, #5234, #4407 ) ;
#9164 = ORIENTED_EDGE ( 'NONE', *, *, #721, .T. ) ;
#9165 = ORIENTED_EDGE ( 'NONE', *, *, #459, .F. ) ;
#9166 = EDGE_CURVE ( 'NONE', #2963, #5582, #5027, .T. ) ;
#9167 = EDGE_CURVE ( 'NONE', #2666, #5144, #2558, .T. ) ;
#9168 = DIRECTION ( 'NONE',  ( -0.000000000000000000, -1.000000000000000000, -0.000000000000000000 ) ) ;
#9169 = DIRECTION ( 'NONE',  ( -0.000000000000000000, -0.000000000000000000, -1.000000000000000000 ) ) ;
#9170 = ORIENTED_EDGE ( 'NONE', *, *, #4824, .T. ) ;
#9171 = AXIS2_PLACEMENT_3D ( 'NONE', #3921, #8131, #7250 ) ;
#9172 = AXIS2_PLACEMENT_3D ( 'NONE', #4938, #4119, #1650 ) ;
#9173 = CIRCLE ( 'NONE', #4471, 2.750000000000000000 ) ;
#9174 = CARTESIAN_POINT ( 'NONE',  ( 11.31261843528554500, 3.500000000000001332, 17.00000000000000000 ) ) ;
#9175 = CARTESIAN_POINT ( 'NONE',  ( 0.000000000000000000, 70.90000000000000568, 0.000000000000000000 ) ) ;
#9176 = CARTESIAN_POINT ( 'NONE',  ( 11.12919120779491244, 70.90000000000000568, 22.49999999999999289 ) ) ;
#9177 = DIRECTION ( 'NONE',  ( 0.8425558180458874169, 0.000000000000000000, -0.5386090358293531555 ) ) ;
#9178 = DIRECTION ( 'NONE',  ( 0.000000000000000000, 1.000000000000000000, -0.000000000000000000 ) ) ;
#9179 = AXIS2_PLACEMENT_3D ( 'NONE', #5069, #5830, #10103 ) ;
#9180 = DIRECTION ( 'NONE',  ( 0.000000000000000000, 0.000000000000000000, 1.000000000000000000 ) ) ;
#9181 = CIRCLE ( 'NONE', #6737, 2.500000000000002220 ) ;
#9182 = VECTOR ( 'NONE', #9408, 1000.000000000000000 ) ;
#9183 = CARTESIAN_POINT ( 'NONE',  ( -30.31497855141494568, 95.00000000000000000, 6.748637086761525516 ) ) ;
#9184 = VERTEX_POINT ( 'NONE', #4152 ) ;
#9185 = ORIENTED_EDGE ( 'NONE', *, *, #4591, .T. ) ;
#9186 = DIRECTION ( 'NONE',  ( 0.000000000000000000, 0.000000000000000000, -1.000000000000000000 ) ) ;
#9187 = VECTOR ( 'NONE', #2646, 1000.000000000000000 ) ;
#9188 = CARTESIAN_POINT ( 'NONE',  ( 35.00000000000000000, 9.500000000000012434, 10.00000000000000000 ) ) ;
#9189 = VECTOR ( 'NONE', #7857, 1000.000000000000000 ) ;
#9190 = CARTESIAN_POINT ( 'NONE',  ( -4.000000000000000000, 70.90000000000000568, 0.5000000000000000000 ) ) ;
#9191 = CARTESIAN_POINT ( 'NONE',  ( -75.00000000000001421, 150.0000000000000000, -75.00000000000000000 ) ) ;
#9192 = CARTESIAN_POINT ( 'NONE',  ( -85.36863799491800364, 10.00000000000000000, -94.52829855763729938 ) ) ;
#9193 = DIRECTION ( 'NONE',  ( -0.000000000000000000, -1.000000000000000000, -0.000000000000000000 ) ) ;
#9194 = EDGE_LOOP ( 'NONE', ( #10675, #9629, #8015, #762 ) ) ;
#9195 = ORIENTED_EDGE ( 'NONE', *, *, #6956, .T. ) ;
#9196 = EDGE_CURVE ( 'NONE', #5954, #6989, #5905, .T. ) ;
#9197 = LINE ( 'NONE', #6514, #9235 ) ;
#9198 = ORIENTED_EDGE ( 'NONE', *, *, #8964, .T. ) ;
#9199 = EDGE_LOOP ( 'NONE', ( #39, #10490, #6395, #259, #3858, #435, #3135, #3711, #9395, #1746, #9756, #255 ) ) ;
#9200 = CIRCLE ( 'NONE', #6754, 2.250000000000000444 ) ;
#9201 = EDGE_CURVE ( 'NONE', #3008, #5928, #5744, .T. ) ;
#9202 = AXIS2_PLACEMENT_3D ( 'NONE', #5254, #8584, #6453 ) ;
#9203 = AXIS2_PLACEMENT_3D ( 'NONE', #8422, #6727, #3282 ) ;
#9204 = CIRCLE ( 'NONE', #7636, 8.146642442969032061 ) ;
#9205 = PRODUCT_DEFINITION_SHAPE ( 'NONE', 'NONE',  #10751 ) ;
#9206 = FACE_OUTER_BOUND ( 'NONE', #4400, .T. ) ;
#9207 = VECTOR ( 'NONE', #3439, 1000.000000000000000 ) ;
#9208 = SHAPE_REPRESENTATION ( 'Jaw_Plate_Spacer_Sleeve', ( #9029 ), #7820 ) ;
#9209 = CARTESIAN_POINT ( 'NONE',  ( 64.99999999999980105, 85.00000000000000000, -112.1326873879137622 ) ) ;
#9210 = CARTESIAN_POINT ( 'NONE',  ( -34.74873734152923532, -98.03300858899102366, 15.00000000000001421 ) ) ;
#9211 = DIRECTION ( 'NONE',  ( -0.000000000000000000, -0.000000000000000000, -1.000000000000000000 ) ) ;
#9212 = ORIENTED_EDGE ( 'NONE', *, *, #775, .F. ) ;
#9213 = CARTESIAN_POINT ( 'NONE',  ( 64.46620431643837890, -6.000000000000000000, -81.59679272225758950 ) ) ;
#9214 = ORIENTED_EDGE ( 'NONE', *, *, #3568, .T. ) ;
#9215 = ORIENTED_EDGE ( 'NONE', *, *, #5932, .F. ) ;
#9216 = FACE_OUTER_BOUND ( 'NONE', #9149, .T. ) ;
#9217 = AXIS2_PLACEMENT_3D ( 'NONE', #7389, #3406, #4894 ) ;
#9218 = AXIS2_PLACEMENT_3D ( 'NONE', #10368, #3494, #6219 ) ;
#9219 = EDGE_CURVE ( 'NONE', #3132, #1898, #9956, .T. ) ;
#9220 = CARTESIAN_POINT ( 'NONE',  ( 8.673617379884035472E-16, 15.00000000000000000, 21.75000000000000000 ) ) ;
#9221 =( LENGTH_UNIT ( ) NAMED_UNIT ( * ) SI_UNIT ( .MILLI., .METRE. ) );
#9222 = CARTESIAN_POINT ( 'NONE',  ( 13.63988578096987681, 0.000000000000000000, -4.294065530670991393 ) ) ;
#9223 = ORIENTED_EDGE ( 'NONE', *, *, #7489, .F. ) ;
#9224 = PRODUCT_DEFINITION_FORMATION_WITH_SPECIFIED_SOURCE ( 'ANY', '', #6845, .NOT_KNOWN. ) ;
#9225 = CARTESIAN_POINT ( 'NONE',  ( 15.50000000000000000, -9.000000000000001776, 16.99999999999999289 ) ) ;
#9226 = AXIS2_PLACEMENT_3D ( 'NONE', #10794, #4891, #4233 ) ;
#9227 = EDGE_CURVE ( 'NONE', #5086, #4392, #8154, .T. ) ;
#9228 = ORIENTED_EDGE ( 'NONE', *, *, #515, .F. ) ;
#9229 = VERTEX_POINT ( 'NONE', #5081 ) ;
#9230 = ADVANCED_FACE ( 'NONE', ( #23 ), #861, .T. ) ;
#9231 = AXIS2_PLACEMENT_3D ( 'NONE', #3326, #7366, #10607 ) ;
#9232 = CARTESIAN_POINT ( 'NONE',  ( 2.249999999999994671, 9.999999999999998224, -11.00000000000000000 ) ) ;
#9233 = DIRECTION ( 'NONE',  ( 0.2644732620533331580, 0.000000000000000000, -0.9643930182549378394 ) ) ;
#9234 = ORIENTED_EDGE ( 'NONE', *, *, #8318, .F. ) ;
#9235 = VECTOR ( 'NONE', #1704, 1000.000000000000000 ) ;
#9236 = FACE_BOUND ( 'NONE', #4929, .T. ) ;
#9237 = DIRECTION ( 'NONE',  ( 1.000000000000000000, 0.000000000000000000, 0.000000000000000000 ) ) ;
#9238 = EDGE_CURVE ( 'NONE', #510, #8185, #8507, .T. ) ;
#9239 = ADVANCED_FACE ( 'NONE', ( #8299 ), #4090, .T. ) ;
#9240 = PRESENTATION_LAYER_ASSIGNMENT (  '', '', ( #4526 ) ) ;
#9241 = CARTESIAN_POINT ( 'NONE',  ( 0.000000000000000000, 0.000000000000000000, 0.000000000000000000 ) ) ;
#9242 = DIRECTION ( 'NONE',  ( -0.7071067811865483499, -0.7071067811865466846, 0.000000000000000000 ) ) ;
#9243 = VERTEX_POINT ( 'NONE', #7482 ) ;
#9244 = CARTESIAN_POINT ( 'NONE',  ( -74.99999999999998579, 150.0000000000000000, 74.99999999999997158 ) ) ;
#9245 = CARTESIAN_POINT ( 'NONE',  ( -59.14441049068477696, 9.999999999999994671, -90.27932983088280139 ) ) ;
#9246 = CARTESIAN_POINT ( 'NONE',  ( 5.000000000000000000, 3.851859888774471706E-33, 25.50000000000000000 ) ) ;
#9247 = VERTEX_POINT ( 'NONE', #71 ) ;
#9248 = ORIENTED_EDGE ( 'NONE', *, *, #2753, .F. ) ;
#9249 = DIRECTION ( 'NONE',  ( -0.000000000000000000, -1.000000000000000000, -0.000000000000000000 ) ) ;
#9250 = AXIS2_PLACEMENT_3D ( 'NONE', #3762, #2948, #6281 ) ;
#9251 = DIRECTION ( 'NONE',  ( -1.000000000000000000, 0.000000000000000000, 0.000000000000000000 ) ) ;
#9252 = EDGE_CURVE ( 'NONE', #727, #3557, #8242, .T. ) ;
#9253 = DIRECTION ( 'NONE',  ( 0.000000000000000000, 0.000000000000000000, 1.000000000000000000 ) ) ;
#9254 = CARTESIAN_POINT ( 'NONE',  ( 13.63988578096987681, 85.00000000000000000, -4.294065530670991393 ) ) ;
#9255 = CARTESIAN_POINT ( 'NONE',  ( -4.999999999999999112, 55.90000000000000568, 21.75000000000000000 ) ) ;
#9256 = EDGE_CURVE ( 'NONE', #8639, #4756, #1787, .T. ) ;
#9257 = CARTESIAN_POINT ( 'NONE',  ( 0.000000000000000000, 0.000000000000000000, 0.000000000000000000 ) ) ;
#9258 = VERTEX_POINT ( 'NONE', #9176 ) ;
#9259 = ORIENTED_EDGE ( 'NONE', *, *, #382, .T. ) ;
#9260 = CARTESIAN_POINT ( 'NONE',  ( -14.99999999999999822, 0.000000000000000000, 0.000000000000000000 ) ) ;
#9261 = EDGE_CURVE ( 'NONE', #1485, #3060, #1571, .T. ) ;
#9262 = VERTEX_POINT ( 'NONE', #8363 ) ;
#9263 = ORIENTED_EDGE ( 'NONE', *, *, #3465, .F. ) ;
#9264 = EDGE_CURVE ( 'NONE', #2740, #2649, #2041, .T. ) ;
#9265 = CARTESIAN_POINT ( 'NONE',  ( 64.46620431643836469, 0.000000000000000000, -107.8905347760015161 ) ) ;
#9266 = LINE ( 'NONE', #6029, #4799 ) ;
#9267 = CARTESIAN_POINT ( 'NONE',  ( 5.000000000000000888, 8.500000000000000000, 5.999999999999999112 ) ) ;
#9268 = CARTESIAN_POINT ( 'NONE',  ( 85.36863799491800364, 85.00000000000000000, -94.52829855763729938 ) ) ;
#9269 = ORIENTED_EDGE ( 'NONE', *, *, #3080, .F. ) ;
#9270 = DIRECTION ( 'NONE',  ( 2.187217990050969776E-05, 1.003835630170457635E-23, 0.9999999997608040037 ) ) ;
#9271 = FACE_OUTER_BOUND ( 'NONE', #10388, .T. ) ;
#9272 = VERTEX_POINT ( 'NONE', #7417 ) ;
#9273 = VERTEX_POINT ( 'NONE', #10056 ) ;
#9274 = CARTESIAN_POINT ( 'NONE',  ( -74.99999999999998579, 150.0000000000000000, 74.99999999999997158 ) ) ;
#9275 = EDGE_CURVE ( 'NONE', #8449, #9112, #9557, .T. ) ;
#9276 = ADVANCED_FACE ( 'NONE', ( #6550 ), #9897, .T. ) ;
#9277 = SHAPE_REPRESENTATION ( 'Actuation_Link_Spacer_Sleeve', ( #9029 ), #10274 ) ;
#9278 = CARTESIAN_POINT ( 'NONE',  ( -2.999999999999999556, 70.90000000000000568, -2.500000000000000000 ) ) ;
#9279 = CARTESIAN_POINT ( 'NONE',  ( 58.67999999999999972, 5.000000000000000000, 10.00000000000000178 ) ) ;
#9280 = CARTESIAN_POINT ( 'NONE',  ( 35.00000000000000000, -9.499999999999991118, 4.592425496802575944E-16 ) ) ;
#9281 = ORIENTED_EDGE ( 'NONE', *, *, #7943, .T. ) ;
#9282 = CARTESIAN_POINT ( 'NONE',  ( -4.000000000000000000, 0.000000000000000000, 25.50000000000000000 ) ) ;
#9283 = ORIENTED_EDGE ( 'NONE', *, *, #7903, .F. ) ;
#9284 = ORIENTED_EDGE ( 'NONE', *, *, #3415, .F. ) ;
#9285 = FACE_OUTER_BOUND ( 'NONE', #1808, .T. ) ;
#9286 = CARTESIAN_POINT ( 'NONE',  ( -4.000000000000000000, 70.90000000000000568, 0.000000000000000000 ) ) ;
#9287 = ORIENTED_EDGE ( 'NONE', *, *, #9128, .F. ) ;
#9288 = PRODUCT_DEFINITION ( 'UNKNOWN', '', #7655, #286 ) ;
#9289 = DIRECTION ( 'NONE',  ( 0.000000000000000000, 0.000000000000000000, 1.000000000000000000 ) ) ;
#9290 = LINE ( 'NONE', #8461, #6879 ) ;
#9291 = CARTESIAN_POINT ( 'NONE',  ( 26.31344247896044664, 34.67986544671986593, -42.59593772390965682 ) ) ;
#9292 = ORIENTED_EDGE ( 'NONE', *, *, #1735, .F. ) ;
#9293 = LINE ( 'NONE', #9122, #10575 ) ;
#9294 = CARTESIAN_POINT ( 'NONE',  ( -2.250000000000004885, 9.999999999999998224, 5.000000000000000000 ) ) ;
#9295 = DIRECTION ( 'NONE',  ( 1.000000000000000000, 0.000000000000000000, 0.000000000000000000 ) ) ;
#9296 = EDGE_LOOP ( 'NONE', ( #8080, #745, #8322, #2408 ) ) ;
#9297 = ORIENTED_EDGE ( 'NONE', *, *, #1514, .F. ) ;
#9298 = CARTESIAN_POINT ( 'NONE',  ( 30.31344247896003097, 74.67986544671987303, -42.59593772390965682 ) ) ;
#9299 = EDGE_CURVE ( 'NONE', #2184, #6904, #2665, .T. ) ;
#9300 = PRODUCT_DEFINITION_SHAPE ( 'NONE', 'NONE',  #10841 ) ;
#9301 = DIRECTION ( 'NONE',  ( -0.8660254037844381525, 0.000000000000000000, -0.5000000000000009992 ) ) ;
#9302 = CARTESIAN_POINT ( 'NONE',  ( 0.000000000000000000, 50.00000000000001421, 0.000000000000000000 ) ) ;
#9303 = FACE_OUTER_BOUND ( 'NONE', #2418, .T. ) ;
#9304 = DIRECTION ( 'NONE',  ( 1.000000000000000000, 0.000000000000000000, -3.231206387738610909E-17 ) ) ;
#9305 = ORIENTED_EDGE ( 'NONE', *, *, #1290, .F. ) ;
#9306 = ORIENTED_EDGE ( 'NONE', *, *, #7303, .F. ) ;
#9307 = PLANE ( 'NONE',  #2075 ) ;
#9308 = ORIENTED_EDGE ( 'NONE', *, *, #9854, .F. ) ;
#9309 = ORIENTED_EDGE ( 'NONE', *, *, #1946, .T. ) ;
#9310 = EDGE_CURVE ( 'NONE', #9786, #3836, #7103, .T. ) ;
#9311 =( REPRESENTATION_RELATIONSHIP ('NONE','NONE', #1790, #9208 ) REPRESENTATION_RELATIONSHIP_WITH_TRANSFORMATION ( #753 )SHAPE_REPRESENTATION_RELATIONSHIP( ) );
#9312 = EDGE_CURVE ( 'NONE', #6195, #4158, #6579, .T. ) ;
#9313 = LINE ( 'NONE', #777, #7038 ) ;
#9314 = DIRECTION ( 'NONE',  ( 0.000000000000000000, 0.7022888664850418516, -0.7118920901450972449 ) ) ;
#9315 = LINE ( 'NONE', #6741, #1896 ) ;
#9316 = PLANE ( 'NONE',  #6223 ) ;
#9317 = ORIENTED_EDGE ( 'NONE', *, *, #2121, .F. ) ;
#9318 = VECTOR ( 'NONE', #3683, 1000.000000000000000 ) ;
#9319 =( LENGTH_UNIT ( ) NAMED_UNIT ( * ) SI_UNIT ( .MILLI., .METRE. ) );
#9320 = ORIENTED_EDGE ( 'NONE', *, *, #9147, .F. ) ;
#9321 = ORIENTED_EDGE ( 'NONE', *, *, #7019, .T. ) ;
#9322 = EDGE_CURVE ( 'NONE', #7231, #4292, #9405, .T. ) ;
#9323 = CYLINDRICAL_SURFACE ( 'NONE', #2896, 2.250000000000001776 ) ;
#9324 = CIRCLE ( 'NONE', #568, 5.000000000000001776 ) ;
#9325 = DIRECTION ( 'NONE',  ( 1.000000000000000000, 0.000000000000000000, 0.000000000000000000 ) ) ;
#9326 = DIRECTION ( 'NONE',  ( 0.000000000000000000, 0.000000000000000000, 1.000000000000000000 ) ) ;
#9327 = DIRECTION ( 'NONE',  ( 0.000000000000000000, 1.000000000000000000, 0.000000000000000000 ) ) ;
#9328 = EDGE_LOOP ( 'NONE', ( #284, #6471 ) ) ;
#9329 = CARTESIAN_POINT ( 'NONE',  ( -27.68655752103955692, 34.67986544671986593, -28.54374205374393725 ) ) ;
#9330 = ORIENTED_EDGE ( 'NONE', *, *, #10716, .F. ) ;
#9331 = ORIENTED_EDGE ( 'NONE', *, *, #5409, .F. ) ;
#9332 = EDGE_CURVE ( 'NONE', #3732, #9815, #8525, .T. ) ;
#9333 = VECTOR ( 'NONE', #9067, 1000.000000000000000 ) ;
#9334 = DIRECTION ( 'NONE',  ( 0.000000000000000000, 0.000000000000000000, 1.000000000000000000 ) ) ;
#9335 = DIRECTION ( 'NONE',  ( 1.000000000000000000, -0.000000000000000000, 1.700709290173340409E-17 ) ) ;
#9336 = CIRCLE ( 'NONE', #7588, 2.250000000000000000 ) ;
#9337 = DIRECTION ( 'NONE',  ( 0.000000000000000000, 0.000000000000000000, -1.000000000000000000 ) ) ;
#9338 = AXIS2_PLACEMENT_3D ( 'NONE', #5780, #4026, #7564 ) ;
#9339 = CYLINDRICAL_SURFACE ( 'NONE', #8288, 2.249999999999998668 ) ;
#9340 = LINE ( 'NONE', #9561, #4849 ) ;
#9341 = ORIENTED_EDGE ( 'NONE', *, *, #1356, .T. ) ;
#9342 = CYLINDRICAL_SURFACE ( 'NONE', #7962, 2.499999999999999556 ) ;
#9343 = CARTESIAN_POINT ( 'NONE',  ( 67.07925725763351466, 85.00000000000000000, -84.99047725517949914 ) ) ;
#9344 = AXIS2_PLACEMENT_3D ( 'NONE', #4031, #2271, #2319 ) ;
#9345 = CARTESIAN_POINT ( 'NONE',  ( 2.999999999999999112, 18.00000000000000000, -85.14486490616359049 ) ) ;
#9346 = CARTESIAN_POINT ( 'NONE',  ( 4.332851387010890676, 18.00000000000000000, -95.04470861319066444 ) ) ;
#9347 = ORIENTED_EDGE ( 'NONE', *, *, #4688, .F. ) ;
#9348 = AXIS2_PLACEMENT_3D ( 'NONE', #4753, #8038, #2175 ) ;
#9349 = CARTESIAN_POINT ( 'NONE',  ( -1.141807012330693150, -48.66918367361086695, -11.00000000000000000 ) ) ;
#9350 = CIRCLE ( 'NONE', #7768, 2.250000000000001776 ) ;
#9351 = LINE ( 'NONE', #2014, #2013 ) ;
#9352 = CIRCLE ( 'NONE', #2007, 2.249999999999998668 ) ;
#9353 = FACE_OUTER_BOUND ( 'NONE', #1114, .T. ) ;
#9354 = VECTOR ( 'NONE', #7400, 1000.000000000000000 ) ;
#9355 = FACE_OUTER_BOUND ( 'NONE', #3429, .T. ) ;
#9356 = VECTOR ( 'NONE', #2260, 1000.000000000000000 ) ;
#9357 = ORIENTED_EDGE ( 'NONE', *, *, #932, .F. ) ;
#9358 = AXIS2_PLACEMENT_3D ( 'NONE', #2914, #1258, #8145 ) ;
#9359 = FACE_OUTER_BOUND ( 'NONE', #7742, .T. ) ;
#9360 = VERTEX_POINT ( 'NONE', #4422 ) ;
#9361 = ORIENTED_EDGE ( 'NONE', *, *, #2116, .F. ) ;
#9362 = CARTESIAN_POINT ( 'NONE',  ( 0.000000000000000000, 57.00000000000000000, 0.000000000000000000 ) ) ;
#9363 = EDGE_CURVE ( 'NONE', #3181, #4937, #3545, .T. ) ;
#9364 = ORIENTED_EDGE ( 'NONE', *, *, #453, .F. ) ;
#9365 = ORIENTED_EDGE ( 'NONE', *, *, #3565, .F. ) ;
#9366 = CIRCLE ( 'NONE', #5702, 2.250000000000000000 ) ;
#9367 = VECTOR ( 'NONE', #9019, 1000.000000000000000 ) ;
#9368 = CIRCLE ( 'NONE', #5692, 2.500000000000002220 ) ;
#9369 = DIRECTION ( 'NONE',  ( -0.000000000000000000, -1.000000000000000000, -0.000000000000000000 ) ) ;
#9370 = DIRECTION ( 'NONE',  ( 0.000000000000000000, 1.000000000000000000, 0.000000000000000000 ) ) ;
#9371 = ADVANCED_FACE ( 'NONE', ( #2783 ), #6870, .T. ) ;
#9372 = EDGE_CURVE ( 'NONE', #6153, #1941, #2830, .T. ) ;
#9373 = CARTESIAN_POINT ( 'NONE',  ( -25.00000000000000000, 5.500000000000001776, 5.204748896376250699E-16 ) ) ;
#9374 = DIRECTION ( 'NONE',  ( -1.000000000000000000, 0.000000000000000000, 0.000000000000000000 ) ) ;
#9375 = VECTOR ( 'NONE', #7328, 1000.000000000000000 ) ;
#9376 = LINE ( 'NONE', #7721, #9546 ) ;
#9377 = EDGE_LOOP ( 'NONE', ( #5555, #1897, #6227, #8908 ) ) ;
#9378 = APPLICATION_PROTOCOL_DEFINITION ( 'draft international standard', 'automotive_design', 1998, #1264 ) ;
#9379 = AXIS2_PLACEMENT_3D ( 'NONE', #1389, #6268, #2107 ) ;
#9380 = SURFACE_STYLE_FILL_AREA ( #1981 ) ;
#9381 = EDGE_LOOP ( 'NONE', ( #10263, #4212, #10560, #7731 ) ) ;
#9382 = ORIENTED_EDGE ( 'NONE', *, *, #10644, .T. ) ;
#9383 = AXIS2_PLACEMENT_3D ( 'NONE', #9577, #3554, #3504 ) ;
#9384 = PLANE ( 'NONE',  #1840 ) ;
#9385 = CIRCLE ( 'NONE', #6232, 2.000000000000000000 ) ;
#9386 = AXIS2_PLACEMENT_3D ( 'NONE', #6663, #800, #2392 ) ;
#9387 = CARTESIAN_POINT ( 'NONE',  ( -14.99999999999999822, -12.50000000000000000, 20.00000000000000000 ) ) ;
#9388 = DIRECTION ( 'NONE',  ( 3.068079190820900971E-33, -1.000000000000000000, -1.816464372750583135E-16 ) ) ;
#9389 = CYLINDRICAL_SURFACE ( 'NONE', #6213, 10.00000000000000000 ) ;
#9390 = ORIENTED_EDGE ( 'NONE', *, *, #361, .F. ) ;
#9391 = DIRECTION ( 'NONE',  ( -0.000000000000000000, -0.000000000000000000, 1.000000000000000000 ) ) ;
#9392 = SHAPE_REPRESENTATION_RELATIONSHIP ( 'NONE' , 'NONE' ,  #9568, #8250 ) ;
#9393 = EDGE_CURVE ( 'NONE', #705, #1305, #9456, .T. ) ;
#9394 = ORIENTED_EDGE ( 'NONE', *, *, #7515, .T. ) ;
#9395 = ORIENTED_EDGE ( 'NONE', *, *, #6087, .T. ) ;
#9396 = VECTOR ( 'NONE', #1401, 1000.000000000000114 ) ;
#9397 = VECTOR ( 'NONE', #3599, 1000.000000000000000 ) ;
#9398 = CARTESIAN_POINT ( 'NONE',  ( 11.31261843528553435, 67.40000000000000568, 19.92893218813451739 ) ) ;
#9399 = EDGE_CURVE ( 'NONE', #9915, #3261, #436, .T. ) ;
#9400 = DIRECTION ( 'NONE',  ( -0.000000000000000000, -1.000000000000000000, -0.000000000000000000 ) ) ;
#9401 = LINE ( 'NONE', #6114, #4542 ) ;
#9402 = AXIS2_PLACEMENT_3D ( 'NONE', #7341, #10094, #2477 ) ;
#9403 = AXIS2_PLACEMENT_3D ( 'NONE', #4732, #8109, #2981 ) ;
#9404 = LINE ( 'NONE', #5998, #3579 ) ;
#9405 = LINE ( 'NONE', #4532, #822 ) ;
#9406 = ORIENTED_EDGE ( 'NONE', *, *, #3399, .F. ) ;
#9407 = ADVANCED_FACE ( 'NONE', ( #10214 ), #3657, .T. ) ;
#9408 = DIRECTION ( 'NONE',  ( -0.000000000000000000, 1.000000000000000000, -0.000000000000000000 ) ) ;
#9409 = VECTOR ( 'NONE', #4227, 1000.000000000000000 ) ;
#9410 = CARTESIAN_POINT ( 'NONE',  ( -64.99999999999980105, 95.00000000000000000, -120.2793298308828014 ) ) ;
#9411 = CARTESIAN_POINT ( 'NONE',  ( 5.000000000000000000, 8.500000000000000000, 1.000000000000000000 ) ) ;
#9412 = ORIENTED_EDGE ( 'NONE', *, *, #6981, .F. ) ;
#9413 = FACE_OUTER_BOUND ( 'NONE', #5417, .T. ) ;
#9414 = CIRCLE ( 'NONE', #8505, 4.000000000000000000 ) ;
#9415 = EDGE_CURVE ( 'NONE', #1457, #4783, #297, .T. ) ;
#9416 =( GEOMETRIC_REPRESENTATION_CONTEXT ( 3 ) GLOBAL_UNCERTAINTY_ASSIGNED_CONTEXT ( ( #10359 ) ) GLOBAL_UNIT_ASSIGNED_CONTEXT ( ( #6935, #27, #2668 ) ) REPRESENTATION_CONTEXT ( 'NONE', 'WORKASPACE' ) );
#9417 = LINE ( 'NONE', #1140, #8296 ) ;
#9418 = VECTOR ( 'NONE', #642, 1000.000000000000000 ) ;
#9419 = FACE_OUTER_BOUND ( 'NONE', #3718, .T. ) ;
#9420 = CARTESIAN_POINT ( 'NONE',  ( -55.96194077712564052, -90.96194077712553394, -24.99999999999999289 ) ) ;
#9421 = ORIENTED_EDGE ( 'NONE', *, *, #9652, .F. ) ;
#9422 = DIRECTION ( 'NONE',  ( 1.000000000000000000, -0.000000000000000000, 1.700709290173340409E-17 ) ) ;
#9423 = EDGE_LOOP ( 'NONE', ( #10299, #7018, #1152, #3404 ) ) ;
#9424 = ORIENTED_EDGE ( 'NONE', *, *, #9089, .F. ) ;
#9425 = AXIS2_PLACEMENT_3D ( 'NONE', #1791, #8784, #5453 ) ;
#9426 = DIRECTION ( 'NONE',  ( 1.700709290173340409E-17, 0.000000000000000000, -1.000000000000000000 ) ) ;
#9427 = ORIENTED_EDGE ( 'NONE', *, *, #953, .T. ) ;
#9428 = VERTEX_POINT ( 'NONE', #7648 ) ;
#9429 = AXIS2_PLACEMENT_3D ( 'NONE', #10219, #6066, #8630 ) ;
#9430 = DIRECTION ( 'NONE',  ( 0.000000000000000000, 0.000000000000000000, -1.000000000000000000 ) ) ;
#9431 = DIRECTION ( 'NONE',  ( -0.000000000000000000, -0.000000000000000000, 1.000000000000000000 ) ) ;
#9432 = EDGE_CURVE ( 'NONE', #8199, #2440, #8624, .T. ) ;
#9433 = FACE_BOUND ( 'NONE', #7279, .T. ) ;
#9434 = LINE ( 'NONE', #6140, #119 ) ;
#9435 = DIRECTION ( 'NONE',  ( 0.000000000000000000, 0.000000000000000000, 1.000000000000000000 ) ) ;
#9436 = ORIENTED_EDGE ( 'NONE', *, *, #5686, .T. ) ;
#9437 = CIRCLE ( 'NONE', #1743, 2.249999999999998668 ) ;
#9438 = SHAPE_DEFINITION_REPRESENTATION ( #811, #2143 ) ;
#9439 = EDGE_LOOP ( 'NONE', ( #6763, #10462, #10278, #9281 ) ) ;
#9440 = ORIENTED_EDGE ( 'NONE', *, *, #67, .F. ) ;
#9441 = LINE ( 'NONE', #3122, #4990 ) ;
#9442 = EDGE_CURVE ( 'NONE', #3967, #6982, #1188, .T. ) ;
#9443 = EDGE_CURVE ( 'NONE', #339, #6515, #2047, .T. ) ;
#9444 = CARTESIAN_POINT ( 'NONE',  ( 2.755455298081544285E-16, 0.000000000000000000, 2.250000000000000000 ) ) ;
#9445 = CARTESIAN_POINT ( 'NONE',  ( -53.68655752103997258, 95.00000000000000000, -28.54374205374393725 ) ) ;
#9446 = LINE ( 'NONE', #10262, #6553 ) ;
#9447 = ORIENTED_EDGE ( 'NONE', *, *, #5815, .T. ) ;
#9448 = CARTESIAN_POINT ( 'NONE',  ( -5.000000000000000000, 70.72842712474619020, -0.5000000000000004441 ) ) ;
#9449 = ORIENTED_EDGE ( 'NONE', *, *, #192, .T. ) ;
#9450 = ORIENTED_EDGE ( 'NONE', *, *, #679, .F. ) ;
#9451 = DIRECTION ( 'NONE',  ( 0.7071067811865465735, -0.7071067811865484609, 0.000000000000000000 ) ) ;
#9452 = CARTESIAN_POINT ( 'NONE',  ( 90.00000000000000000, 95.00000000000000000, -97.86825876601857033 ) ) ;
#9453 = EDGE_CURVE ( 'NONE', #2029, #5307, #9340, .T. ) ;
#9454 = CARTESIAN_POINT ( 'NONE',  ( -39.56980515339470372, -90.96194077712557657, -32.99999999999999289 ) ) ;
#9455 = FACE_OUTER_BOUND ( 'NONE', #7991, .T. ) ;
#9456 = LINE ( 'NONE', #6988, #2925 ) ;
#9457 = VERTEX_POINT ( 'NONE', #8731 ) ;
#9458 = CARTESIAN_POINT ( 'NONE',  ( -2.500000000000000000, 70.90000000000000568, -2.500000000000000000 ) ) ;
#9459 = CARTESIAN_POINT ( 'NONE',  ( -19.68655752103955692, 34.67986544671986593, -28.54374205374393725 ) ) ;
#9460 = DIRECTION ( 'NONE',  ( -1.000000000000000000, 0.000000000000000000, 0.000000000000000000 ) ) ;
#9461 = CARTESIAN_POINT ( 'NONE',  ( -12.10564404198159494, -75.38991528944345077, 0.9999999999999991118 ) ) ;
#9462 = DIRECTION ( 'NONE',  ( -0.000000000000000000, -0.000000000000000000, 1.000000000000000000 ) ) ;
#9463 = VERTEX_POINT ( 'NONE', #4317 ) ;
#9464 = EDGE_CURVE ( 'NONE', #4374, #5053, #10615, .T. ) ;
#9465 = DIRECTION ( 'NONE',  ( 0.000000000000000000, 0.000000000000000000, -1.000000000000000000 ) ) ;
#9466 = CARTESIAN_POINT ( 'NONE',  ( 2.500000000000000000, 70.90000000000000568, 0.000000000000000000 ) ) ;
#9467 = EDGE_CURVE ( 'NONE', #4470, #1602, #1350, .T. ) ;
#9468 = DIRECTION ( 'NONE',  ( 0.000000000000000000, 0.000000000000000000, -1.000000000000000000 ) ) ;
#9469 = LINE ( 'NONE', #1963, #7411 ) ;
#9470 = ORIENTED_EDGE ( 'NONE', *, *, #6648, .F. ) ;
#9471 = DIRECTION ( 'NONE',  ( 1.000000000000000000, 0.000000000000000000, 0.000000000000000000 ) ) ;
#9472 = VERTEX_POINT ( 'NONE', #8780 ) ;
#9473 = VERTEX_POINT ( 'NONE', #7088 ) ;
#9474 = DIRECTION ( 'NONE',  ( 1.000000000000000000, 0.000000000000000000, 0.000000000000000000 ) ) ;
#9475 = ORIENTED_EDGE ( 'NONE', *, *, #7943, .F. ) ;
#9476 = ORIENTED_EDGE ( 'NONE', *, *, #572, .F. ) ;
#9477 = EDGE_CURVE ( 'NONE', #10788, #9934, #1182, .T. ) ;
#9478 = PLANE ( 'NONE',  #980 ) ;
#9479 = LINE ( 'NONE', #6088, #1271 ) ;
#9480 = EDGE_CURVE ( 'NONE', #7875, #4590, #9918, .T. ) ;
#9481 = DIRECTION ( 'NONE',  ( 0.000000000000000000, -0.000000000000000000, 1.000000000000000000 ) ) ;
#9482 = CARTESIAN_POINT ( 'NONE',  ( -85.36863799491800364, 0.000000000000000000, -94.52829855763729938 ) ) ;
#9483 = CARTESIAN_POINT ( 'NONE',  ( -85.36863799491800364, 0.000000000000000000, -96.77829855763729938 ) ) ;
#9484 = ORIENTED_EDGE ( 'NONE', *, *, #8410, .F. ) ;
#9485 = PRODUCT_CONTEXT ( 'NONE', #2042, 'mechanical' ) ;
#9486 = DIRECTION ( 'NONE',  ( 0.000000000000000000, 0.000000000000000000, 1.000000000000000000 ) ) ;
#9487 = ORIENTED_EDGE ( 'NONE', *, *, #9789, .T. ) ;
#9488 = VERTEX_POINT ( 'NONE', #4634 ) ;
#9489 = CARTESIAN_POINT ( 'NONE',  ( 11.31261843528553435, 67.40000000000000568, 5.999999999999999112 ) ) ;
#9490 = EDGE_CURVE ( 'NONE', #2803, #4202, #10786, .T. ) ;
#9491 = AXIS2_PLACEMENT_3D ( 'NONE', #5215, #2370, #5656 ) ;
#9492 = CYLINDRICAL_SURFACE ( 'NONE', #9526, 10.00000000000000000 ) ;
#9493 = PLANE ( 'NONE',  #1528 ) ;
#9494 = CARTESIAN_POINT ( 'NONE',  ( -37.48849769918442831, -72.48849769918437858, -32.99999999999998579 ) ) ;
#9495 = VERTEX_POINT ( 'NONE', #3755 ) ;
#9496 = CARTESIAN_POINT ( 'NONE',  ( -16.24085055305019765, -79.52512180051203927, 1.093303556997920367 ) ) ;
#9497 = EDGE_CURVE ( 'NONE', #6852, #6013, #1346, .T. ) ;
#9498 = ORIENTED_EDGE ( 'NONE', *, *, #1269, .F. ) ;
#9499 = ORIENTED_EDGE ( 'NONE', *, *, #3159, .T. ) ;
#9500 = DIRECTION ( 'NONE',  ( 0.000000000000000000, 1.000000000000000000, -2.230244969721268739E-16 ) ) ;
#9501 =( GEOMETRIC_REPRESENTATION_CONTEXT ( 3 ) GLOBAL_UNCERTAINTY_ASSIGNED_CONTEXT ( ( #1178 ) ) GLOBAL_UNIT_ASSIGNED_CONTEXT ( ( #8588, #2841, #7753 ) ) REPRESENTATION_CONTEXT ( 'NONE', 'WORKASPACE' ) );
#9502 = CARTESIAN_POINT ( 'NONE',  ( 30.31497855141494568, 0.000000000000000000, 6.748637086761525516 ) ) ;
#9503 = CYLINDRICAL_SURFACE ( 'NONE', #7751, 2.500000000000002220 ) ;
#9504 = CARTESIAN_POINT ( 'NONE',  ( -23.33682390399132700, 9.000000000000000000, -1.703843954410612094 ) ) ;
#9505 = ADVANCED_FACE ( 'NONE', ( #3150 ), #1284, .T. ) ;
#9506 = ORIENTED_EDGE ( 'NONE', *, *, #5291, .F. ) ;
#9507 = CARTESIAN_POINT ( 'NONE',  ( -19.68655752103955692, 34.67986544671986593, -42.59593772390965682 ) ) ;
#9508 = EDGE_CURVE ( 'NONE', #287, #5869, #2160, .T. ) ;
#9509 = DIRECTION ( 'NONE',  ( -0.000000000000000000, -1.000000000000000000, -0.000000000000000000 ) ) ;
#9510 = CIRCLE ( 'NONE', #7572, 8.000000000000007105 ) ;
#9511 = LINE ( 'NONE', #7620, #8709 ) ;
#9512 = DIRECTION ( 'NONE',  ( -0.000000000000000000, 0.000000000000000000, -1.000000000000000000 ) ) ;
#9513 = ORIENTED_EDGE ( 'NONE', *, *, #7625, .F. ) ;
#9514 = VERTEX_POINT ( 'NONE', #4693 ) ;
#9515 = AXIS2_PLACEMENT_3D ( 'NONE', #8398, #6698, #2431 ) ;
#9516 = CARTESIAN_POINT ( 'NONE',  ( 25.00000000000000000, 9.500000000000008882, 10.00000000000000000 ) ) ;
#9517 =( REPRESENTATION_RELATIONSHIP ('NONE','NONE', #1790, #9277 ) REPRESENTATION_RELATIONSHIP_WITH_TRANSFORMATION ( #4931 )SHAPE_REPRESENTATION_RELATIONSHIP( ) );
#9518 = DIRECTION ( 'NONE',  ( 0.000000000000000000, 0.000000000000000000, 1.000000000000000000 ) ) ;
#9519 = FACE_OUTER_BOUND ( 'NONE', #5421, .T. ) ;
#9520 = FACE_OUTER_BOUND ( 'NONE', #7747, .T. ) ;
#9521 = VERTEX_POINT ( 'NONE', #2264 ) ;
#9522 = AXIS2_PLACEMENT_3D ( 'NONE', #1448, #10489, #5508 ) ;
#9523 = DIRECTION ( 'NONE',  ( -1.000000000000000000, 0.000000000000000000, 0.000000000000000000 ) ) ;
#9524 = ORIENTED_EDGE ( 'NONE', *, *, #6839, .T. ) ;
#9525 = VERTEX_POINT ( 'NONE', #3819 ) ;
#9526 = AXIS2_PLACEMENT_3D ( 'NONE', #1827, #6806, #6045 ) ;
#9527 = CARTESIAN_POINT ( 'NONE',  ( 2.500000000000000000, 70.90000000000000568, 0.000000000000000000 ) ) ;
#9528 = ORIENTED_EDGE ( 'NONE', *, *, #6751, .T. ) ;
#9529 = ORIENTED_EDGE ( 'NONE', *, *, #4488, .F. ) ;
#9530 = AXIS2_PLACEMENT_3D ( 'NONE', #1999, #3542, #7853 ) ;
#9531 = AXIS2_PLACEMENT_3D ( 'NONE', #3539, #6864, #1899 ) ;
#9532 = AXIS2_PLACEMENT_3D ( 'NONE', #1684, #4041, #1519 ) ;
#9533 = CARTESIAN_POINT ( 'NONE',  ( 15.49999999999999822, 83.40000000000001990, -1.257359312880714564 ) ) ;
#9534 = AXIS2_PLACEMENT_3D ( 'NONE', #1052, #1101, #4397 ) ;
#9535 = SURFACE_STYLE_USAGE ( .BOTH. , #2854 ) ;
#9536 = CARTESIAN_POINT ( 'NONE',  ( -29.04331074782909994, -64.04331074782906796, -4.763511508049220744 ) ) ;
#9537 = FACE_OUTER_BOUND ( 'NONE', #372, .T. ) ;
#9538 = ADVANCED_FACE ( 'NONE', ( #398 ), #516, .F. ) ;
#9539 = DIRECTION ( 'NONE',  ( 0.000000000000000000, 1.000000000000000000, 0.000000000000000000 ) ) ;
#9540 = ORIENTED_EDGE ( 'NONE', *, *, #6324, .F. ) ;
#9541 = ORIENTED_EDGE ( 'NONE', *, *, #8103, .T. ) ;
#9542 = ORIENTED_EDGE ( 'NONE', *, *, #3331, .T. ) ;
#9543 = VECTOR ( 'NONE', #6858, 1000.000000000000000 ) ;
#9544 = VECTOR ( 'NONE', #216, 1000.000000000000000 ) ;
#9545 = AXIS2_PLACEMENT_3D ( 'NONE', #4903, #3312, #7568 ) ;
#9546 = VECTOR ( 'NONE', #3522, 1000.000000000000000 ) ;
#9547 = EDGE_CURVE ( 'NONE', #8797, #2963, #5611, .T. ) ;
#9548 = CARTESIAN_POINT ( 'NONE',  ( 90.00000000000000000, 0.000000000000000000, -97.86825876601857033 ) ) ;
#9549 = DIRECTION ( 'NONE',  ( 0.000000000000000000, 0.000000000000000000, -1.000000000000000000 ) ) ;
#9550 = CARTESIAN_POINT ( 'NONE',  ( 0.000000000000000000, 39.00000000000000000, 0.000000000000000000 ) ) ;
#9551 = ORIENTED_EDGE ( 'NONE', *, *, #772, .T. ) ;
#9552 = CARTESIAN_POINT ( 'NONE',  ( 5.000000000000000000, -9.499999999999994671, -2.499999999999998668 ) ) ;
#9553 = EDGE_LOOP ( 'NONE', ( #6731, #6485, #7350, #9812 ) ) ;
#9554 = ORIENTED_EDGE ( 'NONE', *, *, #3861, .T. ) ;
#9555 = FACE_OUTER_BOUND ( 'NONE', #5618, .T. ) ;
#9556 = AXIS2_PLACEMENT_3D ( 'NONE', #2127, #7985, #9523 ) ;
#9557 = CIRCLE ( 'NONE', #4837, 4.000000000000000000 ) ;
#9558 = PLANE ( 'NONE',  #10194 ) ;
#9559 = CARTESIAN_POINT ( 'NONE',  ( 26.31344247896045374, 14.67986544671986238, -42.59593772390965682 ) ) ;
#9560 = EDGE_CURVE ( 'NONE', #10030, #4868, #1875, .T. ) ;
#9561 = CARTESIAN_POINT ( 'NONE',  ( -63.94170910735130775, 5.000000000000004441, -99.05349224005493625 ) ) ;
#9562 = ADVANCED_FACE ( 'NONE', ( #618 ), #7243, .F. ) ;
#9563 = ORIENTED_EDGE ( 'NONE', *, *, #3320, .T. ) ;
#9564 = CIRCLE ( 'NONE', #5897, 2.249999999999998668 ) ;
#9565 = CARTESIAN_POINT ( 'NONE',  ( 14.99999999999999822, 12.50000000000000000, 20.00000000000000000 ) ) ;
#9567 = VECTOR ( 'NONE', #8575, 1000.000000000000000 ) ;
#9566 = LINE ( 'NONE', #8734, #5723 ) ;
#9568 = SHAPE_REPRESENTATION ( 'Coupler_Link_\X2\9ed88ba4\X0\', ( #9029 ), #9035 ) ;
#9569 = DIRECTION ( 'NONE',  ( 0.000000000000000000, 1.000000000000000000, 0.000000000000000000 ) ) ;
#9570 = DIRECTION ( 'NONE',  ( 0.000000000000000000, 0.000000000000000000, 1.000000000000000000 ) ) ;
#9571 = CARTESIAN_POINT ( 'NONE',  ( -2.999999999999999556, 3.000000000000002665, -2.500000000000000000 ) ) ;
#9572 = ORIENTED_EDGE ( 'NONE', *, *, #10690, .T. ) ;
#9573 = ADVANCED_FACE ( 'NONE', ( #8836 ), #7302, .T. ) ;
#9574 = AXIS2_PLACEMENT_3D ( 'NONE', #1336, #1492, #7896 ) ;
#9575 = ADVANCED_FACE ( 'NONE', ( #8024 ), #9820, .F. ) ;
#9576 = AXIS2_PLACEMENT_3D ( 'NONE', #10261, #4301, #9326 ) ;
#9577 = CARTESIAN_POINT ( 'NONE',  ( 2.999999999999999112, 18.00000000000000000, -85.14486490616359049 ) ) ;
#9578 = CARTESIAN_POINT ( 'NONE',  ( 15.20803270774493576, -6.928932188134528047, 0.9999999999999995559 ) ) ;
#9579 = CARTESIAN_POINT ( 'NONE',  ( 5.000000000000000000, 74.89999999999997726, 1.000000000000002220 ) ) ;
#9580 = DIRECTION ( 'NONE',  ( -0.000000000000000000, 0.000000000000000000, -1.000000000000000000 ) ) ;
#9581 = ORIENTED_EDGE ( 'NONE', *, *, #7794, .F. ) ;
#9582 = CARTESIAN_POINT ( 'NONE',  ( 0.000000000000000000, 5.000000000000000000, 0.000000000000000000 ) ) ;
#9583 = ORIENTED_EDGE ( 'NONE', *, *, #10505, .F. ) ;
#9584 = EDGE_LOOP ( 'NONE', ( #126, #10523, #1392, #4310 ) ) ;
#9585 = CIRCLE ( 'NONE', #3817, 2.250000000000000000 ) ;
#9586 = DIRECTION ( 'NONE',  ( -0.000000000000000000, -1.000000000000000000, -0.000000000000000000 ) ) ;
#9587 = VERTEX_POINT ( 'NONE', #2311 ) ;
#9588 = VERTEX_POINT ( 'NONE', #5658 ) ;
#9589 = CIRCLE ( 'NONE', #5218, 10.00000000000000000 ) ;
#9590 = ADVANCED_FACE ( 'NONE', ( #2217 ), #7902, .T. ) ;
#9591 = DIRECTION ( 'NONE',  ( 0.000000000000000000, 0.000000000000000000, 1.000000000000000000 ) ) ;
#9592 = DIRECTION ( 'NONE',  ( 0.000000000000000000, 0.000000000000000000, 1.000000000000000000 ) ) ;
#9593 = EDGE_CURVE ( 'NONE', #9841, #4952, #465, .T. ) ;
#9594 = COLOUR_RGB ( '',0.7921568627450980005, 0.8196078431372548767, 0.9333333333333333481 ) ;
#9595 = DIRECTION ( 'NONE',  ( 0.000000000000000000, -1.000000000000000000, 0.000000000000000000 ) ) ;
#9596 = ADVANCED_FACE ( 'NONE', ( #2432 ), #6592, .F. ) ;
#9597 = DIRECTION ( 'NONE',  ( -0.000000000000000000, -1.000000000000000000, -0.000000000000000000 ) ) ;
#9598 = CYLINDRICAL_SURFACE ( 'NONE', #1681, 5.000000000000000000 ) ;
#9599 = VECTOR ( 'NONE', #6338, 1000.000000000000000 ) ;
#9600 = ORIENTED_EDGE ( 'NONE', *, *, #8927, .T. ) ;
#9601 = ITEM_DEFINED_TRANSFORMATION ( 'NONE', 'NONE', #4855,  #9029 ) ;
#9602 = FACE_OUTER_BOUND ( 'NONE', #8617, .T. ) ;
#9603 = ORIENTED_EDGE ( 'NONE', *, *, #5558, .T. ) ;
#9604 = EDGE_LOOP ( 'NONE', ( #7283, #1229, #484, #8745 ) ) ;
#9605 = EDGE_CURVE ( 'NONE', #6792, #3557, #2754, .T. ) ;
#9606 = AXIS2_PLACEMENT_3D ( 'NONE', #4377, #4264, #7585 ) ;
#9607 = DIRECTION ( 'NONE',  ( 0.000000000000000000, -0.000000000000000000, 1.000000000000000000 ) ) ;
#9608 = CYLINDRICAL_SURFACE ( 'NONE', #5384, 2.249999999999998668 ) ;
#9609 = DIRECTION ( 'NONE',  ( -1.000000000000000000, -1.734723475976806601E-16, 0.000000000000000000 ) ) ;
#9610 = VERTEX_POINT ( 'NONE', #5781 ) ;
#9611 = DIRECTION ( 'NONE',  ( -1.000000000000000000, -0.000000000000000000, -2.775557561562891351E-16 ) ) ;
#9612 = SHAPE_REPRESENTATION_RELATIONSHIP ( 'NONE' , 'NONE' ,  #8076, #1727 ) ;
#9613 = UNCERTAINTY_MEASURE_WITH_UNIT (LENGTH_MEASURE( 1.000000000000000082E-05 ), #5803, 'distance_accuracy_value', 'NONE');
#9614 = CIRCLE ( 'NONE', #10817, 9.999999999999994671 ) ;
#9615 = EDGE_LOOP ( 'NONE', ( #4728, #6294, #10357, #10325, #1426, #10572, #4496, #1196, #2055, #10076 ) ) ;
#9616 = ORIENTED_EDGE ( 'NONE', *, *, #3364, .T. ) ;
#9617 = ADVANCED_FACE ( 'NONE', ( #780 ), #8230, .T. ) ;
#9618 = DIRECTION ( 'NONE',  ( 1.000000000000000000, -3.798227098303920342E-65, 1.700709290173340409E-17 ) ) ;
#9619 = EDGE_CURVE ( 'NONE', #687, #2978, #7349, .T. ) ;
#9620 = CARTESIAN_POINT ( 'NONE',  ( -4.999999999999999112, 67.90000000000000568, 0.5000000000000000000 ) ) ;
#9621 = LINE ( 'NONE', #3036, #6020 ) ;
#9622 = CARTESIAN_POINT ( 'NONE',  ( 15.50000000000000000, 74.89999999999999147, 17.00000000000001066 ) ) ;
#9623 = ORIENTED_EDGE ( 'NONE', *, *, #7249, .F. ) ;
#9624 = LINE ( 'NONE', #7246, #2021 ) ;
#9625 = DIRECTION ( 'NONE',  ( -0.000000000000000000, -0.000000000000000000, 1.000000000000000000 ) ) ;
#9626 = DIRECTION ( 'NONE',  ( 0.5731392382913466088, 0.5731392382913450545, 0.5856815065047143998 ) ) ;
#9627 = CARTESIAN_POINT ( 'NONE',  ( 25.00000000000000000, 0.000000000000000000, -2.249999999999999112 ) ) ;
#9628 = DIRECTION ( 'NONE',  ( 0.000000000000000000, 0.000000000000000000, 1.000000000000000000 ) ) ;
#9629 = ORIENTED_EDGE ( 'NONE', *, *, #6831, .F. ) ;
#9630 = CARTESIAN_POINT ( 'NONE',  ( 15.50000000000000000, -12.50000000000000178, 22.50000000000000000 ) ) ;
#9631 = FACE_BOUND ( 'NONE', #8174, .T. ) ;
#9632 = CARTESIAN_POINT ( 'NONE',  ( -64.46620431643836469, 0.000000000000000000, -107.8905347760015161 ) ) ;
#9633 = CARTESIAN_POINT ( 'NONE',  ( -20.00000000000000000, -40.85786437626903478, 0.000000000000000000 ) ) ;
#9634 = ORIENTED_EDGE ( 'NONE', *, *, #8302, .T. ) ;
#9635 = CARTESIAN_POINT ( 'NONE',  ( 22.31344247896044664, 34.67986544671986593, -120.2803298308827920 ) ) ;
#9636 = VERTEX_POINT ( 'NONE', #10694 ) ;
#9637 = VERTEX_POINT ( 'NONE', #1502 ) ;
#9638 = ADVANCED_FACE ( 'NONE', ( #4134 ), #725, .F. ) ;
#9639 = CARTESIAN_POINT ( 'NONE',  ( -37.48849769918442831, -72.48849769918437858, -32.99999999999998579 ) ) ;
#9640 = ORIENTED_EDGE ( 'NONE', *, *, #180, .F. ) ;
#9641 = ORIENTED_EDGE ( 'NONE', *, *, #9372, .T. ) ;
#9642 = MANIFOLD_SOLID_BREP ( 'Cut-Extrude13', #4972 ) ;
#9643 = CARTESIAN_POINT ( 'NONE',  ( -10.00000000000000178, -15.00000000000000355, 0.000000000000000000 ) ) ;
#9644 = CARTESIAN_POINT ( 'NONE',  ( 46.58206385166874952, 9.999999999999994671, -54.03857957040005999 ) ) ;
#9645 = CARTESIAN_POINT ( 'NONE',  ( 94.00000000000001421, 85.00000000000000000, -104.7964619962940844 ) ) ;
#9646 = CARTESIAN_POINT ( 'NONE',  ( 26.31344247896003807, 54.67986544671986593, -28.54374205374393725 ) ) ;
#9647 = EDGE_LOOP ( 'NONE', ( #4564, #6599, #10221, #1879, #9347, #8338, #2922, #5072, #7521, #637, #6293, #1368 ) ) ;
#9648 = ADVANCED_FACE ( 'NONE', ( #2483 ), #9157, .F. ) ;
#9649 = CARTESIAN_POINT ( 'NONE',  ( 4.999999999999998224, 0.000000000000000000, -85.14486490616359049 ) ) ;
#9650 = ORIENTED_EDGE ( 'NONE', *, *, #4366, .F. ) ;
#9651 = VERTEX_POINT ( 'NONE', #8 ) ;
#9652 = EDGE_CURVE ( 'NONE', #2099, #3440, #3357, .T. ) ;
#9653 = FACE_OUTER_BOUND ( 'NONE', #8050, .T. ) ;
#9654 = CARTESIAN_POINT ( 'NONE',  ( 0.1780349087250471252, 18.00000000000000000, -101.3223663102657497 ) ) ;
#9655 = CARTESIAN_POINT ( 'NONE',  ( 0.000000000000000000, 0.000000000000000000, -7.500000000000000000 ) ) ;
#9656 = ORIENTED_EDGE ( 'NONE', *, *, #503, .F. ) ;
#9657 = DIRECTION ( 'NONE',  ( 0.000000000000000000, -1.000000000000000000, 0.000000000000000000 ) ) ;
#9658 = CARTESIAN_POINT ( 'NONE',  ( 25.00000000000000355, 43.00000000000000711, -52.92007128642742231 ) ) ;
#9659 = ORIENTED_EDGE ( 'NONE', *, *, #5545, .F. ) ;
#9660 = ORIENTED_EDGE ( 'NONE', *, *, #2015, .T. ) ;
#9661 = CYLINDRICAL_SURFACE ( 'NONE', #7944, 10.00000000000000000 ) ;
#9662 = APPLICATION_CONTEXT ( 'automotive_design' ) ;
#9663 = DIRECTION ( 'NONE',  ( 0.000000000000000000, -0.000000000000000000, 1.000000000000000000 ) ) ;
#9664 = DIRECTION ( 'NONE',  ( 1.734723475976807094E-16, -1.000000000000000000, 0.000000000000000000 ) ) ;
#9665 = CARTESIAN_POINT ( 'NONE',  ( 0.000000000000000000, 57.00000000000000000, 0.000000000000000000 ) ) ;
#9666 = ORIENTED_EDGE ( 'NONE', *, *, #2712, .T. ) ;
#9667 = DIRECTION ( 'NONE',  ( -0.000000000000000000, -1.000000000000000000, -0.000000000000000000 ) ) ;
#9668 = EDGE_CURVE ( 'NONE', #2208, #6792, #9879, .T. ) ;
#9669 = CARTESIAN_POINT ( 'NONE',  ( 15.43487596114133176, 82.15735931288071470, 25.50000000000000000 ) ) ;
#9670 =( NAMED_UNIT ( * ) SI_UNIT ( $, .STERADIAN. ) SOLID_ANGLE_UNIT ( ) );
#9671 = VECTOR ( 'NONE', #10302, 1000.000000000000000 ) ;
#9672 = DIRECTION ( 'NONE',  ( 1.000000000000000000, 0.000000000000000000, 0.000000000000000000 ) ) ;
#9673 = CARTESIAN_POINT ( 'NONE',  ( -2.500000000000000000, 1.500000000000001332, 0.000000000000000000 ) ) ;
#9674 = VERTEX_POINT ( 'NONE', #57 ) ;
#9675 = DIRECTION ( 'NONE',  ( -0.000000000000000000, -0.000000000000000000, 1.000000000000000000 ) ) ;
#9676 = AXIS2_PLACEMENT_3D ( 'NONE', #1141, #6881, #6126 ) ;
#9677 = CARTESIAN_POINT ( 'NONE',  ( -1.924702886938330026, 9.000000000000000000, -84.20205095511482796 ) ) ;
#9678 = DIRECTION ( 'NONE',  ( -1.000000000000000000, 0.000000000000000000, 0.000000000000000000 ) ) ;
#9679 = CARTESIAN_POINT ( 'NONE',  ( 3.673940397442059375E-16, 200.0000000000000000, 2.999999999999999556 ) ) ;
#9680 = EDGE_LOOP ( 'NONE', ( #1794, #4199 ) ) ;
#9681 = CARTESIAN_POINT ( 'NONE',  ( 11.28641454564402835, 3.000000000000001332, -2.500000000000000000 ) ) ;
#9682 = ORIENTED_EDGE ( 'NONE', *, *, #3900, .F. ) ;
#9683 = LINE ( 'NONE', #3937, #9599 ) ;
#9684 = ORIENTED_EDGE ( 'NONE', *, *, #4023, .F. ) ;
#9685 = ORIENTED_EDGE ( 'NONE', *, *, #3168, .F. ) ;
#9686 = CARTESIAN_POINT ( 'NONE',  ( 4.999999999999997335, 18.00000000000000000, -28.73104673259540931 ) ) ;
#9687 = VECTOR ( 'NONE', #3670, 1000.000000000000000 ) ;
#9688 = EDGE_CURVE ( 'NONE', #2710, #6220, #1559, .T. ) ;
#9689 = DIRECTION ( 'NONE',  ( 0.000000000000000000, -0.000000000000000000, 1.000000000000000000 ) ) ;
#9690 = FILL_AREA_STYLE_COLOUR ( '', #1106 ) ;
#9691 = CIRCLE ( 'NONE', #6365, 2.500000000000000444 ) ;
#9693 = EDGE_CURVE ( 'NONE', #4998, #7872, #2764, .T. ) ;
#9692 = DIRECTION ( 'NONE',  ( 0.000000000000000000, -1.000000000000000000, 0.000000000000000000 ) ) ;
#9694 = CARTESIAN_POINT ( 'NONE',  ( 0.000000000000000000, 39.00000000000000000, -2.750000000000000000 ) ) ;
#9695 = VERTEX_POINT ( 'NONE', #8184 ) ;
#9696 = CARTESIAN_POINT ( 'NONE',  ( -22.75000000000000355, 5.500000000000001776, 10.00000000000000000 ) ) ;
#9697 = EDGE_LOOP ( 'NONE', ( #7898, #2707, #4181, #1728 ) ) ;
#9698 = ORIENTED_EDGE ( 'NONE', *, *, #6463, .F. ) ;
#9699 = CIRCLE ( 'NONE', #4976, 2.249999999999998668 ) ;
#9700 = AXIS2_PLACEMENT_3D ( 'NONE', #3113, #2277, #7483 ) ;
#9701 = CIRCLE ( 'NONE', #1833, 2.249999999999998668 ) ;
#9702 = ADVANCED_FACE ( 'NONE', ( #8994, #10314, #947, #5169 ), #9493, .T. ) ;
#9703 = EDGE_CURVE ( 'NONE', #4440, #10419, #10790, .T. ) ;
#9704 = DIRECTION ( 'NONE',  ( 1.700709290173340409E-17, 0.000000000000000000, 1.000000000000000000 ) ) ;
#9705 = CARTESIAN_POINT ( 'NONE',  ( 25.00000000000000000, 9.500000000000010658, 20.00000000000000000 ) ) ;
#9706 = AXIS2_PLACEMENT_3D ( 'NONE', #5438, #3854, #2254 ) ;
#9707 = CARTESIAN_POINT ( 'NONE',  ( 0.000000000000000000, 9.000000000000000000, -10.00000000000000888 ) ) ;
#9708 = VECTOR ( 'NONE', #8179, 1000.000000000000000 ) ;
#9709 = AXIS2_PLACEMENT_3D ( 'NONE', #1034, #9462, #4378 ) ;
#9710 = ORIENTED_EDGE ( 'NONE', *, *, #8635, .T. ) ;
#9711 = DIRECTION ( 'NONE',  ( -1.700709290173340409E-17, 0.000000000000000000, -1.000000000000000000 ) ) ;
#9712 = CIRCLE ( 'NONE', #4991, 10.00000000000000178 ) ;
#9713 = UNCERTAINTY_MEASURE_WITH_UNIT (LENGTH_MEASURE( 1.000000000000000082E-05 ), #3535, 'distance_accuracy_value', 'NONE');
#9714 = VERTEX_POINT ( 'NONE', #3530 ) ;
#9715 = ORIENTED_EDGE ( 'NONE', *, *, #6006, .T. ) ;
#9716 = CARTESIAN_POINT ( 'NONE',  ( 0.000000000000000000, 9.000000000000000000, 0.000000000000000000 ) ) ;
#9717 = AXIS2_PLACEMENT_3D ( 'NONE', #7180, #10519, #3027 ) ;
#9718 = DIRECTION ( 'NONE',  ( -0.000000000000000000, -0.000000000000000000, 1.000000000000000000 ) ) ;
#9719 = FACE_BOUND ( 'NONE', #4274, .T. ) ;
#9721 = EDGE_CURVE ( 'NONE', #4908, #552, #1828, .T. ) ;
#9720 = DIRECTION ( 'NONE',  ( -0.000000000000000000, -1.000000000000000000, -0.000000000000000000 ) ) ;
#9722 = VERTEX_POINT ( 'NONE', #7788 ) ;
#9723 = DIRECTION ( 'NONE',  ( -0.000000000000000000, 1.000000000000000000, -0.000000000000000000 ) ) ;
#9724 = PLANE ( 'NONE',  #3449 ) ;
#9725 = EDGE_CURVE ( 'NONE', #3550, #8613, #8563, .T. ) ;
#9726 = CIRCLE ( 'NONE', #7096, 8.750000000000001776 ) ;
#9727 = DIRECTION ( 'NONE',  ( 0.000000000000000000, 0.000000000000000000, -1.000000000000000000 ) ) ;
#9728 = LINE ( 'NONE', #6382, #4279 ) ;
#9729 = ORIENTED_EDGE ( 'NONE', *, *, #958, .T. ) ;
#9730 = VECTOR ( 'NONE', #8587, 1000.000000000000000 ) ;
#9731 = EDGE_CURVE ( 'NONE', #8380, #8113, #1886, .T. ) ;
#9732 = CARTESIAN_POINT ( 'NONE',  ( -24.99999999999999645, -9.500000000000001776, 10.00000000000000000 ) ) ;
#9733 = CIRCLE ( 'NONE', #7658, 2.250000000000001776 ) ;
#9734 = AXIS2_PLACEMENT_3D ( 'NONE', #1455, #2276, #529 ) ;
#9735 = CARTESIAN_POINT ( 'NONE',  ( 0.000000000000000000, 0.000000000000000000, 0.000000000000000000 ) ) ;
#9736 = CARTESIAN_POINT ( 'NONE',  ( -20.90380984571846312, 0.000000000000000000, 13.36289017892626063 ) ) ;
#9737 = CARTESIAN_POINT ( 'NONE',  ( -64.46620431643836469, 0.000000000000000000, -110.1405347760015161 ) ) ;
#9738 = ORIENTED_EDGE ( 'NONE', *, *, #1222, .F. ) ;
#9739 = DIRECTION ( 'NONE',  ( 1.000000000000000000, 0.000000000000000000, 0.000000000000000000 ) ) ;
#9740 = ORIENTED_EDGE ( 'NONE', *, *, #4256, .T. ) ;
#9741 = CARTESIAN_POINT ( 'NONE',  ( 9.999999999999996447, 0.000000000000000000, -46.48823180562271773 ) ) ;
#9742 = VERTEX_POINT ( 'NONE', #2767 ) ;
#9743 = VERTEX_POINT ( 'NONE', #8611 ) ;
#9744 = CARTESIAN_POINT ( 'NONE',  ( 11.42115850004997668, 65.32893218813451597, 0.9999999999999993339 ) ) ;
#9745 = EDGE_CURVE ( 'NONE', #6181, #5629, #341, .T. ) ;
#9746 = AXIS2_PLACEMENT_3D ( 'NONE', #6431, #5500, #4583 ) ;
#9747 = EDGE_CURVE ( 'NONE', #564, #2862, #5207, .T. ) ;
#9748 = DIRECTION ( 'NONE',  ( -1.000000000000000000, 0.000000000000000000, 0.000000000000000000 ) ) ;
#9749 =( GEOMETRIC_REPRESENTATION_CONTEXT ( 3 ) GLOBAL_UNCERTAINTY_ASSIGNED_CONTEXT ( ( #5334 ) ) GLOBAL_UNIT_ASSIGNED_CONTEXT ( ( #7292, #10574, #5604 ) ) REPRESENTATION_CONTEXT ( 'NONE', 'WORKASPACE' ) );
#9750 = FACE_OUTER_BOUND ( 'NONE', #3391, .T. ) ;
#9751 = CARTESIAN_POINT ( 'NONE',  ( -90.00000000000000000, 95.00000000000000000, -97.86825876601857033 ) ) ;
#9752 = ORIENTED_EDGE ( 'NONE', *, *, #4073, .T. ) ;
#9753 = ITEM_DEFINED_TRANSFORMATION ( 'NONE', 'NONE', #7644,  #9029 ) ;
#9754 = CIRCLE ( 'NONE', #6781, 5.000000000000001776 ) ;
#9755 = VERTEX_POINT ( 'NONE', #3645 ) ;
#9756 = ORIENTED_EDGE ( 'NONE', *, *, #3246, .F. ) ;
#9757 = EDGE_CURVE ( 'NONE', #3328, #791, #1939, .T. ) ;
#9758 = STYLED_ITEM ( 'NONE', ( #8558 ), #2637 ) ;
#9759 = VECTOR ( 'NONE', #2502, 1000.000000000000000 ) ;
#9760 = CARTESIAN_POINT ( 'NONE',  ( 11.19431524665358957, 1.242640687119285214, 25.50000000000000000 ) ) ;
#9761 = CARTESIAN_POINT ( 'NONE',  ( 0.000000000000000000, 57.00000000000000000, -2.749999999999999556 ) ) ;
#9762 = CARTESIAN_POINT ( 'NONE',  ( 64.46620431643836469, 0.000000000000000000, -110.1405347760015161 ) ) ;
#9763 = ORIENTED_EDGE ( 'NONE', *, *, #6878, .F. ) ;
#9764 = FACE_OUTER_BOUND ( 'NONE', #4437, .T. ) ;
#9765 = ORIENTED_EDGE ( 'NONE', *, *, #1606, .T. ) ;
#9766 = VERTEX_POINT ( 'NONE', #1890 ) ;
#9767 = ADVANCED_FACE ( 'NONE', ( #1773 ), #6976, .T. ) ;
#9768 = VECTOR ( 'NONE', #9777, 1000.000000000000114 ) ;
#9769 = DIRECTION ( 'NONE',  ( -0.000000000000000000, 1.000000000000000000, -0.000000000000000000 ) ) ;
#9770 = VECTOR ( 'NONE', #357, 1000.000000000000000 ) ;
#9771 = DIRECTION ( 'NONE',  ( 0.000000000000000000, -1.000000000000000000, 0.000000000000000000 ) ) ;
#9772 = DIRECTION ( 'NONE',  ( 1.000000000000000000, 0.000000000000000000, 0.000000000000000000 ) ) ;
#9773 = DIRECTION ( 'NONE',  ( -0.000000000000000000, -0.000000000000000000, 1.000000000000000000 ) ) ;
#9774 = VERTEX_POINT ( 'NONE', #8669 ) ;
#9775 = DIRECTION ( 'NONE',  ( 1.000000000000000000, 0.000000000000000000, 0.000000000000000000 ) ) ;
#9776 = DIRECTION ( 'NONE',  ( 0.000000000000000000, 0.000000000000000000, -1.000000000000000000 ) ) ;
#9777 = DIRECTION ( 'NONE',  ( -0.8660254037844381525, -0.000000000000000000, 0.5000000000000008882 ) ) ;
#9778 = ADVANCED_FACE ( 'NONE', ( #1173 ), #4359, .T. ) ;
#9779 = CYLINDRICAL_SURFACE ( 'NONE', #9344, 2.250000000000001776 ) ;
#9780 = CARTESIAN_POINT ( 'NONE',  ( -35.00000000000000000, -3.469446951953614189E-15, 10.00000000000000000 ) ) ;
#9781 = EDGE_LOOP ( 'NONE', ( #8247, #7488, #2218, #2593 ) ) ;
#9782 = LINE ( 'NONE', #8951, #9078 ) ;
#9783 = CARTESIAN_POINT ( 'NONE',  ( 11.31261843528554500, 3.500000000000000888, 3.071067811865474617 ) ) ;
#9784 = FACE_BOUND ( 'NONE', #7062, .T. ) ;
#9785 = LINE ( 'NONE', #1625, #9870 ) ;
#9786 = VERTEX_POINT ( 'NONE', #4519 ) ;
#9787 = CYLINDRICAL_SURFACE ( 'NONE', #68, 10.00000000000000000 ) ;
#9788 = DIRECTION ( 'NONE',  ( 0.000000000000000000, -1.000000000000000000, -0.000000000000000000 ) ) ;
#9789 = EDGE_CURVE ( 'NONE', #6789, #9243, #10152, .T. ) ;
#9790 = LINE ( 'NONE', #6499, #5570 ) ;
#9791 = ORIENTED_EDGE ( 'NONE', *, *, #4082, .F. ) ;
#9792 = ORIENTED_EDGE ( 'NONE', *, *, #796, .T. ) ;
#9793 = LINE ( 'NONE', #1370, #8305 ) ;
#9794 = EDGE_CURVE ( 'NONE', #3798, #2527, #1112, .T. ) ;
#9795 = CARTESIAN_POINT ( 'NONE',  ( 22.31344247896003097, 74.67986544671987303, -120.2803298308827920 ) ) ;
#9796 = SURFACE_STYLE_USAGE ( .BOTH. , #6454 ) ;
#9797 = AXIS2_PLACEMENT_3D ( 'NONE', #4910, #4961, #795 ) ;
#9798 = CARTESIAN_POINT ( 'NONE',  ( 11.31261843528554500, 3.500000000000001776, 4.450656207845225173E-16 ) ) ;
#9799 = DIRECTION ( 'NONE',  ( 0.000000000000000000, 1.000000000000000000, -0.000000000000000000 ) ) ;
#9800 = VERTEX_POINT ( 'NONE', #5114 ) ;
#9801 = VERTEX_POINT ( 'NONE', #8447 ) ;
#9802 = EDGE_CURVE ( 'NONE', #1146, #1415, #8509, .T. ) ;
#9803 = DIRECTION ( 'NONE',  ( -0.000000000000000000, -1.000000000000000000, -0.000000000000000000 ) ) ;
#9804 = ORIENTED_EDGE ( 'NONE', *, *, #1427, .T. ) ;
#9805 = EDGE_LOOP ( 'NONE', ( #10331, #3810 ) ) ;
#9806 = EDGE_CURVE ( 'NONE', #1611, #8596, #7645, .T. ) ;
#9807 = MANIFOLD_SOLID_BREP ( 'Boss-Extrude1', #2130 ) ;
#9808 = ORIENTED_EDGE ( 'NONE', *, *, #3861, .F. ) ;
#9809 = FACE_BOUND ( 'NONE', #4905, .T. ) ;
#9810 = CARTESIAN_POINT ( 'NONE',  ( -64.99999999999980105, 95.00000000000000000, -112.1326873879137622 ) ) ;
#9811 = CARTESIAN_POINT ( 'NONE',  ( 5.000000000000000000, 0.000000000000000000, 1.000000000000000000 ) ) ;
#9812 = ORIENTED_EDGE ( 'NONE', *, *, #4935, .T. ) ;
#9813 =( NAMED_UNIT ( * ) SI_UNIT ( $, .STERADIAN. ) SOLID_ANGLE_UNIT ( ) );
#9814 = UNCERTAINTY_MEASURE_WITH_UNIT (LENGTH_MEASURE( 1.000000000000000082E-05 ), #2822, 'distance_accuracy_value', 'NONE');
#9815 = VERTEX_POINT ( 'NONE', #2148 ) ;
#9816 = ORIENTED_EDGE ( 'NONE', *, *, #558, .F. ) ;
#9817 = CARTESIAN_POINT ( 'NONE',  ( 22.31344247896003452, 54.67986544671986593, -120.2803298308827920 ) ) ;
#9818 = DIRECTION ( 'NONE',  ( 0.000000000000000000, -1.000000000000000000, 0.000000000000000000 ) ) ;
#9819 = CARTESIAN_POINT ( 'NONE',  ( -1.924702886938325141, 9.000000000000000000, -84.20205095511482796 ) ) ;
#9820 = CYLINDRICAL_SURFACE ( 'NONE', #5547, 2.250000000000001776 ) ;
#9821 = VERTEX_POINT ( 'NONE', #169 ) ;
#9822 = DIRECTION ( 'NONE',  ( 1.734723475976805246E-17, 0.000000000000000000, 1.000000000000000000 ) ) ;
#9823 = DIRECTION ( 'NONE',  ( 1.000000000000000000, 5.204170427930420297E-16, 0.000000000000000000 ) ) ;
#9824 = EDGE_CURVE ( 'NONE', #3510, #3374, #7073, .T. ) ;
#9825 = ORIENTED_EDGE ( 'NONE', *, *, #2772, .F. ) ;
#9826 = PRESENTATION_STYLE_ASSIGNMENT (( #10591 ) ) ;
#9827 = DIRECTION ( 'NONE',  ( 0.000000000000000000, -1.000000000000000000, 0.000000000000000000 ) ) ;
#9828 = PLANE ( 'NONE',  #6534 ) ;
#9829 = ORIENTED_EDGE ( 'NONE', *, *, #2088, .T. ) ;
#9830 = LINE ( 'NONE', #5742, #1556 ) ;
#9831 = ADVANCED_FACE ( 'NONE', ( #1386 ), #10470, .T. ) ;
#9832 = EDGE_CURVE ( 'NONE', #5629, #7872, #7229, .T. ) ;
#9833 = CYLINDRICAL_SURFACE ( 'NONE', #2324, 2.250000000000001776 ) ;
#9834 = DIRECTION ( 'NONE',  ( -1.000000000000000000, 0.000000000000000000, 0.000000000000000000 ) ) ;
#9835 = PLANE ( 'NONE',  #6545 ) ;
#9836 = ORIENTED_EDGE ( 'NONE', *, *, #621, .T. ) ;
#9837 = DIRECTION ( 'NONE',  ( -1.000000000000000000, 0.000000000000000000, 0.000000000000000000 ) ) ;
#9838 = CIRCLE ( 'NONE', #6167, 20.00000000000000355 ) ;
#9839 = LINE ( 'NONE', #10006, #657 ) ;
#9840 = CARTESIAN_POINT ( 'NONE',  ( -90.00000000000000000, 95.00000000000000000, -97.86825876601857033 ) ) ;
#9841 = VERTEX_POINT ( 'NONE', #9705 ) ;
#9842 = ORIENTED_EDGE ( 'NONE', *, *, #492, .F. ) ;
#9843 = CARTESIAN_POINT ( 'NONE',  ( -19.68655752103997258, 74.67986544671987303, -42.59593772390965682 ) ) ;
#9844 = AXIS2_PLACEMENT_3D ( 'NONE', #2573, #6785, #7433 ) ;
#9845 = DIRECTION ( 'NONE',  ( -0.000000000000000000, -1.000000000000000000, -0.000000000000000000 ) ) ;
#9846 = FILL_AREA_STYLE ('',( #10617 ) ) ;
#9847 = CYLINDRICAL_SURFACE ( 'NONE', #991, 2.250000000000001776 ) ;
#9848 = EDGE_CURVE ( 'NONE', #3659, #3144, #7118, .T. ) ;
#9849 = CARTESIAN_POINT ( 'NONE',  ( 0.000000000000000000, 5.000000000000000000, 10.00000000000000178 ) ) ;
#9850 = VERTEX_POINT ( 'NONE', #9654 ) ;
#9851 = EDGE_LOOP ( 'NONE', ( #2758, #8872, #6178, #6151 ) ) ;
#9852 = VECTOR ( 'NONE', #411, 1000.000000000000000 ) ;
#9853 = CARTESIAN_POINT ( 'NONE',  ( 4.999999999999998224, 0.000000000000000000, -81.58229419209513367 ) ) ;
#9854 = EDGE_CURVE ( 'NONE', #9861, #8576, #10413, .T. ) ;
#9855 = ORIENTED_EDGE ( 'NONE', *, *, #5481, .F. ) ;
#9856 = ORIENTED_EDGE ( 'NONE', *, *, #9922, .F. ) ;
#9857 = VECTOR ( 'NONE', #6439, 1000.000000000000000 ) ;#9858 = ADVANCED_FACE ( 'NONE', ( #7179 ), #10568, .F. ) ;
#9859 = CIRCLE ( 'NONE', #5145, 2.250000000000000000 ) ;
#9860 = ADVANCED_FACE ( 'NONE', ( #5549 ), #2104, .F. ) ;
#9861 = VERTEX_POINT ( 'NONE', #9761 ) ;
#9862 = APPLICATION_CONTEXT ( 'automotive_design' ) ;
#9863 = CARTESIAN_POINT ( 'NONE',  ( 25.00000000000000000, 9.000000000000000000, 10.00000000000000178 ) ) ;
#9864 = CARTESIAN_POINT ( 'NONE',  ( -9.999999999999996447, -45.00000000000000000, -11.00000000000000000 ) ) ;
#9865 = CYLINDRICAL_SURFACE ( 'NONE', #9009, 2.249999999999998668 ) ;
#9866 = EDGE_LOOP ( 'NONE', ( #6777, #1706, #984, #3359, #6527 ) ) ;
#9867 = DIRECTION ( 'NONE',  ( 1.000000000000000000, 0.000000000000000000, 0.000000000000000000 ) ) ;
#9868 = ORIENTED_EDGE ( 'NONE', *, *, #8444, .F. ) ;
#9869 = ORIENTED_EDGE ( 'NONE', *, *, #675, .F. ) ;
#9870 = VECTOR ( 'NONE', #9177, 1000.000000000000227 ) ;
#9871 = AXIS2_PLACEMENT_3D ( 'NONE', #2817, #5168, #6148 ) ;
#9872 = CARTESIAN_POINT ( 'NONE',  ( -3.884636300938137499, 1.908470394345720633, -2.308473824786544171 ) ) ;
#9873 = VECTOR ( 'NONE', #9168, 1000.000000000000000 ) ;
#9874 = VECTOR ( 'NONE', #5648, 1000.000000000000227 ) ;
#9875 = DIRECTION ( 'NONE',  ( -0.000000000000000000, 1.000000000000000000, -0.000000000000000000 ) ) ;
#9876 = CIRCLE ( 'NONE', #10747, 2.500000000000002220 ) ;
#9877 = AXIS2_PLACEMENT_3D ( 'NONE', #7530, #4260, #6774 ) ;
#9878 = FACE_OUTER_BOUND ( 'NONE', #8483, .T. ) ;
#9879 = LINE ( 'NONE', #8399, #6770 ) ;
#9880 = DIRECTION ( 'NONE',  ( 0.000000000000000000, 0.000000000000000000, -1.000000000000000000 ) ) ;
#9881 = ORIENTED_EDGE ( 'NONE', *, *, #10631, .T. ) ;
#9882 = DIRECTION ( 'NONE',  ( 3.469446951953613696E-16, -0.000000000000000000, -1.000000000000000000 ) ) ;
#9883 = CARTESIAN_POINT ( 'NONE',  ( 64.46620431643836469, 0.000000000000000000, -110.1405347760015161 ) ) ;
#9884 = ORIENTED_EDGE ( 'NONE', *, *, #1184, .F. ) ;
#9885 = CARTESIAN_POINT ( 'NONE',  ( -5.204170427930421283E-15, 9.999999999999998224, 5.000000000000000000 ) ) ;
#9886 = CYLINDRICAL_SURFACE ( 'NONE', #3396, 10.00000000000000178 ) ;
#9887 = EDGE_LOOP ( 'NONE', ( #862, #5809, #10454, #5824, #10648, #10588 ) ) ;
#9888 = AXIS2_PLACEMENT_3D ( 'NONE', #3573, #3686, #6141 ) ;
#9889 = VECTOR ( 'NONE', #3381, 1000.000000000000000 ) ;
#9890 = AXIS2_PLACEMENT_3D ( 'NONE', #3152, #6482, #3866 ) ;
#9891 = ADVANCED_FACE ( 'NONE', ( #2253, #2867 ), #3963, .T. ) ;
#9892 = ADVANCED_FACE ( 'NONE', ( #8930 ), #2927, .F. ) ;
#9893 = DIRECTION ( 'NONE',  ( 1.000000000000000000, 0.000000000000000000, 0.000000000000000000 ) ) ;
#9894 = EDGE_CURVE ( 'NONE', #4198, #7556, #6265, .T. ) ;
#9895 = LINE ( 'NONE', #5289, #8279 ) ;
#9896 = AXIS2_PLACEMENT_3D ( 'NONE', #7999, #3791, #10622 ) ;
#9897 = CYLINDRICAL_SURFACE ( 'NONE', #1870, 7.500000000000000000 ) ;
#9898 = FACE_OUTER_BOUND ( 'NONE', #3408, .T. ) ;
#9899 = DIRECTION ( 'NONE',  ( 0.000000000000000000, 0.000000000000000000, -1.000000000000000000 ) ) ;
#9900 = CIRCLE ( 'NONE', #7797, 2.500000000000000000 ) ;
#9901 = DIRECTION ( 'NONE',  ( -1.000000000000000000, -1.710569414459005593E-49, -1.700709290173340409E-17 ) ) ;
#9902 = CARTESIAN_POINT ( 'NONE',  ( 0.000000000000000000, 9.000000000000000000, 10.00000000000000888 ) ) ;
#9903 = ORIENTED_EDGE ( 'NONE', *, *, #1158, .F. ) ;
#9904 = ORIENTED_EDGE ( 'NONE', *, *, #5040, .T. ) ;
#9905 = ADVANCED_FACE ( 'NONE', ( #8769 ), #9608, .F. ) ;
#9906 = LINE ( 'NONE', #2568, #1677 ) ;
#9907 = EDGE_CURVE ( 'NONE', #1846, #3609, #4120, .T. ) ;
#9908 = VECTOR ( 'NONE', #8746, 1000.000000000000114 ) ;
#9909 = CIRCLE ( 'NONE', #10592, 7.000000000000006217 ) ;
#9910 = CIRCLE ( 'NONE', #6062, 2.249999999999998668 ) ;
#9911 = AXIS2_PLACEMENT_3D ( 'NONE', #5958, #10002, #6712 ) ;
#9912 = LINE ( 'NONE', #1751, #10771 ) ;
#9913 = CARTESIAN_POINT ( 'NONE',  ( 26.31344247896003097, 74.67986544671987303, -42.59593772390965682 ) ) ;
#9914 = CARTESIAN_POINT ( 'NONE',  ( -19.68655752103954626, 14.67986544671986238, -28.54374205374393725 ) ) ;
#9915 = VERTEX_POINT ( 'NONE', #7386 ) ;
#9916 = ORIENTED_EDGE ( 'NONE', *, *, #5805, .F. ) ;
#9917 = AXIS2_PLACEMENT_3D ( 'NONE', #5295, #4586, #1130 ) ;
#9918 = CIRCLE ( 'NONE', #9746, 2.250000000000001776 ) ;
#9919 = CYLINDRICAL_SURFACE ( 'NONE', #6610, 2.249999999999998668 ) ;
#9920 = ORIENTED_EDGE ( 'NONE', *, *, #7053, .T. ) ;
#9921 = ORIENTED_EDGE ( 'NONE', *, *, #7796, .F. ) ;
#9922 = EDGE_CURVE ( 'NONE', #2333, #7146, #8219, .T. ) ;
#9923 = EDGE_CURVE ( 'NONE', #9084, #5106, #2400, .T. ) ;
#9924 = AXIS2_PLACEMENT_3D ( 'NONE', #768, #6691, #9867 ) ;
#9925 = AXIS2_PLACEMENT_3D ( 'NONE', #8269, #4015, #2421 ) ;
#9926 = DIRECTION ( 'NONE',  ( -1.700709290173340409E-17, 0.000000000000000000, 1.000000000000000000 ) ) ;
#9927 = ORIENTED_EDGE ( 'NONE', *, *, #9310, .T. ) ;
#9928 = CARTESIAN_POINT ( 'NONE',  ( -2.499999999999999556, 63.40000000000001279, 21.75000000000000000 ) ) ;
#9929 = CYLINDRICAL_SURFACE ( 'NONE', #9925, 10.00000000000000178 ) ;
#9930 = DIRECTION ( 'NONE',  ( 1.000000000000000000, -5.597413005428682852E-49, 1.700709290173340409E-17 ) ) ;
#9931 = ORIENTED_EDGE ( 'NONE', *, *, #2265, .T. ) ;
#9932 = DIRECTION ( 'NONE',  ( -0.05954863429596507496, -0.9982254054838946011, -5.344796678335680667E-22 ) ) ;
#9933 = ORIENTED_EDGE ( 'NONE', *, *, #7470, .T. ) ;
#9934 = VERTEX_POINT ( 'NONE', #1651 ) ;
#9935 = PRODUCT_DEFINITION_FORMATION_WITH_SPECIFIED_SOURCE ( 'ANY', '', #5710, .NOT_KNOWN. ) ;
#9936 = EDGE_CURVE ( 'NONE', #7049, #9495, #10382, .T. ) ;
#9937 = AXIS2_PLACEMENT_3D ( 'NONE', #9267, #2586, #7774 ) ;
#9938 = CARTESIAN_POINT ( 'NONE',  ( -3.558609856675097216, 2.313871822356737162, -2.423861940991173469 ) ) ;
#9939 = ADVANCED_FACE ( 'NONE', ( #715 ), #3301, .T. ) ;
#9940 = DIRECTION ( 'NONE',  ( 0.000000000000000000, 0.000000000000000000, 1.000000000000000000 ) ) ;
#9941 = FACE_OUTER_BOUND ( 'NONE', #851, .T. ) ;
#9942 = DIRECTION ( 'NONE',  ( 0.000000000000000000, 0.000000000000000000, 1.000000000000000000 ) ) ;
#9943 = CARTESIAN_POINT ( 'NONE',  ( 0.000000000000000000, 57.00000000000000000, 0.000000000000000000 ) ) ;
#9944 = VERTEX_POINT ( 'NONE', #1597 ) ;
#9945 = LINE ( 'NONE', #9109, #5881 ) ;
#9946 =( GEOMETRIC_REPRESENTATION_CONTEXT ( 3 ) GLOBAL_UNCERTAINTY_ASSIGNED_CONTEXT ( ( #2152 ) ) GLOBAL_UNIT_ASSIGNED_CONTEXT ( ( #7016, #10252, #213 ) ) REPRESENTATION_CONTEXT ( 'NONE', 'WORKASPACE' ) );
#9947 = ORIENTED_EDGE ( 'NONE', *, *, #8491, .T. ) ;
#9948 = ORIENTED_EDGE ( 'NONE', *, *, #142, .T. ) ;
#9949 = VECTOR ( 'NONE', #10772, 1000.000000000000000 ) ;
#9950 = DIRECTION ( 'NONE',  ( 1.700709290173340101E-17, 1.816464372750583628E-16, -1.000000000000000000 ) ) ;
#9951 = CARTESIAN_POINT ( 'NONE',  ( -5.204170427930421283E-15, 9.999999999999998224, -16.00000000000000000 ) ) ;
#9952 = ORIENTED_EDGE ( 'NONE', *, *, #8570, .F. ) ;
#9953 = CARTESIAN_POINT ( 'NONE',  ( -2.250000000000004885, 9.999999999999998224, -16.00000000000000000 ) ) ;
#9954 = EDGE_CURVE ( 'NONE', #10126, #7109, #5058, .T. ) ;
#9955 = DIRECTION ( 'NONE',  ( -0.000000000000000000, -1.000000000000000000, -0.000000000000000000 ) ) ;
#9956 = LINE ( 'NONE', #1740, #3258 ) ;
#9957 = FACE_OUTER_BOUND ( 'NONE', #7003, .T. ) ;
#9958 = FACE_OUTER_BOUND ( 'NONE', #5319, .T. ) ;
#9959 = CARTESIAN_POINT ( 'NONE',  ( -13.63988578096988036, 95.00000000000000000, -4.294065530670986952 ) ) ;
#9960 = DIRECTION ( 'NONE',  ( 1.000000000000000000, 1.734723475976806848E-16, 0.000000000000000000 ) ) ;
#9961 = EDGE_LOOP ( 'NONE', ( #2414, #5574, #3500, #10009, #4017, #10147 ) ) ;
#9962 = ORIENTED_EDGE ( 'NONE', *, *, #3948, .T. ) ;
#9963 = LINE ( 'NONE', #3276, #2018 ) ;
#9964 = FACE_BOUND ( 'NONE', #5664, .T. ) ;
#9965 = LINE ( 'NONE', #815, #3025 ) ;
#9966 = DIRECTION ( 'NONE',  ( -0.000000000000000000, -1.000000000000000000, -0.000000000000000000 ) ) ;
#9967 = EDGE_CURVE ( 'NONE', #7146, #4713, #2227, .T. ) ;
#9968 = DIRECTION ( 'NONE',  ( 0.000000000000000000, 0.000000000000000000, -1.000000000000000000 ) ) ;
#9969 = CARTESIAN_POINT ( 'NONE',  ( 10.00000000000000355, 12.50000000000000000, -4.999999999999995559 ) ) ;
#9970 = EDGE_LOOP ( 'NONE', ( #1917, #6655, #9804, #7653 ) ) ;
#9971 = EDGE_LOOP ( 'NONE', ( #8607, #10109, #4826, #1718 ) ) ;
#9972 = ITEM_DEFINED_TRANSFORMATION ( 'NONE', 'NONE', #4686,  #9029 ) ;
#9973 = CYLINDRICAL_SURFACE ( 'NONE', #3472, 10.00000000000000000 ) ;
#9974 = EDGE_LOOP ( 'NONE', ( #8440, #5123, #808, #6004 ) ) ;
#9975 = ORIENTED_EDGE ( 'NONE', *, *, #8375, .T. ) ;
#9976 = ADVANCED_FACE ( 'NONE', ( #10734 ), #9929, .T. ) ;
#9977 = ADVANCED_FACE ( 'NONE', ( #7338 ), #5819, .F. ) ;
#9978 = LINE ( 'NONE', #2519, #7940 ) ;
#9979 = ORIENTED_EDGE ( 'NONE', *, *, #3760, .F. ) ;
#9980 =( BOUNDED_CURVE ( )  B_SPLINE_CURVE ( 3, ( #8738, #2670, #1241, #7911 ),
 .UNSPECIFIED., .F., .F. ) 
 B_SPLINE_CURVE_WITH_KNOTS ( ( 4, 4 ),
 ( 4.712388980384689674, 6.283185307179586232 ),
 .UNSPECIFIED. ) 
 CURVE ( )  GEOMETRIC_REPRESENTATION_ITEM ( )  RATIONAL_B_SPLINE_CURVE ( ( 1.000000000000000000, 0.8047378541243649375, 0.8047378541243649375, 1.000000000000000000 ) ) 
 REPRESENTATION_ITEM ( '' )  );
#9981 = DIRECTION ( 'NONE',  ( 0.000000000000000000, 0.000000000000000000, -1.000000000000000000 ) ) ;
#9982 = DIRECTION ( 'NONE',  ( -1.000000000000000000, -0.000000000000000000, -0.000000000000000000 ) ) ;
#9983 = FACE_OUTER_BOUND ( 'NONE', #7235, .T. ) ;
#9984 = ORIENTED_EDGE ( 'NONE', *, *, #7610, .F. ) ;
#9985 = DIRECTION ( 'NONE',  ( -0.8349199897467494136, -2.738723064959528478E-21, -0.5503713389351663210 ) ) ;
#9986 = ORIENTED_EDGE ( 'NONE', *, *, #9261, .F. ) ;
#9987 = ORIENTED_EDGE ( 'NONE', *, *, #10478, .T. ) ;
#9988 = DIRECTION ( 'NONE',  ( -0.7147181510295882445, 0.000000000000000000, 0.6994125853806510973 ) ) ;
#9989 = LINE ( 'NONE', #6590, #6540 ) ;
#9990 = CARTESIAN_POINT ( 'NONE',  ( 64.99999999999980105, 95.00000000000000000, -112.1326873879137622 ) ) ;
#9991 = DIRECTION ( 'NONE',  ( 0.5521351308716255790, 0.000000000000000000, -0.8337546385222530665 ) ) ;
#9992 = EDGE_LOOP ( 'NONE', ( #483, #3086, #1705, #7938 ) ) ;
#9993 = LINE ( 'NONE', #5238, #6215 ) ;
#9994 = ORIENTED_EDGE ( 'NONE', *, *, #3343, .T. ) ;
#9995 = ORIENTED_EDGE ( 'NONE', *, *, #10691, .T. ) ;
#9996 = PRODUCT_DEFINITION_SHAPE ( 'NONE', 'NONE',  #10826 ) ;
#9997 = CARTESIAN_POINT ( 'NONE',  ( -10.00000000000000178, -10.00000000000000178, 0.000000000000000000 ) ) ;
#9998 = DIRECTION ( 'NONE',  ( 0.000000000000000000, 0.000000000000000000, -1.000000000000000000 ) ) ;
#9999 = ORIENTED_EDGE ( 'NONE', *, *, #2033, .F. ) ;
#10000 = DIRECTION ( 'NONE',  ( 0.000000000000000000, 0.000000000000000000, 1.000000000000000000 ) ) ;
#10001 = LINE ( 'NONE', #2390, #2164 ) ;
#10002 = DIRECTION ( 'NONE',  ( 0.000000000000000000, 1.000000000000000000, 0.000000000000000000 ) ) ;
#10003 = EDGE_CURVE ( 'NONE', #7686, #8764, #764, .T. ) ;
#10004 = DIRECTION ( 'NONE',  ( -0.000000000000000000, -1.000000000000000000, -0.000000000000000000 ) ) ;
#10005 = CARTESIAN_POINT ( 'NONE',  ( 35.00000000000000000, -5.499999999999991118, -1.925929944387235853E-31 ) ) ;
#10006 = CARTESIAN_POINT ( 'NONE',  ( -27.09561478503026777, 18.00000000000000000, -1.869903166054074140 ) ) ;
#10007 = LINE ( 'NONE', #1460, #9759 ) ;
#10008 = ORIENTED_EDGE ( 'NONE', *, *, #10174, .F. ) ;
#10009 = ORIENTED_EDGE ( 'NONE', *, *, #1009, .T. ) ;
#10010 = DIRECTION ( 'NONE',  ( 0.000000000000000000, 0.000000000000000000, 1.000000000000000000 ) ) ;
#10011 = DIRECTION ( 'NONE',  ( 0.000000000000000000, 0.000000000000000000, 1.000000000000000000 ) ) ;
#10012 = VECTOR ( 'NONE', #8598, 1000.000000000000000 ) ;
#10013 = DIRECTION ( 'NONE',  ( 0.000000000000000000, 0.000000000000000000, 1.000000000000000000 ) ) ;
#10014 = CARTESIAN_POINT ( 'NONE',  ( 3.250000000000000444, 0.000000000000000000, 20.00000000000000000 ) ) ;
#10015 = EDGE_CURVE ( 'NONE', #1782, #8150, #295, .T. ) ;
#10016 = DIRECTION ( 'NONE',  ( 1.878072721644630547E-16, 1.878072721644625616E-16, -1.000000000000000000 ) ) ;
#10017 = CARTESIAN_POINT ( 'NONE',  ( 4.999999999999997335, 0.000000000000000000, -14.24237984354700615 ) ) ;
#10018 = EDGE_LOOP ( 'NONE', ( #7763, #2627, #5310, #4513 ) ) ;
#10019 = ORIENTED_EDGE ( 'NONE', *, *, #3922, .T. ) ;
#10020 = EDGE_CURVE ( 'NONE', #3647, #2044, #2301, .T. ) ;
#10021 = ORIENTED_EDGE ( 'NONE', *, *, #2102, .T. ) ;
#10022 = ORIENTED_EDGE ( 'NONE', *, *, #10600, .F. ) ;
#10023 = VECTOR ( 'NONE', #8253, 1000.000000000000000 ) ;
#10024 = EDGE_CURVE ( 'NONE', #5106, #5720, #7822, .T. ) ;
#10025 = CARTESIAN_POINT ( 'NONE',  ( -44.06980515339471083, -90.96194077712557657, -32.99999999999999289 ) ) ;
#10026 = AXIS2_PLACEMENT_3D ( 'NONE', #1088, #7813, #1860 ) ;
#10027 = CARTESIAN_POINT ( 'NONE',  ( 4.999999999999998224, 18.00000000000000000, -85.14486490616359049 ) ) ;
#10028 = CARTESIAN_POINT ( 'NONE',  ( -24.68463223939292561, 9.000000000000000000, -1.208720010920740995 ) ) ;
#10029 = DIRECTION ( 'NONE',  ( 1.850371707708594563E-16, 0.000000000000000000, 1.000000000000000000 ) ) ;
#10030 = VERTEX_POINT ( 'NONE', #9210 ) ;
#10031 = CARTESIAN_POINT ( 'NONE',  ( 109.1285367637634209, 18.50000000000000355, -208.9373862503342423 ) ) ;
#10032 = CARTESIAN_POINT ( 'NONE',  ( 5.000000000000000888, 8.499999999999994671, 22.00000000000000000 ) ) ;
#10033 = ORIENTED_EDGE ( 'NONE', *, *, #4920, .T. ) ;
#10034 = VERTEX_POINT ( 'NONE', #2521 ) ;
#10035 = DIRECTION ( 'NONE',  ( 0.8660254037844381525, 0.000000000000000000, -0.5000000000000008882 ) ) ;
#10036 = EDGE_CURVE ( 'NONE', #4170, #6337, #831, .T. ) ;
#10037 = EDGE_CURVE ( 'NONE', #4576, #9360, #8980, .T. ) ;
#10038 = VECTOR ( 'NONE', #1440, 1000.000000000000000 ) ;
#10039 = CYLINDRICAL_SURFACE ( 'NONE', #4099, 2.249999999999998668 ) ;
#10040 =( NAMED_UNIT ( * ) PLANE_ANGLE_UNIT ( ) SI_UNIT ( $, .RADIAN. ) );
#10041 = VECTOR ( 'NONE', #9001, 1000.000000000000000 ) ;
#10042 = LINE ( 'NONE', #4136, #9354 ) ;
#10043 = EDGE_LOOP ( 'NONE', ( #7383, #8162, #5271, #2962 ) ) ;
#10044 = LINE ( 'NONE', #2542, #1851 ) ;
#10045 = DIRECTION ( 'NONE',  ( 0.000000000000000000, 0.000000000000000000, 1.000000000000000000 ) ) ;
#10046 = VECTOR ( 'NONE', #6467, 1000.000000000000000 ) ;
#10047 = VERTEX_POINT ( 'NONE', #4840 ) ;
#10048 = ORIENTED_EDGE ( 'NONE', *, *, #9322, .T. ) ;
#10049 = DIRECTION ( 'NONE',  ( -1.000000000000000000, 0.000000000000000000, 0.000000000000000000 ) ) ;
#10050 = FACE_OUTER_BOUND ( 'NONE', #7734, .T. ) ;
#10051 = ORIENTED_EDGE ( 'NONE', *, *, #1100, .F. ) ;
#10052 = EDGE_CURVE ( 'NONE', #6840, #8559, #6522, .T. ) ;
#10053 = DIRECTION ( 'NONE',  ( -0.000000000000000000, -1.000000000000000000, -0.000000000000000000 ) ) ;
#10054 = CARTESIAN_POINT ( 'NONE',  ( -2.499999999999999556, 70.90000000000000568, 25.50000000000000000 ) ) ;
#10055 = EDGE_CURVE ( 'NONE', #8223, #3181, #810, .T. ) ;
#10056 = CARTESIAN_POINT ( 'NONE',  ( -20.90380984571846312, 0.000000000000000000, 11.11289017892626063 ) ) ;
#10057 = EDGE_LOOP ( 'NONE', ( #5095, #1587 ) ) ;
#10058 = LINE ( 'NONE', #8244, #8480 ) ;
#10059 = AXIS2_PLACEMENT_3D ( 'NONE', #9280, #7566, #3421 ) ;
#10060 = DIRECTION ( 'NONE',  ( 0.2644732620533331025, 0.000000000000000000, -0.9643930182549378394 ) ) ;
#10061 = AXIS2_PLACEMENT_3D ( 'NONE', #8513, #9391, #1894 ) ;
#10062 = LINE ( 'NONE', #2565, #1211 ) ;
#10063 = ORIENTED_EDGE ( 'NONE', *, *, #10207, .T. ) ;
#10064 = ORIENTED_EDGE ( 'NONE', *, *, #857, .T. ) ;
#10065 = CARTESIAN_POINT ( 'NONE',  ( 0.000000000000000000, 47.50000000000000000, -28.54374205374393725 ) ) ;
#10066 = EDGE_CURVE ( 'NONE', #6515, #2861, #6030, .T. ) ;
#10067 = AXIS2_PLACEMENT_3D ( 'NONE', #47, #2587, #3302 ) ;
#10068 = CARTESIAN_POINT ( 'NONE',  ( -9.999999999999996447, -45.00000000000000000, 0.000000000000000000 ) ) ;
#10069 = VECTOR ( 'NONE', #9249, 1000.000000000000000 ) ;
#10070 = AXIS2_PLACEMENT_3D ( 'NONE', #223, #4522, #7687 ) ;
#10071 = DIRECTION ( 'NONE',  ( 0.000000000000000000, 1.000000000000000000, -0.000000000000000000 ) ) ;
#10072 = FACE_OUTER_BOUND ( 'NONE', #5883, .T. ) ;
#10073 = DIRECTION ( 'NONE',  ( 0.000000000000000000, 0.000000000000000000, 1.000000000000000000 ) ) ;
#10074 = DIRECTION ( 'NONE',  ( 0.000000000000000000, 0.000000000000000000, -1.000000000000000000 ) ) ;
#10075 = ORIENTED_EDGE ( 'NONE', *, *, #1484, .T. ) ;
#10076 = ORIENTED_EDGE ( 'NONE', *, *, #7324, .F. ) ;
#10077 = EDGE_CURVE ( 'NONE', #5928, #78, #2212, .T. ) ;
#10078 = DIRECTION ( 'NONE',  ( -0.000000000000000000, -1.000000000000000000, -0.000000000000000000 ) ) ;
#10079 = ORIENTED_EDGE ( 'NONE', *, *, #3816, .T. ) ;
#10080 = ORIENTED_EDGE ( 'NONE', *, *, #4079, .T. ) ;
#10081 = CIRCLE ( 'NONE', #7969, 2.249999999999998668 ) ;
#10082 = EDGE_CURVE ( 'NONE', #10369, #8569, #9910, .T. ) ;
#10083 = AXIS2_PLACEMENT_3D ( 'NONE', #10521, #9711, #3087 ) ;
#10084 =( REPRESENTATION_RELATIONSHIP ('NONE','NONE', #1790, #8076 ) REPRESENTATION_RELATIONSHIP_WITH_TRANSFORMATION ( #7546 )SHAPE_REPRESENTATION_RELATIONSHIP( ) );
#10085 = EDGE_CURVE ( 'NONE', #5128, #1071, #9385, .T. ) ;
#10086 = AXIS2_PLACEMENT_3D ( 'NONE', #32, #3279, #6673 ) ;
#10087 = VECTOR ( 'NONE', #8255, 1000.000000000000000 ) ;
#10088 = LINE ( 'NONE', #10025, #230 ) ;
#10089 = AXIS2_PLACEMENT_3D ( 'NONE', #2174, #5675, #1299 ) ;
#10090 = CARTESIAN_POINT ( 'NONE',  ( 0.000000000000000000, 0.000000000000000000, 0.000000000000000000 ) ) ;
#10091 = DIRECTION ( 'NONE',  ( 1.264933817329266432E-17, 0.000000000000000000, -1.000000000000000000 ) ) ;
#10092 = CARTESIAN_POINT ( 'NONE',  ( -3.647693777163361073, 0.04196010845019171320, 0.000000000000000000 ) ) ;
#10093 = ORIENTED_EDGE ( 'NONE', *, *, #5621, .T. ) ;
#10094 = DIRECTION ( 'NONE',  ( 0.02461493868887851960, -1.604619215278546562E-17, 0.9996970064941391731 ) ) ;
#10095 = DIRECTION ( 'NONE',  ( 0.000000000000000000, 0.000000000000000000, -1.000000000000000000 ) ) ;
#10096 = ORIENTED_EDGE ( 'NONE', *, *, #6961, .T. ) ;
#10097 = ORIENTED_EDGE ( 'NONE', *, *, #5398, .F. ) ;
#10098 = CARTESIAN_POINT ( 'NONE',  ( 4.999999999999989342, 18.00000000000000000, -105.0000000000000142 ) ) ;
#10099 = EDGE_CURVE ( 'NONE', #6108, #339, #208, .T. ) ;
#10100 = VECTOR ( 'NONE', #4245, 1000.000000000000000 ) ;
#10101 = DIRECTION ( 'NONE',  ( 1.734723475976805246E-17, 0.000000000000000000, 1.000000000000000000 ) ) ;
#10102 = DIRECTION ( 'NONE',  ( 0.000000000000000000, 0.000000000000000000, -1.000000000000000000 ) ) ;
#10103 = DIRECTION ( 'NONE',  ( -1.000000000000000000, 0.000000000000000000, 0.000000000000000000 ) ) ;
#10104 = ORIENTED_EDGE ( 'NONE', *, *, #7323, .F. ) ;
#10105 = LINE ( 'NONE', #3196, #6044 ) ;
#10106 = EDGE_CURVE ( 'NONE', #4291, #4998, #937, .T. ) ;
#10108 = PRESENTATION_LAYER_ASSIGNMENT (  '', '', ( #6780 ) ) ;
#10107 = DIRECTION ( 'NONE',  ( 0.000000000000000000, 0.000000000000000000, 1.000000000000000000 ) ) ;
#10109 = ORIENTED_EDGE ( 'NONE', *, *, #6839, .F. ) ;
#10110 = VERTEX_POINT ( 'NONE', #2756 ) ;
#10111 = CIRCLE ( 'NONE', #7130, 2.999999999999999112 ) ;
#10112 = CARTESIAN_POINT ( 'NONE',  ( 11.31261843528553435, 67.40000000000000568, 17.00000000000000000 ) ) ;
#10113 = CARTESIAN_POINT ( 'NONE',  ( 9.999999999999992895, 10.00000000000000000, -16.00000000000000000 ) ) ;
#10114 = ORIENTED_EDGE ( 'NONE', *, *, #2940, .T. ) ;
#10115 = VECTOR ( 'NONE', #8324, 1000.000000000000000 ) ;
#10116 = DIRECTION ( 'NONE',  ( -0.000000000000000000, -1.000000000000000000, -0.000000000000000000 ) ) ;
#10117 = VECTOR ( 'NONE', #466, 1000.000000000000000 ) ;
#10118 = DIRECTION ( 'NONE',  ( -1.000000000000000000, 0.000000000000000000, 0.000000000000000000 ) ) ;
#10119 = DIRECTION ( 'NONE',  ( -0.000000000000000000, -0.000000000000000000, 1.000000000000000000 ) ) ;
#10120 = VECTOR ( 'NONE', #370, 1000.000000000000000 ) ;
#10121 = EDGE_LOOP ( 'NONE', ( #3425, #2453, #8189, #10197 ) ) ;
#10122 = CARTESIAN_POINT ( 'NONE',  ( -41.81980515339464688, -90.96194077712551973, 1.365068420099338076E-13 ) ) ;
#10123 = ADVANCED_FACE ( 'NONE', ( #270 ), #5980, .F. ) ;
#10124 = DIRECTION ( 'NONE',  ( -0.000000000000000000, -1.000000000000000000, -0.000000000000000000 ) ) ;
#10125 = DIRECTION ( 'NONE',  ( -1.734723475976807094E-16, 1.000000000000000000, 0.000000000000000000 ) ) ;
#10126 = VERTEX_POINT ( 'NONE', #7675 ) ;
#10127 = ORIENTED_EDGE ( 'NONE', *, *, #9794, .T. ) ;
#10128 = CARTESIAN_POINT ( 'NONE',  ( 0.000000000000000000, 57.00000000000000000, -5.500000000000000000 ) ) ;
#10129 = CIRCLE ( 'NONE', #9250, 10.00000000000000178 ) ;
#10130 = LINE ( 'NONE', #4217, #5887 ) ;
#10131 = DIRECTION ( 'NONE',  ( -1.700709290173340409E-17, 0.000000000000000000, 1.000000000000000000 ) ) ;
#10132 = LINE ( 'NONE', #5140, #3433 ) ;
#10133 = DIRECTION ( 'NONE',  ( 0.000000000000000000, -0.000000000000000000, 1.000000000000000000 ) ) ;
#10134 = EDGE_LOOP ( 'NONE', ( #4128, #2063, #1279, #4602, #734, #3616, #7226, #7925 ) ) ;
#10135 = VERTEX_POINT ( 'NONE', #4285 ) ;
#10136 = LINE ( 'NONE', #7711, #8548 ) ;
#10137 = EDGE_LOOP ( 'NONE', ( #2641, #4336, #7107, #10389 ) ) ;
#10138 = ORIENTED_EDGE ( 'NONE', *, *, #5597, .F. ) ;
#10139 = DIRECTION ( 'NONE',  ( -1.000000000000000000, -1.734723475976807094E-16, 0.000000000000000000 ) ) ;
#10140 = EDGE_CURVE ( 'NONE', #9934, #10788, #9585, .T. ) ;
#10141 = PLANE ( 'NONE',  #3397 ) ;
#10142 = CARTESIAN_POINT ( 'NONE',  ( -64.99999999999980105, 9.999999999999994671, -112.1326873879137622 ) ) ;
#10143 = CARTESIAN_POINT ( 'NONE',  ( 0.000000000000000000, 9.000000000000000000, 0.000000000000000000 ) ) ;
#10144 = ORIENTED_EDGE ( 'NONE', *, *, #2322, .F. ) ;
#10145 = APPLICATION_PROTOCOL_DEFINITION ( 'draft international standard', 'automotive_design', 1998, #2382 ) ;
#10146 = CARTESIAN_POINT ( 'NONE',  ( 15.50000000000000000, -4.000000000000000888, 5.999999999999999112 ) ) ;
#10147 = ORIENTED_EDGE ( 'NONE', *, *, #7602, .T. ) ;
#10148 = ORIENTED_EDGE ( 'NONE', *, *, #2310, .T. ) ;
#10149 = VECTOR ( 'NONE', #1074, 1000.000000000000114 ) ;
#10150 = CARTESIAN_POINT ( 'NONE',  ( 11.28641454564401769, 67.90000000000000568, 25.50000000000000000 ) ) ;
#10151 = CARTESIAN_POINT ( 'NONE',  ( 4.332851387010890676, 18.00000000000000000, -92.79470861319066444 ) ) ;
#10152 = LINE ( 'NONE', #9445, #8168 ) ;
#10153 = DIRECTION ( 'NONE',  ( -0.000000000000000000, -1.000000000000000000, 0.000000000000000000 ) ) ;
#10154 = ORIENTED_EDGE ( 'NONE', *, *, #9806, .T. ) ;
#10155 = CARTESIAN_POINT ( 'NONE',  ( 58.67999999999999972, 0.000000000000000000, 2.250000000000002220 ) ) ;
#10156 = EDGE_LOOP ( 'NONE', ( #4157, #6241, #5433, #1618, #2594, #7503 ) ) ;
#10157 = EDGE_LOOP ( 'NONE', ( #7126, #4013, #7912, #5585 ) ) ;
#10158 = DIRECTION ( 'NONE',  ( 0.000000000000000000, -1.000000000000000000, 0.000000000000000000 ) ) ;
#10159 = DIRECTION ( 'NONE',  ( 0.000000000000000000, 0.000000000000000000, -1.000000000000000000 ) ) ;
#10160 = EDGE_CURVE ( 'NONE', #2965, #2720, #7128, .T. ) ;
#10161 = DIRECTION ( 'NONE',  ( 1.000000000000000000, 0.000000000000000000, -0.000000000000000000 ) ) ;
#10162 = DIRECTION ( 'NONE',  ( -1.000000000000000000, -0.000000000000000000, 1.734723475976807094E-17 ) ) ;
#10163 = EDGE_CURVE ( 'NONE', #9473, #791, #5157, .T. ) ;
#10164 = CARTESIAN_POINT ( 'NONE',  ( 0.000000000000000000, 39.00000000000000000, 0.000000000000000000 ) ) ;
#10165 = EDGE_LOOP ( 'NONE', ( #5392, #5194, #9248, #3809 ) ) ;
#10166 = DIRECTION ( 'NONE',  ( 1.000000000000000000, 0.000000000000000000, 0.000000000000000000 ) ) ;
#10167 = CARTESIAN_POINT ( 'NONE',  ( -39.56980515339470372, -90.96194077712557657, 15.00000000000001421 ) ) ;
#10168 = DIRECTION ( 'NONE',  ( 0.4141393648650377735, 0.4141393648650365522, -0.8105412839198057329 ) ) ;
#10169 = ORIENTED_EDGE ( 'NONE', *, *, #10257, .F. ) ;
#10170 = ORIENTED_EDGE ( 'NONE', *, *, #10187, .T. ) ;
#10171 = DIRECTION ( 'NONE',  ( -0.000000000000000000, -0.000000000000000000, 1.000000000000000000 ) ) ;
#10172 = EDGE_CURVE ( 'NONE', #5098, #4112, #7627, .T. ) ;
#10173 = PRODUCT_DEFINITION_SHAPE ( 'NONE', 'NONE',  #10848 ) ;
#10174 = EDGE_CURVE ( 'NONE', #8961, #8971, #2808, .T. ) ;
#10175 = CARTESIAN_POINT ( 'NONE',  ( -5.000000000000000000, 0.000000000000000000, -0.5000000000000004441 ) ) ;
#10176 = DIRECTION ( 'NONE',  ( -1.734723475976807094E-16, 1.000000000000000000, 0.000000000000000000 ) ) ;
#10177 = CARTESIAN_POINT ( 'NONE',  ( 85.36863799491800364, 0.000000000000000000, -96.77829855763729938 ) ) ;
#10178 = VERTEX_POINT ( 'NONE', #9482 ) ;
#10179 = FACE_BOUND ( 'NONE', #10121, .T. ) ;
#10180 = ORIENTED_EDGE ( 'NONE', *, *, #5739, .T. ) ;
#10181 = ORIENTED_EDGE ( 'NONE', *, *, #4827, .T. ) ;
#10182 = CARTESIAN_POINT ( 'NONE',  ( -9.999999999999998224, -44.99999999999999289, 0.000000000000000000 ) ) ;
#10183 = VERTEX_POINT ( 'NONE', #10190 ) ;
#10184 = ORIENTED_EDGE ( 'NONE', *, *, #3885, .F. ) ;
#10185 = LINE ( 'NONE', #2688, #275 ) ;
#10186 = CARTESIAN_POINT ( 'NONE',  ( -85.36863799491800364, 95.00000000000000000, -96.77829855763729938 ) ) ;
#10187 = EDGE_CURVE ( 'NONE', #826, #5891, #1053, .T. ) ;
#10188 = CARTESIAN_POINT ( 'NONE',  ( 4.999999999999989342, 18.00000000000000000, -100.0000000000000000 ) ) ;
#10189 = EDGE_CURVE ( 'NONE', #629, #8385, #9434, .T. ) ;
#10190 = CARTESIAN_POINT ( 'NONE',  ( -2.999999999999999556, 67.90000000000000568, -2.500000000000000000 ) ) ;
#10191 = CARTESIAN_POINT ( 'NONE',  ( -2.499999999999999556, 1.500000000000001332, 25.50000000000000000 ) ) ;
#10192 = EDGE_LOOP ( 'NONE', ( #8274, #9682 ) ) ;
#10193 = SHAPE_DEFINITION_REPRESENTATION ( #9113, #9277 ) ;
#10194 = AXIS2_PLACEMENT_3D ( 'NONE', #560, #3035, #3814 ) ;
#10195 = PLANE ( 'NONE',  #5039 ) ;
#10196 = VERTEX_POINT ( 'NONE', #3521 ) ;
#10197 = ORIENTED_EDGE ( 'NONE', *, *, #4192, .F. ) ;
#10198 = CARTESIAN_POINT ( 'NONE',  ( 5.000000000000000000, -12.50000000000000000, 22.50000000000000000 ) ) ;
#10199 = VECTOR ( 'NONE', #2794, 1000.000000000000000 ) ;
#10200 = PLANE ( 'NONE',  #5325 ) ;
#10201 = FILL_AREA_STYLE ('',( #6857 ) ) ;
#10202 = DIRECTION ( 'NONE',  ( 0.000000000000000000, 0.000000000000000000, 1.000000000000000000 ) ) ;
#10203 = EDGE_LOOP ( 'NONE', ( #3620, #10558 ) ) ;
#10204 = CARTESIAN_POINT ( 'NONE',  ( 30.31497855141494568, 85.00000000000000000, 6.748637086761525516 ) ) ;
#10205 = VERTEX_POINT ( 'NONE', #6090 ) ;
#10206 = ORIENTED_EDGE ( 'NONE', *, *, #4393, .T. ) ;
#10207 = EDGE_CURVE ( 'NONE', #7686, #10267, #9021, .T. ) ;
#10208 = VECTOR ( 'NONE', #7580, 1000.000000000000000 ) ;
#10209 = DIRECTION ( 'NONE',  ( 1.223316414399868464E-17, 0.000000000000000000, -1.000000000000000000 ) ) ;
#10210 = DIRECTION ( 'NONE',  ( -0.000000000000000000, -1.000000000000000000, -0.000000000000000000 ) ) ;
#10211 = CARTESIAN_POINT ( 'NONE',  ( 5.000000000000000888, 67.40000000000000568, 17.00000000000000000 ) ) ;
#10212 = CIRCLE ( 'NONE', #2170, 2.250000000000002220 ) ;
#10213 = FACE_BOUND ( 'NONE', #7935, .T. ) ;
#10214 = FACE_OUTER_BOUND ( 'NONE', #1734, .T. ) ;
#10215 = VERTEX_POINT ( 'NONE', #3470 ) ;
#10216 = DIRECTION ( 'NONE',  ( 1.000000000000000000, 0.000000000000000000, 8.895006672729878318E-17 ) ) ;
#10217 = APPLICATION_CONTEXT ( 'automotive_design' ) ;
#10218 = AXIS2_PLACEMENT_3D ( 'NONE', #6984, #10477, #8829 ) ;
#10219 = CARTESIAN_POINT ( 'NONE',  ( -41.81980515339471083, -90.96194077712557657, -32.99999999999999289 ) ) ;
#10220 = DIRECTION ( 'NONE',  ( -0.000000000000000000, -0.000000000000000000, 1.000000000000000000 ) ) ;
#10221 = ORIENTED_EDGE ( 'NONE', *, *, #3897, .F. ) ;
#10222 = VECTOR ( 'NONE', #3878, 1000.000000000000000 ) ;
#10223 = FACE_BOUND ( 'NONE', #2739, .T. ) ;
#10224 = VECTOR ( 'NONE', #9094, 1000.000000000000000 ) ;
#10225 = EDGE_CURVE ( 'NONE', #3133, #9800, #10304, .T. ) ;
#10226 = EDGE_CURVE ( 'NONE', #4292, #1146, #9315, .T. ) ;
#10227 = FACE_BOUND ( 'NONE', #555, .T. ) ;
#10228 = VECTOR ( 'NONE', #1988, 999.9999999999998863 ) ;
#10229 = FACE_OUTER_BOUND ( 'NONE', #2026, .T. ) ;
#10230 = AXIS2_PLACEMENT_3D ( 'NONE', #10641, #1554, #8937 ) ;
#10231 = ORIENTED_EDGE ( 'NONE', *, *, #3748, .F. ) ;
#10232 = VECTOR ( 'NONE', #7553, 1000.000000000000000 ) ;
#10233 = CARTESIAN_POINT ( 'NONE',  ( -23.34636207545350572, -86.63063332291532959, 23.00000000000000711 ) ) ;
#10234 = EDGE_CURVE ( 'NONE', #7443, #10465, #6798, .T. ) ;
#10235 = ORIENTED_EDGE ( 'NONE', *, *, #9731, .F. ) ;
#10236 = ORIENTED_EDGE ( 'NONE', *, *, #8418, .F. ) ;
#10237 = ADVANCED_FACE ( 'NONE', ( #10346 ), #332, .F. ) ;
#10238 = DIRECTION ( 'NONE',  ( -0.000000000000000000, -0.000000000000000000, 1.000000000000000000 ) ) ;
#10239 = ORIENTED_EDGE ( 'NONE', *, *, #1049, .F. ) ;
#10240 = ORIENTED_EDGE ( 'NONE', *, *, #3094, .T. ) ;
#10241 = VECTOR ( 'NONE', #6671, 1000.000000000000000 ) ;
#10242 = VECTOR ( 'NONE', #6979, 1000.000000000000000 ) ;
#10243 = PLANE ( 'NONE',  #5007 ) ;
#10244 = DIRECTION ( 'NONE',  ( -1.000000000000000000, -0.000000000000000000, 3.231206387738610909E-17 ) ) ;
#10245 = DIRECTION ( 'NONE',  ( 0.000000000000000000, 0.000000000000000000, 1.000000000000000000 ) ) ;
#10246 = DIRECTION ( 'NONE',  ( 1.878072721644630547E-16, 1.878072721644625616E-16, -1.000000000000000000 ) ) ;
#10247 = DIRECTION ( 'NONE',  ( -0.000000000000000000, -1.000000000000000000, -0.000000000000000000 ) ) ;
#10248 = ORIENTED_EDGE ( 'NONE', *, *, #10515, .T. ) ;
#10249 = ADVANCED_FACE ( 'NONE', ( #8868, #7998, #10556 ), #3070, .T. ) ;
#10250 = CARTESIAN_POINT ( 'NONE',  ( 3.000000000000002665, -27.49999999999995381, -201.7355877771388464 ) ) ;
#10251 = CIRCLE ( 'NONE', #1687, 2.250000000000001776 ) ;
#10252 =( NAMED_UNIT ( * ) PLANE_ANGLE_UNIT ( ) SI_UNIT ( $, .RADIAN. ) );
#10253 = ORIENTED_EDGE ( 'NONE', *, *, #735, .F. ) ;
#10254 = ORIENTED_EDGE ( 'NONE', *, *, #9806, .F. ) ;
#10255 = AXIS2_PLACEMENT_3D ( 'NONE', #979, #2840, #4544 ) ;
#10256 = FACE_BOUND ( 'NONE', #5262, .T. ) ;
#10257 = EDGE_CURVE ( 'NONE', #10578, #6181, #4032, .T. ) ;
#10258 = VECTOR ( 'NONE', #1765, 1000.000000000000000 ) ;
#10259 = VECTOR ( 'NONE', #9242, 1000.000000000000000 ) ;
#10260 = DIRECTION ( 'NONE',  ( 1.000000000000000000, 0.000000000000000000, 0.000000000000000000 ) ) ;
#10261 = CARTESIAN_POINT ( 'NONE',  ( 0.000000000000000000, 50.00000000000001421, 0.000000000000000000 ) ) ;
#10262 = CARTESIAN_POINT ( 'NONE',  ( -4.999999999999999112, 70.90000000000000568, 25.50000000000000000 ) ) ;
#10263 = ORIENTED_EDGE ( 'NONE', *, *, #10710, .T. ) ;
#10264 = DIRECTION ( 'NONE',  ( 1.734723475976806848E-16, -1.000000000000000000, 0.000000000000000000 ) ) ;
#10265 = EDGE_CURVE ( 'NONE', #1457, #2710, #6575, .T. ) ;
#10266 = ORIENTED_EDGE ( 'NONE', *, *, #2102, .F. ) ;
#10267 = VERTEX_POINT ( 'NONE', #6252 ) ;
#10268 = AXIS2_PLACEMENT_3D ( 'NONE', #5568, #2996, #10700 ) ;
#10269 = PRODUCT ( 'cube_\X2\9ed88ba4\X0\', 'cube_\X2\9ed88ba4\X0\', '', ( #7837 ) ) ;
#10270 = STYLED_ITEM ( 'NONE', ( #6533 ), #9642 ) ;
#10271 = CARTESIAN_POINT ( 'NONE',  ( 63.25715662211381130, 95.00200000000000955, -42.99587695296753509 ) ) ;
#10272 = CARTESIAN_POINT ( 'NONE',  ( 0.000000000000000000, 0.000000000000000000, 0.000000000000000000 ) ) ;
#10273 = CARTESIAN_POINT ( 'NONE',  ( 15.31657277250937987, 79.90000000000000568, 2.418211663346640430E-16 ) ) ;
#10274 =( GEOMETRIC_REPRESENTATION_CONTEXT ( 3 ) GLOBAL_UNCERTAINTY_ASSIGNED_CONTEXT ( ( #4683 ) ) GLOBAL_UNIT_ASSIGNED_CONTEXT ( ( #1895, #1177, #8060 ) ) REPRESENTATION_CONTEXT ( 'NONE', 'WORKASPACE' ) );
#10275 = VECTOR ( 'NONE', #3481, 1000.000000000000000 ) ;
#10276 = CARTESIAN_POINT ( 'NONE',  ( 30.31344247896004163, 54.67986544671986593, -42.59593772390965682 ) ) ;
#10277 = CARTESIAN_POINT ( 'NONE',  ( 10.00000000000000355, -44.99999999999999289, 0.000000000000000000 ) ) ;
#10278 = ORIENTED_EDGE ( 'NONE', *, *, #3465, .T. ) ;
#10279 = LINE ( 'NONE', #10433, #4299 ) ;
#10280 = DIRECTION ( 'NONE',  ( 0.4141393648650377735, 0.4141393648650365522, -0.8105412839198057329 ) ) ;
#10281 = DIRECTION ( 'NONE',  ( -1.000000000000000000, -7.703719777548943412E-34, -1.264933817329266432E-17 ) ) ;
#10282 = LINE ( 'NONE', #5132, #141 ) ;
#10283 = FACE_OUTER_BOUND ( 'NONE', #4754, .T. ) ;
#10284 = ORIENTED_EDGE ( 'NONE', *, *, #7460, .F. ) ;
#10285 = PRODUCT_DEFINITION_FORMATION_WITH_SPECIFIED_SOURCE ( 'ANY', '', #5978, .NOT_KNOWN. ) ;
#10286 = EDGE_CURVE ( 'NONE', #1382, #10807, #4670, .T. ) ;
#10287 = AXIS2_PLACEMENT_3D ( 'NONE', #3212, #2330, #9180 ) ;
#10288 = CARTESIAN_POINT ( 'NONE',  ( 63.94170910735155644, 0.000000000000000000, -99.05349224005480835 ) ) ;
#10289 = AXIS2_PLACEMENT_3D ( 'NONE', #7367, #28, #9960 ) ;
#10290 = LINE ( 'NONE', #10334, #8678 ) ;
#10291 = LINE ( 'NONE', #9265, #4971 ) ;
#10292 = ORIENTED_EDGE ( 'NONE', *, *, #4225, .T. ) ;
#10293 = DIRECTION ( 'NONE',  ( -0.000000000000000000, -0.000000000000000000, -1.000000000000000000 ) ) ;
#10294 = ORIENTED_EDGE ( 'NONE', *, *, #3263, .F. ) ;
#10295 = VERTEX_POINT ( 'NONE', #3685 ) ;
#10296 = AXIS2_PLACEMENT_3D ( 'NONE', #4700, #9626, #8028 ) ;
#10297 = CARTESIAN_POINT ( 'NONE',  ( 30.31344247896003097, 74.67986544671987303, -42.59593772390965682 ) ) ;
#10298 = ORIENTED_EDGE ( 'NONE', *, *, #4406, .F. ) ;
#10299 = ORIENTED_EDGE ( 'NONE', *, *, #3459, .T. ) ;
#10300 = CARTESIAN_POINT ( 'NONE',  ( 15.50000000000000000, 83.40000000000000568, 0.5000000000000000000 ) ) ;
#10301 = EDGE_CURVE ( 'NONE', #1247, #9636, #2915, .T. ) ;
#10302 = DIRECTION ( 'NONE',  ( 1.000000000000000000, 0.000000000000000000, 0.000000000000000000 ) ) ;
#10303 = DIRECTION ( 'NONE',  ( 1.000000000000000000, 0.000000000000000000, 0.000000000000000000 ) ) ;
#10304 = LINE ( 'NONE', #8656, #454 ) ;
#10305 = DIRECTION ( 'NONE',  ( 0.000000000000000000, 1.000000000000000000, 0.000000000000000000 ) ) ;
#10306 = ORIENTED_EDGE ( 'NONE', *, *, #6960, .T. ) ;
#10307 = APPLICATION_PROTOCOL_DEFINITION ( 'draft international standard', 'automotive_design', 1998, #1467 ) ;
#10308 = EDGE_LOOP ( 'NONE', ( #4659, #2168, #2196, #9666 ) ) ;
#10309 = EDGE_LOOP ( 'NONE', ( #1048, #6512 ) ) ;
#10310 = PLANE ( 'NONE',  #2189 ) ;
#10311 = ADVANCED_FACE ( 'NONE', ( #6191 ), #494, .F. ) ;
#10312 = ADVANCED_FACE ( 'NONE', ( #9537 ), #3016, .T. ) ;
#10313 = FACE_OUTER_BOUND ( 'NONE', #9992, .T. ) ;
#10314 = FACE_BOUND ( 'NONE', #6616, .T. ) ;
#10315 = LINE ( 'NONE', #4409, #10228 ) ;
#10316 = ORIENTED_EDGE ( 'NONE', *, *, #2598, .F. ) ;
#10317 = DIRECTION ( 'NONE',  ( -0.000000000000000000, -0.000000000000000000, 1.000000000000000000 ) ) ;
#10318 =( NAMED_UNIT ( * ) PLANE_ANGLE_UNIT ( ) SI_UNIT ( $, .RADIAN. ) );
#10319 = ORIENTED_EDGE ( 'NONE', *, *, #1339, .F. ) ;
#10320 = VERTEX_POINT ( 'NONE', #10508 ) ;
#10321 = CARTESIAN_POINT ( 'NONE',  ( -3.250000000000000444, 3.980102097228898231E-16, 0.000000000000000000 ) ) ;
#10322 = CARTESIAN_POINT ( 'NONE',  ( -14.99999999999999822, -12.50000000000000000, -10.00000000000000355 ) ) ;
#10323 = FACE_OUTER_BOUND ( 'NONE', #7475, .T. ) ;
#10324 = DIRECTION ( 'NONE',  ( 1.000000000000000000, 0.000000000000000000, 0.000000000000000000 ) ) ;
#10325 = ORIENTED_EDGE ( 'NONE', *, *, #9238, .F. ) ;
#10326 = DIRECTION ( 'NONE',  ( -1.000000000000000000, 0.000000000000000000, 0.000000000000000000 ) ) ;
#10327 = CARTESIAN_POINT ( 'NONE',  ( -26.24777966571251753, -61.24777966571249976, 0.9999999999999991118 ) ) ;
#10328 = SHAPE_REPRESENTATION ( 'Jaw_Contact_Block_A', ( #9029 ), #3100 ) ;
#10329 = CARTESIAN_POINT ( 'NONE',  ( 4.999999999999989342, 18.00000000000000000, -100.0000000000000000 ) ) ;
#10330 = VERTEX_POINT ( 'NONE', #3890 ) ;
#10331 = ORIENTED_EDGE ( 'NONE', *, *, #9490, .F. ) ;
#10332 = EDGE_CURVE ( 'NONE', #5697, #6129, #1216, .T. ) ;
#10333 = CARTESIAN_POINT ( 'NONE',  ( 8.673617379884035472E-16, 63.40000000000001279, 21.75000000000000000 ) ) ;
#10334 = CARTESIAN_POINT ( 'NONE',  ( 11.31261843528553435, 67.40000000000000568, 2.418211663346640430E-16 ) ) ;
#10335 = CARTESIAN_POINT ( 'NONE',  ( 0.000000000000000000, 9.000000000000000000, -2.250000000000000000 ) ) ;
#10336 = ORIENTED_EDGE ( 'NONE', *, *, #1339, .T. ) ;
#10337 = CARTESIAN_POINT ( 'NONE',  ( 15.00000000000000000, -5.499999999999994671, 20.00000000000000000 ) ) ;
#10338 = ORIENTED_EDGE ( 'NONE', *, *, #4100, .F. ) ;
#10339 = ORIENTED_EDGE ( 'NONE', *, *, #5583, .T. ) ;
#10340 = DIRECTION ( 'NONE',  ( 0.000000000000000000, 0.000000000000000000, -1.000000000000000000 ) ) ;
#10341 = EDGE_LOOP ( 'NONE', ( #7409, #3338, #9018, #5870 ) ) ;
#10342 = ORIENTED_EDGE ( 'NONE', *, *, #6751, .F. ) ;
#10343 = CARTESIAN_POINT ( 'NONE',  ( 9.999999999999998224, 18.00000000000000000, -28.73104673259540931 ) ) ;
#10344 = CARTESIAN_POINT ( 'NONE',  ( -14.99999999999999822, 12.50000000000000000, -10.00000000000000355 ) ) ;
#10345 = CARTESIAN_POINT ( 'NONE',  ( 0.000000000000000000, 50.00000000000001421, 0.000000000000000000 ) ) ;
#10346 = FACE_OUTER_BOUND ( 'NONE', #4379, .T. ) ;
#10347 = CARTESIAN_POINT ( 'NONE',  ( -10.00000000000000355, 9.999999999999998224, 0.000000000000000000 ) ) ;
#10348 = ORIENTED_EDGE ( 'NONE', *, *, #3123, .F. ) ;
#10349 = APPLICATION_PROTOCOL_DEFINITION ( 'draft international standard', 'automotive_design', 1998, #8397 ) ;
#10350 = ORIENTED_EDGE ( 'NONE', *, *, #6753, .T. ) ;
#10351 = EDGE_LOOP ( 'NONE', ( #4758, #6955, #7921, #298 ) ) ;
#10352 = EDGE_CURVE ( 'NONE', #655, #9262, #4562, .T. ) ;
#10353 = VECTOR ( 'NONE', #10244, 1000.000000000000000 ) ;
#10354 = CARTESIAN_POINT ( 'NONE',  ( -4.999999999999999112, 70.90000000000000568, 25.50000000000000000 ) ) ;
#10355 = DIRECTION ( 'NONE',  ( 0.000000000000000000, -0.000000000000000000, -1.000000000000000000 ) ) ;
#10356 = CARTESIAN_POINT ( 'NONE',  ( -25.00000000000000000, -3.469446951953614189E-15, 10.00000000000000000 ) ) ;
#10357 = ORIENTED_EDGE ( 'NONE', *, *, #661, .F. ) ;
#10358 = LINE ( 'NONE', #9329, #4126 ) ;
#10359 = UNCERTAINTY_MEASURE_WITH_UNIT (LENGTH_MEASURE( 1.000000000000000082E-05 ), #6935, 'distance_accuracy_value', 'NONE');
#10360 = ORIENTED_EDGE ( 'NONE', *, *, #2000, .T. ) ;
#10361 = ORIENTED_EDGE ( 'NONE', *, *, #407, .F. ) ;
#10362 = EDGE_CURVE ( 'NONE', #2333, #8774, #7933, .T. ) ;
#10363 = EDGE_CURVE ( 'NONE', #9112, #3510, #4667, .T. ) ;
#10364 = CARTESIAN_POINT ( 'NONE',  ( -10.00000000000000355, 9.999999999999998224, -11.00000000000000000 ) ) ;
#10365 = AXIS2_PLACEMENT_3D ( 'NONE', #3127, #1374, #8157 ) ;
#10366 = CARTESIAN_POINT ( 'NONE',  ( -27.24999999999999645, -9.500000000000001776, 10.00000000000000000 ) ) ;
#10367 = DIRECTION ( 'NONE',  ( 1.000000000000000000, 1.734723475976807094E-16, 0.000000000000000000 ) ) ;
#10368 = CARTESIAN_POINT ( 'NONE',  ( 2.999999999999999112, 0.000000000000000000, -85.14486490616359049 ) ) ;
#10369 = VERTEX_POINT ( 'NONE', #433 ) ;
#10370 = CARTESIAN_POINT ( 'NONE',  ( 0.000000000000000000, 0.000000000000000000, -6.499999999999999112 ) ) ;
#10371 = DIRECTION ( 'NONE',  ( -0.2644732620533331025, -0.000000000000000000, 0.9643930182549378394 ) ) ;
#10372 = AXIS2_PLACEMENT_3D ( 'NONE', #5578, #8952, #3111 ) ;
#10373 = DIRECTION ( 'NONE',  ( -0.7071067811865485719, -0.7071067811865463515, 0.000000000000000000 ) ) ;
#10374 = ADVANCED_FACE ( 'NONE', ( #6349 ), #2244, .T. ) ;
#10375 = DIRECTION ( 'NONE',  ( -1.000000000000000000, 0.000000000000000000, 0.000000000000000000 ) ) ;
#10376 = CYLINDRICAL_SURFACE ( 'NONE', #3388, 8.146642442969032061 ) ;
#10377 = VERTEX_POINT ( 'NONE', #9645 ) ;
#10378 = ADVANCED_FACE ( 'NONE', ( #2192, #9750 ), #5590, .T. ) ;
#10379 = AXIS2_PLACEMENT_3D ( 'NONE', #7397, #3309, #2538 ) ;
#10380 = EDGE_CURVE ( 'NONE', #4695, #174, #1420, .T. ) ;
#10381 = DIRECTION ( 'NONE',  ( -1.000000000000000000, -0.000000000000000000, 1.734723475976807094E-17 ) ) ;
#10382 =( BOUNDED_CURVE ( )  B_SPLINE_CURVE ( 3, ( #6581, #6468, #8172, #6688 ),
 .UNSPECIFIED., .F., .F. ) 
 B_SPLINE_CURVE_WITH_KNOTS ( ( 4, 4 ),
 ( 4.712388980384689674, 6.283185307179585344 ),
 .UNSPECIFIED. ) 
 CURVE ( )  GEOMETRIC_REPRESENTATION_ITEM ( )  RATIONAL_B_SPLINE_CURVE ( ( 1.000000000000000000, 0.8047378541243649375, 0.8047378541243649375, 1.000000000000000000 ) ) 
 REPRESENTATION_ITEM ( '' )  );
#10383 = CARTESIAN_POINT ( 'NONE',  ( 0.000000000000000000, 5.000000000000000000, -10.00000000000000178 ) ) ;
#10384 = FACE_OUTER_BOUND ( 'NONE', #7669, .T. ) ;
#10385 = LINE ( 'NONE', #3717, #4103 ) ;
#10386 = ORIENTED_EDGE ( 'NONE', *, *, #5977, .F. ) ;
#10387 = CARTESIAN_POINT ( 'NONE',  ( 30.31497855141494568, 95.00000000000000000, 6.748637086761525516 ) ) ;
#10388 = EDGE_LOOP ( 'NONE', ( #4497, #8342, #4882, #7640 ) ) ;
#10389 = ORIENTED_EDGE ( 'NONE', *, *, #4888, .F. ) ;
#10390 = VECTOR ( 'NONE', #549, 1000.000000000000000 ) ;
#10391 = LINE ( 'NONE', #6242, #2955 ) ;
#10392 = ORIENTED_EDGE ( 'NONE', *, *, #6753, .F. ) ;
#10393 = ORIENTED_EDGE ( 'NONE', *, *, #7441, .F. ) ;
#10394 = CIRCLE ( 'NONE', #10218, 4.000000000000000000 ) ;
#10395 = CIRCLE ( 'NONE', #7767, 2.250000000000001776 ) ;
#10396 = CARTESIAN_POINT ( 'NONE',  ( -24.14213562373095812, -59.14213562373093680, 0.9999999999999991118 ) ) ;
#10397 = VECTOR ( 'NONE', #432, 1000.000000000000000 ) ;
#10398 = LINE ( 'NONE', #10344, #10012 ) ;
#10399 = EDGE_CURVE ( 'NONE', #8559, #6362, #3129, .T. ) ;
#10400 = PLANE ( 'NONE',  #8306 ) ;
#10401 = CARTESIAN_POINT ( 'NONE',  ( 11.12919120779491067, 70.90000000000000568, -1.257359312880714564 ) ) ;
#10402 = LINE ( 'NONE', #7277, #1848 ) ;
#10403 = ORIENTED_EDGE ( 'NONE', *, *, #9757, .T. ) ;
#10404 = PRODUCT_CONTEXT ( 'NONE', #7202, 'mechanical' ) ;
#10405 = CARTESIAN_POINT ( 'NONE',  ( 0.000000000000000000, 39.00000000000000000, 0.000000000000000000 ) ) ;
#10406 = ORIENTED_EDGE ( 'NONE', *, *, #10524, .F. ) ;
#10407 = VERTEX_POINT ( 'NONE', #4764 ) ;
#10408 = CIRCLE ( 'NONE', #4474, 10.00000000000000000 ) ;
#10409 = VECTOR ( 'NONE', #7476, 1000.000000000000000 ) ;
#10410 = CIRCLE ( 'NONE', #2199, 2.250000000000001776 ) ;
#10411 = AXIS2_PLACEMENT_3D ( 'NONE', #5563, #5758, #816 ) ;
#10412 = FACE_OUTER_BOUND ( 'NONE', #6585, .T. ) ;
#10413 = LINE ( 'NONE', #505, #9036 ) ;
#10414 = FACE_OUTER_BOUND ( 'NONE', #4247, .T. ) ;
#10415 = ORIENTED_EDGE ( 'NONE', *, *, #4296, .F. ) ;
#10416 = LINE ( 'NONE', #10473, #2031 ) ;
#10417 = DIRECTION ( 'NONE',  ( 1.000000000000000000, 0.000000000000000000, 0.000000000000000000 ) ) ;
#10418 = ADVANCED_FACE ( 'NONE', ( #6509 ), #9847, .F. ) ;
#10419 = VERTEX_POINT ( 'NONE', #4003 ) ;
#10420 = ORIENTED_EDGE ( 'NONE', *, *, #1771, .F. ) ;
#10421 = PRODUCT_DEFINITION ( 'UNKNOWN', '', #9935, #8934 ) ;
#10422 = DIRECTION ( 'NONE',  ( 0.000000000000000000, -0.000000000000000000, 1.000000000000000000 ) ) ;
#10423 = CIRCLE ( 'NONE', #1507, 2.499999999999999556 ) ;
#10424 = VECTOR ( 'NONE', #4608, 1000.000000000000000 ) ;
#10425 = VECTOR ( 'NONE', #6999, 1000.000000000000000 ) ;
#10426 = APPLICATION_CONTEXT ( 'automotive_design' ) ;
#10427 = LINE ( 'NONE', #7086, #4603 ) ;
#10428 = EDGE_CURVE ( 'NONE', #8238, #8052, #9733, .T. ) ;
#10429 = CARTESIAN_POINT ( 'NONE',  ( 15.50000000000000000, -12.50000000000000000, -2.499999999999998668 ) ) ;
#10430 = DIRECTION ( 'NONE',  ( 0.000000000000000000, 0.000000000000000000, -1.000000000000000000 ) ) ;
#10431 = ORIENTED_EDGE ( 'NONE', *, *, #6042, .T. ) ;
#10432 = AXIS2_PLACEMENT_3D ( 'NONE', #9255, #2945, #4536 ) ;
#10433 = CARTESIAN_POINT ( 'NONE',  ( 25.00000000000000000, 9.000000000000000000, 10.00000000000000178 ) ) ;
#10435 = VECTOR ( 'NONE', #458, 1000.000000000000227 ) ;
#10434 = LINE ( 'NONE', #923, #2387 ) ;
#10436 = DIRECTION ( 'NONE',  ( 0.000000000000000000, -1.000000000000000000, 0.000000000000000000 ) ) ;
#10437 = CARTESIAN_POINT ( 'NONE',  ( 9.999999999999998224, 18.00000000000000000, -28.73104673259540931 ) ) ;
#10438 = LINE ( 'NONE', #8902, #1645 ) ;
#10439 = ORIENTED_EDGE ( 'NONE', *, *, #9103, .F. ) ;
#10440 = AXIS2_PLACEMENT_3D ( 'NONE', #5822, #887, #4125 ) ;
#10441 =( GEOMETRIC_REPRESENTATION_CONTEXT ( 3 ) GLOBAL_UNCERTAINTY_ASSIGNED_CONTEXT ( ( #7953 ) ) GLOBAL_UNIT_ASSIGNED_CONTEXT ( ( #7132, #4777, #4571 ) ) REPRESENTATION_CONTEXT ( 'NONE', 'WORKASPACE' ) );
#10442 = CARTESIAN_POINT ( 'NONE',  ( -41.81980515339471083, -90.96194077712557657, 15.00000000000001421 ) ) ;
#10443 = EDGE_CURVE ( 'NONE', #4680, #4363, #9414, .T. ) ;
#10444 = DIRECTION ( 'NONE',  ( 0.000000000000000000, 0.000000000000000000, 1.000000000000000000 ) ) ;
#10445 = DIRECTION ( 'NONE',  ( 0.000000000000000000, 0.000000000000000000, 1.000000000000000000 ) ) ;
#10446 = DIRECTION ( 'NONE',  ( -5.730419068485961338E-34, 1.000000000000000000, -1.560003125878423500E-17 ) ) ;
#10447 = ORIENTED_EDGE ( 'NONE', *, *, #7276, .F. ) ;
#10448 = FACE_OUTER_BOUND ( 'NONE', #1092, .T. ) ;
#10449 = ORIENTED_EDGE ( 'NONE', *, *, #6372, .F. ) ;
#10450 = ORIENTED_EDGE ( 'NONE', *, *, #1181, .T. ) ;
#10451 = PRODUCT_DEFINITION_FORMATION_WITH_SPECIFIED_SOURCE ( 'ANY', '', #2470, .NOT_KNOWN. ) ;
#10452 = AXIS2_PLACEMENT_3D ( 'NONE', #7275, #749, #6566 ) ;
#10453 = LINE ( 'NONE', #1308, #8878 ) ;
#10454 = ORIENTED_EDGE ( 'NONE', *, *, #6318, .T. ) ;
#10455 = ORIENTED_EDGE ( 'NONE', *, *, #3277, .T. ) ;
#10456 = VECTOR ( 'NONE', #7936, 1000.000000000000000 ) ;
#10457 = DIRECTION ( 'NONE',  ( -0.000000000000000000, 1.000000000000000000, -0.000000000000000000 ) ) ;
#10458 =( NAMED_UNIT ( * ) PLANE_ANGLE_UNIT ( ) SI_UNIT ( $, .RADIAN. ) );
#10459 = CIRCLE ( 'NONE', #2072, 2.250000000000000000 ) ;
#10460 = DIRECTION ( 'NONE',  ( -1.000000000000000000, 0.000000000000000000, 1.700709290173340409E-17 ) ) ;
#10461 = CYLINDRICAL_SURFACE ( 'NONE', #2377, 2.999999999999999112 ) ;
#10462 = ORIENTED_EDGE ( 'NONE', *, *, #3591, .F. ) ;
#10463 = ITEM_DEFINED_TRANSFORMATION ( 'NONE', 'NONE', #2056,  #9029 ) ;
#10464 = CARTESIAN_POINT ( 'NONE',  ( -4.999999999999999112, 15.00000000000000000, 21.75000000000000000 ) ) ;
#10465 = VERTEX_POINT ( 'NONE', #7373 ) ;
#10466 = VERTEX_POINT ( 'NONE', #6624 ) ;
#10467 = CIRCLE ( 'NONE', #9606, 3.250000000000000444 ) ;
#10468 = EDGE_CURVE ( 'NONE', #744, #7336, #5214, .T. ) ;
#10469 = DIRECTION ( 'NONE',  ( -0.000000000000000000, 0.000000000000000000, -1.000000000000000000 ) ) ;
#10470 = CYLINDRICAL_SURFACE ( 'NONE', #10620, 2.500000000000002220 ) ;
#10471 = DIRECTION ( 'NONE',  ( -0.5386090358293532665, 0.000000000000000000, -0.8425558180458874169 ) ) ;
#10472 = ORIENTED_EDGE ( 'NONE', *, *, #8954, .F. ) ;
#10473 = CARTESIAN_POINT ( 'NONE',  ( 64.46620431643836469, 0.000000000000000000, -112.3905347760015161 ) ) ;
#10474 = CARTESIAN_POINT ( 'NONE',  ( 37.30554349586385854, 42.00000000000000711, -75.97613966782508044 ) ) ;
#10475 = ORIENTED_EDGE ( 'NONE', *, *, #10225, .F. ) ;
#10476 = ORIENTED_EDGE ( 'NONE', *, *, #7749, .T. ) ;
#10477 = DIRECTION ( 'NONE',  ( -8.895006672729878318E-17, -0.000000000000000000, 1.000000000000000000 ) ) ;
#10478 = EDGE_CURVE ( 'NONE', #5299, #3008, #4053, .T. ) ;
#10479 = DIRECTION ( 'NONE',  ( -0.000000000000000000, -0.000000000000000000, 1.000000000000000000 ) ) ;
#10480 = CARTESIAN_POINT ( 'NONE',  ( -4.000000000000000000, 0.000000000000000000, 25.50000000000000000 ) ) ;
#10481 = CARTESIAN_POINT ( 'NONE',  ( -75.00000000000001421, 150.0000000000000000, -75.00000000000000000 ) ) ;
#10482 = VERTEX_POINT ( 'NONE', #1534 ) ;
#10483 = DIRECTION ( 'NONE',  ( 1.734723475976807094E-16, -1.000000000000000000, 0.000000000000000000 ) ) ;
#10484 = ADVANCED_BREP_SHAPE_REPRESENTATION ( '', ( #9642, #9029 ), #2924 ) ;
#10485 = DIRECTION ( 'NONE',  ( -1.850371707708594563E-16, -0.000000000000000000, -1.000000000000000000 ) ) ;
#10486 = EDGE_CURVE ( 'NONE', #3053, #109, #2405, .T. ) ;
#10487 = DIRECTION ( 'NONE',  ( -1.000000000000000000, 0.000000000000000000, 0.000000000000000000 ) ) ;
#10488 = CYLINDRICAL_SURFACE ( 'NONE', #8718, 9.999999999999998224 ) ;
#10489 = DIRECTION ( 'NONE',  ( -0.000000000000000000, -1.000000000000000000, -0.000000000000000000 ) ) ;
#10490 = ORIENTED_EDGE ( 'NONE', *, *, #4888, .T. ) ;
#10491 = ADVANCED_FACE ( 'NONE', ( #2290 ), #9024, .F. ) ;
#10492 = CARTESIAN_POINT ( 'NONE',  ( -39.56980515339470372, -90.96194077712557657, -32.99999999999999289 ) ) ;
#10493 = CARTESIAN_POINT ( 'NONE',  ( 0.000000000000000000, 50.00000000000001421, 0.000000000000000000 ) ) ;
#10494 = DIRECTION ( 'NONE',  ( 0.000000000000000000, 0.000000000000000000, 1.000000000000000000 ) ) ;
#10495 = CARTESIAN_POINT ( 'NONE',  ( 74.99999999999998579, 150.0000000000000000, -75.00000000000000000 ) ) ;
#10496 = ORIENTED_EDGE ( 'NONE', *, *, #10505, .T. ) ;
#10497 = CARTESIAN_POINT ( 'NONE',  ( -67.07925725763350044, 95.00000000000000000, -84.99047725517949914 ) ) ;
#10498 = ORIENTED_EDGE ( 'NONE', *, *, #967, .F. ) ;
#10499 = ORIENTED_EDGE ( 'NONE', *, *, #140, .F. ) ;
#10500 = FACE_OUTER_BOUND ( 'NONE', #8204, .T. ) ;
#10501 = ORIENTED_EDGE ( 'NONE', *, *, #8055, .F. ) ;
#10502 = ORIENTED_EDGE ( 'NONE', *, *, #5597, .T. ) ;
#10503 = EDGE_CURVE ( 'NONE', #2720, #9800, #4142, .T. ) ;
#10504 = CARTESIAN_POINT ( 'NONE',  ( 0.000000000000000000, 18.00000000000000000, 0.000000000000000000 ) ) ;
#10505 = EDGE_CURVE ( 'NONE', #7336, #8086, #3949, .T. ) ;
#10506 = DIRECTION ( 'NONE',  ( 0.000000000000000000, 0.000000000000000000, -1.000000000000000000 ) ) ;
#10507 = DIRECTION ( 'NONE',  ( 1.000000000000000000, -0.000000000000000000, -0.000000000000000000 ) ) ;
#10508 = CARTESIAN_POINT ( 'NONE',  ( 9.184850993605147944E-16, 0.000000000000000000, 7.500000000000000000 ) ) ;
#10509 = CARTESIAN_POINT ( 'NONE',  ( -1.924702886938330026, 9.000000000000000000, -81.70205095511482796 ) ) ;
#10510 = ORIENTED_EDGE ( 'NONE', *, *, #3168, .T. ) ;
#10511 = CONTEXT_DEPENDENT_SHAPE_REPRESENTATION ( #135, #5801 ) ;
#10512 = DIRECTION ( 'NONE',  ( -0.000000000000000000, -1.000000000000000000, -0.000000000000000000 ) ) ;
#10513 = ORIENTED_EDGE ( 'NONE', *, *, #7882, .F. ) ;
#10514 = ORIENTED_EDGE ( 'NONE', *, *, #7222, .T. ) ;
#10515 = EDGE_CURVE ( 'NONE', #2626, #4590, #4877, .T. ) ;
#10516 = ADVANCED_FACE ( 'NONE', ( #3221 ), #2458, .F. ) ;
#10517 = ADVANCED_FACE ( 'NONE', ( #3175 ), #4981, .T. ) ;
#10518 = CARTESIAN_POINT ( 'NONE',  ( 11.12919120779492310, 0.000000000000000000, 22.50000000000000000 ) ) ;
#10519 = DIRECTION ( 'NONE',  ( -0.000000000000000000, -1.000000000000000000, -0.000000000000000000 ) ) ;
#10520 = ORIENTED_EDGE ( 'NONE', *, *, #7889, .F. ) ;
#10521 = CARTESIAN_POINT ( 'NONE',  ( -4.000000000000000000, 69.40000000000000568, 6.802837160693362871E-17 ) ) ;
#10522 = ORIENTED_EDGE ( 'NONE', *, *, #5957, .F. ) ;
#10523 = ORIENTED_EDGE ( 'NONE', *, *, #4024, .T. ) ;
#10524 = EDGE_CURVE ( 'NONE', #9915, #8325, #5043, .T. ) ;
#10525 = CARTESIAN_POINT ( 'NONE',  ( -19.68655752103955692, 34.67986544671986593, -120.2803298308827920 ) ) ;
#10526 = VECTOR ( 'NONE', #4075, 1000.000000000000000 ) ;
#10527 = CARTESIAN_POINT ( 'NONE',  ( -94.00000000000001421, 85.00000000000000000, -104.7964619962940702 ) ) ;
#10528 = CARTESIAN_POINT ( 'NONE',  ( 0.000000000000000000, 39.00000000000000000, -2.750000000000000000 ) ) ;
#10529 = DIRECTION ( 'NONE',  ( -1.000000000000000000, 0.000000000000000000, 1.734723475976807094E-17 ) ) ;
#10530 = ORIENTED_EDGE ( 'NONE', *, *, #2495, .F. ) ;
#10531 = CARTESIAN_POINT ( 'NONE',  ( 15.34277666215089475, 80.40000000000000568, -2.500000000000000000 ) ) ;
#10532 = EDGE_CURVE ( 'NONE', #8556, #1306, #9564, .T. ) ;
#10533 = CARTESIAN_POINT ( 'NONE',  ( 15.49999999999999822, 83.40000000000001990, 24.25735931288071257 ) ) ;
#10534 = CYLINDRICAL_SURFACE ( 'NONE', #1721, 2.249999999999998668 ) ;
#10535 = COLOUR_RGB ( '',0.7921568627450980005, 0.8196078431372548767, 0.9333333333333333481 ) ;
#10536 = DIRECTION ( 'NONE',  ( -1.000000000000000000, -0.000000000000000000, 1.734723475976807094E-17 ) ) ;
#10537 = PLANE ( 'NONE',  #6720 ) ;
#10538 = ORIENTED_EDGE ( 'NONE', *, *, #5089, .F. ) ;
#10539 = CYLINDRICAL_SURFACE ( 'NONE', #1383, 2.250000000000001776 ) ;
#10540 = AXIS2_PLACEMENT_3D ( 'NONE', #3370, #6711, #5026 ) ;
#10541 = DIRECTION ( 'NONE',  ( -0.000000000000000000, -1.000000000000000000, -0.000000000000000000 ) ) ;
#10542 = CARTESIAN_POINT ( 'NONE',  ( -48.89087296526018633, -83.89087296526010107, 23.00000000000001066 ) ) ;
#10543 = PLANE ( 'NONE',  #3410 ) ;
#10544 = ORIENTED_EDGE ( 'NONE', *, *, #112, .T. ) ;
#10545 = DIRECTION ( 'NONE',  ( 1.734723475976807094E-16, -1.000000000000000000, 0.000000000000000000 ) ) ;
#10546 = ORIENTED_EDGE ( 'NONE', *, *, #382, .F. ) ;
#10547 = PLANE ( 'NONE',  #8364 ) ;
#10548 = ORIENTED_EDGE ( 'NONE', *, *, #880, .F. ) ;
#10549 = ORIENTED_EDGE ( 'NONE', *, *, #6782, .F. ) ;
#10550 = DIRECTION ( 'NONE',  ( -0.000000000000000000, -0.000000000000000000, 1.000000000000000000 ) ) ;
#10551 = CIRCLE ( 'NONE', #4793, 2.500000000000002220 ) ;
#10552 = LINE ( 'NONE', #4664, #2420 ) ;
#10553 = FACE_OUTER_BOUND ( 'NONE', #2512, .T. ) ;
#10554 = AXIS2_PLACEMENT_3D ( 'NONE', #8582, #7808, #2070 ) ;
#10555 = EDGE_CURVE ( 'NONE', #8568, #5928, #2787, .T. ) ;
#10556 = FACE_OUTER_BOUND ( 'NONE', #6572, .T. ) ;
#10557 = FACE_OUTER_BOUND ( 'NONE', #5211, .T. ) ;
#10558 = ORIENTED_EDGE ( 'NONE', *, *, #7441, .T. ) ;
#10559 = CARTESIAN_POINT ( 'NONE',  ( -48.89087296526017923, -98.03300858899103787, -32.99999999999999289 ) ) ;
#10560 = ORIENTED_EDGE ( 'NONE', *, *, #4870, .T. ) ;
#10561 = VERTEX_POINT ( 'NONE', #9192 ) ;
#10562 = VECTOR ( 'NONE', #3033, 1000.000000000000000 ) ;
#10563 = AXIS2_PLACEMENT_3D ( 'NONE', #5102, #1594, #8432 ) ;
#10564 = CIRCLE ( 'NONE', #6373, 8.146642442969032061 ) ;
#10565 = CIRCLE ( 'NONE', #5863, 2.249999999999998668 ) ;
#10566 = ADVANCED_FACE ( 'NONE', ( #401 ), #2575, .F. ) ;
#10567 = CARTESIAN_POINT ( 'NONE',  ( 5.000000000000000000, 62.40000000000000568, 22.00000000000000355 ) ) ;
#10568 = PLANE ( 'NONE',  #7295 ) ;
#10569 = AXIS2_PLACEMENT_3D ( 'NONE', #1174, #8564, #115 ) ;
#10570 = CARTESIAN_POINT ( 'NONE',  ( 64.46620431643836469, 85.00000000000000000, -110.1405347760015161 ) ) ;
#10571 = VECTOR ( 'NONE', #3063, 1000.000000000000000 ) ;
#10572 = ORIENTED_EDGE ( 'NONE', *, *, #4216, .F. ) ;
#10573 = CARTESIAN_POINT ( 'NONE',  ( 0.000000000000000000, 0.000000000000000000, -10.00000000000000888 ) ) ;
#10574 =( NAMED_UNIT ( * ) PLANE_ANGLE_UNIT ( ) SI_UNIT ( $, .RADIAN. ) );
#10575 = VECTOR ( 'NONE', #1742, 1000.000000000000000 ) ;
#10576 = UNCERTAINTY_MEASURE_WITH_UNIT (LENGTH_MEASURE( 1.000000000000000082E-05 ), #7183, 'distance_accuracy_value', 'NONE');
#10577 = EDGE_CURVE ( 'NONE', #2295, #7443, #6070, .T. ) ;
#10578 = VERTEX_POINT ( 'NONE', #7597 ) ;
#10579 = EDGE_LOOP ( 'NONE', ( #6719, #4896, #1035, #9948 ) ) ;
#10580 = CARTESIAN_POINT ( 'NONE',  ( 7.499999999999998224, 0.000000000000000000, -81.58229419209513367 ) ) ;
#10581 = CIRCLE ( 'NONE', #3430, 3.250000000000000444 ) ;
#10582 = VECTOR ( 'NONE', #1748, 1000.000000000000000 ) ;
#10583 = VECTOR ( 'NONE', #1562, 1000.000000000000000 ) ;
#10584 = DIRECTION ( 'NONE',  ( 0.000000000000000000, 0.000000000000000000, -1.000000000000000000 ) ) ;
#10585 = ADVANCED_FACE ( 'NONE', ( #5922 ), #6729, .F. ) ;
#10586 = CARTESIAN_POINT ( 'NONE',  ( -41.81980515339471083, -90.96194077712557657, -32.99999999999999289 ) ) ;
#10587 = DIRECTION ( 'NONE',  ( -1.734723475976807094E-16, 1.000000000000000000, 0.000000000000000000 ) ) ;
#10588 = ORIENTED_EDGE ( 'NONE', *, *, #6425, .T. ) ;
#10589 = DIRECTION ( 'NONE',  ( -0.000000000000000000, -0.000000000000000000, 1.000000000000000000 ) ) ;
#10590 = CIRCLE ( 'NONE', #2201, 2.249999999999998668 ) ;
#10591 = SURFACE_STYLE_USAGE ( .BOTH. , #888 ) ;
#10592 = AXIS2_PLACEMENT_3D ( 'NONE', #3066, #3173, #10506 ) ;
#10593 = AXIS2_PLACEMENT_3D ( 'NONE', #9131, #8589, #412 ) ;
#10594 = CARTESIAN_POINT ( 'NONE',  ( -4.999999999999999112, 70.90000000000000568, 25.50000000000000000 ) ) ;
#10595 = LINE ( 'NONE', #9780, #6198 ) ;
#10596 = VERTEX_POINT ( 'NONE', #6222 ) ;
#10597 = AXIS2_PLACEMENT_3D ( 'NONE', #10068, #2629, #8313 ) ;
#10598 = ADVANCED_BREP_SHAPE_REPRESENTATION ( '', ( #6138, #9029 ), #3100 ) ;
#10599 = DIRECTION ( 'NONE',  ( -1.700709290173340409E-17, 0.000000000000000000, -1.000000000000000000 ) ) ;
#10600 = EDGE_CURVE ( 'NONE', #1168, #2333, #9204, .T. ) ;
#10601 = CIRCLE ( 'NONE', #4320, 8.000000000000007105 ) ;
#10602 = CARTESIAN_POINT ( 'NONE',  ( -12.10564404198159494, -75.38991528944345077, -11.00000000000000000 ) ) ;
#10603 = PLANE ( 'NONE',  #2920 ) ;
#10604 = DIRECTION ( 'NONE',  ( 0.000000000000000000, 1.000000000000000000, 0.000000000000000000 ) ) ;
#10605 = EDGE_LOOP ( 'NONE', ( #9659, #7713, #368, #10548 ) ) ;
#10606 = LINE ( 'NONE', #9536, #5333 ) ;
#10607 = DIRECTION ( 'NONE',  ( 0.000000000000000000, 0.000000000000000000, 1.000000000000000000 ) ) ;
#10608 = EDGE_LOOP ( 'NONE', ( #2255, #3857, #6834, #3667 ) ) ;
#10609 = DIRECTION ( 'NONE',  ( 0.000000000000000000, 0.000000000000000000, -1.000000000000000000 ) ) ;
#10610 = EDGE_CURVE ( 'NONE', #1853, #10681, #8627, .T. ) ;
#10611 = EDGE_LOOP ( 'NONE', ( #5764, #6544, #4945 ) ) ;
#10612 = EDGE_LOOP ( 'NONE', ( #7353, #6406, #8516, #6238 ) ) ;
#10613 =( GEOMETRIC_REPRESENTATION_CONTEXT ( 3 ) GLOBAL_UNCERTAINTY_ASSIGNED_CONTEXT ( ( #8273 ) ) GLOBAL_UNIT_ASSIGNED_CONTEXT ( ( #6811, #8567, #7025 ) ) REPRESENTATION_CONTEXT ( 'NONE', 'WORKASPACE' ) );
#10614 = PLANE ( 'NONE',  #1144 ) ;
#10615 = CIRCLE ( 'NONE', #4507, 9.999999999999994671 ) ;
#10616 = CARTESIAN_POINT ( 'NONE',  ( 11.28641454564402835, 3.000000000000001332, -2.500000000000000000 ) ) ;
#10617 = FILL_AREA_STYLE_COLOUR ( '', #10719 ) ;
#10618 = AXIS2_PLACEMENT_3D ( 'NONE', #1373, #1468, #4000 ) ;
#10619 = PRODUCT_DEFINITION_FORMATION_WITH_SPECIFIED_SOURCE ( 'ANY', '', #9022, .NOT_KNOWN. ) ;
#10620 = AXIS2_PLACEMENT_3D ( 'NONE', #8010, #3803, #550 ) ;
#10621 = DIRECTION ( 'NONE',  ( -0.000000000000000000, -1.000000000000000000, -0.000000000000000000 ) ) ;
#10622 = DIRECTION ( 'NONE',  ( 1.000000000000000000, 0.000000000000000000, -0.000000000000000000 ) ) ;
#10623 = ORIENTED_EDGE ( 'NONE', *, *, #10106, .T. ) ;
#10624 = ORIENTED_EDGE ( 'NONE', *, *, #7324, .T. ) ;
#10625 = ITEM_DEFINED_TRANSFORMATION ( 'NONE', 'NONE', #6249,  #9029 ) ;
#10626 = AXIS2_PLACEMENT_3D ( 'NONE', #9245, #4376, #2563 ) ;
#10627 = CARTESIAN_POINT ( 'NONE',  ( -39.00443338159792006, 95.00000000000000000, -42.59593772390965682 ) ) ;
#10628 = ORIENTED_EDGE ( 'NONE', *, *, #3682, .T. ) ;
#10629 = ORIENTED_EDGE ( 'NONE', *, *, #1384, .F. ) ;
#10630 = EDGE_CURVE ( 'NONE', #9637, #2479, #3706, .T. ) ;
#10631 = EDGE_CURVE ( 'NONE', #198, #8166, #3602, .T. ) ;
#10632 = AXIS2_PLACEMENT_3D ( 'NONE', #6133, #5146, #9474 ) ;
#10633 = ORIENTED_EDGE ( 'NONE', *, *, #1351, .T. ) ;
#10634 = CARTESIAN_POINT ( 'NONE',  ( 64.46620431643836469, 95.00000000000000000, -107.8905347760015161 ) ) ;
#10635 = VECTOR ( 'NONE', #8240, 1000.000000000000000 ) ;
#10636 = CARTESIAN_POINT ( 'NONE',  ( 0.000000000000000000, 0.000000000000000000, -14.24237984354700615 ) ) ;
#10637 = CARTESIAN_POINT ( 'NONE',  ( 85.36863799491800364, 0.000000000000000000, -96.77829855763729938 ) ) ;
#10638 = ORIENTED_EDGE ( 'NONE', *, *, #8616, .T. ) ;
#10639 = EDGE_LOOP ( 'NONE', ( #6732, #5323, #3136, #1309 ) ) ;
#10640 = EDGE_LOOP ( 'NONE', ( #6876, #4941, #10336, #9283, #2434 ) ) ;
#10641 = CARTESIAN_POINT ( 'NONE',  ( -20.90380984571845602, 0.000000000000000000, 13.36289017892624464 ) ) ;
#10642 = AXIS2_PLACEMENT_3D ( 'NONE', #9345, #1745, #5297 ) ;
#10643 = EDGE_CURVE ( 'NONE', #8211, #2364, #7803, .T. ) ;
#10644 = EDGE_CURVE ( 'NONE', #7026, #5783, #4326, .T. ) ;
#10645 = CARTESIAN_POINT ( 'NONE',  ( -4.999999999999999112, 55.90000000000000568, 19.50000000000000000 ) ) ;
#10646 = DIRECTION ( 'NONE',  ( -0.000000000000000000, -1.000000000000000000, 0.000000000000000000 ) ) ;
#10647 = DIRECTION ( 'NONE',  ( 1.000000000000000000, -0.000000000000000000, 1.700709290173340409E-17 ) ) ;
#10648 = ORIENTED_EDGE ( 'NONE', *, *, #5688, .T. ) ;
#10649 = CARTESIAN_POINT ( 'NONE',  ( -13.63988578096988036, 95.00000000000000000, -4.294065530670986952 ) ) ;
#10650 = PLANE ( 'NONE',  #3092 ) ;
#10651 = CARTESIAN_POINT ( 'NONE',  ( 27.25000000000000355, -5.499999999999992895, 10.00000000000000000 ) ) ;
#10652 = CARTESIAN_POINT ( 'NONE',  ( 10.00000000000000355, 12.50000000000000000, -4.999999999999995559 ) ) ;
#10653 = DIRECTION ( 'NONE',  ( 0.000000000000000000, 1.000000000000000000, 0.000000000000000000 ) ) ;
#10654 = EDGE_LOOP ( 'NONE', ( #10236, #502, #4480, #8515, #5052, #10339 ) ) ;
#10655 = VECTOR ( 'NONE', #10000, 1000.000000000000000 ) ;
#10656 = FACE_OUTER_BOUND ( 'NONE', #5942, .T. ) ;
#10657 = CARTESIAN_POINT ( 'NONE',  ( -4.999999999999999112, 55.90000000000000568, 21.75000000000000000 ) ) ;
#10658 = EDGE_CURVE ( 'NONE', #2550, #4277, #1755, .T. ) ;
#10659 = FACE_OUTER_BOUND ( 'NONE', #6117, .T. ) ;
#10660 = CARTESIAN_POINT ( 'NONE',  ( 2.693045179146764223, 18.00000000000000000, -10.02960075331756862 ) ) ;
#10661 = EDGE_LOOP ( 'NONE', ( #3142, #1254, #7819, #6659 ) ) ;
#10662 = DIRECTION ( 'NONE',  ( -0.000000000000000000, -0.000000000000000000, 1.000000000000000000 ) ) ;
#10663 = CARTESIAN_POINT ( 'NONE',  ( 4.999999999999989342, 0.000000000000000000, -105.0000000000000142 ) ) ;
#10664 = LINE ( 'NONE', #8876, #9061 ) ;
#10665 = ORIENTED_EDGE ( 'NONE', *, *, #2053, .F. ) ;
#10666 = VERTEX_POINT ( 'NONE', #6119 ) ;
#10667 = DIRECTION ( 'NONE',  ( -0.000000000000000000, -1.000000000000000000, 0.000000000000000000 ) ) ;
#10668 = EDGE_CURVE ( 'NONE', #6244, #4277, #7859, .T. ) ;
#10669 = EDGE_CURVE ( 'NONE', #6096, #10295, #9566, .T. ) ;
#10670 = DIRECTION ( 'NONE',  ( -1.734723475976807094E-16, 1.000000000000000000, -0.000000000000000000 ) ) ;
#10671 = CARTESIAN_POINT ( 'NONE',  ( -1.141807012330693150, -48.66918367361086695, 0.000000000000000000 ) ) ;
#10672 = DIRECTION ( 'NONE',  ( 0.000000000000000000, 0.000000000000000000, -1.000000000000000000 ) ) ;
#10673 = CARTESIAN_POINT ( 'NONE',  ( 25.00000000000000000, 9.000000000000000000, -2.249999999999999112 ) ) ;
#10674 = ORIENTED_EDGE ( 'NONE', *, *, #5469, .T. ) ;
#10675 = ORIENTED_EDGE ( 'NONE', *, *, #1686, .F. ) ;
#10676 = LINE ( 'NONE', #9260, #2947 ) ;
#10677 = ORIENTED_EDGE ( 'NONE', *, *, #10301, .F. ) ;
#10678 = ORIENTED_EDGE ( 'NONE', *, *, #3692, .T. ) ;
#10679 = ADVANCED_FACE ( 'NONE', ( #1953 ), #1238, .T. ) ;
#10680 = PRODUCT_DEFINITION_SHAPE ( 'NONE', 'NONE',  #10840 ) ;
#10681 = VERTEX_POINT ( 'NONE', #3662 ) ;
#10682 = DIRECTION ( 'NONE',  ( 0.000000000000000000, 1.000000000000000000, 0.000000000000000000 ) ) ;
#10683 = DIRECTION ( 'NONE',  ( -1.000000000000000000, -0.000000000000000000, 1.734723475976807094E-17 ) ) ;
#10684 = PLANE ( 'NONE',  #7094 ) ;
#10685 = ORIENTED_EDGE ( 'NONE', *, *, #5441, .T. ) ;
#10686 = DIRECTION ( 'NONE',  ( 0.7190942946641526445, -6.849054992089359957E-17, 0.6949125091559834599 ) ) ;
#10687 = VERTEX_POINT ( 'NONE', #2833 ) ;
#10688 = ORIENTED_EDGE ( 'NONE', *, *, #6619, .F. ) ;
#10689 = CARTESIAN_POINT ( 'NONE',  ( -4.653716339295887572, 0.8927566200923189310, -1.660841586309375284 ) ) ;
#10690 = EDGE_CURVE ( 'NONE', #3908, #3609, #1694, .T. ) ;
#10691 = EDGE_CURVE ( 'NONE', #2209, #4069, #10434, .T. ) ;
#10692 = DIRECTION ( 'NONE',  ( -0.000000000000000000, -0.000000000000000000, 1.000000000000000000 ) ) ;
#10693 = CARTESIAN_POINT ( 'NONE',  ( 2.500000000000000000, 70.90000000000000568, 0.000000000000000000 ) ) ;
#10694 = CARTESIAN_POINT ( 'NONE',  ( 9.999999999999992895, 10.00000000000000000, 0.000000000000000000 ) ) ;
#10695 = DIRECTION ( 'NONE',  ( 0.7071067811865485719, 0.7071067811865463515, 0.000000000000000000 ) ) ;
#10696 = EDGE_CURVE ( 'NONE', #8394, #6889, #8378, .T. ) ;
#10697 = ORIENTED_EDGE ( 'NONE', *, *, #167, .T. ) ;
#10698 = DIRECTION ( 'NONE',  ( 0.000000000000000000, 1.000000000000000000, 0.000000000000000000 ) ) ;
#10699 = EDGE_CURVE ( 'NONE', #4455, #2666, #3387, .T. ) ;
#10700 = DIRECTION ( 'NONE',  ( -1.000000000000000000, 0.000000000000000000, 0.000000000000000000 ) ) ;
#10701 = EDGE_LOOP ( 'NONE', ( #9165, #719, #10079, #752 ) ) ;
#10702 = CARTESIAN_POINT ( 'NONE',  ( 0.000000000000000000, 0.000000000000000000, 20.00000000000000000 ) ) ;
#10703 = DIRECTION ( 'NONE',  ( -0.000000000000000000, -0.000000000000000000, 1.000000000000000000 ) ) ;
#10704 = VERTEX_POINT ( 'NONE', #2315 ) ;
#10705 = DIRECTION ( 'NONE',  ( 0.5521351308716255790, 0.000000000000000000, 0.8337546385222530665 ) ) ;
#10706 = DIRECTION ( 'NONE',  ( 0.000000000000000000, 0.000000000000000000, 1.000000000000000000 ) ) ;
#10707 = CARTESIAN_POINT ( 'NONE',  ( -75.00000000000001421, 0.000000000000000000, -75.00000000000000000 ) ) ;
#10708 = PLANE ( 'NONE',  #771 ) ;
#10709 = CARTESIAN_POINT ( 'NONE',  ( -41.81980515339471083, -90.96194077712557657, 22.99999999999998579 ) ) ;
#10710 = EDGE_CURVE ( 'NONE', #2858, #10807, #3102, .T. ) ;
#10711 = VECTOR ( 'NONE', #9431, 1000.000000000000000 ) ;
#10712 = DIRECTION ( 'NONE',  ( 0.000000000000000000, 0.000000000000000000, 1.000000000000000000 ) ) ;
#10713 = DIRECTION ( 'NONE',  ( -2.775557561562891351E-16, 0.000000000000000000, -1.000000000000000000 ) ) ;
#10714 = ORIENTED_EDGE ( 'NONE', *, *, #9703, .F. ) ;
#10715 = ORIENTED_EDGE ( 'NONE', *, *, #7191, .T. ) ;
#10716 = EDGE_CURVE ( 'NONE', #6578, #3215, #2045, .T. ) ;
#10717 = CARTESIAN_POINT ( 'NONE',  ( -4.000000000000000000, 1.500000000000001332, 0.000000000000000000 ) ) ;
#10718 = EDGE_CURVE ( 'NONE', #10407, #9273, #2269, .T. ) ;
#10719 = COLOUR_RGB ( '',0.7921568627450980005, 0.8196078431372548767, 0.9333333333333333481 ) ;
#10720 = CARTESIAN_POINT ( 'NONE',  ( -10.00000000000000000, -15.00000000000000355, -11.00000000000000000 ) ) ;
#10721 = EDGE_CURVE ( 'NONE', #6445, #65, #5452, .T. ) ;
#10722 = DIRECTION ( 'NONE',  ( -0.000000000000000000, -1.000000000000000000, -0.000000000000000000 ) ) ;
#10723 = CARTESIAN_POINT ( 'NONE',  ( -20.90380984571846312, 18.00000000000000000, 13.36289017892626063 ) ) ;
#10724 = ORIENTED_EDGE ( 'NONE', *, *, #6284, .T. ) ;
#10725 = VERTEX_POINT ( 'NONE', #2117 ) ;
#10726 = AXIS2_PLACEMENT_3D ( 'NONE', #8409, #906, #3208 ) ;
#10727 = DIRECTION ( 'NONE',  ( 1.000000000000000000, -0.000000000000000000, 1.700709290173340409E-17 ) ) ;
#10728 = EDGE_LOOP ( 'NONE', ( #10154, #1541, #8456, #821, #10093 ) ) ;
#10729 = EDGE_LOOP ( 'NONE', ( #1865, #3820, #10239, #6930 ) ) ;
#10730 = AXIS2_PLACEMENT_3D ( 'NONE', #9452, #3491, #1837 ) ;
#10731 = ADVANCED_FACE ( 'NONE', ( #8997 ), #9724, .T. ) ;
#10732 = EDGE_LOOP ( 'NONE', ( #391, #6097, #1005, #1020 ) ) ;
#10733 = DIRECTION ( 'NONE',  ( -8.895006672729878318E-17, -0.000000000000000000, 1.000000000000000000 ) ) ;
#10734 = FACE_OUTER_BOUND ( 'NONE', #2931, .T. ) ;
#10735 = EDGE_CURVE ( 'NONE', #6211, #8984, #2851, .T. ) ;
#10736 = CARTESIAN_POINT ( 'NONE',  ( 0.000000000000000000, 9.000000000000000000, 0.000000000000000000 ) ) ;
#10737 = ORIENTED_EDGE ( 'NONE', *, *, #4100, .T. ) ;
#10738 = VECTOR ( 'NONE', #8520, 1000.000000000000000 ) ;
#10739 = DIRECTION ( 'NONE',  ( 0.9950961625239995723, 1.096595142701138690E-24, -0.09891222032696356248 ) ) ;
#10740 = VERTEX_POINT ( 'NONE', #6484 ) ;
#10741 = ORIENTED_EDGE ( 'NONE', *, *, #2937, .F. ) ;
#10742 = VECTOR ( 'NONE', #1145, 1000.000000000000000 ) ;
#10743 = CIRCLE ( 'NONE', #9172, 2.250000000000000000 ) ;
#10744 = CARTESIAN_POINT ( 'NONE',  ( -23.33682390399132700, 18.00000000000000000, -4.203843954410611872 ) ) ;
#10745 = AXIS2_PLACEMENT_3D ( 'NONE', #9550, #2050, #2768 ) ;
#10746 = PLANE ( 'NONE',  #5823 ) ;
#10747 = AXIS2_PLACEMENT_3D ( 'NONE', #5826, #3578, #9154 ) ;
#10748 = AXIS2_PLACEMENT_3D ( 'NONE', #10709, #7880, #2093 ) ;
#10749 = CARTESIAN_POINT ( 'NONE',  ( 0.000000000000000000, 9.000000000000000000, 0.000000000000000000 ) ) ;
#10750 = CARTESIAN_POINT ( 'NONE',  ( -22.75000000000000000, -10.49999999999999822, 10.00000000000000000 ) ) ;
#10751 = PRODUCT_DEFINITION ( 'UNKNOWN', '', #10285, #3030 ) ;
#10752 = DIRECTION ( 'NONE',  ( -0.000000000000000000, -0.000000000000000000, -1.000000000000000000 ) ) ;
#10753 = EDGE_LOOP ( 'NONE', ( #3743, #9829, #9033, #10449, #10629, #6901, #2238, #5606, #2086 ) ) ;
#10754 = LINE ( 'NONE', #6761, #1325 ) ;
#10755 =( LENGTH_UNIT ( ) NAMED_UNIT ( * ) SI_UNIT ( .MILLI., .METRE. ) );
#10756 = EDGE_LOOP ( 'NONE', ( #4472, #3298, #5322, #2523 ) ) ;
#10757 = DIRECTION ( 'NONE',  ( 0.000000000000000000, 0.000000000000000000, 1.000000000000000000 ) ) ;
#10758 = CARTESIAN_POINT ( 'NONE',  ( 0.000000000000000000, 0.000000000000000000, 10.00000000000000178 ) ) ;
#10759 = ORIENTED_EDGE ( 'NONE', *, *, #7355, .T. ) ;
#10760 = VECTOR ( 'NONE', #1815, 1000.000000000000000 ) ;
#10761 = AXIS2_PLACEMENT_3D ( 'NONE', #3660, #6990, #10326 ) ;
#10762 = ADVANCED_FACE ( 'NONE', ( #6434 ), #8128, .F. ) ;
#10763 = CARTESIAN_POINT ( 'NONE',  ( -20.94712710131359046, 18.00000000000000000, -2.438247924492347618 ) ) ;
#10764 = CYLINDRICAL_SURFACE ( 'NONE', #8098, 3.000000000000000000 ) ;
#10765 = AXIS2_PLACEMENT_3D ( 'NONE', #9969, #3130, #9134 ) ;
#10766 = CARTESIAN_POINT ( 'NONE',  ( 64.46620431643836469, 10.00000000000000000, -110.1405347760015161 ) ) ;
#10767 = DIRECTION ( 'NONE',  ( -1.000000000000000000, -0.000000000000000000, -0.000000000000000000 ) ) ;
#10768 = CYLINDRICAL_SURFACE ( 'NONE', #4116, 9.999999999999994671 ) ;
#10769 = VECTOR ( 'NONE', #1698, 1000.000000000000000 ) ;
#10770 = CARTESIAN_POINT ( 'NONE',  ( 5.000000000000000000, 70.90000000000000568, 4.251773225433351024E-17 ) ) ;
#10771 = VECTOR ( 'NONE', #9301, 999.9999999999998863 ) ;
#10772 = DIRECTION ( 'NONE',  ( 0.5521351308716256900, 0.000000000000000000, -0.8337546385222529555 ) ) ;
#10773 = ORIENTED_EDGE ( 'NONE', *, *, #9275, .F. ) ;
#10774 = ORIENTED_EDGE ( 'NONE', *, *, #10716, .T. ) ;
#10775 = DIRECTION ( 'NONE',  ( 0.000000000000000000, 1.000000000000000000, 0.000000000000000000 ) ) ;
#10776 = AXIS2_PLACEMENT_3D ( 'NONE', #2972, #9692, #6298 ) ;
#10777 = PRODUCT_DEFINITION_SHAPE ( 'NONE', 'NONE',  #8805 ) ;
#10778 = ADVANCED_FACE ( 'NONE', ( #3822 ), #8069, .T. ) ;
#10779 = DIRECTION ( 'NONE',  ( 0.000000000000000000, 1.000000000000000000, 0.000000000000000000 ) ) ;
#10780 = CARTESIAN_POINT ( 'NONE',  ( 15.34277666215089475, 80.40000000000000568, 25.50000000000000000 ) ) ;
#10781 = LINE ( 'NONE', #2457, #6056 ) ;
#10782 = CARTESIAN_POINT ( 'NONE',  ( -2.999999999999999556, 70.90000000000000568, -0.5000000000000004441 ) ) ;
#10783 = DIRECTION ( 'NONE',  ( 0.000000000000000000, -1.000000000000000000, 0.000000000000000000 ) ) ;
#10784 = ORIENTED_EDGE ( 'NONE', *, *, #142, .F. ) ;
#10785 = ORIENTED_EDGE ( 'NONE', *, *, #4569, .F. ) ;
#10786 = CIRCLE ( 'NONE', #7637, 2.249999999999998668 ) ;
#10787 = DIRECTION ( 'NONE',  ( 0.000000000000000000, 0.000000000000000000, 1.000000000000000000 ) ) ;
#10788 = VERTEX_POINT ( 'NONE', #7195 ) ;
#10789 = ORIENTED_EDGE ( 'NONE', *, *, #10699, .F. ) ;
#10790 = CIRCLE ( 'NONE', #9576, 8.750000000000001776 ) ;
#10791 = CARTESIAN_POINT ( 'NONE',  ( 4.999999999999997335, 18.00000000000000000, -14.24237984354700970 ) ) ;
#10792 = EDGE_LOOP ( 'NONE', ( #856, #7544 ) ) ;
#10793 = CARTESIAN_POINT ( 'NONE',  ( -10.00000000000000000, -15.00000000000000355, -11.00000000000000000 ) ) ;
#10794 = CARTESIAN_POINT ( 'NONE',  ( -41.81980515339471083, -90.96194077712557657, 23.00000000000001066 ) ) ;
#10795 = CARTESIAN_POINT ( 'NONE',  ( -15.00000000000000178, 12.50000000000000000, 20.00000000000000000 ) ) ;
#10796 = ORIENTED_EDGE ( 'NONE', *, *, #10696, .F. ) ;
#10797 = DIRECTION ( 'NONE',  ( 1.000000000000000000, 0.000000000000000000, 0.000000000000000000 ) ) ;
#10798 = PRODUCT_DEFINITION_CONTEXT ( 'detailed design', #7628, 'design' ) ;
#10799 = ORIENTED_EDGE ( 'NONE', *, *, #5173, .T. ) ;
#10800 = EDGE_LOOP ( 'NONE', ( #1337, #6773, #2009, #3991 ) ) ;
#10801 = CARTESIAN_POINT ( 'NONE',  ( 11.12919120779492310, 0.000000000000000000, 0.5000000000000073275 ) ) ;
#10802 = ADVANCED_FACE ( 'NONE', ( #7306 ), #10650, .F. ) ;
#10803 = AXIS2_PLACEMENT_3D ( 'NONE', #186, #6120, #2723 ) ;
#10804 = CIRCLE ( 'NONE', #10289, 10.00000000000000178 ) ;
#10805 = DIRECTION ( 'NONE',  ( 0.000000000000000000, 0.000000000000000000, 1.000000000000000000 ) ) ;
#10806 = CARTESIAN_POINT ( 'NONE',  ( 63.94170910735155644, 95.00000000000000000, -99.05349224005480835 ) ) ;
#10807 = VERTEX_POINT ( 'NONE', #3153 ) ;
#10808 = FACE_OUTER_BOUND ( 'NONE', #1671, .T. ) ;
#10809 =( GEOMETRIC_REPRESENTATION_CONTEXT ( 3 ) GLOBAL_UNCERTAINTY_ASSIGNED_CONTEXT ( ( #3906 ) ) GLOBAL_UNIT_ASSIGNED_CONTEXT ( ( #5665, #6486, #8900 ) ) REPRESENTATION_CONTEXT ( 'NONE', 'WORKASPACE' ) );
#10810 = ORIENTED_EDGE ( 'NONE', *, *, #6463, .T. ) ;
#10811 = ORIENTED_EDGE ( 'NONE', *, *, #2880, .F. ) ;
#10812 = AXIS2_PLACEMENT_3D ( 'NONE', #5454, #4539, #8786 ) ;
#10813 = CARTESIAN_POINT ( 'NONE',  ( 27.25000000000000355, -9.499999999999992895, 10.00000000000000000 ) ) ;
#10814 = DIRECTION ( 'NONE',  ( -0.000000000000000000, -1.000000000000000000, -0.000000000000000000 ) ) ;
#10815 = VERTEX_POINT ( 'NONE', #2163 ) ;
#10816 = EDGE_CURVE ( 'NONE', #2977, #535, #1506, .T. ) ;
#10817 = AXIS2_PLACEMENT_3D ( 'NONE', #6058, #1785, #5245 ) ;
#10818 = LINE ( 'NONE', #6660, #10655 ) ;
#10819 = CARTESIAN_POINT ( 'NONE',  ( -2.500000000000000000, 67.90000000000000568, 0.5000000000000000000 ) ) ;
#10820 = DIRECTION ( 'NONE',  ( 0.000000000000000000, 0.000000000000000000, 1.000000000000000000 ) ) ;
#10821 = FACE_OUTER_BOUND ( 'NONE', #8932, .T. ) ;
#10822 = DIRECTION ( 'NONE',  ( 0.000000000000000000, 0.000000000000000000, -1.000000000000000000 ) ) ;
#10823 = DIRECTION ( 'NONE',  ( 0.1821335681702324905, 7.604541703003908303E-21, 0.9832737987689794679 ) ) ;
#10824 = NEXT_ASSEMBLY_USAGE_OCCURRENCE ( 'NAUO1', ' ', ' ', #8805, #231, $ ) ;
#10825 = NEXT_ASSEMBLY_USAGE_OCCURRENCE ( 'NAUO2', ' ', ' ', #8805, #4606, $ ) ;
#10826 = NEXT_ASSEMBLY_USAGE_OCCURRENCE ( 'NAUO3', ' ', ' ', #8805, #9288, $ ) ;
#10827 = NEXT_ASSEMBLY_USAGE_OCCURRENCE ( 'NAUO4', ' ', ' ', #8805, #4135, $ ) ;
#10828 = NEXT_ASSEMBLY_USAGE_OCCURRENCE ( 'NAUO5', ' ', ' ', #8805, #4135, $ ) ;
#10829 = NEXT_ASSEMBLY_USAGE_OCCURRENCE ( 'NAUO6', ' ', ' ', #8805, #9288, $ ) ;
#10830 = NEXT_ASSEMBLY_USAGE_OCCURRENCE ( 'NAUO7', ' ', ' ', #8805, #6535, $ ) ;
#10831 = NEXT_ASSEMBLY_USAGE_OCCURRENCE ( 'NAUO8', ' ', ' ', #8805, #6535, $ ) ;
#10832 = NEXT_ASSEMBLY_USAGE_OCCURRENCE ( 'NAUO9', ' ', ' ', #8805, #5410, $ ) ;
#10833 = NEXT_ASSEMBLY_USAGE_OCCURRENCE ( 'NAUO10', ' ', ' ', #8805, #6535, $ ) ;
#10834 = NEXT_ASSEMBLY_USAGE_OCCURRENCE ( 'NAUO11', ' ', ' ', #8805, #6535, $ ) ;
#10835 = NEXT_ASSEMBLY_USAGE_OCCURRENCE ( 'NAUO12', ' ', ' ', #8805, #5410, $ ) ;
#10836 = NEXT_ASSEMBLY_USAGE_OCCURRENCE ( 'NAUO13', ' ', ' ', #8805, #5410, $ ) ;
#10837 = NEXT_ASSEMBLY_USAGE_OCCURRENCE ( 'NAUO14', ' ', ' ', #8805, #5410, $ ) ;
#10838 = NEXT_ASSEMBLY_USAGE_OCCURRENCE ( 'NAUO15', ' ', ' ', #8805, #10421, $ ) ;
#10839 = NEXT_ASSEMBLY_USAGE_OCCURRENCE ( 'NAUO16', ' ', ' ', #8805, #10751, $ ) ;
#10840 = NEXT_ASSEMBLY_USAGE_OCCURRENCE ( 'NAUO17', ' ', ' ', #8805, #10751, $ ) ;
#10841 = NEXT_ASSEMBLY_USAGE_OCCURRENCE ( 'NAUO18', ' ', ' ', #8805, #10751, $ ) ;
#10842 = NEXT_ASSEMBLY_USAGE_OCCURRENCE ( 'NAUO19', ' ', ' ', #8805, #10751, $ ) ;
#10843 = NEXT_ASSEMBLY_USAGE_OCCURRENCE ( 'NAUO20', ' ', ' ', #8805, #5277, $ ) ;
#10844 = NEXT_ASSEMBLY_USAGE_OCCURRENCE ( 'NAUO21', ' ', ' ', #8805, #5277, $ ) ;
#10845 = NEXT_ASSEMBLY_USAGE_OCCURRENCE ( 'NAUO22', ' ', ' ', #8805, #573, $ ) ;#10846 = NEXT_ASSEMBLY_USAGE_OCCURRENCE ( 'NAUO23', ' ', ' ', #8805, #573, $ ) ;
#10847 = NEXT_ASSEMBLY_USAGE_OCCURRENCE ( 'NAUO24', ' ', ' ', #8805, #3941, $ ) ;
#10848 = NEXT_ASSEMBLY_USAGE_OCCURRENCE ( 'NAUO25', ' ', ' ', #8805, #3941, $ ) ;
#10849 = NEXT_ASSEMBLY_USAGE_OCCURRENCE ( 'NAUO26', ' ', ' ', #8805, #2518, $ ) ;
ENDSEC;
END-ISO-10303-21;